{"972":{"nom":"MARTINIQUE (972)","priceAc_value":3.0697723156,"priceAc_year":2023,"priceEp_value":2.936282761,"priceEp_year":2023,"priceTotal_value":6.0060550765,"priceTotal_year":2023},"2A":{"nom":"CORSE-DU-SUD (2A)","priceAc_value":2.4070355702,"priceAc_year":2023,"priceEp_value":2.4384064731,"priceEp_year":2023,"priceTotal_value":4.8454420434,"priceTotal_year":2023},"2B":{"nom":"HAUTE-CORSE (2B)","priceAc_value":2.287929054,"priceAc_year":2023,"priceEp_value":2.1455919097,"priceEp_year":2023,"priceTotal_value":4.4335209637,"priceTotal_year":2023},"01":{"nom":"AIN (01)","priceAc_value":2.349613364,"priceAc_year":2023,"priceEp_value":2.2681862288,"priceEp_year":2023,"priceTotal_value":4.6177995928,"priceTotal_year":2023},"03":{"nom":"ALLIER (03)","priceAc_value":2.3016237699,"priceAc_year":2023,"priceEp_value":2.760058228,"priceEp_year":2023,"priceTotal_value":5.0616819979,"priceTotal_year":2023},"07":{"nom":"ARDECHE (07)","priceAc_value":2.2656336249,"priceAc_year":2023,"priceEp_value":2.6828247332,"priceEp_year":2023,"priceTotal_value":4.9484583581,"priceTotal_year":2023},"15":{"nom":"CANTAL (15)","priceAc_value":2.1213917811,"priceAc_year":2023,"priceEp_value":2.3537116307,"priceEp_year":2023,"priceTotal_value":4.4751034118,"priceTotal_year":2023},"26":{"nom":"DROME (26)","priceAc_value":1.8693824569,"priceAc_year":2023,"priceEp_value":2.0953006553,"priceEp_year":2023,"priceTotal_value":3.9646831122,"priceTotal_year":2023},"38":{"nom":"ISERE (38)","priceAc_value":1.7545378286,"priceAc_year":2023,"priceEp_value":2.0872636473,"priceEp_year":2023,"priceTotal_value":3.8418014759,"priceTotal_year":2023},"42":{"nom":"LOIRE (42)","priceAc_value":2.2962391836,"priceAc_year":2023,"priceEp_value":2.5665753602,"priceEp_year":2023,"priceTotal_value":4.8628145437,"priceTotal_year":2023},"43":{"nom":"HAUTE-LOIRE (43)","priceAc_value":2.1067797602,"priceAc_year":2023,"priceEp_value":2.4367624548,"priceEp_year":2023,"priceTotal_value":4.543542215,"priceTotal_year":2023},"63":{"nom":"PUY-DE-DOME (63)","priceAc_value":2.1500500281,"priceAc_year":2023,"priceEp_value":2.3011608138,"priceEp_year":2023,"priceTotal_value":4.4512108419,"priceTotal_year":2023},"69":{"nom":"RHONE (69)","priceAc_value":1.768296527,"priceAc_year":2023,"priceEp_value":2.262484045,"priceEp_year":2023,"priceTotal_value":4.0307805719,"priceTotal_year":2023},"73":{"nom":"SAVOIE (73)","priceAc_value":2.4015878939,"priceAc_year":2023,"priceEp_value":2.3964172991,"priceEp_year":2023,"priceTotal_value":4.798005193,"priceTotal_year":2023},"74":{"nom":"HAUTE-SAVOIE (74)","priceAc_value":2.4472237993,"priceAc_year":2023,"priceEp_value":2.3405813598,"priceEp_year":2023,"priceTotal_value":4.7878051592,"priceTotal_year":2023},"18":{"nom":"CHER (18)","priceAc_value":2.8407078534,"priceAc_year":2023,"priceEp_value":2.5744951227,"priceEp_year":2023,"priceTotal_value":5.415202976,"priceTotal_year":2023},"28":{"nom":"EURE-ET-LOIR (28)","priceAc_value":3.0380127518,"priceAc_year":2023,"priceEp_value":2.8860473015,"priceEp_year":2023,"priceTotal_value":5.9240600534,"priceTotal_year":2023},"36":{"nom":"INDRE (36)","priceAc_value":2.2740768317,"priceAc_year":2023,"priceEp_value":2.6382696098,"priceEp_year":2023,"priceTotal_value":4.9123464415,"priceTotal_year":2023},"37":{"nom":"INDRE-ET-LOIRE (37)","priceAc_value":1.9953529141,"priceAc_year":2023,"priceEp_value":2.3432912854,"priceEp_year":2023,"priceTotal_value":4.3386441995,"priceTotal_year":2023},"41":{"nom":"LOIR-ET-CHER (41)","priceAc_value":2.3489476763,"priceAc_year":2023,"priceEp_value":2.2723021198,"priceEp_year":2023,"priceTotal_value":4.6212497961,"priceTotal_year":2023},"45":{"nom":"LOIRET (45)","priceAc_value":2.1534655496,"priceAc_year":2023,"priceEp_value":2.1658912996,"priceEp_year":2023,"priceTotal_value":4.3193568492,"priceTotal_year":2023},"16":{"nom":"CHARENTE (16)","priceAc_value":2.8062777009,"priceAc_year":2023,"priceEp_value":2.6057616554,"priceEp_year":2023,"priceTotal_value":5.4120393563,"priceTotal_year":2023},"17":{"nom":"CHARENTE-MARITIME (17)","priceAc_value":2.8572866417,"priceAc_year":2023,"priceEp_value":2.3284873023,"priceEp_year":2023,"priceTotal_value":5.185773944,"priceTotal_year":2023},"19":{"nom":"CORREZE (19)","priceAc_value":2.702525069,"priceAc_year":2023,"priceEp_value":2.4343653426,"priceEp_year":2023,"priceTotal_value":5.1368904116,"priceTotal_year":2023},"23":{"nom":"CREUSE (23)","priceAc_value":2.9338440334,"priceAc_year":2023,"priceEp_value":3.0140800879,"priceEp_year":2023,"priceTotal_value":5.9479241212,"priceTotal_year":2023},"24":{"nom":"DORDOGNE (24)","priceAc_value":2.9145054332,"priceAc_year":2023,"priceEp_value":2.7595486942,"priceEp_year":2023,"priceTotal_value":5.6740541275,"priceTotal_year":2023},"33":{"nom":"GIRONDE (33)","priceAc_value":2.2756734791,"priceAc_year":2023,"priceEp_value":2.2423435617,"priceEp_year":2023,"priceTotal_value":4.5180170408,"priceTotal_year":2023},"40":{"nom":"LANDES (40)","priceAc_value":2.6022564562,"priceAc_year":2023,"priceEp_value":2.04359116,"priceEp_year":2023,"priceTotal_value":4.6458476161,"priceTotal_year":2023},"47":{"nom":"LOT-ET-GARONNE (47)","priceAc_value":3.0354401723,"priceAc_year":2023,"priceEp_value":2.7527252355,"priceEp_year":2023,"priceTotal_value":5.7881654078,"priceTotal_year":2023},"64":{"nom":"PYRENEES-ATLANTIQUES (64)","priceAc_value":2.6092223235,"priceAc_year":2023,"priceEp_value":2.2086456851,"priceEp_year":2023,"priceTotal_value":4.8178680086,"priceTotal_year":2023},"79":{"nom":"DEUX-SEVRES (79)","priceAc_value":2.7452803072,"priceAc_year":2023,"priceEp_value":2.8394308463,"priceEp_year":2023,"priceTotal_value":5.5847111535,"priceTotal_year":2023},"86":{"nom":"VIENNE (86)","priceAc_value":2.3508908887,"priceAc_year":2023,"priceEp_value":2.6877118509,"priceEp_year":2023,"priceTotal_value":5.0386027396,"priceTotal_year":2023},"87":{"nom":"HAUTE-VIENNE (87)","priceAc_value":1.9814335214,"priceAc_year":2023,"priceEp_value":2.2463829675,"priceEp_year":2023,"priceTotal_value":4.2278164888,"priceTotal_year":2023},"22":{"nom":"COTES-D'ARMOR (22)","priceAc_value":3.3769242571,"priceAc_year":2023,"priceEp_value":2.8989986842,"priceEp_year":2023,"priceTotal_value":6.2759229413,"priceTotal_year":2023},"29":{"nom":"FINISTERE (29)","priceAc_value":2.7403262669,"priceAc_year":2023,"priceEp_value":2.5153980914,"priceEp_year":2023,"priceTotal_value":5.2557243583,"priceTotal_year":2023},"35":{"nom":"ILLE-ET-VILAINE (35)","priceAc_value":2.339561556,"priceAc_year":2023,"priceEp_value":2.6735848014,"priceEp_year":2023,"priceTotal_value":5.0131463574,"priceTotal_year":2023},"56":{"nom":"MORBIHAN (56)","priceAc_value":2.975767733,"priceAc_year":2023,"priceEp_value":2.4128080108,"priceEp_year":2023,"priceTotal_value":5.3885757438,"priceTotal_year":2023},"976":{"nom":"MAYOTTE (976)","priceAc_value":2.85,"priceAc_year":2020,"priceEp_value":2.28,"priceEp_year":2022,"priceTotal_value":4.41,"priceTotal_year":2020},"974":{"nom":"REUNION (974)","priceAc_value":1.5579011446,"priceAc_year":2023,"priceEp_value":1.3674001593,"priceEp_year":2023,"priceTotal_value":2.9253013039,"priceTotal_year":2023},"971":{"nom":"GUADELOUPE (971)","priceAc_value":2.4309877389,"priceAc_year":2023,"priceEp_value":2.7666290484,"priceEp_year":2023,"priceTotal_value":5.1976167873,"priceTotal_year":2023},"14":{"nom":"CALVADOS (14)","priceAc_value":2.2866995504,"priceAc_year":2023,"priceEp_value":2.6160079825,"priceEp_year":2023,"priceTotal_value":4.9027075329,"priceTotal_year":2023},"27":{"nom":"EURE (27)","priceAc_value":2.3694281221,"priceAc_year":2023,"priceEp_value":2.4213246179,"priceEp_year":2023,"priceTotal_value":4.7907527401,"priceTotal_year":2023},"50":{"nom":"MANCHE (50)","priceAc_value":3.0832106782,"priceAc_year":2023,"priceEp_value":2.6503519106,"priceEp_year":2023,"priceTotal_value":5.7335625888,"priceTotal_year":2023},"61":{"nom":"ORNE (61)","priceAc_value":2.9731354199,"priceAc_year":2023,"priceEp_value":2.8128232252,"priceEp_year":2023,"priceTotal_value":5.7859586452,