{
  "years": {
    "2024": {
      "annual_PRENEI_Q": 1.1,
      "annual_PRELIQ_Q": 923.1,
      "annual_PE_Q": 335.7
    }
  },
  "months": {
    "2024-01": {
      "monthly_PRENEI_Q": 0.4,
      "monthly_PRELIQ_Q": 77.60000000000001,
      "monthly_PE_Q": 62.800000000000004
    },
    "2024-02": {
      "monthly_PRENEI_Q": 0.0,
      "monthly_PRELIQ_Q": 92.4,
      "monthly_PE_Q": 70.89999999999999
    },
    "2024-03": {
      "monthly_PRENEI_Q": 0.0,
      "monthly_PRELIQ_Q": 92.7,
      "monthly_PE_Q": 44.6
    },
    "2024-04": {
      "monthly_PRENEI_Q": 0.0,
      "monthly_PRELIQ_Q": 73.1,
      "monthly_PE_Q": 1.4999999999999982
    },
    "2024-05": {
      "monthly_PRENEI_Q": 0.0,
      "monthly_PRELIQ_Q": 81.0,
      "monthly_PE_Q": -0.4999999999999991
    },
    "2024-06": {
      "monthly_PRENEI_Q": 0.0,
      "monthly_PRELIQ_Q": 101.0,
      "monthly_PE_Q": 13.600000000000001
    },
    "2024-07": {
      "monthly_PRENEI_Q": 0.0,
      "monthly_PRELIQ_Q": 62.1,
      "monthly_PE_Q": -20.9
    },
    "2024-08": {
      "monthly_PRENEI_Q": 0.0,
      "monthly_PRELIQ_Q": 41.800000000000004,
      "monthly_PE_Q": -25.1
    },
    "2024-09": {
      "monthly_PRENEI_Q": 0.0,
      "monthly_PRELIQ_Q": 89.6,
      "monthly_PE_Q": 39.9
    },
    "2024-10": {
      "monthly_PRENEI_Q": 0.0,
      "monthly_PRELIQ_Q": 119.9,
      "monthly_PE_Q": 85.89999999999999
    },
    "2024-11": {
      "monthly_PRENEI_Q": 0.7,
      "monthly_PRELIQ_Q": 59.1,
      "monthly_PE_Q": 42.9
    },
    "2024-12": {
      "monthly_PRENEI_Q": 0.0,
      "monthly_PRELIQ_Q": 32.8,
      "monthly_PE_Q": 20.1
    }
  }
}