{
  "years": {
    "2024": {
      "annual_PRENEI_Q": 1.4,
      "annual_PRELIQ_Q": 925.6,
      "annual_PE_Q": 339.2
    }
  },
  "months": {
    "2024-01": {
      "monthly_PRENEI_Q": 0.5,
      "monthly_PRELIQ_Q": 77.8,
      "monthly_PE_Q": 63.5
    },
    "2024-02": {
      "monthly_PRENEI_Q": 0.0,
      "monthly_PRELIQ_Q": 92.8,
      "monthly_PE_Q": 71.4
    },
    "2024-03": {
      "monthly_PRENEI_Q": 0.0,
      "monthly_PRELIQ_Q": 92.89999999999999,
      "monthly_PE_Q": 44.7
    },
    "2024-04": {
      "monthly_PRENEI_Q": 0.0,
      "monthly_PRELIQ_Q": 73.2,
      "monthly_PE_Q": 0.7999999999999972
    },
    "2024-05": {
      "monthly_PRENEI_Q": 0.0,
      "monthly_PRELIQ_Q": 81.2,
      "monthly_PE_Q": 0.0
    },
    "2024-06": {
      "monthly_PRENEI_Q": 0.0,
      "monthly_PRELIQ_Q": 101.39999999999999,
      "monthly_PE_Q": 13.600000000000005
    },
    "2024-07": {
      "monthly_PRENEI_Q": 0.0,
      "monthly_PRELIQ_Q": 62.199999999999996,
      "monthly_PE_Q": -20.200000000000003
    },
    "2024-08": {
      "monthly_PRENEI_Q": 0.0,
      "monthly_PRELIQ_Q": 41.800000000000004,
      "monthly_PE_Q": -25.7
    },
    "2024-09": {
      "monthly_PRENEI_Q": 0.0,
      "monthly_PRELIQ_Q": 89.89999999999999,
      "monthly_PE_Q": 40.699999999999996
    },
    "2024-10": {
      "monthly_PRENEI_Q": 0.0,
      "monthly_PRELIQ_Q": 120.3,
      "monthly_PE_Q": 86.5
    },
    "2024-11": {
      "monthly_PRENEI_Q": 0.9,
      "monthly_PRELIQ_Q": 59.2,
      "monthly_PE_Q": 43.5
    },
    "2024-12": {
      "monthly_PRENEI_Q": 0.0,
      "monthly_PRELIQ_Q": 32.9,
      "monthly_PE_Q": 20.4
    }
  }
}