{
  "years": {
    "2024": {
      "annual_PRENEI_Q": 16.1,
      "annual_PRELIQ_Q": 968.5,
      "annual_PE_Q": 391.59999999999997
    }
  },
  "months": {
    "2024-01": {
      "monthly_PRENEI_Q": 2.7,
      "monthly_PRELIQ_Q": 100.39999999999999,
      "monthly_PE_Q": 90.5
    },
    "2024-02": {
      "monthly_PRENEI_Q": 0.7,
      "monthly_PRELIQ_Q": 93.6,
      "monthly_PE_Q": 76.2
    },
    "2024-03": {
      "monthly_PRENEI_Q": 0.0,
      "monthly_PRELIQ_Q": 66.2,
      "monthly_PE_Q": 24.000000000000004
    },
    "2024-04": {
      "monthly_PRENEI_Q": 0.0,
      "monthly_PRELIQ_Q": 67.0,
      "monthly_PE_Q": 1.2000000000000028
    },
    "2024-05": {
      "monthly_PRENEI_Q": 0.0,
      "monthly_PRELIQ_Q": 117.1,
      "monthly_PE_Q": 32.9
    },
    "2024-06": {
      "monthly_PRENEI_Q": 0.0,
      "monthly_PRELIQ_Q": 44.7,
      "monthly_PE_Q": -54.7
    },
    "2024-07": {
      "monthly_PRENEI_Q": 0.0,
      "monthly_PRELIQ_Q": 57.1,
      "monthly_PE_Q": -28.299999999999997
    },
    "2024-08": {
      "monthly_PRENEI_Q": 0.0,
      "monthly_PRELIQ_Q": 63.6,
      "monthly_PE_Q": -7.899999999999999
    },
    "2024-09": {
      "monthly_PRENEI_Q": 0.0,
      "monthly_PRELIQ_Q": 117.10000000000001,
      "monthly_PE_Q": 61.7
    },
    "2024-10": {
      "monthly_PRENEI_Q": 0.0,
      "monthly_PRELIQ_Q": 127.39999999999999,
      "monthly_PE_Q": 95.4
    },
    "2024-11": {
      "monthly_PRENEI_Q": 12.6,
      "monthly_PRELIQ_Q": 45.4,
      "monthly_PE_Q": 43.8
    },
    "2024-12": {
      "monthly_PRENEI_Q": 0.1,
      "monthly_PRELIQ_Q": 68.9,
      "monthly_PE_Q": 56.8
    }
  }
}