{
  "years": {
    "2024": {
      "annual_PRENEI_Q": 584.3,
      "annual_PRELIQ_Q": 1670.1,
      "annual_PE_Q": 1507.2
    }
  },
  "months": {
    "2024-01": {
      "monthly_PRENEI_Q": 46.7,
      "monthly_PRELIQ_Q": 56.1,
      "monthly_PE_Q": 83.5
    },
    "2024-02": {
      "monthly_PRENEI_Q": 167.6,
      "monthly_PRELIQ_Q": 136.2,
      "monthly_PE_Q": 276.5
    },
    "2024-03": {
      "monthly_PRENEI_Q": 154.2,
      "monthly_PRELIQ_Q": 132.0,
      "monthly_PE_Q": 257.90000000000003
    },
    "2024-04": {
      "monthly_PRENEI_Q": 29.9,
      "monthly_PRELIQ_Q": 48.1,
      "monthly_PE_Q": 11.7
    },
    "2024-05": {
      "monthly_PRENEI_Q": 20.7,
      "monthly_PRELIQ_Q": 176.7,
      "monthly_PE_Q": 109.7
    },
    "2024-06": {
      "monthly_PRENEI_Q": 0.0,
      "monthly_PRELIQ_Q": 142.1,
      "monthly_PE_Q": 27.400000000000002
    },
    "2024-07": {
      "monthly_PRENEI_Q": 0.0,
      "monthly_PRELIQ_Q": 49.699999999999996,
      "monthly_PE_Q": -77.5
    },
    "2024-08": {
      "monthly_PRENEI_Q": 0.0,
      "monthly_PRELIQ_Q": 135.9,
      "monthly_PE_Q": 45.599999999999994
    },
    "2024-09": {
      "monthly_PRENEI_Q": 0.6,
      "monthly_PRELIQ_Q": 220.2,
      "monthly_PE_Q": 145.3
    },
    "2024-10": {
      "monthly_PRENEI_Q": 11.1,
      "monthly_PRELIQ_Q": 303.4,
      "monthly_PE_Q": 258.90000000000003
    },
    "2024-11": {
      "monthly_PRENEI_Q": 12.1,
      "monthly_PRELIQ_Q": 118.10000000000001,
      "monthly_PE_Q": 89.9
    },
    "2024-12": {
      "monthly_PRENEI_Q": 141.4,
      "monthly_PRELIQ_Q": 151.6,
      "monthly_PE_Q": 278.3
    }
  }
}