{
  "years": {
    "2024": {
      "annual_PRENEI_Q": 154.4,
      "annual_PRELIQ_Q": 1700.5,
      "annual_PE_Q": 1052.6000000000001
    }
  },
  "months": {
    "2024-01": {
      "monthly_PRENEI_Q": 11.0,
      "monthly_PRELIQ_Q": 74.1,
      "monthly_PE_Q": 60.900000000000006
    },
    "2024-02": {
      "monthly_PRENEI_Q": 58.2,
      "monthly_PRELIQ_Q": 190.7,
      "monthly_PE_Q": 214.5
    },
    "2024-03": {
      "monthly_PRENEI_Q": 39.4,
      "monthly_PRELIQ_Q": 196.2,
      "monthly_PE_Q": 184.3
    },
    "2024-04": {
      "monthly_PRENEI_Q": 2.9000000000000004,
      "monthly_PRELIQ_Q": 61.2,
      "monthly_PE_Q": -22.1
    },
    "2024-05": {
      "monthly_PRENEI_Q": 0.7,
      "monthly_PRELIQ_Q": 161.7,
      "monthly_PE_Q": 68.60000000000001
    },
    "2024-06": {
      "monthly_PRENEI_Q": 0.0,
      "monthly_PRELIQ_Q": 117.10000000000001,
      "monthly_PE_Q": 2.6000000000000036
    },
    "2024-07": {
      "monthly_PRENEI_Q": 0.0,
      "monthly_PRELIQ_Q": 41.199999999999996,
      "monthly_PE_Q": -75.0
    },
    "2024-08": {
      "monthly_PRENEI_Q": 0.0,
      "monthly_PRELIQ_Q": 111.5,
      "monthly_PE_Q": 28.500000000000004
    },
    "2024-09": {
      "monthly_PRENEI_Q": 0.0,
      "monthly_PRELIQ_Q": 182.1,
      "monthly_PE_Q": 106.80000000000001
    },
    "2024-10": {
      "monthly_PRENEI_Q": 0.0,
      "monthly_PRELIQ_Q": 258.3,
      "monthly_PE_Q": 202.6
    },
    "2024-11": {
      "monthly_PRENEI_Q": 0.8,
      "monthly_PRELIQ_Q": 106.5,
      "monthly_PE_Q": 65.3
    },
    "2024-12": {
      "monthly_PRENEI_Q": 41.4,
      "monthly_PRELIQ_Q": 199.9,
      "monthly_PE_Q": 215.6
    }
  }
}