{
  "years": {
    "2024": {
      "annual_PRENEI_Q": 1.4000000000000001,
      "annual_PRELIQ_Q": 1033.4,
      "annual_PE_Q": 450.0
    }
  },
  "months": {
    "2024-01": {
      "monthly_PRENEI_Q": 1.4000000000000001,
      "monthly_PRELIQ_Q": 37.6,
      "monthly_PE_Q": 23.9
    },
    "2024-02": {
      "monthly_PRENEI_Q": 0.0,
      "monthly_PRELIQ_Q": 130.7,
      "monthly_PE_Q": 101.2
    },
    "2024-03": {
      "monthly_PRENEI_Q": 0.0,
      "monthly_PRELIQ_Q": 138.6,
      "monthly_PE_Q": 90.2
    },
    "2024-04": {
      "monthly_PRENEI_Q": 0.0,
      "monthly_PRELIQ_Q": 43.5,
      "monthly_PE_Q": -24.400000000000002
    },
    "2024-05": {
      "monthly_PRENEI_Q": 0.0,
      "monthly_PRELIQ_Q": 112.0,
      "monthly_PE_Q": 31.9
    },
    "2024-06": {
      "monthly_PRENEI_Q": 0.0,
      "monthly_PRELIQ_Q": 71.7,
      "monthly_PE_Q": -14.899999999999999
    },
    "2024-07": {
      "monthly_PRENEI_Q": 0.0,
      "monthly_PRELIQ_Q": 32.0,
      "monthly_PE_Q": -39.3
    },
    "2024-08": {
      "monthly_PRENEI_Q": 0.0,
      "monthly_PRELIQ_Q": 31.6,
      "monthly_PE_Q": -7.6000000000000005
    },
    "2024-09": {
      "monthly_PRENEI_Q": 0.0,
      "monthly_PRELIQ_Q": 158.1,
      "monthly_PE_Q": 101.60000000000001
    },
    "2024-10": {
      "monthly_PRENEI_Q": 0.0,
      "monthly_PRELIQ_Q": 138.1,
      "monthly_PE_Q": 95.1
    },
    "2024-11": {
      "monthly_PRENEI_Q": 0.0,
      "monthly_PRELIQ_Q": 74.4,
      "monthly_PE_Q": 44.300000000000004
    },
    "2024-12": {
      "monthly_PRENEI_Q": 0.0,
      "monthly_PRELIQ_Q": 65.1,
      "monthly_PE_Q": 48.0
    }
  }
}