{
  "years": {
    "2024": {
      "annual_PRENEI_Q": 1.8,
      "annual_PRELIQ_Q": 1247.3,
      "annual_PE_Q": 626.6
    }
  },
  "months": {
    "2024-01": {
      "monthly_PRENEI_Q": 1.7000000000000002,
      "monthly_PRELIQ_Q": 48.8,
      "monthly_PE_Q": 34.4
    },
    "2024-02": {
      "monthly_PRENEI_Q": 0.0,
      "monthly_PRELIQ_Q": 158.70000000000002,
      "monthly_PE_Q": 130.2
    },
    "2024-03": {
      "monthly_PRENEI_Q": 0.0,
      "monthly_PRELIQ_Q": 150.6,
      "monthly_PE_Q": 101.6
    },
    "2024-04": {
      "monthly_PRENEI_Q": 0.0,
      "monthly_PRELIQ_Q": 63.10000000000001,
      "monthly_PE_Q": -7.999999999999999
    },
    "2024-05": {
      "monthly_PRENEI_Q": 0.0,
      "monthly_PRELIQ_Q": 136.70000000000002,
      "monthly_PE_Q": 55.2
    },
    "2024-06": {
      "monthly_PRENEI_Q": 0.0,
      "monthly_PRELIQ_Q": 125.9,
      "monthly_PE_Q": 32.699999999999996
    },
    "2024-07": {
      "monthly_PRENEI_Q": 0.0,
      "monthly_PRELIQ_Q": 25.3,
      "monthly_PE_Q": -58.5
    },
    "2024-08": {
      "monthly_PRENEI_Q": 0.0,
      "monthly_PRELIQ_Q": 60.8,
      "monthly_PE_Q": 8.800000000000002
    },
    "2024-09": {
      "monthly_PRENEI_Q": 0.0,
      "monthly_PRELIQ_Q": 175.4,
      "monthly_PE_Q": 117.69999999999999
    },
    "2024-10": {
      "monthly_PRENEI_Q": 0.0,
      "monthly_PRELIQ_Q": 122.19999999999999,
      "monthly_PE_Q": 77.7
    },
    "2024-11": {
      "monthly_PRENEI_Q": 0.1,
      "monthly_PRELIQ_Q": 79.1,
      "monthly_PE_Q": 50.9
    },
    "2024-12": {
      "monthly_PRENEI_Q": 0.0,
      "monthly_PRELIQ_Q": 100.7,
      "monthly_PE_Q": 83.9
    }
  }
}