{
  "years": {
    "2024": {
      "annual_PRENEI_Q": 10.8,
      "annual_PRELIQ_Q": 917.9,
      "annual_PE_Q": 364.7
    }
  },
  "months": {
    "2024-01": {
      "monthly_PRENEI_Q": 3.3000000000000003,
      "monthly_PRELIQ_Q": 100.1,
      "monthly_PE_Q": 90.9
    },
    "2024-02": {
      "monthly_PRENEI_Q": 0.8,
      "monthly_PRELIQ_Q": 100.7,
      "monthly_PE_Q": 82.9
    },
    "2024-03": {
      "monthly_PRENEI_Q": 0.0,
      "monthly_PRELIQ_Q": 71.6,
      "monthly_PE_Q": 28.599999999999998
    },
    "2024-04": {
      "monthly_PRENEI_Q": 0.0,
      "monthly_PRELIQ_Q": 63.800000000000004,
      "monthly_PE_Q": -1.699999999999998
    },
    "2024-05": {
      "monthly_PRENEI_Q": 0.0,
      "monthly_PRELIQ_Q": 115.0,
      "monthly_PE_Q": 35.9
    },
    "2024-06": {
      "monthly_PRENEI_Q": 0.0,
      "monthly_PRELIQ_Q": 79.7,
      "monthly_PE_Q": -12.600000000000001
    },
    "2024-07": {
      "monthly_PRENEI_Q": 0.0,
      "monthly_PRELIQ_Q": 53.9,
      "monthly_PE_Q": -25.9
    },
    "2024-08": {
      "monthly_PRENEI_Q": 0.0,
      "monthly_PRELIQ_Q": 51.8,
      "monthly_PE_Q": -16.900000000000002
    },
    "2024-09": {
      "monthly_PRENEI_Q": 0.0,
      "monthly_PRELIQ_Q": 83.0,
      "monthly_PE_Q": 34.199999999999996
    },
    "2024-10": {
      "monthly_PRENEI_Q": 0.0,
      "monthly_PRELIQ_Q": 102.60000000000001,
      "monthly_PE_Q": 72.9
    },
    "2024-11": {
      "monthly_PRENEI_Q": 6.6000000000000005,
      "monthly_PRELIQ_Q": 48.4,
      "monthly_PE_Q": 39.9
    },
    "2024-12": {
      "monthly_PRENEI_Q": 0.1,
      "monthly_PRELIQ_Q": 47.3,
      "monthly_PE_Q": 36.5
    }
  }
}