{
  "years": {
    "2024": {
      "annual_PRENEI_Q": 28.599999999999998,
      "annual_PRELIQ_Q": 956.1,
      "annual_PE_Q": 428.8
    }
  },
  "months": {
    "2024-01": {
      "monthly_PRENEI_Q": 15.299999999999999,
      "monthly_PRELIQ_Q": 111.3,
      "monthly_PE_Q": 118.0
    },
    "2024-02": {
      "monthly_PRENEI_Q": 0.0,
      "monthly_PRELIQ_Q": 109.9,
      "monthly_PE_Q": 94.8
    },
    "2024-03": {
      "monthly_PRENEI_Q": 0.0,
      "monthly_PRELIQ_Q": 64.0,
      "monthly_PE_Q": 27.099999999999998
    },
    "2024-04": {
      "monthly_PRENEI_Q": 0.0,
      "monthly_PRELIQ_Q": 68.6,
      "monthly_PE_Q": 8.899999999999999
    },
    "2024-05": {
      "monthly_PRENEI_Q": 0.0,
      "monthly_PRELIQ_Q": 97.9,
      "monthly_PE_Q": 13.600000000000001
    },
    "2024-06": {
      "monthly_PRENEI_Q": 0.0,
      "monthly_PRELIQ_Q": 35.2,
      "monthly_PE_Q": -59.5
    },
    "2024-07": {
      "monthly_PRENEI_Q": 0.0,
      "monthly_PRELIQ_Q": 45.300000000000004,
      "monthly_PE_Q": -34.8
    },
    "2024-08": {
      "monthly_PRENEI_Q": 0.0,
      "monthly_PRELIQ_Q": 70.2,
      "monthly_PE_Q": 4.299999999999999
    },
    "2024-09": {
      "monthly_PRENEI_Q": 0.0,
      "monthly_PRELIQ_Q": 97.1,
      "monthly_PE_Q": 47.0
    },
    "2024-10": {
      "monthly_PRENEI_Q": 0.0,
      "monthly_PRELIQ_Q": 97.0,
      "monthly_PE_Q": 61.4
    },
    "2024-11": {
      "monthly_PRENEI_Q": 13.3,
      "monthly_PRELIQ_Q": 74.60000000000001,
      "monthly_PE_Q": 73.89999999999999
    },
    "2024-12": {
      "monthly_PRENEI_Q": 0.0,
      "monthly_PRELIQ_Q": 85.0,
      "monthly_PE_Q": 74.1
    }
  }
}