{
  "years": {
    "2024": {
      "annual_PRENEI_Q": 21.8,
      "annual_PRELIQ_Q": 932.8,
      "annual_PE_Q": 386.90000000000003
    }
  },
  "months": {
    "2024-01": {
      "monthly_PRENEI_Q": 12.2,
      "monthly_PRELIQ_Q": 110.7,
      "monthly_PE_Q": 110.60000000000001
    },
    "2024-02": {
      "monthly_PRENEI_Q": 0.0,
      "monthly_PRELIQ_Q": 106.5,
      "monthly_PE_Q": 88.4
    },
    "2024-03": {
      "monthly_PRENEI_Q": 0.0,
      "monthly_PRELIQ_Q": 62.0,
      "monthly_PE_Q": 22.799999999999997
    },
    "2024-04": {
      "monthly_PRENEI_Q": 0.0,
      "monthly_PRELIQ_Q": 66.39999999999999,
      "monthly_PE_Q": 5.200000000000002
    },
    "2024-05": {
      "monthly_PRENEI_Q": 0.0,
      "monthly_PRELIQ_Q": 94.9,
      "monthly_PE_Q": 10.2
    },
    "2024-06": {
      "monthly_PRENEI_Q": 0.0,
      "monthly_PRELIQ_Q": 33.9,
      "monthly_PE_Q": -59.5
    },
    "2024-07": {
      "monthly_PRENEI_Q": 0.0,
      "monthly_PRELIQ_Q": 43.699999999999996,
      "monthly_PE_Q": -32.5
    },
    "2024-08": {
      "monthly_PRENEI_Q": 0.0,
      "monthly_PRELIQ_Q": 68.2,
      "monthly_PE_Q": 4.400000000000001
    },
    "2024-09": {
      "monthly_PRENEI_Q": 0.0,
      "monthly_PRELIQ_Q": 94.2,
      "monthly_PE_Q": 42.9
    },
    "2024-10": {
      "monthly_PRENEI_Q": 0.0,
      "monthly_PRELIQ_Q": 94.2,
      "monthly_PE_Q": 56.4
    },
    "2024-11": {
      "monthly_PRENEI_Q": 9.6,
      "monthly_PRELIQ_Q": 75.6,
      "monthly_PE_Q": 68.9
    },
    "2024-12": {
      "monthly_PRENEI_Q": 0.0,
      "monthly_PRELIQ_Q": 82.5,
      "monthly_PE_Q": 69.10000000000001
    }
  }
}