{
  "years": {
    "2024": {
      "annual_PRENEI_Q": 994.2,
      "annual_PRELIQ_Q": 1524.0,
      "annual_PE_Q": 1863.9
    }
  },
  "months": {
    "2024-01": {
      "monthly_PRENEI_Q": 70.7,
      "monthly_PRELIQ_Q": 44.0,
      "monthly_PE_Q": 101.5
    },
    "2024-02": {
      "monthly_PRENEI_Q": 261.7,
      "monthly_PRELIQ_Q": 78.10000000000001,
      "monthly_PE_Q": 321.5
    },
    "2024-03": {
      "monthly_PRENEI_Q": 236.4,
      "monthly_PRELIQ_Q": 83.3,
      "monthly_PE_Q": 306.2
    },
    "2024-04": {
      "monthly_PRENEI_Q": 58.0,
      "monthly_PRELIQ_Q": 28.599999999999998,
      "monthly_PE_Q": 44.4
    },
    "2024-05": {
      "monthly_PRENEI_Q": 63.5,
      "monthly_PRELIQ_Q": 156.8,
      "monthly_PE_Q": 153.8
    },
    "2024-06": {
      "monthly_PRENEI_Q": 0.4,
      "monthly_PRELIQ_Q": 158.5,
      "monthly_PE_Q": 46.599999999999994
    },
    "2024-07": {
      "monthly_PRENEI_Q": 0.0,
      "monthly_PRELIQ_Q": 55.699999999999996,
      "monthly_PE_Q": -71.2
    },
    "2024-08": {
      "monthly_PRENEI_Q": 0.0,
      "monthly_PRELIQ_Q": 151.8,
      "monthly_PE_Q": 61.7
    },
    "2024-09": {
      "monthly_PRENEI_Q": 4.3,
      "monthly_PRELIQ_Q": 242.10000000000002,
      "monthly_PE_Q": 170.4
    },
    "2024-10": {
      "monthly_PRENEI_Q": 46.4,
      "monthly_PRELIQ_Q": 305.0,
      "monthly_PE_Q": 298.8
    },
    "2024-11": {
      "monthly_PRENEI_Q": 37.7,
      "monthly_PRELIQ_Q": 107.5,
      "monthly_PE_Q": 110.69999999999999
    },
    "2024-12": {
      "monthly_PRENEI_Q": 215.1,
      "monthly_PRELIQ_Q": 112.6,
      "monthly_PE_Q": 319.5
    }
  }
}