{
  "years": {
    "2024": {
      "annual_PRENEI_Q": 0.39999999999999997,
      "annual_PRELIQ_Q": 1250.4,
      "annual_PE_Q": 597.4
    }
  },
  "months": {
    "2024-01": {
      "monthly_PRENEI_Q": 0.39999999999999997,
      "monthly_PRELIQ_Q": 42.3,
      "monthly_PE_Q": 22.4
    },
    "2024-02": {
      "monthly_PRENEI_Q": 0.0,
      "monthly_PRELIQ_Q": 160.5,
      "monthly_PE_Q": 135.3
    },
    "2024-03": {
      "monthly_PRENEI_Q": 0.0,
      "monthly_PRELIQ_Q": 162.9,
      "monthly_PE_Q": 108.80000000000001
    },
    "2024-04": {
      "monthly_PRENEI_Q": 0.0,
      "monthly_PRELIQ_Q": 48.6,
      "monthly_PE_Q": -24.2
    },
    "2024-05": {
      "monthly_PRENEI_Q": 0.0,
      "monthly_PRELIQ_Q": 121.69999999999999,
      "monthly_PE_Q": 45.10000000000001
    },
    "2024-06": {
      "monthly_PRENEI_Q": 0.0,
      "monthly_PRELIQ_Q": 194.3,
      "monthly_PE_Q": 105.4
    },
    "2024-07": {
      "monthly_PRENEI_Q": 0.0,
      "monthly_PRELIQ_Q": 19.5,
      "monthly_PE_Q": -68.89999999999999
    },
    "2024-08": {
      "monthly_PRENEI_Q": 0.0,
      "monthly_PRELIQ_Q": 100.4,
      "monthly_PE_Q": 24.5
    },
    "2024-09": {
      "monthly_PRENEI_Q": 0.0,
      "monthly_PRELIQ_Q": 134.7,
      "monthly_PE_Q": 76.9
    },
    "2024-10": {
      "monthly_PRENEI_Q": 0.0,
      "monthly_PRELIQ_Q": 118.4,
      "monthly_PE_Q": 75.39999999999999
    },
    "2024-11": {
      "monthly_PRENEI_Q": 0.0,
      "monthly_PRELIQ_Q": 73.8,
      "monthly_PE_Q": 41.7
    },
    "2024-12": {
      "monthly_PRENEI_Q": 0.0,
      "monthly_PRELIQ_Q": 73.3,
      "monthly_PE_Q": 55.0
    }
  }
}