{
  "years": {
    "2024": {
      "annual_PRENEI_Q": 1.0,
      "annual_PRELIQ_Q": 1181.5,
      "annual_PE_Q": 552.3
    }
  },
  "months": {
    "2024-01": {
      "monthly_PRENEI_Q": 1.0,
      "monthly_PRELIQ_Q": 51.1,
      "monthly_PE_Q": 36.0
    },
    "2024-02": {
      "monthly_PRENEI_Q": 0.0,
      "monthly_PRELIQ_Q": 140.5,
      "monthly_PE_Q": 117.4
    },
    "2024-03": {
      "monthly_PRENEI_Q": 0.0,
      "monthly_PRELIQ_Q": 169.89999999999998,
      "monthly_PE_Q": 119.8
    },
    "2024-04": {
      "monthly_PRENEI_Q": 0.0,
      "monthly_PRELIQ_Q": 55.699999999999996,
      "monthly_PE_Q": -16.6
    },
    "2024-05": {
      "monthly_PRENEI_Q": 0.0,
      "monthly_PRELIQ_Q": 123.3,
      "monthly_PE_Q": 46.900000000000006
    },
    "2024-06": {
      "monthly_PRENEI_Q": 0.0,
      "monthly_PRELIQ_Q": 88.4,
      "monthly_PE_Q": -1.4000000000000044
    },
    "2024-07": {
      "monthly_PRENEI_Q": 0.0,
      "monthly_PRELIQ_Q": 20.9,
      "monthly_PE_Q": -64.1
    },
    "2024-08": {
      "monthly_PRENEI_Q": 0.0,
      "monthly_PRELIQ_Q": 60.1,
      "monthly_PE_Q": -6.699999999999998
    },
    "2024-09": {
      "monthly_PRENEI_Q": 0.0,
      "monthly_PRELIQ_Q": 182.8,
      "monthly_PE_Q": 123.30000000000001
    },
    "2024-10": {
      "monthly_PRENEI_Q": 0.0,
      "monthly_PRELIQ_Q": 142.3,
      "monthly_PE_Q": 97.0
    },
    "2024-11": {
      "monthly_PRENEI_Q": 0.0,
      "monthly_PRELIQ_Q": 70.19999999999999,
      "monthly_PE_Q": 40.699999999999996
    },
    "2024-12": {
      "monthly_PRENEI_Q": 0.0,
      "monthly_PRELIQ_Q": 76.3,
      "monthly_PE_Q": 60.0
    }
  }
}