{
  "years": {
    "2024": {
      "annual_PRENEI_Q": 0.4,
      "annual_PRELIQ_Q": 1638.4,
      "annual_PE_Q": 1139.7
    }
  },
  "months": {
    "2024-01": {
      "monthly_PRENEI_Q": 0.4,
      "monthly_PRELIQ_Q": 239.29999999999998,
      "monthly_PE_Q": 229.0
    },
    "2024-02": {
      "monthly_PRENEI_Q": 0.0,
      "monthly_PRELIQ_Q": 256.0,
      "monthly_PE_Q": 241.6
    },
    "2024-03": {
      "monthly_PRENEI_Q": 0.0,
      "monthly_PRELIQ_Q": 161.5,
      "monthly_PE_Q": 130.20000000000002
    },
    "2024-04": {
      "monthly_PRENEI_Q": 0.0,
      "monthly_PRELIQ_Q": 123.2,
      "monthly_PE_Q": 70.9
    },
    "2024-05": {
      "monthly_PRENEI_Q": 0.0,
      "monthly_PRELIQ_Q": 105.10000000000001,
      "monthly_PE_Q": 35.9
    },
    "2024-06": {
      "monthly_PRENEI_Q": 0.0,
      "monthly_PRELIQ_Q": 40.199999999999996,
      "monthly_PE_Q": -41.5
    },
    "2024-07": {
      "monthly_PRENEI_Q": 0.0,
      "monthly_PRELIQ_Q": 89.1,
      "monthly_PE_Q": 16.199999999999996
    },
    "2024-08": {
      "monthly_PRENEI_Q": 0.0,
      "monthly_PRELIQ_Q": 111.6,
      "monthly_PE_Q": 43.099999999999994
    },
    "2024-09": {
      "monthly_PRENEI_Q": 0.0,
      "monthly_PRELIQ_Q": 110.19999999999999,
      "monthly_PE_Q": 65.1
    },
    "2024-10": {
      "monthly_PRENEI_Q": 0.0,
      "monthly_PRELIQ_Q": 144.9,
      "monthly_PE_Q": 114.89999999999999
    },
    "2024-11": {
      "monthly_PRENEI_Q": 0.0,
      "monthly_PRELIQ_Q": 133.9,
      "monthly_PE_Q": 122.3
    },
    "2024-12": {
      "monthly_PRENEI_Q": 0.0,
      "monthly_PRELIQ_Q": 123.4,
      "monthly_PE_Q": 112.0
    }
  }
}