{
  "years": {
    "2024": {
      "annual_PRENEI_Q": 0.7999999999999999,
      "annual_PRELIQ_Q": 1173.5,
      "annual_PE_Q": 580.2
    }
  },
  "months": {
    "2024-01": {
      "monthly_PRENEI_Q": 0.7999999999999999,
      "monthly_PRELIQ_Q": 50.9,
      "monthly_PE_Q": 36.6
    },
    "2024-02": {
      "monthly_PRENEI_Q": 0.0,
      "monthly_PRELIQ_Q": 139.4,
      "monthly_PE_Q": 114.8
    },
    "2024-03": {
      "monthly_PRENEI_Q": 0.0,
      "monthly_PRELIQ_Q": 168.9,
      "monthly_PE_Q": 119.8
    },
    "2024-04": {
      "monthly_PRENEI_Q": 0.0,
      "monthly_PRELIQ_Q": 55.199999999999996,
      "monthly_PE_Q": -10.8
    },
    "2024-05": {
      "monthly_PRENEI_Q": 0.0,
      "monthly_PRELIQ_Q": 122.4,
      "monthly_PE_Q": 48.300000000000004
    },
    "2024-06": {
      "monthly_PRENEI_Q": 0.0,
      "monthly_PRELIQ_Q": 87.7,
      "monthly_PE_Q": 3.6000000000000005
    },
    "2024-07": {
      "monthly_PRENEI_Q": 0.0,
      "monthly_PRELIQ_Q": 20.7,
      "monthly_PE_Q": -53.6
    },
    "2024-08": {
      "monthly_PRENEI_Q": 0.0,
      "monthly_PRELIQ_Q": 59.9,
      "monthly_PE_Q": 0.40000000000000036
    },
    "2024-09": {
      "monthly_PRENEI_Q": 0.0,
      "monthly_PRELIQ_Q": 181.4,
      "monthly_PE_Q": 123.3
    },
    "2024-10": {
      "monthly_PRENEI_Q": 0.0,
      "monthly_PRELIQ_Q": 141.4,
      "monthly_PE_Q": 96.6
    },
    "2024-11": {
      "monthly_PRENEI_Q": 0.0,
      "monthly_PRELIQ_Q": 69.7,
      "monthly_PE_Q": 41.9
    },
    "2024-12": {
      "monthly_PRENEI_Q": 0.0,
      "monthly_PRELIQ_Q": 75.89999999999999,
      "monthly_PE_Q": 59.3
    }
  }
}