{
  "years": {
    "2024": {
      "annual_PRENEI_Q": 1.9000000000000001,
      "annual_PRELIQ_Q": 1007.4,
      "annual_PE_Q": 401.1
    }
  },
  "months": {
    "2024-01": {
      "monthly_PRENEI_Q": 1.9000000000000001,
      "monthly_PRELIQ_Q": 47.5,
      "monthly_PE_Q": 32.1
    },
    "2024-02": {
      "monthly_PRENEI_Q": 0.0,
      "monthly_PRELIQ_Q": 135.70000000000002,
      "monthly_PE_Q": 108.00000000000001
    },
    "2024-03": {
      "monthly_PRENEI_Q": 0.0,
      "monthly_PRELIQ_Q": 162.0,
      "monthly_PE_Q": 110.2
    },
    "2024-04": {
      "monthly_PRENEI_Q": 0.0,
      "monthly_PRELIQ_Q": 54.099999999999994,
      "monthly_PE_Q": -23.2
    },
    "2024-05": {
      "monthly_PRENEI_Q": 0.0,
      "monthly_PRELIQ_Q": 123.4,
      "monthly_PE_Q": 39.0
    },
    "2024-06": {
      "monthly_PRENEI_Q": 0.0,
      "monthly_PRELIQ_Q": 85.0,
      "monthly_PE_Q": -9.0
    },
    "2024-07": {
      "monthly_PRENEI_Q": 0.0,
      "monthly_PRELIQ_Q": 16.599999999999998,
      "monthly_PE_Q": -46.5
    },
    "2024-08": {
      "monthly_PRENEI_Q": 0.0,
      "monthly_PRELIQ_Q": 42.599999999999994,
      "monthly_PE_Q": 11.2
    },
    "2024-09": {
      "monthly_PRENEI_Q": 0.0,
      "monthly_PRELIQ_Q": 117.60000000000001,
      "monthly_PE_Q": 53.199999999999996
    },
    "2024-10": {
      "monthly_PRENEI_Q": 0.0,
      "monthly_PRELIQ_Q": 86.8,
      "monthly_PE_Q": 36.8
    },
    "2024-11": {
      "monthly_PRENEI_Q": 0.0,
      "monthly_PRELIQ_Q": 65.9,
      "monthly_PE_Q": 34.1
    },
    "2024-12": {
      "monthly_PRENEI_Q": 0.0,
      "monthly_PRELIQ_Q": 70.2,
      "monthly_PE_Q": 55.2
    }
  }
}