{
  "years": {
    "2024": {
      "annual_PRENEI_Q": 7.4,
      "annual_PRELIQ_Q": 834.7,
      "annual_PE_Q": 329.8
    }
  },
  "months": {
    "2024-01": {
      "monthly_PRENEI_Q": 1.5,
      "monthly_PRELIQ_Q": 77.1,
      "monthly_PE_Q": 65.5
    },
    "2024-02": {
      "monthly_PRENEI_Q": 2.5,
      "monthly_PRELIQ_Q": 87.0,
      "monthly_PE_Q": 70.5
    },
    "2024-03": {
      "monthly_PRENEI_Q": 0.0,
      "monthly_PRELIQ_Q": 89.1,
      "monthly_PE_Q": 45.6
    },
    "2024-04": {
      "monthly_PRENEI_Q": 0.0,
      "monthly_PRELIQ_Q": 64.89999999999999,
      "monthly_PE_Q": 0.10000000000000098
    },
    "2024-05": {
      "monthly_PRENEI_Q": 0.0,
      "monthly_PRELIQ_Q": 100.5,
      "monthly_PE_Q": 27.5
    },
    "2024-06": {
      "monthly_PRENEI_Q": 0.0,
      "monthly_PRELIQ_Q": 52.800000000000004,
      "monthly_PE_Q": -28.700000000000003
    },
    "2024-07": {
      "monthly_PRENEI_Q": 0.0,
      "monthly_PRELIQ_Q": 45.1,
      "monthly_PE_Q": -23.5
    },
    "2024-08": {
      "monthly_PRENEI_Q": 0.0,
      "monthly_PRELIQ_Q": 37.3,
      "monthly_PE_Q": -16.099999999999998
    },
    "2024-09": {
      "monthly_PRENEI_Q": 0.0,
      "monthly_PRELIQ_Q": 83.60000000000001,
      "monthly_PE_Q": 41.199999999999996
    },
    "2024-10": {
      "monthly_PRENEI_Q": 0.0,
      "monthly_PRELIQ_Q": 103.5,
      "monthly_PE_Q": 74.8
    },
    "2024-11": {
      "monthly_PRENEI_Q": 3.2,
      "monthly_PRELIQ_Q": 55.8,
      "monthly_PE_Q": 44.5
    },
    "2024-12": {
      "monthly_PRENEI_Q": 0.2,
      "monthly_PRELIQ_Q": 38.0,
      "monthly_PE_Q": 28.400000000000002
    }
  }
}