{
  "years": {
    "2024": {
      "annual_PRENEI_Q": 7.199999999999999,
      "annual_PRELIQ_Q": 903.4,
      "annual_PE_Q": 351.2
    }
  },
  "months": {
    "2024-01": {
      "monthly_PRENEI_Q": 2.1999999999999997,
      "monthly_PRELIQ_Q": 99.39999999999999,
      "monthly_PE_Q": 87.3
    },
    "2024-02": {
      "monthly_PRENEI_Q": 0.7,
      "monthly_PRELIQ_Q": 98.9,
      "monthly_PE_Q": 78.8
    },
    "2024-03": {
      "monthly_PRENEI_Q": 0.0,
      "monthly_PRELIQ_Q": 70.2,
      "monthly_PE_Q": 25.4
    },
    "2024-04": {
      "monthly_PRENEI_Q": 0.0,
      "monthly_PRELIQ_Q": 62.6,
      "monthly_PE_Q": -2.2999999999999985
    },
    "2024-05": {
      "monthly_PRENEI_Q": 0.0,
      "monthly_PRELIQ_Q": 112.8,
      "monthly_PE_Q": 32.400000000000006
    },
    "2024-06": {
      "monthly_PRENEI_Q": 0.0,
      "monthly_PRELIQ_Q": 78.1,
      "monthly_PE_Q": -9.5
    },
    "2024-07": {
      "monthly_PRENEI_Q": 0.0,
      "monthly_PRELIQ_Q": 53.0,
      "monthly_PE_Q": -21.200000000000003
    },
    "2024-08": {
      "monthly_PRENEI_Q": 0.0,
      "monthly_PRELIQ_Q": 50.800000000000004,
      "monthly_PE_Q": -13.600000000000001
    },
    "2024-09": {
      "monthly_PRENEI_Q": 0.0,
      "monthly_PRELIQ_Q": 81.4,
      "monthly_PE_Q": 32.3
    },
    "2024-10": {
      "monthly_PRENEI_Q": 0.0,
      "monthly_PRELIQ_Q": 100.4,
      "monthly_PE_Q": 69.1
    },
    "2024-11": {
      "monthly_PRENEI_Q": 4.2,
      "monthly_PRELIQ_Q": 49.6,
      "monthly_PE_Q": 37.7
    },
    "2024-12": {
      "monthly_PRENEI_Q": 0.1,
      "monthly_PRELIQ_Q": 46.2,
      "monthly_PE_Q": 34.800000000000004
    }
  }
}