{
  "years": {
    "2024": {
      "annual_PRENEI_Q": 20.3,
      "annual_PRELIQ_Q": 928.0,
      "annual_PE_Q": 381.59999999999997
    }
  },
  "months": {
    "2024-01": {
      "monthly_PRENEI_Q": 11.5,
      "monthly_PRELIQ_Q": 110.5,
      "monthly_PE_Q": 108.9
    },
    "2024-02": {
      "monthly_PRENEI_Q": 0.0,
      "monthly_PRELIQ_Q": 105.8,
      "monthly_PE_Q": 87.9
    },
    "2024-03": {
      "monthly_PRENEI_Q": 0.0,
      "monthly_PRELIQ_Q": 61.5,
      "monthly_PE_Q": 20.5
    },
    "2024-04": {
      "monthly_PRENEI_Q": 0.0,
      "monthly_PRELIQ_Q": 66.2,
      "monthly_PE_Q": 3.999999999999999
    },
    "2024-05": {
      "monthly_PRENEI_Q": 0.0,
      "monthly_PRELIQ_Q": 94.4,
      "monthly_PE_Q": 9.299999999999999
    },
    "2024-06": {
      "monthly_PRENEI_Q": 0.0,
      "monthly_PRELIQ_Q": 33.8,
      "monthly_PE_Q": -58.7
    },
    "2024-07": {
      "monthly_PRENEI_Q": 0.0,
      "monthly_PRELIQ_Q": 43.4,
      "monthly_PE_Q": -30.9
    },
    "2024-08": {
      "monthly_PRENEI_Q": 0.0,
      "monthly_PRELIQ_Q": 67.6,
      "monthly_PE_Q": 5.700000000000001
    },
    "2024-09": {
      "monthly_PRENEI_Q": 0.0,
      "monthly_PRELIQ_Q": 93.7,
      "monthly_PE_Q": 42.9
    },
    "2024-10": {
      "monthly_PRENEI_Q": 0.0,
      "monthly_PRELIQ_Q": 93.60000000000001,
      "monthly_PE_Q": 55.699999999999996
    },
    "2024-11": {
      "monthly_PRENEI_Q": 8.799999999999999,
      "monthly_PRELIQ_Q": 75.8,
      "monthly_PE_Q": 67.89999999999999
    },
    "2024-12": {
      "monthly_PRENEI_Q": 0.0,
      "monthly_PRELIQ_Q": 81.7,
      "monthly_PE_Q": 68.4
    }
  }
}