{
  "years": {
    "2024": {
      "annual_PRENEI_Q": 1206.6,
      "annual_PRELIQ_Q": 1531.0,
      "annual_PE_Q": 2203.7
    }
  },
  "months": {
    "2024-01": {
      "monthly_PRENEI_Q": 87.8,
      "monthly_PRELIQ_Q": 71.39999999999999,
      "monthly_PE_Q": 152.4
    },
    "2024-02": {
      "monthly_PRENEI_Q": 285.2,
      "monthly_PRELIQ_Q": 63.599999999999994,
      "monthly_PE_Q": 338.40000000000003
    },
    "2024-03": {
      "monthly_PRENEI_Q": 333.8,
      "monthly_PRELIQ_Q": 121.8,
      "monthly_PE_Q": 450.1
    },
    "2024-04": {
      "monthly_PRENEI_Q": 74.7,
      "monthly_PRELIQ_Q": 23.5,
      "monthly_PE_Q": 76.6
    },
    "2024-05": {
      "monthly_PRENEI_Q": 104.2,
      "monthly_PRELIQ_Q": 116.7,
      "monthly_PE_Q": 176.1
    },
    "2024-06": {
      "monthly_PRENEI_Q": 0.9,
      "monthly_PRELIQ_Q": 125.8,
      "monthly_PE_Q": 36.3
    },
    "2024-07": {
      "monthly_PRENEI_Q": 0.0,
      "monthly_PRELIQ_Q": 50.5,
      "monthly_PE_Q": -60.8
    },
    "2024-08": {
      "monthly_PRENEI_Q": 0.0,
      "monthly_PRELIQ_Q": 200.1,
      "monthly_PE_Q": 108.1
    },
    "2024-09": {
      "monthly_PRENEI_Q": 5.1,
      "monthly_PRELIQ_Q": 306.5,
      "monthly_PE_Q": 235.60000000000002
    },
    "2024-10": {
      "monthly_PRENEI_Q": 106.0,
      "monthly_PRELIQ_Q": 329.6,
      "monthly_PE_Q": 389.2
    },
    "2024-11": {
      "monthly_PRENEI_Q": 38.6,
      "monthly_PRELIQ_Q": 58.6,
      "monthly_PE_Q": 74.4
    },
    "2024-12": {
      "monthly_PRENEI_Q": 170.29999999999998,
      "monthly_PRELIQ_Q": 62.900000000000006,
      "monthly_PE_Q": 227.3
    }
  }
}