{
  "years": {
    "2024": {
      "annual_PRENEI_Q": 891.8,
      "annual_PRELIQ_Q": 1554.8,
      "annual_PE_Q": 1779.9
    }
  },
  "months": {
    "2024-01": {
      "monthly_PRENEI_Q": 64.3,
      "monthly_PRELIQ_Q": 47.2,
      "monthly_PE_Q": 98.89999999999999
    },
    "2024-02": {
      "monthly_PRENEI_Q": 235.4,
      "monthly_PRELIQ_Q": 94.2,
      "monthly_PE_Q": 310.8
    },
    "2024-03": {
      "monthly_PRENEI_Q": 210.0,
      "monthly_PRELIQ_Q": 100.7,
      "monthly_PE_Q": 296.7
    },
    "2024-04": {
      "monthly_PRENEI_Q": 49.8,
      "monthly_PRELIQ_Q": 34.5,
      "monthly_PE_Q": 38.300000000000004
    },
    "2024-05": {
      "monthly_PRENEI_Q": 56.6,
      "monthly_PRELIQ_Q": 157.4,
      "monthly_PE_Q": 145.4
    },
    "2024-06": {
      "monthly_PRENEI_Q": 0.8,
      "monthly_PRELIQ_Q": 153.4,
      "monthly_PE_Q": 40.50000000000001
    },
    "2024-07": {
      "monthly_PRENEI_Q": 0.0,
      "monthly_PRELIQ_Q": 54.1,
      "monthly_PE_Q": -74.9
    },
    "2024-08": {
      "monthly_PRENEI_Q": 0.0,
      "monthly_PRELIQ_Q": 147.29999999999998,
      "monthly_PE_Q": 55.099999999999994
    },
    "2024-09": {
      "monthly_PRENEI_Q": 4.199999999999999,
      "monthly_PRELIQ_Q": 235.5,
      "monthly_PE_Q": 162.7
    },
    "2024-10": {
      "monthly_PRENEI_Q": 39.8,
      "monthly_PRELIQ_Q": 301.7,
      "monthly_PE_Q": 289.09999999999997
    },
    "2024-11": {
      "monthly_PRENEI_Q": 34.4,
      "monthly_PRELIQ_Q": 106.7,
      "monthly_PE_Q": 107.60000000000001
    },
    "2024-12": {
      "monthly_PRENEI_Q": 196.5,
      "monthly_PRELIQ_Q": 122.1,
      "monthly_PE_Q": 309.7
    }
  }
}