{
  "years": {
    "2024": {
      "annual_PRENEI_Q": 1.2000000000000002,
      "annual_PRELIQ_Q": 1189.2,
      "annual_PE_Q": 566.9
    }
  },
  "months": {
    "2024-01": {
      "monthly_PRENEI_Q": 1.2000000000000002,
      "monthly_PRELIQ_Q": 51.199999999999996,
      "monthly_PE_Q": 36.5
    },
    "2024-02": {
      "monthly_PRENEI_Q": 0.0,
      "monthly_PRELIQ_Q": 141.29999999999998,
      "monthly_PE_Q": 117.69999999999999
    },
    "2024-03": {
      "monthly_PRENEI_Q": 0.0,
      "monthly_PRELIQ_Q": 171.0,
      "monthly_PE_Q": 119.9
    },
    "2024-04": {
      "monthly_PRENEI_Q": 0.0,
      "monthly_PRELIQ_Q": 56.099999999999994,
      "monthly_PE_Q": -16.0
    },
    "2024-05": {
      "monthly_PRENEI_Q": 0.0,
      "monthly_PRELIQ_Q": 124.1,
      "monthly_PE_Q": 48.7
    },
    "2024-06": {
      "monthly_PRENEI_Q": 0.0,
      "monthly_PRELIQ_Q": 88.9,
      "monthly_PE_Q": 1.499999999999996
    },
    "2024-07": {
      "monthly_PRENEI_Q": 0.0,
      "monthly_PRELIQ_Q": 20.9,
      "monthly_PE_Q": -61.7
    },
    "2024-08": {
      "monthly_PRENEI_Q": 0.0,
      "monthly_PRELIQ_Q": 60.7,
      "monthly_PE_Q": -4.800000000000001
    },
    "2024-09": {
      "monthly_PRENEI_Q": 0.0,
      "monthly_PRELIQ_Q": 184.0,
      "monthly_PE_Q": 125.5
    },
    "2024-10": {
      "monthly_PRENEI_Q": 0.0,
      "monthly_PRELIQ_Q": 143.4,
      "monthly_PE_Q": 98.5
    },
    "2024-11": {
      "monthly_PRENEI_Q": 0.0,
      "monthly_PRELIQ_Q": 70.69999999999999,
      "monthly_PE_Q": 40.7
    },
    "2024-12": {
      "monthly_PRENEI_Q": 0.0,
      "monthly_PRELIQ_Q": 76.89999999999999,
      "monthly_PE_Q": 60.39999999999999
    }
  }
}