{
  "years": {
    "2024": {
      "annual_PRENEI_Q": 0.6000000000000001,
      "annual_PRELIQ_Q": 980.4,
      "annual_PE_Q": 376.2
    }
  },
  "months": {
    "2024-01": {
      "monthly_PRENEI_Q": 0.6000000000000001,
      "monthly_PRELIQ_Q": 41.1,
      "monthly_PE_Q": 28.4
    },
    "2024-02": {
      "monthly_PRENEI_Q": 0.0,
      "monthly_PRELIQ_Q": 128.0,
      "monthly_PE_Q": 103.10000000000001
    },
    "2024-03": {
      "monthly_PRENEI_Q": 0.0,
      "monthly_PRELIQ_Q": 137.7,
      "monthly_PE_Q": 88.4
    },
    "2024-04": {
      "monthly_PRENEI_Q": 0.0,
      "monthly_PRELIQ_Q": 54.0,
      "monthly_PE_Q": -23.599999999999998
    },
    "2024-05": {
      "monthly_PRENEI_Q": 0.0,
      "monthly_PRELIQ_Q": 121.80000000000001,
      "monthly_PE_Q": 38.99999999999999
    },
    "2024-06": {
      "monthly_PRENEI_Q": 0.0,
      "monthly_PRELIQ_Q": 108.0,
      "monthly_PE_Q": 8.799999999999999
    },
    "2024-07": {
      "monthly_PRENEI_Q": 0.0,
      "monthly_PRELIQ_Q": 16.0,
      "monthly_PE_Q": -63.1
    },
    "2024-08": {
      "monthly_PRENEI_Q": 0.0,
      "monthly_PRELIQ_Q": 24.0,
      "monthly_PE_Q": -6.500000000000001
    },
    "2024-09": {
      "monthly_PRENEI_Q": 0.0,
      "monthly_PRELIQ_Q": 128.5,
      "monthly_PE_Q": 65.2
    },
    "2024-10": {
      "monthly_PRENEI_Q": 0.0,
      "monthly_PRELIQ_Q": 96.7,
      "monthly_PE_Q": 52.1
    },
    "2024-11": {
      "monthly_PRENEI_Q": 0.0,
      "monthly_PRELIQ_Q": 50.800000000000004,
      "monthly_PE_Q": 22.3
    },
    "2024-12": {
      "monthly_PRENEI_Q": 0.0,
      "monthly_PRELIQ_Q": 73.8,
      "monthly_PE_Q": 62.1
    }
  }
}