{
  "years": {
    "2024": {
      "annual_PRENEI_Q": 21.700000000000003,
      "annual_PRELIQ_Q": 932.4,
      "annual_PE_Q": 394.40000000000003
    }
  },
  "months": {
    "2024-01": {
      "monthly_PRENEI_Q": 12.1,
      "monthly_PRELIQ_Q": 110.7,
      "monthly_PE_Q": 110.3
    },
    "2024-02": {
      "monthly_PRENEI_Q": 0.0,
      "monthly_PRELIQ_Q": 106.4,
      "monthly_PE_Q": 89.0
    },
    "2024-03": {
      "monthly_PRENEI_Q": 0.0,
      "monthly_PRELIQ_Q": 61.9,
      "monthly_PE_Q": 21.700000000000003
    },
    "2024-04": {
      "monthly_PRENEI_Q": 0.0,
      "monthly_PRELIQ_Q": 66.39999999999999,
      "monthly_PE_Q": 4.900000000000002
    },
    "2024-05": {
      "monthly_PRENEI_Q": 0.0,
      "monthly_PRELIQ_Q": 94.9,
      "monthly_PE_Q": 11.0
    },
    "2024-06": {
      "monthly_PRENEI_Q": 0.0,
      "monthly_PRELIQ_Q": 33.9,
      "monthly_PE_Q": -57.8
    },
    "2024-07": {
      "monthly_PRENEI_Q": 0.0,
      "monthly_PRELIQ_Q": 43.699999999999996,
      "monthly_PE_Q": -30.6
    },
    "2024-08": {
      "monthly_PRENEI_Q": 0.0,
      "monthly_PRELIQ_Q": 68.0,
      "monthly_PE_Q": 6.600000000000003
    },
    "2024-09": {
      "monthly_PRENEI_Q": 0.0,
      "monthly_PRELIQ_Q": 94.1,
      "monthly_PE_Q": 44.5
    },
    "2024-10": {
      "monthly_PRENEI_Q": 0.0,
      "monthly_PRELIQ_Q": 94.2,
      "monthly_PE_Q": 56.7
    },
    "2024-11": {
      "monthly_PRENEI_Q": 9.6,
      "monthly_PRELIQ_Q": 75.7,
      "monthly_PE_Q": 68.60000000000001
    },
    "2024-12": {
      "monthly_PRENEI_Q": 0.0,
      "monthly_PRELIQ_Q": 82.5,
      "monthly_PE_Q": 69.5
    }
  }
}