{
  "years": {
    "2024": {
      "annual_PRENEI_Q": 25.2,
      "annual_PRELIQ_Q": 943.5,
      "annual_PE_Q": 417.7
    }
  },
  "months": {
    "2024-01": {
      "monthly_PRENEI_Q": 13.7,
      "monthly_PRELIQ_Q": 110.9,
      "monthly_PE_Q": 114.6
    },
    "2024-02": {
      "monthly_PRENEI_Q": 0.0,
      "monthly_PRELIQ_Q": 108.0,
      "monthly_PE_Q": 91.5
    },
    "2024-03": {
      "monthly_PRENEI_Q": 0.0,
      "monthly_PRELIQ_Q": 62.699999999999996,
      "monthly_PE_Q": 24.099999999999998
    },
    "2024-04": {
      "monthly_PRENEI_Q": 0.0,
      "monthly_PRELIQ_Q": 67.5,
      "monthly_PE_Q": 6.699999999999999
    },
    "2024-05": {
      "monthly_PRENEI_Q": 0.0,
      "monthly_PRELIQ_Q": 96.5,
      "monthly_PE_Q": 13.499999999999998
    },
    "2024-06": {
      "monthly_PRENEI_Q": 0.0,
      "monthly_PRELIQ_Q": 34.4,
      "monthly_PE_Q": -57.0
    },
    "2024-07": {
      "monthly_PRENEI_Q": 0.0,
      "monthly_PRELIQ_Q": 44.4,
      "monthly_PE_Q": -31.0
    },
    "2024-08": {
      "monthly_PRENEI_Q": 0.0,
      "monthly_PRELIQ_Q": 69.1,
      "monthly_PE_Q": 7.099999999999996
    },
    "2024-09": {
      "monthly_PRENEI_Q": 0.0,
      "monthly_PRELIQ_Q": 95.7,
      "monthly_PE_Q": 46.7
    },
    "2024-10": {
      "monthly_PRENEI_Q": 0.0,
      "monthly_PRELIQ_Q": 95.5,
      "monthly_PE_Q": 58.900000000000006
    },
    "2024-11": {
      "monthly_PRENEI_Q": 11.500000000000002,
      "monthly_PRELIQ_Q": 74.89999999999999,
      "monthly_PE_Q": 70.6
    },
    "2024-12": {
      "monthly_PRENEI_Q": 0.0,
      "monthly_PRELIQ_Q": 83.9,
      "monthly_PE_Q": 72.0
    }
  }
}