{
  "years": {
    "2024": {
      "annual_PRENEI_Q": 309.7,
      "annual_PRELIQ_Q": 1687.4,
      "annual_PE_Q": 1301.4
    }
  },
  "months": {
    "2024-01": {
      "monthly_PRENEI_Q": 25.599999999999998,
      "monthly_PRELIQ_Q": 45.1,
      "monthly_PE_Q": 53.199999999999996
    },
    "2024-02": {
      "monthly_PRENEI_Q": 77.2,
      "monthly_PRELIQ_Q": 156.7,
      "monthly_PE_Q": 209.3
    },
    "2024-03": {
      "monthly_PRENEI_Q": 107.7,
      "monthly_PRELIQ_Q": 112.0,
      "monthly_PE_Q": 191.6
    },
    "2024-04": {
      "monthly_PRENEI_Q": 20.6,
      "monthly_PRELIQ_Q": 68.1,
      "monthly_PE_Q": 22.999999999999996
    },
    "2024-05": {
      "monthly_PRENEI_Q": 7.2,
      "monthly_PRELIQ_Q": 213.5,
      "monthly_PE_Q": 137.0
    },
    "2024-06": {
      "monthly_PRENEI_Q": 0.0,
      "monthly_PRELIQ_Q": 164.9,
      "monthly_PE_Q": 63.699999999999996
    },
    "2024-07": {
      "monthly_PRENEI_Q": 0.0,
      "monthly_PRELIQ_Q": 51.1,
      "monthly_PE_Q": -56.9
    },
    "2024-08": {
      "monthly_PRENEI_Q": 0.0,
      "monthly_PRELIQ_Q": 153.0,
      "monthly_PE_Q": 50.3
    },
    "2024-09": {
      "monthly_PRENEI_Q": 0.0,
      "monthly_PRELIQ_Q": 232.8,
      "monthly_PE_Q": 168.3
    },
    "2024-10": {
      "monthly_PRENEI_Q": 0.0,
      "monthly_PRELIQ_Q": 256.5,
      "monthly_PE_Q": 208.4
    },
    "2024-11": {
      "monthly_PRENEI_Q": 8.399999999999999,
      "monthly_PRELIQ_Q": 121.39999999999999,
      "monthly_PE_Q": 95.80000000000001
    },
    "2024-12": {
      "monthly_PRENEI_Q": 63.0,
      "monthly_PRELIQ_Q": 112.3,
      "monthly_PE_Q": 157.7
    }
  }
}