{
  "years": {
    "2024": {
      "annual_PRENEI_Q": 0.6000000000000001,
      "annual_PRELIQ_Q": 987.9,
      "annual_PE_Q": 345.8
    }
  },
  "months": {
    "2024-01": {
      "monthly_PRENEI_Q": 0.6000000000000001,
      "monthly_PRELIQ_Q": 41.300000000000004,
      "monthly_PE_Q": 28.4
    },
    "2024-02": {
      "monthly_PRENEI_Q": 0.0,
      "monthly_PRELIQ_Q": 128.9,
      "monthly_PE_Q": 103.0
    },
    "2024-03": {
      "monthly_PRENEI_Q": 0.0,
      "monthly_PRELIQ_Q": 138.79999999999998,
      "monthly_PE_Q": 86.8
    },
    "2024-04": {
      "monthly_PRENEI_Q": 0.0,
      "monthly_PRELIQ_Q": 54.300000000000004,
      "monthly_PE_Q": -29.3
    },
    "2024-05": {
      "monthly_PRENEI_Q": 0.0,
      "monthly_PRELIQ_Q": 122.7,
      "monthly_PE_Q": 37.1
    },
    "2024-06": {
      "monthly_PRENEI_Q": 0.0,
      "monthly_PRELIQ_Q": 108.60000000000001,
      "monthly_PE_Q": 4.199999999999999
    },
    "2024-07": {
      "monthly_PRENEI_Q": 0.0,
      "monthly_PRELIQ_Q": 16.1,
      "monthly_PE_Q": -72.7
    },
    "2024-08": {
      "monthly_PRENEI_Q": 0.0,
      "monthly_PRELIQ_Q": 24.2,
      "monthly_PE_Q": -12.600000000000001
    },
    "2024-09": {
      "monthly_PRENEI_Q": 0.0,
      "monthly_PRELIQ_Q": 129.8,
      "monthly_PE_Q": 64.89999999999999
    },
    "2024-10": {
      "monthly_PRENEI_Q": 0.0,
      "monthly_PRELIQ_Q": 97.5,
      "monthly_PE_Q": 51.900000000000006
    },
    "2024-11": {
      "monthly_PRENEI_Q": 0.0,
      "monthly_PRELIQ_Q": 51.199999999999996,
      "monthly_PE_Q": 21.3
    },
    "2024-12": {
      "monthly_PRENEI_Q": 0.0,
      "monthly_PRELIQ_Q": 74.5,
      "monthly_PE_Q": 62.800000000000004
    }
  }
}