{
  "years": {
    "2024": {
      "annual_PRENEI_Q": 10.3,
      "annual_PRELIQ_Q": 911.4,
      "annual_PE_Q": 368.8
    }
  },
  "months": {
    "2024-01": {
      "monthly_PRENEI_Q": 2.5999999999999996,
      "monthly_PRELIQ_Q": 94.6,
      "monthly_PE_Q": 83.1
    },
    "2024-02": {
      "monthly_PRENEI_Q": 0.8,
      "monthly_PRELIQ_Q": 98.5,
      "monthly_PE_Q": 79.6
    },
    "2024-03": {
      "monthly_PRENEI_Q": 0.0,
      "monthly_PRELIQ_Q": 84.0,
      "monthly_PE_Q": 42.2
    },
    "2024-04": {
      "monthly_PRENEI_Q": 0.0,
      "monthly_PRELIQ_Q": 66.0,
      "monthly_PE_Q": 3.4999999999999996
    },
    "2024-05": {
      "monthly_PRENEI_Q": 0.0,
      "monthly_PRELIQ_Q": 137.8,
      "monthly_PE_Q": 65.0
    },
    "2024-06": {
      "monthly_PRENEI_Q": 0.0,
      "monthly_PRELIQ_Q": 77.89999999999999,
      "monthly_PE_Q": -10.200000000000001
    },
    "2024-07": {
      "monthly_PRENEI_Q": 0.0,
      "monthly_PRELIQ_Q": 43.6,
      "monthly_PE_Q": -35.800000000000004
    },
    "2024-08": {
      "monthly_PRENEI_Q": 0.0,
      "monthly_PRELIQ_Q": 42.800000000000004,
      "monthly_PE_Q": -29.5
    },
    "2024-09": {
      "monthly_PRENEI_Q": 0.0,
      "monthly_PRELIQ_Q": 83.2,
      "monthly_PE_Q": 37.1
    },
    "2024-10": {
      "monthly_PRENEI_Q": 0.0,
      "monthly_PRELIQ_Q": 94.60000000000001,
      "monthly_PE_Q": 68.1
    },
    "2024-11": {
      "monthly_PRENEI_Q": 6.800000000000001,
      "monthly_PRELIQ_Q": 47.2,
      "monthly_PE_Q": 40.7
    },
    "2024-12": {
      "monthly_PRENEI_Q": 0.1,
      "monthly_PRELIQ_Q": 41.2,
      "monthly_PE_Q": 25.0
    }
  }
}