{
  "years": {
    "2024": {
      "annual_PRENEI_Q": 36.0,
      "annual_PRELIQ_Q": 1026.2,
      "annual_PE_Q": 429.3
    }
  },
  "months": {
    "2024-01": {
      "monthly_PRENEI_Q": 14.3,
      "monthly_PRELIQ_Q": 111.8,
      "monthly_PE_Q": 112.5
    },
    "2024-02": {
      "monthly_PRENEI_Q": 1.4,
      "monthly_PRELIQ_Q": 115.0,
      "monthly_PE_Q": 93.4
    },
    "2024-03": {
      "monthly_PRENEI_Q": 0.0,
      "monthly_PRELIQ_Q": 73.7,
      "monthly_PE_Q": 28.099999999999998
    },
    "2024-04": {
      "monthly_PRENEI_Q": 0.0,
      "monthly_PRELIQ_Q": 75.5,
      "monthly_PE_Q": 6.9
    },
    "2024-05": {
      "monthly_PRENEI_Q": 0.0,
      "monthly_PRELIQ_Q": 138.4,
      "monthly_PE_Q": 47.300000000000004
    },
    "2024-06": {
      "monthly_PRENEI_Q": 0.0,
      "monthly_PRELIQ_Q": 49.6,
      "monthly_PE_Q": -56.1
    },
    "2024-07": {
      "monthly_PRENEI_Q": 0.0,
      "monthly_PRELIQ_Q": 60.5,
      "monthly_PE_Q": -24.599999999999998
    },
    "2024-08": {
      "monthly_PRENEI_Q": 0.0,
      "monthly_PRELIQ_Q": 63.099999999999994,
      "monthly_PE_Q": -18.700000000000003
    },
    "2024-09": {
      "monthly_PRENEI_Q": 0.0,
      "monthly_PRELIQ_Q": 90.3,
      "monthly_PE_Q": 37.8
    },
    "2024-10": {
      "monthly_PRENEI_Q": 0.0,
      "monthly_PRELIQ_Q": 114.8,
      "monthly_PE_Q": 79.8
    },
    "2024-11": {
      "monthly_PRENEI_Q": 20.0,
      "monthly_PRELIQ_Q": 52.699999999999996,
      "monthly_PE_Q": 56.50000000000001
    },
    "2024-12": {
      "monthly_PRENEI_Q": 0.3,
      "monthly_PRELIQ_Q": 80.8,
      "monthly_PE_Q": 66.39999999999999
    }
  }
}