{
  "years": {
    "2024": {
      "annual_PRENEI_Q": 897.8,
      "annual_PRELIQ_Q": 1213.6,
      "annual_PE_Q": 1588.8
    }
  },
  "months": {
    "2024-01": {
      "monthly_PRENEI_Q": 58.1,
      "monthly_PRELIQ_Q": 28.9,
      "monthly_PE_Q": 82.9
    },
    "2024-02": {
      "monthly_PRENEI_Q": 120.5,
      "monthly_PRELIQ_Q": 9.299999999999999,
      "monthly_PE_Q": 119.2
    },
    "2024-03": {
      "monthly_PRENEI_Q": 232.9,
      "monthly_PRELIQ_Q": 78.19999999999999,
      "monthly_PE_Q": 305.79999999999995
    },
    "2024-04": {
      "monthly_PRENEI_Q": 92.8,
      "monthly_PRELIQ_Q": 25.2,
      "monthly_PE_Q": 95.30000000000001
    },
    "2024-05": {
      "monthly_PRENEI_Q": 107.7,
      "monthly_PRELIQ_Q": 69.7,
      "monthly_PE_Q": 140.0
    },
    "2024-06": {
      "monthly_PRENEI_Q": 2.8,
      "monthly_PRELIQ_Q": 151.6,
      "monthly_PE_Q": 55.8
    },
    "2024-07": {
      "monthly_PRENEI_Q": 0.0,
      "monthly_PRELIQ_Q": 54.2,
      "monthly_PE_Q": -51.9
    },
    "2024-08": {
      "monthly_PRENEI_Q": 0.0,
      "monthly_PRELIQ_Q": 151.7,
      "monthly_PE_Q": 63.7
    },
    "2024-09": {
      "monthly_PRENEI_Q": 3.8000000000000003,
      "monthly_PRELIQ_Q": 268.09999999999997,
      "monthly_PE_Q": 194.7
    },
    "2024-10": {
      "monthly_PRENEI_Q": 99.2,
      "monthly_PRELIQ_Q": 298.4,
      "monthly_PE_Q": 352.2
    },
    "2024-11": {
      "monthly_PRENEI_Q": 51.7,
      "monthly_PRELIQ_Q": 49.5,
      "monthly_PE_Q": 78.7
    },
    "2024-12": {
      "monthly_PRENEI_Q": 128.3,
      "monthly_PRELIQ_Q": 28.8,
      "monthly_PE_Q": 152.4
    }
  }
}