{
  "years": {
    "2024": {
      "annual_PRENEI_Q": 0.7000000000000001,
      "annual_PRELIQ_Q": 983.5,
      "annual_PE_Q": 366.59999999999997
    }
  },
  "months": {
    "2024-01": {
      "monthly_PRENEI_Q": 0.7000000000000001,
      "monthly_PRELIQ_Q": 49.2,
      "monthly_PE_Q": 33.0
    },
    "2024-02": {
      "monthly_PRENEI_Q": 0.0,
      "monthly_PRELIQ_Q": 123.60000000000001,
      "monthly_PE_Q": 95.3
    },
    "2024-03": {
      "monthly_PRENEI_Q": 0.0,
      "monthly_PRELIQ_Q": 143.8,
      "monthly_PE_Q": 92.0
    },
    "2024-04": {
      "monthly_PRENEI_Q": 0.0,
      "monthly_PRELIQ_Q": 41.7,
      "monthly_PE_Q": -39.6
    },
    "2024-05": {
      "monthly_PRENEI_Q": 0.0,
      "monthly_PRELIQ_Q": 112.0,
      "monthly_PE_Q": 24.9
    },
    "2024-06": {
      "monthly_PRENEI_Q": 0.0,
      "monthly_PRELIQ_Q": 48.6,
      "monthly_PE_Q": -43.800000000000004
    },
    "2024-07": {
      "monthly_PRENEI_Q": 0.0,
      "monthly_PRELIQ_Q": 26.5,
      "monthly_PE_Q": -42.800000000000004
    },
    "2024-08": {
      "monthly_PRENEI_Q": 0.0,
      "monthly_PRELIQ_Q": 34.2,
      "monthly_PE_Q": -0.6000000000000014
    },
    "2024-09": {
      "monthly_PRENEI_Q": 0.0,
      "monthly_PRELIQ_Q": 156.1,
      "monthly_PE_Q": 93.89999999999999
    },
    "2024-10": {
      "monthly_PRENEI_Q": 0.0,
      "monthly_PRELIQ_Q": 101.9,
      "monthly_PE_Q": 56.1
    },
    "2024-11": {
      "monthly_PRENEI_Q": 0.0,
      "monthly_PRELIQ_Q": 73.2,
      "monthly_PE_Q": 40.4
    },
    "2024-12": {
      "monthly_PRENEI_Q": 0.0,
      "monthly_PRELIQ_Q": 72.7,
      "monthly_PE_Q": 57.8
    }
  }
}