{
  "years": {
    "2024": {
      "annual_PRENEI_Q": 0.7000000000000001,
      "annual_PRELIQ_Q": 853.2,
      "annual_PE_Q": 313.0
    }
  },
  "months": {
    "2024-01": {
      "monthly_PRENEI_Q": 0.2,
      "monthly_PRELIQ_Q": 57.099999999999994,
      "monthly_PE_Q": 44.800000000000004
    },
    "2024-02": {
      "monthly_PRENEI_Q": 0.0,
      "monthly_PRELIQ_Q": 96.5,
      "monthly_PE_Q": 75.5
    },
    "2024-03": {
      "monthly_PRENEI_Q": 0.0,
      "monthly_PRELIQ_Q": 92.89999999999999,
      "monthly_PE_Q": 48.8
    },
    "2024-04": {
      "monthly_PRENEI_Q": 0.0,
      "monthly_PRELIQ_Q": 48.9,
      "monthly_PE_Q": -17.9
    },
    "2024-05": {
      "monthly_PRENEI_Q": 0.0,
      "monthly_PRELIQ_Q": 102.4,
      "monthly_PE_Q": 21.5
    },
    "2024-06": {
      "monthly_PRENEI_Q": 0.0,
      "monthly_PRELIQ_Q": 79.6,
      "monthly_PE_Q": -4.799999999999997
    },
    "2024-07": {
      "monthly_PRENEI_Q": 0.0,
      "monthly_PRELIQ_Q": 38.7,
      "monthly_PE_Q": -35.0
    },
    "2024-08": {
      "monthly_PRENEI_Q": 0.0,
      "monthly_PRELIQ_Q": 55.4,
      "monthly_PE_Q": 7.300000000000001
    },
    "2024-09": {
      "monthly_PRENEI_Q": 0.0,
      "monthly_PRELIQ_Q": 86.7,
      "monthly_PE_Q": 36.400000000000006
    },
    "2024-10": {
      "monthly_PRENEI_Q": 0.0,
      "monthly_PRELIQ_Q": 100.3,
      "monthly_PE_Q": 69.0
    },
    "2024-11": {
      "monthly_PRENEI_Q": 0.5,
      "monthly_PRELIQ_Q": 60.800000000000004,
      "monthly_PE_Q": 45.199999999999996
    },
    "2024-12": {
      "monthly_PRENEI_Q": 0.0,
      "monthly_PRELIQ_Q": 33.9,
      "monthly_PE_Q": 22.2
    }
  }
}