{
  "years": {
    "2024": {
      "annual_PRENEI_Q": 41.300000000000004,
      "annual_PRELIQ_Q": 1036.9,
      "annual_PE_Q": 452.3
    }
  },
  "months": {
    "2024-01": {
      "monthly_PRENEI_Q": 16.200000000000003,
      "monthly_PRELIQ_Q": 111.8,
      "monthly_PE_Q": 116.6
    },
    "2024-02": {
      "monthly_PRENEI_Q": 1.7,
      "monthly_PRELIQ_Q": 116.5,
      "monthly_PE_Q": 96.9
    },
    "2024-03": {
      "monthly_PRENEI_Q": 0.0,
      "monthly_PRELIQ_Q": 74.8,
      "monthly_PE_Q": 30.8
    },
    "2024-04": {
      "monthly_PRENEI_Q": 0.0,
      "monthly_PRELIQ_Q": 76.9,
      "monthly_PE_Q": 9.200000000000001
    },
    "2024-05": {
      "monthly_PRENEI_Q": 0.0,
      "monthly_PRELIQ_Q": 140.4,
      "monthly_PE_Q": 50.199999999999996
    },
    "2024-06": {
      "monthly_PRENEI_Q": 0.0,
      "monthly_PRELIQ_Q": 50.199999999999996,
      "monthly_PE_Q": -56.2
    },
    "2024-07": {
      "monthly_PRENEI_Q": 0.0,
      "monthly_PRELIQ_Q": 61.2,
      "monthly_PE_Q": -25.5
    },
    "2024-08": {
      "monthly_PRENEI_Q": 0.0,
      "monthly_PRELIQ_Q": 64.0,
      "monthly_PE_Q": -19.199999999999996
    },
    "2024-09": {
      "monthly_PRENEI_Q": 0.0,
      "monthly_PRELIQ_Q": 91.8,
      "monthly_PE_Q": 39.3
    },
    "2024-10": {
      "monthly_PRENEI_Q": 0.0,
      "monthly_PRELIQ_Q": 116.7,
      "monthly_PE_Q": 82.39999999999999
    },
    "2024-11": {
      "monthly_PRENEI_Q": 23.099999999999998,
      "monthly_PRELIQ_Q": 50.7,
      "monthly_PE_Q": 58.4
    },
    "2024-12": {
      "monthly_PRENEI_Q": 0.3,
      "monthly_PRELIQ_Q": 81.9,
      "monthly_PE_Q": 69.4
    }
  }
}