{
  "years": {
    "2024": {
      "annual_PRENEI_Q": 32.3,
      "annual_PRELIQ_Q": 1019.2,
      "annual_PE_Q": 393.40000000000003
    }
  },
  "months": {
    "2024-01": {
      "monthly_PRENEI_Q": 12.799999999999999,
      "monthly_PRELIQ_Q": 111.7,
      "monthly_PE_Q": 109.6
    },
    "2024-02": {
      "monthly_PRENEI_Q": 1.3,
      "monthly_PRELIQ_Q": 114.39999999999999,
      "monthly_PE_Q": 91.2
    },
    "2024-03": {
      "monthly_PRENEI_Q": 0.0,
      "monthly_PRELIQ_Q": 72.9,
      "monthly_PE_Q": 23.0
    },
    "2024-04": {
      "monthly_PRENEI_Q": 0.0,
      "monthly_PRELIQ_Q": 74.6,
      "monthly_PE_Q": 1.4999999999999973
    },
    "2024-05": {
      "monthly_PRENEI_Q": 0.0,
      "monthly_PRELIQ_Q": 137.0,
      "monthly_PE_Q": 41.300000000000004
    },
    "2024-06": {
      "monthly_PRENEI_Q": 0.0,
      "monthly_PRELIQ_Q": 48.9,
      "monthly_PE_Q": -61.1
    },
    "2024-07": {
      "monthly_PRENEI_Q": 0.0,
      "monthly_PRELIQ_Q": 59.8,
      "monthly_PE_Q": -25.099999999999998
    },
    "2024-08": {
      "monthly_PRENEI_Q": 0.0,
      "monthly_PRELIQ_Q": 62.5,
      "monthly_PE_Q": -19.5
    },
    "2024-09": {
      "monthly_PRENEI_Q": 0.0,
      "monthly_PRELIQ_Q": 89.4,
      "monthly_PE_Q": 35.7
    },
    "2024-10": {
      "monthly_PRENEI_Q": 0.0,
      "monthly_PRELIQ_Q": 113.7,
      "monthly_PE_Q": 76.4
    },
    "2024-11": {
      "monthly_PRENEI_Q": 17.9,
      "monthly_PRELIQ_Q": 54.2,
      "monthly_PE_Q": 55.300000000000004
    },
    "2024-12": {
      "monthly_PRENEI_Q": 0.3,
      "monthly_PRELIQ_Q": 80.1,
      "monthly_PE_Q": 65.10000000000001
    }
  }
}