{
  "years": {
    "2024": {
      "annual_PRENEI_Q": 0.7999999999999999,
      "annual_PRELIQ_Q": 903.3000000000001,
      "annual_PE_Q": 289.6
    }
  },
  "months": {
    "2024-01": {
      "monthly_PRENEI_Q": 0.7999999999999999,
      "monthly_PRELIQ_Q": 36.6,
      "monthly_PE_Q": 14.899999999999999
    },
    "2024-02": {
      "monthly_PRENEI_Q": 0.0,
      "monthly_PRELIQ_Q": 123.4,
      "monthly_PE_Q": 97.1
    },
    "2024-03": {
      "monthly_PRENEI_Q": 0.0,
      "monthly_PRELIQ_Q": 110.2,
      "monthly_PE_Q": 57.5
    },
    "2024-04": {
      "monthly_PRENEI_Q": 0.0,
      "monthly_PRELIQ_Q": 49.400000000000006,
      "monthly_PE_Q": -26.6
    },
    "2024-05": {
      "monthly_PRENEI_Q": 0.0,
      "monthly_PRELIQ_Q": 109.8,
      "monthly_PE_Q": 27.6
    },
    "2024-06": {
      "monthly_PRENEI_Q": 0.0,
      "monthly_PRELIQ_Q": 72.9,
      "monthly_PE_Q": -12.299999999999997
    },
    "2024-07": {
      "monthly_PRENEI_Q": 0.0,
      "monthly_PRELIQ_Q": 15.6,
      "monthly_PE_Q": -54.4
    },
    "2024-08": {
      "monthly_PRENEI_Q": 0.0,
      "monthly_PRELIQ_Q": 56.400000000000006,
      "monthly_PE_Q": 4.399999999999999
    },
    "2024-09": {
      "monthly_PRENEI_Q": 0.0,
      "monthly_PRELIQ_Q": 91.7,
      "monthly_PE_Q": 37.1
    },
    "2024-10": {
      "monthly_PRENEI_Q": 0.0,
      "monthly_PRELIQ_Q": 109.30000000000001,
      "monthly_PE_Q": 69.7
    },
    "2024-11": {
      "monthly_PRENEI_Q": 0.0,
      "monthly_PRELIQ_Q": 61.6,
      "monthly_PE_Q": 29.1
    },
    "2024-12": {
      "monthly_PRENEI_Q": 0.0,
      "monthly_PRELIQ_Q": 66.4,
      "monthly_PE_Q": 45.5
    }
  }
}