{
  "years": {
    "2024": {
      "annual_PRENEI_Q": 435.40000000000003,
      "annual_PRELIQ_Q": 958.9,
      "annual_PE_Q": 803.9
    }
  },
  "months": {
    "2024-01": {
      "monthly_PRENEI_Q": 38.900000000000006,
      "monthly_PRELIQ_Q": 19.6,
      "monthly_PE_Q": 49.4
    },
    "2024-02": {
      "monthly_PRENEI_Q": 98.4,
      "monthly_PRELIQ_Q": 34.5,
      "monthly_PE_Q": 117.7
    },
    "2024-03": {
      "monthly_PRENEI_Q": 96.30000000000001,
      "monthly_PRELIQ_Q": 45.9,
      "monthly_PE_Q": 126.1
    },
    "2024-04": {
      "monthly_PRENEI_Q": 22.7,
      "monthly_PRELIQ_Q": 34.0,
      "monthly_PE_Q": 5.000000000000002
    },
    "2024-05": {
      "monthly_PRENEI_Q": 25.3,
      "monthly_PRELIQ_Q": 93.1,
      "monthly_PE_Q": 51.8
    },
    "2024-06": {
      "monthly_PRENEI_Q": 0.0,
      "monthly_PRELIQ_Q": 112.2,
      "monthly_PE_Q": 18.200000000000003
    },
    "2024-07": {
      "monthly_PRENEI_Q": 0.0,
      "monthly_PRELIQ_Q": 43.2,
      "monthly_PE_Q": -68.1
    },
    "2024-08": {
      "monthly_PRENEI_Q": 0.0,
      "monthly_PRELIQ_Q": 100.8,
      "monthly_PE_Q": 23.299999999999997
    },
    "2024-09": {
      "monthly_PRENEI_Q": 0.6,
      "monthly_PRELIQ_Q": 158.8,
      "monthly_PE_Q": 91.5
    },
    "2024-10": {
      "monthly_PRENEI_Q": 20.5,
      "monthly_PRELIQ_Q": 223.79999999999998,
      "monthly_PE_Q": 198.6
    },
    "2024-11": {
      "monthly_PRENEI_Q": 22.599999999999998,
      "monthly_PRELIQ_Q": 50.4,
      "monthly_PE_Q": 46.1
    },
    "2024-12": {
      "monthly_PRENEI_Q": 110.1,
      "monthly_PRELIQ_Q": 42.6,
      "monthly_PE_Q": 144.3
    }
  }
}