{
  "years": {
    "2024": {
      "annual_PRENEI_Q": 0.6000000000000001,
      "annual_PRELIQ_Q": 983.6,
      "annual_PE_Q": 340.0
    }
  },
  "months": {
    "2024-01": {
      "monthly_PRENEI_Q": 0.6000000000000001,
      "monthly_PRELIQ_Q": 41.1,
      "monthly_PE_Q": 27.700000000000003
    },
    "2024-02": {
      "monthly_PRENEI_Q": 0.0,
      "monthly_PRELIQ_Q": 128.4,
      "monthly_PE_Q": 102.2
    },
    "2024-03": {
      "monthly_PRENEI_Q": 0.0,
      "monthly_PRELIQ_Q": 138.2,
      "monthly_PE_Q": 85.5
    },
    "2024-04": {
      "monthly_PRENEI_Q": 0.0,
      "monthly_PRELIQ_Q": 54.300000000000004,
      "monthly_PE_Q": -30.0
    },
    "2024-05": {
      "monthly_PRENEI_Q": 0.0,
      "monthly_PRELIQ_Q": 122.10000000000001,
      "monthly_PE_Q": 36.0
    },
    "2024-06": {
      "monthly_PRENEI_Q": 0.0,
      "monthly_PRELIQ_Q": 108.10000000000001,
      "monthly_PE_Q": 3.599999999999996
    },
    "2024-07": {
      "monthly_PRENEI_Q": 0.0,
      "monthly_PRELIQ_Q": 16.1,
      "monthly_PE_Q": -72.7
    },
    "2024-08": {
      "monthly_PRENEI_Q": 0.0,
      "monthly_PRELIQ_Q": 24.0,
      "monthly_PE_Q": -11.8
    },
    "2024-09": {
      "monthly_PRENEI_Q": 0.0,
      "monthly_PRELIQ_Q": 129.4,
      "monthly_PE_Q": 64.6
    },
    "2024-10": {
      "monthly_PRENEI_Q": 0.0,
      "monthly_PRELIQ_Q": 96.9,
      "monthly_PE_Q": 51.300000000000004
    },
    "2024-11": {
      "monthly_PRENEI_Q": 0.0,
      "monthly_PRELIQ_Q": 50.900000000000006,
      "monthly_PE_Q": 21.3
    },
    "2024-12": {
      "monthly_PRENEI_Q": 0.0,
      "monthly_PRELIQ_Q": 74.10000000000001,
      "monthly_PE_Q": 62.3
    }
  }
}