{
  "years": {
    "2024": {
      "annual_PRENEI_Q": 3.3,
      "annual_PRELIQ_Q": 872.8,
      "annual_PE_Q": 360.0
    }
  },
  "months": {
    "2024-01": {
      "monthly_PRENEI_Q": 0.4,
      "monthly_PRELIQ_Q": 106.4,
      "monthly_PE_Q": 84.3
    },
    "2024-02": {
      "monthly_PRENEI_Q": 0.0,
      "monthly_PRELIQ_Q": 127.6,
      "monthly_PE_Q": 100.9
    },
    "2024-03": {
      "monthly_PRENEI_Q": 0.0,
      "monthly_PRELIQ_Q": 89.5,
      "monthly_PE_Q": 48.699999999999996
    },
    "2024-04": {
      "monthly_PRENEI_Q": 0.0,
      "monthly_PRELIQ_Q": 55.3,
      "monthly_PE_Q": -8.000000000000002
    },
    "2024-05": {
      "monthly_PRENEI_Q": 0.0,
      "monthly_PRELIQ_Q": 40.4,
      "monthly_PE_Q": -29.700000000000003
    },
    "2024-06": {
      "monthly_PRENEI_Q": 0.0,
      "monthly_PRELIQ_Q": 32.300000000000004,
      "monthly_PE_Q": -35.199999999999996
    },
    "2024-07": {
      "monthly_PRENEI_Q": 0.0,
      "monthly_PRELIQ_Q": 45.699999999999996,
      "monthly_PE_Q": -8.0
    },
    "2024-08": {
      "monthly_PRENEI_Q": 0.0,
      "monthly_PRELIQ_Q": 66.8,
      "monthly_PE_Q": 18.299999999999997
    },
    "2024-09": {
      "monthly_PRENEI_Q": 0.0,
      "monthly_PRELIQ_Q": 48.9,
      "monthly_PE_Q": 2.3000000000000003
    },
    "2024-10": {
      "monthly_PRENEI_Q": 0.0,
      "monthly_PRELIQ_Q": 88.9,
      "monthly_PE_Q": 52.4
    },
    "2024-11": {
      "monthly_PRENEI_Q": 2.9000000000000004,
      "monthly_PRELIQ_Q": 95.8,
      "monthly_PE_Q": 80.1
    },
    "2024-12": {
      "monthly_PRENEI_Q": 0.0,
      "monthly_PRELIQ_Q": 75.2,
      "monthly_PE_Q": 53.9
    }
  }
}