{
  "years": {
    "2024": {
      "annual_PRENEI_Q": 1.2000000000000002,
      "annual_PRELIQ_Q": 954.4,
      "annual_PE_Q": 314.3
    }
  },
  "months": {
    "2024-01": {
      "monthly_PRENEI_Q": 1.2000000000000002,
      "monthly_PRELIQ_Q": 29.099999999999998,
      "monthly_PE_Q": 14.9
    },
    "2024-02": {
      "monthly_PRENEI_Q": 0.0,
      "monthly_PRELIQ_Q": 102.4,
      "monthly_PE_Q": 75.6
    },
    "2024-03": {
      "monthly_PRENEI_Q": 0.0,
      "monthly_PRELIQ_Q": 139.7,
      "monthly_PE_Q": 88.8
    },
    "2024-04": {
      "monthly_PRENEI_Q": 0.0,
      "monthly_PRELIQ_Q": 56.6,
      "monthly_PE_Q": -25.799999999999997
    },
    "2024-05": {
      "monthly_PRENEI_Q": 0.0,
      "monthly_PRELIQ_Q": 142.3,
      "monthly_PE_Q": 51.7
    },
    "2024-06": {
      "monthly_PRENEI_Q": 0.0,
      "monthly_PRELIQ_Q": 77.5,
      "monthly_PE_Q": -29.6
    },
    "2024-07": {
      "monthly_PRENEI_Q": 0.0,
      "monthly_PRELIQ_Q": 20.4,
      "monthly_PE_Q": -56.1
    },
    "2024-08": {
      "monthly_PRENEI_Q": 0.0,
      "monthly_PRELIQ_Q": 23.200000000000003,
      "monthly_PE_Q": -9.200000000000001
    },
    "2024-09": {
      "monthly_PRENEI_Q": 0.0,
      "monthly_PRELIQ_Q": 142.2,
      "monthly_PE_Q": 74.0
    },
    "2024-10": {
      "monthly_PRENEI_Q": 0.0,
      "monthly_PRELIQ_Q": 110.7,
      "monthly_PE_Q": 62.60000000000001
    },
    "2024-11": {
      "monthly_PRENEI_Q": 0.0,
      "monthly_PRELIQ_Q": 48.6,
      "monthly_PE_Q": 19.2
    },
    "2024-12": {
      "monthly_PRENEI_Q": 0.0,
      "monthly_PRELIQ_Q": 61.7,
      "monthly_PE_Q": 48.199999999999996
    }
  }
}