{
  "years": {
    "2024": {
      "annual_PRENEI_Q": 42.7,
      "annual_PRELIQ_Q": 906.6,
      "annual_PE_Q": 385.8
    }
  },
  "months": {
    "2024-01": {
      "monthly_PRENEI_Q": 22.0,
      "monthly_PRELIQ_Q": 88.0,
      "monthly_PE_Q": 102.10000000000001
    },
    "2024-02": {
      "monthly_PRENEI_Q": 0.0,
      "monthly_PRELIQ_Q": 86.7,
      "monthly_PE_Q": 69.0
    },
    "2024-03": {
      "monthly_PRENEI_Q": 0.0,
      "monthly_PRELIQ_Q": 79.0,
      "monthly_PE_Q": 40.0
    },
    "2024-04": {
      "monthly_PRENEI_Q": 0.0,
      "monthly_PRELIQ_Q": 71.5,
      "monthly_PE_Q": 7.300000000000001
    },
    "2024-05": {
      "monthly_PRENEI_Q": 0.0,
      "monthly_PRELIQ_Q": 121.4,
      "monthly_PE_Q": 40.199999999999996
    },
    "2024-06": {
      "monthly_PRENEI_Q": 0.0,
      "monthly_PRELIQ_Q": 52.7,
      "monthly_PE_Q": -48.0
    },
    "2024-07": {
      "monthly_PRENEI_Q": 0.0,
      "monthly_PRELIQ_Q": 75.7,
      "monthly_PE_Q": -5.599999999999998
    },
    "2024-08": {
      "monthly_PRENEI_Q": 0.0,
      "monthly_PRELIQ_Q": 35.800000000000004,
      "monthly_PE_Q": -40.2
    },
    "2024-09": {
      "monthly_PRENEI_Q": 0.0,
      "monthly_PRELIQ_Q": 83.8,
      "monthly_PE_Q": 38.8
    },
    "2024-10": {
      "monthly_PRENEI_Q": 0.0,
      "monthly_PRELIQ_Q": 101.39999999999999,
      "monthly_PE_Q": 72.5
    },
    "2024-11": {
      "monthly_PRENEI_Q": 20.6,
      "monthly_PRELIQ_Q": 45.5,
      "monthly_PE_Q": 54.199999999999996
    },
    "2024-12": {
      "monthly_PRENEI_Q": 0.1,
      "monthly_PRELIQ_Q": 65.1,
      "monthly_PE_Q": 55.50000000000001
    }
  }
}