{
  "years": {
    "2024": {
      "annual_PRENEI_Q": 583.4,
      "annual_PRELIQ_Q": 889.7,
      "annual_PE_Q": 916.4
    }
  },
  "months": {
    "2024-01": {
      "monthly_PRENEI_Q": 45.2,
      "monthly_PRELIQ_Q": 16.5,
      "monthly_PE_Q": 54.4
    },
    "2024-02": {
      "monthly_PRENEI_Q": 116.2,
      "monthly_PRELIQ_Q": 24.0,
      "monthly_PE_Q": 127.9
    },
    "2024-03": {
      "monthly_PRENEI_Q": 110.7,
      "monthly_PRELIQ_Q": 39.6,
      "monthly_PE_Q": 138.5
    },
    "2024-04": {
      "monthly_PRENEI_Q": 34.6,
      "monthly_PRELIQ_Q": 25.299999999999997,
      "monthly_PE_Q": 18.7
    },
    "2024-05": {
      "monthly_PRENEI_Q": 54.0,
      "monthly_PRELIQ_Q": 70.7,
      "monthly_PE_Q": 65.2
    },
    "2024-06": {
      "monthly_PRENEI_Q": 1.2000000000000002,
      "monthly_PRELIQ_Q": 117.39999999999999,
      "monthly_PE_Q": 25.800000000000004
    },
    "2024-07": {
      "monthly_PRENEI_Q": 0.0,
      "monthly_PRELIQ_Q": 45.8,
      "monthly_PE_Q": -65.9
    },
    "2024-08": {
      "monthly_PRENEI_Q": 0.0,
      "monthly_PRELIQ_Q": 106.69999999999999,
      "monthly_PE_Q": 28.1
    },
    "2024-09": {
      "monthly_PRENEI_Q": 2.1,
      "monthly_PRELIQ_Q": 166.4,
      "monthly_PE_Q": 99.5
    },
    "2024-10": {
      "monthly_PRENEI_Q": 57.5,
      "monthly_PRELIQ_Q": 201.1,
      "monthly_PE_Q": 216.20000000000002
    },
    "2024-11": {
      "monthly_PRENEI_Q": 39.099999999999994,
      "monthly_PRELIQ_Q": 37.7,
      "monthly_PE_Q": 53.199999999999996
    },
    "2024-12": {
      "monthly_PRENEI_Q": 122.8,
      "monthly_PRELIQ_Q": 38.5,
      "monthly_PE_Q": 154.79999999999998
    }
  }
}