{
  "years": {
    "2024": {
      "annual_PRENEI_Q": 1.1,
      "annual_PRELIQ_Q": 855.7,
      "annual_PE_Q": 323.8
    }
  },
  "months": {
    "2024-01": {
      "monthly_PRENEI_Q": 0.4,
      "monthly_PRELIQ_Q": 57.199999999999996,
      "monthly_PE_Q": 45.800000000000004
    },
    "2024-02": {
      "monthly_PRENEI_Q": 0.0,
      "monthly_PRELIQ_Q": 96.89999999999999,
      "monthly_PE_Q": 76.2
    },
    "2024-03": {
      "monthly_PRENEI_Q": 0.0,
      "monthly_PRELIQ_Q": 93.1,
      "monthly_PE_Q": 50.699999999999996
    },
    "2024-04": {
      "monthly_PRENEI_Q": 0.0,
      "monthly_PRELIQ_Q": 49.0,
      "monthly_PE_Q": -15.0
    },
    "2024-05": {
      "monthly_PRENEI_Q": 0.0,
      "monthly_PRELIQ_Q": 102.7,
      "monthly_PE_Q": 22.799999999999997
    },
    "2024-06": {
      "monthly_PRENEI_Q": 0.0,
      "monthly_PRELIQ_Q": 80.0,
      "monthly_PE_Q": -4.199999999999999
    },
    "2024-07": {
      "monthly_PRENEI_Q": 0.0,
      "monthly_PRELIQ_Q": 38.800000000000004,
      "monthly_PE_Q": -35.199999999999996
    },
    "2024-08": {
      "monthly_PRENEI_Q": 0.0,
      "monthly_PRELIQ_Q": 55.6,
      "monthly_PE_Q": 6.600000000000001
    },
    "2024-09": {
      "monthly_PRENEI_Q": 0.0,
      "monthly_PRELIQ_Q": 86.9,
      "monthly_PE_Q": 37.4
    },
    "2024-10": {
      "monthly_PRENEI_Q": 0.0,
      "monthly_PRELIQ_Q": 100.6,
      "monthly_PE_Q": 70.2
    },
    "2024-11": {
      "monthly_PRENEI_Q": 0.7,
      "monthly_PRELIQ_Q": 60.900000000000006,
      "monthly_PE_Q": 46.3
    },
    "2024-12": {
      "monthly_PRENEI_Q": 0.0,
      "monthly_PRELIQ_Q": 34.0,
      "monthly_PE_Q": 22.200000000000003
    }
  }
}