{
  "years": {
    "2024": {
      "annual_PRENEI_Q": 13.3,
      "annual_PRELIQ_Q": 847.6,
      "annual_PE_Q": 341.2
    }
  },
  "months": {
    "2024-01": {
      "monthly_PRENEI_Q": 7.8999999999999995,
      "monthly_PRELIQ_Q": 78.0,
      "monthly_PE_Q": 74.3
    },
    "2024-02": {
      "monthly_PRENEI_Q": 0.0,
      "monthly_PRELIQ_Q": 87.4,
      "monthly_PE_Q": 70.10000000000001
    },
    "2024-03": {
      "monthly_PRENEI_Q": 0.0,
      "monthly_PRELIQ_Q": 89.0,
      "monthly_PE_Q": 46.7
    },
    "2024-04": {
      "monthly_PRENEI_Q": 0.0,
      "monthly_PRELIQ_Q": 60.7,
      "monthly_PE_Q": -1.3999999999999986
    },
    "2024-05": {
      "monthly_PRENEI_Q": 0.0,
      "monthly_PRELIQ_Q": 134.4,
      "monthly_PE_Q": 61.0
    },
    "2024-06": {
      "monthly_PRENEI_Q": 0.0,
      "monthly_PRELIQ_Q": 45.800000000000004,
      "monthly_PE_Q": -41.0
    },
    "2024-07": {
      "monthly_PRENEI_Q": 0.0,
      "monthly_PRELIQ_Q": 57.0,
      "monthly_PE_Q": -16.9
    },
    "2024-08": {
      "monthly_PRENEI_Q": 0.0,
      "monthly_PRELIQ_Q": 34.6,
      "monthly_PE_Q": -22.299999999999997
    },
    "2024-09": {
      "monthly_PRENEI_Q": 0.0,
      "monthly_PRELIQ_Q": 75.6,
      "monthly_PE_Q": 34.9
    },
    "2024-10": {
      "monthly_PRENEI_Q": 0.0,
      "monthly_PRELIQ_Q": 101.30000000000001,
      "monthly_PE_Q": 73.6
    },
    "2024-11": {
      "monthly_PRENEI_Q": 5.4,
      "monthly_PRELIQ_Q": 42.4,
      "monthly_PE_Q": 34.300000000000004
    },
    "2024-12": {
      "monthly_PRENEI_Q": 0.0,
      "monthly_PRELIQ_Q": 41.4,
      "monthly_PE_Q": 27.900000000000002
    }
  }
}