{
  "years": {
    "2024": {
      "annual_PRENEI_Q": 209.4,
      "annual_PRELIQ_Q": 974.4,
      "annual_PE_Q": 495.2
    }
  },
  "months": {
    "2024-01": {
      "monthly_PRENEI_Q": 24.4,
      "monthly_PRELIQ_Q": 20.900000000000002,
      "monthly_PE_Q": 26.8
    },
    "2024-02": {
      "monthly_PRENEI_Q": 48.800000000000004,
      "monthly_PRELIQ_Q": 53.0,
      "monthly_PE_Q": 76.1
    },
    "2024-03": {
      "monthly_PRENEI_Q": 35.3,
      "monthly_PRELIQ_Q": 77.8,
      "monthly_PE_Q": 72.8
    },
    "2024-04": {
      "monthly_PRENEI_Q": 8.0,
      "monthly_PRELIQ_Q": 59.300000000000004,
      "monthly_PE_Q": -3.9999999999999982
    },
    "2024-05": {
      "monthly_PRENEI_Q": 9.1,
      "monthly_PRELIQ_Q": 103.7,
      "monthly_PE_Q": 33.7
    },
    "2024-06": {
      "monthly_PRENEI_Q": 0.0,
      "monthly_PRELIQ_Q": 111.8,
      "monthly_PE_Q": 6.400000000000002
    },
    "2024-07": {
      "monthly_PRENEI_Q": 0.0,
      "monthly_PRELIQ_Q": 45.6,
      "monthly_PE_Q": -65.89999999999999
    },
    "2024-08": {
      "monthly_PRENEI_Q": 0.0,
      "monthly_PRELIQ_Q": 58.5,
      "monthly_PE_Q": -9.799999999999999
    },
    "2024-09": {
      "monthly_PRENEI_Q": 0.0,
      "monthly_PRELIQ_Q": 157.5,
      "monthly_PE_Q": 84.8
    },
    "2024-10": {
      "monthly_PRENEI_Q": 0.8,
      "monthly_PRELIQ_Q": 187.4,
      "monthly_PE_Q": 135.2
    },
    "2024-11": {
      "monthly_PRENEI_Q": 3.1,
      "monthly_PRELIQ_Q": 40.4,
      "monthly_PE_Q": 12.900000000000002
    },
    "2024-12": {
      "monthly_PRENEI_Q": 79.9,
      "monthly_PRELIQ_Q": 58.5,
      "monthly_PE_Q": 126.2
    }
  }
}