{
  "years": {
    "2024": {
      "annual_PRENEI_Q": 291.9,
      "annual_PRELIQ_Q": 1315.5,
      "annual_PE_Q": 951.9
    }
  },
  "months": {
    "2024-01": {
      "monthly_PRENEI_Q": 26.0,
      "monthly_PRELIQ_Q": 30.099999999999998,
      "monthly_PE_Q": 39.199999999999996
    },
    "2024-02": {
      "monthly_PRENEI_Q": 90.3,
      "monthly_PRELIQ_Q": 108.0,
      "monthly_PE_Q": 175.9
    },
    "2024-03": {
      "monthly_PRENEI_Q": 63.4,
      "monthly_PRELIQ_Q": 86.2,
      "monthly_PE_Q": 119.3
    },
    "2024-04": {
      "monthly_PRENEI_Q": 13.5,
      "monthly_PRELIQ_Q": 56.0,
      "monthly_PE_Q": 0.6000000000000039
    },
    "2024-05": {
      "monthly_PRENEI_Q": 6.6,
      "monthly_PRELIQ_Q": 133.1,
      "monthly_PE_Q": 64.9
    },
    "2024-06": {
      "monthly_PRENEI_Q": 0.0,
      "monthly_PRELIQ_Q": 121.9,
      "monthly_PE_Q": 31.3
    },
    "2024-07": {
      "monthly_PRENEI_Q": 0.0,
      "monthly_PRELIQ_Q": 55.4,
      "monthly_PE_Q": -55.199999999999996
    },
    "2024-08": {
      "monthly_PRENEI_Q": 0.0,
      "monthly_PRELIQ_Q": 109.4,
      "monthly_PE_Q": 21.800000000000004
    },
    "2024-09": {
      "monthly_PRENEI_Q": 0.0,
      "monthly_PRELIQ_Q": 177.9,
      "monthly_PE_Q": 116.6
    },
    "2024-10": {
      "monthly_PRENEI_Q": 0.8,
      "monthly_PRELIQ_Q": 240.4,
      "monthly_PE_Q": 199.89999999999998
    },
    "2024-11": {
      "monthly_PRENEI_Q": 5.4,
      "monthly_PRELIQ_Q": 88.30000000000001,
      "monthly_PE_Q": 60.8
    },
    "2024-12": {
      "monthly_PRENEI_Q": 85.89999999999999,
      "monthly_PRELIQ_Q": 108.8,
      "monthly_PE_Q": 176.8
    }
  }
}