{
  "years": {
    "2024": {
      "annual_PRENEI_Q": 0.5,
      "annual_PRELIQ_Q": 862.0,
      "annual_PE_Q": 297.5
    }
  },
  "months": {
    "2024-01": {
      "monthly_PRENEI_Q": 0.0,
      "monthly_PRELIQ_Q": 50.8,
      "monthly_PE_Q": 37.199999999999996
    },
    "2024-02": {
      "monthly_PRENEI_Q": 0.0,
      "monthly_PRELIQ_Q": 84.3,
      "monthly_PE_Q": 61.8
    },
    "2024-03": {
      "monthly_PRENEI_Q": 0.4,
      "monthly_PRELIQ_Q": 113.89999999999999,
      "monthly_PE_Q": 68.7
    },
    "2024-04": {
      "monthly_PRENEI_Q": 0.0,
      "monthly_PRELIQ_Q": 48.5,
      "monthly_PE_Q": -24.0
    },
    "2024-05": {
      "monthly_PRENEI_Q": 0.0,
      "monthly_PRELIQ_Q": 148.20000000000002,
      "monthly_PE_Q": 60.800000000000004
    },
    "2024-06": {
      "monthly_PRENEI_Q": 0.0,
      "monthly_PRELIQ_Q": 66.39999999999999,
      "monthly_PE_Q": -38.4
    },
    "2024-07": {
      "monthly_PRENEI_Q": 0.0,
      "monthly_PRELIQ_Q": 11.7,
      "monthly_PE_Q": -48.7
    },
    "2024-08": {
      "monthly_PRENEI_Q": 0.0,
      "monthly_PRELIQ_Q": 37.3,
      "monthly_PE_Q": 1.0999999999999988
    },
    "2024-09": {
      "monthly_PRENEI_Q": 0.0,
      "monthly_PRELIQ_Q": 101.0,
      "monthly_PE_Q": 52.900000000000006
    },
    "2024-10": {
      "monthly_PRENEI_Q": 0.0,
      "monthly_PRELIQ_Q": 109.9,
      "monthly_PE_Q": 69.9
    },
    "2024-11": {
      "monthly_PRENEI_Q": 0.1,
      "monthly_PRELIQ_Q": 49.1,
      "monthly_PE_Q": 30.799999999999997
    },
    "2024-12": {
      "monthly_PRENEI_Q": 0.0,
      "monthly_PRELIQ_Q": 40.9,
      "monthly_PE_Q": 25.4
    }
  }
}