{
  "years": {
    "2024": {
      "annual_PRENEI_Q": 220.1,
      "annual_PRELIQ_Q": 1046.4,
      "annual_PE_Q": 545.0
    }
  },
  "months": {
    "2024-01": {
      "monthly_PRENEI_Q": 26.3,
      "monthly_PRELIQ_Q": 23.9,
      "monthly_PE_Q": 29.8
    },
    "2024-02": {
      "monthly_PRENEI_Q": 55.3,
      "monthly_PRELIQ_Q": 76.2,
      "monthly_PE_Q": 103.80000000000001
    },
    "2024-03": {
      "monthly_PRENEI_Q": 33.300000000000004,
      "monthly_PRELIQ_Q": 70.8,
      "monthly_PE_Q": 58.8
    },
    "2024-04": {
      "monthly_PRENEI_Q": 6.5,
      "monthly_PRELIQ_Q": 54.0,
      "monthly_PE_Q": -13.699999999999998
    },
    "2024-05": {
      "monthly_PRENEI_Q": 5.0,
      "monthly_PRELIQ_Q": 114.80000000000001,
      "monthly_PE_Q": 32.7
    },
    "2024-06": {
      "monthly_PRENEI_Q": 0.0,
      "monthly_PRELIQ_Q": 117.89999999999999,
      "monthly_PE_Q": 11.299999999999997
    },
    "2024-07": {
      "monthly_PRENEI_Q": 0.0,
      "monthly_PRELIQ_Q": 52.6,
      "monthly_PE_Q": -59.5
    },
    "2024-08": {
      "monthly_PRENEI_Q": 0.0,
      "monthly_PRELIQ_Q": 69.8,
      "monthly_PE_Q": -7.000000000000001
    },
    "2024-09": {
      "monthly_PRENEI_Q": 0.0,
      "monthly_PRELIQ_Q": 151.2,
      "monthly_PE_Q": 79.4
    },
    "2024-10": {
      "monthly_PRENEI_Q": 0.0,
      "monthly_PRELIQ_Q": 184.3,
      "monthly_PE_Q": 130.20000000000002
    },
    "2024-11": {
      "monthly_PRENEI_Q": 5.1,
      "monthly_PRELIQ_Q": 53.2,
      "monthly_PE_Q": 26.900000000000002
    },
    "2024-12": {
      "monthly_PRENEI_Q": 88.6,
      "monthly_PRELIQ_Q": 77.7,
      "monthly_PE_Q": 152.3
    }
  }
}