{
  "years": {
    "2024": {
      "annual_PRENEI_Q": 3.3,
      "annual_PRELIQ_Q": 722.3,
      "annual_PE_Q": 245.3
    }
  },
  "months": {
    "2024-01": {
      "monthly_PRENEI_Q": 0.2,
      "monthly_PRELIQ_Q": 99.4,
      "monthly_PE_Q": 81.7
    },
    "2024-02": {
      "monthly_PRENEI_Q": 0.0,
      "monthly_PRELIQ_Q": 101.3,
      "monthly_PE_Q": 79.4
    },
    "2024-03": {
      "monthly_PRENEI_Q": 0.0,
      "monthly_PRELIQ_Q": 67.1,
      "monthly_PE_Q": 28.900000000000002
    },
    "2024-04": {
      "monthly_PRENEI_Q": 0.0,
      "monthly_PRELIQ_Q": 57.0,
      "monthly_PE_Q": -0.9000000000000004
    },
    "2024-05": {
      "monthly_PRENEI_Q": 0.0,
      "monthly_PRELIQ_Q": 30.8,
      "monthly_PE_Q": -37.2
    },
    "2024-06": {
      "monthly_PRENEI_Q": 0.0,
      "monthly_PRELIQ_Q": 23.1,
      "monthly_PE_Q": -40.8
    },
    "2024-07": {
      "monthly_PRENEI_Q": 0.0,
      "monthly_PRELIQ_Q": 47.6,
      "monthly_PE_Q": -10.200000000000003
    },
    "2024-08": {
      "monthly_PRENEI_Q": 0.0,
      "monthly_PRELIQ_Q": 39.8,
      "monthly_PE_Q": -2.700000000000001
    },
    "2024-09": {
      "monthly_PRENEI_Q": 0.0,
      "monthly_PRELIQ_Q": 53.1,
      "monthly_PE_Q": 7.299999999999999
    },
    "2024-10": {
      "monthly_PRENEI_Q": 0.0,
      "monthly_PRELIQ_Q": 79.2,
      "monthly_PE_Q": 46.2
    },
    "2024-11": {
      "monthly_PRENEI_Q": 3.0999999999999996,
      "monthly_PRELIQ_Q": 68.60000000000001,
      "monthly_PE_Q": 55.49999999999999
    },
    "2024-12": {
      "monthly_PRENEI_Q": 0.0,
      "monthly_PRELIQ_Q": 55.3,
      "monthly_PE_Q": 38.1
    }
  }
}