{
  "years": {
    "2024": {
      "annual_PRENEI_Q": 0.3,
      "annual_PRELIQ_Q": 851.2,
      "annual_PE_Q": 264.0
    }
  },
  "months": {
    "2024-01": {
      "monthly_PRENEI_Q": 0.0,
      "monthly_PRELIQ_Q": 59.6,
      "monthly_PE_Q": 43.7
    },
    "2024-02": {
      "monthly_PRENEI_Q": 0.0,
      "monthly_PRELIQ_Q": 77.6,
      "monthly_PE_Q": 52.5
    },
    "2024-03": {
      "monthly_PRENEI_Q": 0.0,
      "monthly_PRELIQ_Q": 91.39999999999999,
      "monthly_PE_Q": 48.5
    },
    "2024-04": {
      "monthly_PRENEI_Q": 0.0,
      "monthly_PRELIQ_Q": 54.4,
      "monthly_PE_Q": -10.700000000000003
    },
    "2024-05": {
      "monthly_PRENEI_Q": 0.0,
      "monthly_PRELIQ_Q": 116.6,
      "monthly_PE_Q": 31.900000000000002
    },
    "2024-06": {
      "monthly_PRENEI_Q": 0.0,
      "monthly_PRELIQ_Q": 95.1,
      "monthly_PE_Q": -5.600000000000001
    },
    "2024-07": {
      "monthly_PRENEI_Q": 0.0,
      "monthly_PRELIQ_Q": 30.5,
      "monthly_PE_Q": -50.5
    },
    "2024-08": {
      "monthly_PRENEI_Q": 0.0,
      "monthly_PRELIQ_Q": 53.0,
      "monthly_PE_Q": -4.500000000000001
    },
    "2024-09": {
      "monthly_PRENEI_Q": 0.0,
      "monthly_PRELIQ_Q": 93.8,
      "monthly_PE_Q": 46.50000000000001
    },
    "2024-10": {
      "monthly_PRENEI_Q": 0.0,
      "monthly_PRELIQ_Q": 93.0,
      "monthly_PE_Q": 59.3
    },
    "2024-11": {
      "monthly_PRENEI_Q": 0.3,
      "monthly_PRELIQ_Q": 55.099999999999994,
      "monthly_PE_Q": 37.0
    },
    "2024-12": {
      "monthly_PRENEI_Q": 0.0,
      "monthly_PRELIQ_Q": 31.099999999999998,
      "monthly_PE_Q": 15.9
    }
  }
}