{
  "years": {
    "2024": {
      "annual_PRENEI_Q": 4.3,
      "annual_PRELIQ_Q": 845.8,
      "annual_PE_Q": 316.6
    }
  },
  "months": {
    "2024-01": {
      "monthly_PRENEI_Q": 0.7999999999999999,
      "monthly_PRELIQ_Q": 65.2,
      "monthly_PE_Q": 52.7
    },
    "2024-02": {
      "monthly_PRENEI_Q": 0.0,
      "monthly_PRELIQ_Q": 97.8,
      "monthly_PE_Q": 78.5
    },
    "2024-03": {
      "monthly_PRENEI_Q": 0.0,
      "monthly_PRELIQ_Q": 84.60000000000001,
      "monthly_PE_Q": 45.800000000000004
    },
    "2024-04": {
      "monthly_PRENEI_Q": 0.0,
      "monthly_PRELIQ_Q": 68.8,
      "monthly_PE_Q": 3.9000000000000017
    },
    "2024-05": {
      "monthly_PRENEI_Q": 0.0,
      "monthly_PRELIQ_Q": 105.9,
      "monthly_PE_Q": 24.200000000000003
    },
    "2024-06": {
      "monthly_PRENEI_Q": 0.0,
      "monthly_PRELIQ_Q": 62.6,
      "monthly_PE_Q": -24.799999999999997
    },
    "2024-07": {
      "monthly_PRENEI_Q": 0.0,
      "monthly_PRELIQ_Q": 30.1,
      "monthly_PE_Q": -42.2
    },
    "2024-08": {
      "monthly_PRENEI_Q": 0.0,
      "monthly_PRELIQ_Q": 56.300000000000004,
      "monthly_PE_Q": 2.700000000000001
    },
    "2024-09": {
      "monthly_PRENEI_Q": 0.0,
      "monthly_PRELIQ_Q": 85.8,
      "monthly_PE_Q": 42.2
    },
    "2024-10": {
      "monthly_PRENEI_Q": 0.0,
      "monthly_PRELIQ_Q": 96.2,
      "monthly_PE_Q": 66.4
    },
    "2024-11": {
      "monthly_PRENEI_Q": 3.5,
      "monthly_PRELIQ_Q": 56.5,
      "monthly_PE_Q": 44.2
    },
    "2024-12": {
      "monthly_PRENEI_Q": 0.0,
      "monthly_PRELIQ_Q": 36.0,
      "monthly_PE_Q": 23.0
    }
  }
}