{
  "years": {
    "2024": {
      "annual_PRENEI_Q": 27.099999999999998,
      "annual_PRELIQ_Q": 978.7,
      "annual_PE_Q": 458.2
    }
  },
  "months": {
    "2024-01": {
      "monthly_PRENEI_Q": 19.0,
      "monthly_PRELIQ_Q": 70.7,
      "monthly_PE_Q": 83.5
    },
    "2024-02": {
      "monthly_PRENEI_Q": 0.0,
      "monthly_PRELIQ_Q": 103.0,
      "monthly_PE_Q": 91.8
    },
    "2024-03": {
      "monthly_PRENEI_Q": 0.0,
      "monthly_PRELIQ_Q": 82.4,
      "monthly_PE_Q": 49.6
    },
    "2024-04": {
      "monthly_PRENEI_Q": 0.0,
      "monthly_PRELIQ_Q": 57.9,
      "monthly_PE_Q": 3.3000000000000016
    },
    "2024-05": {
      "monthly_PRENEI_Q": 0.0,
      "monthly_PRELIQ_Q": 127.8,
      "monthly_PE_Q": 53.099999999999994
    },
    "2024-06": {
      "monthly_PRENEI_Q": 0.0,
      "monthly_PRELIQ_Q": 35.1,
      "monthly_PE_Q": -60.2
    },
    "2024-07": {
      "monthly_PRENEI_Q": 0.0,
      "monthly_PRELIQ_Q": 58.699999999999996,
      "monthly_PE_Q": -30.599999999999998
    },
    "2024-08": {
      "monthly_PRENEI_Q": 0.0,
      "monthly_PRELIQ_Q": 54.2,
      "monthly_PE_Q": -15.5
    },
    "2024-09": {
      "monthly_PRENEI_Q": 0.0,
      "monthly_PRELIQ_Q": 118.0,
      "monthly_PE_Q": 62.800000000000004
    },
    "2024-10": {
      "monthly_PRENEI_Q": 0.0,
      "monthly_PRELIQ_Q": 104.89999999999999,
      "monthly_PE_Q": 73.7
    },
    "2024-11": {
      "monthly_PRENEI_Q": 7.8,
      "monthly_PRELIQ_Q": 72.8,
      "monthly_PE_Q": 66.0
    },
    "2024-12": {
      "monthly_PRENEI_Q": 0.30000000000000004,
      "monthly_PRELIQ_Q": 93.2,
      "monthly_PE_Q": 80.7
    }
  }
}