{
  "years": {
    "2024": {
      "annual_PRENEI_Q": 24.8,
      "annual_PRELIQ_Q": 972.4,
      "annual_PE_Q": 440.0
    }
  },
  "months": {
    "2024-01": {
      "monthly_PRENEI_Q": 17.7,
      "monthly_PRELIQ_Q": 71.4,
      "monthly_PE_Q": 82.2
    },
    "2024-02": {
      "monthly_PRENEI_Q": 0.0,
      "monthly_PRELIQ_Q": 102.0,
      "monthly_PE_Q": 90.2
    },
    "2024-03": {
      "monthly_PRENEI_Q": 0.0,
      "monthly_PRELIQ_Q": 81.7,
      "monthly_PE_Q": 48.8
    },
    "2024-04": {
      "monthly_PRENEI_Q": 0.0,
      "monthly_PRELIQ_Q": 57.3,
      "monthly_PE_Q": 3.0000000000000004
    },
    "2024-05": {
      "monthly_PRENEI_Q": 0.0,
      "monthly_PRELIQ_Q": 126.60000000000001,
      "monthly_PE_Q": 50.599999999999994
    },
    "2024-06": {
      "monthly_PRENEI_Q": 0.0,
      "monthly_PRELIQ_Q": 35.1,
      "monthly_PE_Q": -62.2
    },
    "2024-07": {
      "monthly_PRENEI_Q": 0.0,
      "monthly_PRELIQ_Q": 58.5,
      "monthly_PE_Q": -33.0
    },
    "2024-08": {
      "monthly_PRENEI_Q": 0.0,
      "monthly_PRELIQ_Q": 53.6,
      "monthly_PE_Q": -17.099999999999998
    },
    "2024-09": {
      "monthly_PRENEI_Q": 0.0,
      "monthly_PRELIQ_Q": 117.0,
      "monthly_PE_Q": 60.699999999999996
    },
    "2024-10": {
      "monthly_PRENEI_Q": 0.0,
      "monthly_PRELIQ_Q": 103.9,
      "monthly_PE_Q": 71.7
    },
    "2024-11": {
      "monthly_PRENEI_Q": 6.800000000000001,
      "monthly_PRELIQ_Q": 73.10000000000001,
      "monthly_PE_Q": 65.1
    },
    "2024-12": {
      "monthly_PRENEI_Q": 0.30000000000000004,
      "monthly_PRELIQ_Q": 92.2,
      "monthly_PE_Q": 80.0
    }
  }
}