{
  "years": {
    "2024": {
      "annual_PRENEI_Q": 20.099999999999998,
      "annual_PRELIQ_Q": 959.5,
      "annual_PE_Q": 401.6
    }
  },
  "months": {
    "2024-01": {
      "monthly_PRENEI_Q": 15.299999999999999,
      "monthly_PRELIQ_Q": 72.0,
      "monthly_PE_Q": 78.9
    },
    "2024-02": {
      "monthly_PRENEI_Q": 0.0,
      "monthly_PRELIQ_Q": 100.0,
      "monthly_PE_Q": 86.3
    },
    "2024-03": {
      "monthly_PRENEI_Q": 0.0,
      "monthly_PRELIQ_Q": 80.3,
      "monthly_PE_Q": 44.800000000000004
    },
    "2024-04": {
      "monthly_PRENEI_Q": 0.0,
      "monthly_PRELIQ_Q": 56.4,
      "monthly_PE_Q": -1.100000000000001
    },
    "2024-05": {
      "monthly_PRENEI_Q": 0.0,
      "monthly_PRELIQ_Q": 124.4,
      "monthly_PE_Q": 46.199999999999996
    },
    "2024-06": {
      "monthly_PRENEI_Q": 0.0,
      "monthly_PRELIQ_Q": 34.4,
      "monthly_PE_Q": -64.9
    },
    "2024-07": {
      "monthly_PRENEI_Q": 0.0,
      "monthly_PRELIQ_Q": 57.4,
      "monthly_PE_Q": -34.199999999999996
    },
    "2024-08": {
      "monthly_PRENEI_Q": 0.0,
      "monthly_PRELIQ_Q": 52.9,
      "monthly_PE_Q": -17.299999999999997
    },
    "2024-09": {
      "monthly_PRENEI_Q": 0.0,
      "monthly_PRELIQ_Q": 114.9,
      "monthly_PE_Q": 56.699999999999996
    },
    "2024-10": {
      "monthly_PRENEI_Q": 0.0,
      "monthly_PRELIQ_Q": 102.2,
      "monthly_PE_Q": 68.2
    },
    "2024-11": {
      "monthly_PRENEI_Q": 4.7,
      "monthly_PRELIQ_Q": 73.7,
      "monthly_PE_Q": 62.0
    },
    "2024-12": {
      "monthly_PRENEI_Q": 0.1,
      "monthly_PRELIQ_Q": 90.9,
      "monthly_PE_Q": 76.0
    }
  }
}