{
  "years": {
    "2024": {
      "annual_PRENEI_Q": 455.5,
      "annual_PRELIQ_Q": 1048.0,
      "annual_PE_Q": 822.6
    }
  },
  "months": {
    "2024-01": {
      "monthly_PRENEI_Q": 45.0,
      "monthly_PRELIQ_Q": 16.5,
      "monthly_PE_Q": 51.1
    },
    "2024-02": {
      "monthly_PRENEI_Q": 90.8,
      "monthly_PRELIQ_Q": 43.4,
      "monthly_PE_Q": 119.6
    },
    "2024-03": {
      "monthly_PRENEI_Q": 67.0,
      "monthly_PRELIQ_Q": 43.5,
      "monthly_PE_Q": 86.9
    },
    "2024-04": {
      "monthly_PRENEI_Q": 45.699999999999996,
      "monthly_PRELIQ_Q": 53.4,
      "monthly_PE_Q": 44.199999999999996
    },
    "2024-05": {
      "monthly_PRENEI_Q": 34.4,
      "monthly_PRELIQ_Q": 113.4,
      "monthly_PE_Q": 73.4
    },
    "2024-06": {
      "monthly_PRENEI_Q": 0.4,
      "monthly_PRELIQ_Q": 128.8,
      "monthly_PE_Q": 18.6
    },
    "2024-07": {
      "monthly_PRENEI_Q": 0.0,
      "monthly_PRELIQ_Q": 79.4,
      "monthly_PE_Q": -46.3
    },
    "2024-08": {
      "monthly_PRENEI_Q": 0.0,
      "monthly_PRELIQ_Q": 115.5,
      "monthly_PE_Q": 14.900000000000004
    },
    "2024-09": {
      "monthly_PRENEI_Q": 1.2000000000000002,
      "monthly_PRELIQ_Q": 176.7,
      "monthly_PE_Q": 101.5
    },
    "2024-10": {
      "monthly_PRENEI_Q": 18.7,
      "monthly_PRELIQ_Q": 171.4,
      "monthly_PE_Q": 136.1
    },
    "2024-11": {
      "monthly_PRENEI_Q": 12.200000000000001,
      "monthly_PRELIQ_Q": 68.3,
      "monthly_PE_Q": 52.2
    },
    "2024-12": {
      "monthly_PRENEI_Q": 140.1,
      "monthly_PRELIQ_Q": 37.699999999999996,
      "monthly_PE_Q": 170.4
    }
  }
}