{
  "years": {
    "2024": {
      "annual_PRENEI_Q": 0.7000000000000001,
      "annual_PRELIQ_Q": 1092.2,
      "annual_PE_Q": 508.90000000000003
    }
  },
  "months": {
    "2024-01": {
      "monthly_PRENEI_Q": 0.30000000000000004,
      "monthly_PRELIQ_Q": 48.5,
      "monthly_PE_Q": 37.9
    },
    "2024-02": {
      "monthly_PRENEI_Q": 0.0,
      "monthly_PRELIQ_Q": 134.8,
      "monthly_PE_Q": 117.4
    },
    "2024-03": {
      "monthly_PRENEI_Q": 0.0,
      "monthly_PRELIQ_Q": 150.5,
      "monthly_PE_Q": 114.10000000000001
    },
    "2024-04": {
      "monthly_PRENEI_Q": 0.0,
      "monthly_PRELIQ_Q": 72.8,
      "monthly_PE_Q": -8.881784197001252e-16
    },
    "2024-05": {
      "monthly_PRENEI_Q": 0.0,
      "monthly_PRELIQ_Q": 169.9,
      "monthly_PE_Q": 96.0
    },
    "2024-06": {
      "monthly_PRENEI_Q": 0.0,
      "monthly_PRELIQ_Q": 103.5,
      "monthly_PE_Q": 10.999999999999996
    },
    "2024-07": {
      "monthly_PRENEI_Q": 0.0,
      "monthly_PRELIQ_Q": 19.4,
      "monthly_PE_Q": -75.7
    },
    "2024-08": {
      "monthly_PRENEI_Q": 0.0,
      "monthly_PRELIQ_Q": 20.400000000000002,
      "monthly_PE_Q": -28.1
    },
    "2024-09": {
      "monthly_PRENEI_Q": 0.0,
      "monthly_PRELIQ_Q": 106.9,
      "monthly_PE_Q": 60.7
    },
    "2024-10": {
      "monthly_PRENEI_Q": 0.0,
      "monthly_PRELIQ_Q": 137.2,
      "monthly_PE_Q": 94.0
    },
    "2024-11": {
      "monthly_PRENEI_Q": 0.2,
      "monthly_PRELIQ_Q": 65.9,
      "monthly_PE_Q": 35.099999999999994
    },
    "2024-12": {
      "monthly_PRENEI_Q": 0.2,
      "monthly_PRELIQ_Q": 62.4,
      "monthly_PE_Q": 46.5
    }
  }
}