{
  "years": {
    "2024": {
      "annual_PRENEI_Q": 8.0,
      "annual_PRELIQ_Q": 924.1,
      "annual_PE_Q": 399.90000000000003
    }
  },
  "months": {
    "2024-01": {
      "monthly_PRENEI_Q": 1.1,
      "monthly_PRELIQ_Q": 78.4,
      "monthly_PE_Q": 70.39999999999999
    },
    "2024-02": {
      "monthly_PRENEI_Q": 0.5,
      "monthly_PRELIQ_Q": 104.9,
      "monthly_PE_Q": 90.7
    },
    "2024-03": {
      "monthly_PRENEI_Q": 0.0,
      "monthly_PRELIQ_Q": 88.2,
      "monthly_PE_Q": 49.2
    },
    "2024-04": {
      "monthly_PRENEI_Q": 0.0,
      "monthly_PRELIQ_Q": 57.800000000000004,
      "monthly_PE_Q": -3.999999999999997
    },
    "2024-05": {
      "monthly_PRENEI_Q": 0.0,
      "monthly_PRELIQ_Q": 130.70000000000002,
      "monthly_PE_Q": 55.00000000000001
    },
    "2024-06": {
      "monthly_PRENEI_Q": 0.0,
      "monthly_PRELIQ_Q": 58.3,
      "monthly_PE_Q": -26.9
    },
    "2024-07": {
      "monthly_PRENEI_Q": 0.0,
      "monthly_PRELIQ_Q": 62.0,
      "monthly_PE_Q": -23.9
    },
    "2024-08": {
      "monthly_PRENEI_Q": 0.0,
      "monthly_PRELIQ_Q": 50.0,
      "monthly_PE_Q": -17.7
    },
    "2024-09": {
      "monthly_PRENEI_Q": 0.0,
      "monthly_PRELIQ_Q": 81.1,
      "monthly_PE_Q": 37.400000000000006
    },
    "2024-10": {
      "monthly_PRENEI_Q": 0.0,
      "monthly_PRELIQ_Q": 118.7,
      "monthly_PE_Q": 91.7
    },
    "2024-11": {
      "monthly_PRENEI_Q": 6.3999999999999995,
      "monthly_PRELIQ_Q": 53.5,
      "monthly_PE_Q": 47.6
    },
    "2024-12": {
      "monthly_PRENEI_Q": 0.0,
      "monthly_PRELIQ_Q": 40.5,
      "monthly_PE_Q": 30.4
    }
  }
}