{
  "years": {
    "2024": {
      "annual_PRENEI_Q": 737.3,
      "annual_PRELIQ_Q": 957.6,
      "annual_PE_Q": 1083.0
    }
  },
  "months": {
    "2024-01": {
      "monthly_PRENEI_Q": 59.0,
      "monthly_PRELIQ_Q": 9.3,
      "monthly_PE_Q": 61.1
    },
    "2024-02": {
      "monthly_PRENEI_Q": 134.3,
      "monthly_PRELIQ_Q": 17.1,
      "monthly_PE_Q": 142.2
    },
    "2024-03": {
      "monthly_PRENEI_Q": 105.6,
      "monthly_PRELIQ_Q": 18.8,
      "monthly_PE_Q": 113.1
    },
    "2024-04": {
      "monthly_PRENEI_Q": 84.89999999999999,
      "monthly_PRELIQ_Q": 27.4,
      "monthly_PE_Q": 77.7
    },
    "2024-05": {
      "monthly_PRENEI_Q": 79.60000000000001,
      "monthly_PRELIQ_Q": 87.10000000000001,
      "monthly_PE_Q": 112.3
    },
    "2024-06": {
      "monthly_PRENEI_Q": 3.3,
      "monthly_PRELIQ_Q": 142.20000000000002,
      "monthly_PE_Q": 37.900000000000006
    },
    "2024-07": {
      "monthly_PRENEI_Q": 0.0,
      "monthly_PRELIQ_Q": 89.60000000000001,
      "monthly_PE_Q": -38.0
    },
    "2024-08": {
      "monthly_PRENEI_Q": 0.0,
      "monthly_PRELIQ_Q": 130.7,
      "monthly_PE_Q": 26.1
    },
    "2024-09": {
      "monthly_PRENEI_Q": 3.8000000000000003,
      "monthly_PRELIQ_Q": 196.8,
      "monthly_PE_Q": 124.1
    },
    "2024-10": {
      "monthly_PRENEI_Q": 56.3,
      "monthly_PRELIQ_Q": 158.4,
      "monthly_PE_Q": 164.8
    },
    "2024-11": {
      "monthly_PRENEI_Q": 38.8,
      "monthly_PRELIQ_Q": 51.7,
      "monthly_PE_Q": 67.3
    },
    "2024-12": {
      "monthly_PRENEI_Q": 171.70000000000002,
      "monthly_PRELIQ_Q": 28.5,
      "monthly_PE_Q": 194.4
    }
  }
}