{
  "years": {
    "2024": {
      "annual_PRENEI_Q": 132.3,
      "annual_PRELIQ_Q": 962.9,
      "annual_PE_Q": 451.5
    }
  },
  "months": {
    "2024-01": {
      "monthly_PRENEI_Q": 14.5,
      "monthly_PRELIQ_Q": 25.7,
      "monthly_PE_Q": 26.400000000000002
    },
    "2024-02": {
      "monthly_PRENEI_Q": 28.6,
      "monthly_PRELIQ_Q": 88.2,
      "monthly_PE_Q": 93.5
    },
    "2024-03": {
      "monthly_PRENEI_Q": 23.3,
      "monthly_PRELIQ_Q": 49.8,
      "monthly_PE_Q": 37.3
    },
    "2024-04": {
      "monthly_PRENEI_Q": 3.7,
      "monthly_PRELIQ_Q": 58.7,
      "monthly_PE_Q": -3.6000000000000014
    },
    "2024-05": {
      "monthly_PRENEI_Q": 1.3,
      "monthly_PRELIQ_Q": 107.5,
      "monthly_PE_Q": 33.5
    },
    "2024-06": {
      "monthly_PRENEI_Q": 0.0,
      "monthly_PRELIQ_Q": 82.4,
      "monthly_PE_Q": -8.899999999999997
    },
    "2024-07": {
      "monthly_PRENEI_Q": 0.0,
      "monthly_PRELIQ_Q": 66.6,
      "monthly_PE_Q": -39.4
    },
    "2024-08": {
      "monthly_PRENEI_Q": 0.0,
      "monthly_PRELIQ_Q": 84.4,
      "monthly_PE_Q": 0.3999999999999979
    },
    "2024-09": {
      "monthly_PRENEI_Q": 0.0,
      "monthly_PRELIQ_Q": 118.7,
      "monthly_PE_Q": 57.2
    },
    "2024-10": {
      "monthly_PRENEI_Q": 0.0,
      "monthly_PRELIQ_Q": 164.0,
      "monthly_PE_Q": 119.60000000000001
    },
    "2024-11": {
      "monthly_PRENEI_Q": 1.3,
      "monthly_PRELIQ_Q": 50.2,
      "monthly_PE_Q": 25.400000000000002
    },
    "2024-12": {
      "monthly_PRENEI_Q": 59.599999999999994,
      "monthly_PRELIQ_Q": 66.7,
      "monthly_PE_Q": 110.1
    }
  }
}