{
  "years": {
    "2024": {
      "annual_PRENEI_Q": 2.7,
      "annual_PRELIQ_Q": 948.9,
      "annual_PE_Q": 270.8
    }
  },
  "months": {
    "2024-01": {
      "monthly_PRENEI_Q": 1.3,
      "monthly_PRELIQ_Q": 30.0,
      "monthly_PE_Q": 10.799999999999999
    },
    "2024-02": {
      "monthly_PRENEI_Q": 0.0,
      "monthly_PRELIQ_Q": 112.8,
      "monthly_PE_Q": 83.39999999999999
    },
    "2024-03": {
      "monthly_PRENEI_Q": 1.2,
      "monthly_PRELIQ_Q": 88.2,
      "monthly_PE_Q": 37.8
    },
    "2024-04": {
      "monthly_PRENEI_Q": 0.0,
      "monthly_PRELIQ_Q": 56.8,
      "monthly_PE_Q": -26.700000000000003
    },
    "2024-05": {
      "monthly_PRENEI_Q": 0.0,
      "monthly_PRELIQ_Q": 113.9,
      "monthly_PE_Q": 24.400000000000002
    },
    "2024-06": {
      "monthly_PRENEI_Q": 0.0,
      "monthly_PRELIQ_Q": 65.3,
      "monthly_PE_Q": -28.9
    },
    "2024-07": {
      "monthly_PRENEI_Q": 0.0,
      "monthly_PRELIQ_Q": 42.8,
      "monthly_PE_Q": -43.1
    },
    "2024-08": {
      "monthly_PRENEI_Q": 0.0,
      "monthly_PRELIQ_Q": 82.0,
      "monthly_PE_Q": 13.600000000000001
    },
    "2024-09": {
      "monthly_PRENEI_Q": 0.0,
      "monthly_PRELIQ_Q": 79.2,
      "monthly_PE_Q": 17.299999999999997
    },
    "2024-10": {
      "monthly_PRENEI_Q": 0.0,
      "monthly_PRELIQ_Q": 125.19999999999999,
      "monthly_PE_Q": 82.6
    },
    "2024-11": {
      "monthly_PRENEI_Q": 0.0,
      "monthly_PRELIQ_Q": 52.800000000000004,
      "monthly_PE_Q": 21.3
    },
    "2024-12": {
      "monthly_PRENEI_Q": 0.2,
      "monthly_PRELIQ_Q": 99.9,
      "monthly_PE_Q": 78.3
    }
  }
}