{
  "years": {
    "2024": {
      "annual_PRENEI_Q": 8.0,
      "annual_PRELIQ_Q": 939.9,
      "annual_PE_Q": 419.6
    }
  },
  "months": {
    "2024-01": {
      "monthly_PRENEI_Q": 0.6000000000000001,
      "monthly_PRELIQ_Q": 81.2,
      "monthly_PE_Q": 72.3
    },
    "2024-02": {
      "monthly_PRENEI_Q": 0.0,
      "monthly_PRELIQ_Q": 109.4,
      "monthly_PE_Q": 94.7
    },
    "2024-03": {
      "monthly_PRENEI_Q": 0.0,
      "monthly_PRELIQ_Q": 79.3,
      "monthly_PE_Q": 43.4
    },
    "2024-04": {
      "monthly_PRENEI_Q": 0.0,
      "monthly_PRELIQ_Q": 71.2,
      "monthly_PE_Q": 13.000000000000002
    },
    "2024-05": {
      "monthly_PRENEI_Q": 0.0,
      "monthly_PRELIQ_Q": 119.6,
      "monthly_PE_Q": 42.199999999999996
    },
    "2024-06": {
      "monthly_PRENEI_Q": 0.0,
      "monthly_PRELIQ_Q": 65.89999999999999,
      "monthly_PE_Q": -16.700000000000003
    },
    "2024-07": {
      "monthly_PRENEI_Q": 0.0,
      "monthly_PRELIQ_Q": 59.99999999999999,
      "monthly_PE_Q": -20.6
    },
    "2024-08": {
      "monthly_PRENEI_Q": 0.0,
      "monthly_PRELIQ_Q": 50.3,
      "monthly_PE_Q": -24.700000000000003
    },
    "2024-09": {
      "monthly_PRENEI_Q": 0.0,
      "monthly_PRELIQ_Q": 91.3,
      "monthly_PE_Q": 46.9
    },
    "2024-10": {
      "monthly_PRENEI_Q": 0.0,
      "monthly_PRELIQ_Q": 116.2,
      "monthly_PE_Q": 88.60000000000001
    },
    "2024-11": {
      "monthly_PRENEI_Q": 7.4,
      "monthly_PRELIQ_Q": 55.699999999999996,
      "monthly_PE_Q": 48.9
    },
    "2024-12": {
      "monthly_PRENEI_Q": 0.0,
      "monthly_PRELIQ_Q": 39.8,
      "monthly_PE_Q": 31.599999999999998
    }
  }
}