{
  "years": {
    "2024": {
      "annual_PRENEI_Q": 21.6,
      "annual_PRELIQ_Q": 907.0,
      "annual_PE_Q": 423.5
    }
  },
  "months": {
    "2024-01": {
      "monthly_PRENEI_Q": 14.799999999999999,
      "monthly_PRELIQ_Q": 63.199999999999996,
      "monthly_PE_Q": 71.7
    },
    "2024-02": {
      "monthly_PRENEI_Q": 0.0,
      "monthly_PRELIQ_Q": 82.2,
      "monthly_PE_Q": 70.6
    },
    "2024-03": {
      "monthly_PRENEI_Q": 0.0,
      "monthly_PRELIQ_Q": 79.1,
      "monthly_PE_Q": 46.8
    },
    "2024-04": {
      "monthly_PRENEI_Q": 0.0,
      "monthly_PRELIQ_Q": 62.4,
      "monthly_PE_Q": 9.700000000000001
    },
    "2024-05": {
      "monthly_PRENEI_Q": 0.0,
      "monthly_PRELIQ_Q": 137.0,
      "monthly_PE_Q": 69.30000000000001
    },
    "2024-06": {
      "monthly_PRENEI_Q": 0.0,
      "monthly_PRELIQ_Q": 56.8,
      "monthly_PE_Q": -28.2
    },
    "2024-07": {
      "monthly_PRENEI_Q": 0.0,
      "monthly_PRELIQ_Q": 62.4,
      "monthly_PE_Q": -16.5
    },
    "2024-08": {
      "monthly_PRENEI_Q": 0.0,
      "monthly_PRELIQ_Q": 49.2,
      "monthly_PE_Q": -20.700000000000003
    },
    "2024-09": {
      "monthly_PRENEI_Q": 0.0,
      "monthly_PRELIQ_Q": 94.1,
      "monthly_PE_Q": 43.699999999999996
    },
    "2024-10": {
      "monthly_PRENEI_Q": 0.0,
      "monthly_PRELIQ_Q": 98.39999999999999,
      "monthly_PE_Q": 71.5
    },
    "2024-11": {
      "monthly_PRENEI_Q": 6.300000000000001,
      "monthly_PRELIQ_Q": 53.199999999999996,
      "monthly_PE_Q": 46.9
    },
    "2024-12": {
      "monthly_PRENEI_Q": 0.5,
      "monthly_PRELIQ_Q": 69.0,
      "monthly_PE_Q": 58.7
    }
  }
}