{
  "years": {
    "2024": {
      "annual_PRENEI_Q": 8.4,
      "annual_PRELIQ_Q": 908.2,
      "annual_PE_Q": 290.5
    }
  },
  "months": {
    "2024-01": {
      "monthly_PRENEI_Q": 1.7000000000000002,
      "monthly_PRELIQ_Q": 32.4,
      "monthly_PE_Q": 18.1
    },
    "2024-02": {
      "monthly_PRENEI_Q": 0.0,
      "monthly_PRELIQ_Q": 97.39999999999999,
      "monthly_PE_Q": 70.9
    },
    "2024-03": {
      "monthly_PRENEI_Q": 6.1,
      "monthly_PRELIQ_Q": 55.7,
      "monthly_PE_Q": 17.2
    },
    "2024-04": {
      "monthly_PRENEI_Q": 0.0,
      "monthly_PRELIQ_Q": 52.4,
      "monthly_PE_Q": -16.500000000000004
    },
    "2024-05": {
      "monthly_PRENEI_Q": 0.0,
      "monthly_PRELIQ_Q": 90.8,
      "monthly_PE_Q": 16.6
    },
    "2024-06": {
      "monthly_PRENEI_Q": 0.0,
      "monthly_PRELIQ_Q": 68.8,
      "monthly_PE_Q": -18.4
    },
    "2024-07": {
      "monthly_PRENEI_Q": 0.0,
      "monthly_PRELIQ_Q": 55.4,
      "monthly_PE_Q": -37.900000000000006
    },
    "2024-08": {
      "monthly_PRENEI_Q": 0.0,
      "monthly_PRELIQ_Q": 70.5,
      "monthly_PE_Q": -1.300000000000001
    },
    "2024-09": {
      "monthly_PRENEI_Q": 0.0,
      "monthly_PRELIQ_Q": 99.60000000000001,
      "monthly_PE_Q": 44.1
    },
    "2024-10": {
      "monthly_PRENEI_Q": 0.0,
      "monthly_PRELIQ_Q": 136.8,
      "monthly_PE_Q": 97.1
    },
    "2024-11": {
      "monthly_PRENEI_Q": 0.1,
      "monthly_PRELIQ_Q": 43.300000000000004,
      "monthly_PE_Q": 17.700000000000003
    },
    "2024-12": {
      "monthly_PRENEI_Q": 0.5,
      "monthly_PRELIQ_Q": 105.10000000000001,
      "monthly_PE_Q": 82.9
    }
  }
}