{
  "years": {
    "2024": {
      "annual_PRENEI_Q": 5.4,
      "annual_PRELIQ_Q": 890.1,
      "annual_PE_Q": 267.9
    }
  },
  "months": {
    "2024-01": {
      "monthly_PRENEI_Q": 1.2,
      "monthly_PRELIQ_Q": 32.4,
      "monthly_PE_Q": 16.1
    },
    "2024-02": {
      "monthly_PRENEI_Q": 0.0,
      "monthly_PRELIQ_Q": 95.10000000000001,
      "monthly_PE_Q": 67.0
    },
    "2024-03": {
      "monthly_PRENEI_Q": 3.9000000000000004,
      "monthly_PRELIQ_Q": 56.6,
      "monthly_PE_Q": 12.500000000000002
    },
    "2024-04": {
      "monthly_PRENEI_Q": 0.0,
      "monthly_PRELIQ_Q": 51.1,
      "monthly_PE_Q": -19.4
    },
    "2024-05": {
      "monthly_PRENEI_Q": 0.0,
      "monthly_PRELIQ_Q": 88.7,
      "monthly_PE_Q": 12.7
    },
    "2024-06": {
      "monthly_PRENEI_Q": 0.0,
      "monthly_PRELIQ_Q": 67.1,
      "monthly_PE_Q": -19.900000000000002
    },
    "2024-07": {
      "monthly_PRENEI_Q": 0.0,
      "monthly_PRELIQ_Q": 54.1,
      "monthly_PE_Q": -32.199999999999996
    },
    "2024-08": {
      "monthly_PRENEI_Q": 0.0,
      "monthly_PRELIQ_Q": 69.0,
      "monthly_PE_Q": 0.8999999999999984
    },
    "2024-09": {
      "monthly_PRENEI_Q": 0.0,
      "monthly_PRELIQ_Q": 97.4,
      "monthly_PE_Q": 39.800000000000004
    },
    "2024-10": {
      "monthly_PRENEI_Q": 0.0,
      "monthly_PRELIQ_Q": 133.5,
      "monthly_PE_Q": 93.19999999999999
    },
    "2024-11": {
      "monthly_PRENEI_Q": 0.0,
      "monthly_PRELIQ_Q": 42.3,
      "monthly_PE_Q": 15.799999999999997
    },
    "2024-12": {
      "monthly_PRENEI_Q": 0.30000000000000004,
      "monthly_PRELIQ_Q": 102.8,
      "monthly_PE_Q": 81.4
    }
  }
}