{
  "years": {
    "2024": {
      "annual_PRENEI_Q": 0.6,
      "annual_PRELIQ_Q": 702.8,
      "annual_PE_Q": 138.3
    }
  },
  "months": {
    "2024-01": {
      "monthly_PRENEI_Q": 0.6,
      "monthly_PRELIQ_Q": 34.900000000000006,
      "monthly_PE_Q": 19.5
    },
    "2024-02": {
      "monthly_PRENEI_Q": 0.0,
      "monthly_PRELIQ_Q": 80.2,
      "monthly_PE_Q": 53.00000000000001
    },
    "2024-03": {
      "monthly_PRENEI_Q": 0.0,
      "monthly_PRELIQ_Q": 54.9,
      "monthly_PE_Q": 4.699999999999999
    },
    "2024-04": {
      "monthly_PRENEI_Q": 0.0,
      "monthly_PRELIQ_Q": 30.8,
      "monthly_PE_Q": -43.4
    },
    "2024-05": {
      "monthly_PRENEI_Q": 0.0,
      "monthly_PRELIQ_Q": 99.6,
      "monthly_PE_Q": 16.799999999999997
    },
    "2024-06": {
      "monthly_PRENEI_Q": 0.0,
      "monthly_PRELIQ_Q": 57.4,
      "monthly_PE_Q": -28.200000000000003
    },
    "2024-07": {
      "monthly_PRENEI_Q": 0.0,
      "monthly_PRELIQ_Q": 23.3,
      "monthly_PE_Q": -27.3
    },
    "2024-08": {
      "monthly_PRENEI_Q": 0.0,
      "monthly_PRELIQ_Q": 57.1,
      "monthly_PE_Q": 13.099999999999998
    },
    "2024-09": {
      "monthly_PRENEI_Q": 0.0,
      "monthly_PRELIQ_Q": 81.9,
      "monthly_PE_Q": 26.199999999999996
    },
    "2024-10": {
      "monthly_PRENEI_Q": 0.0,
      "monthly_PRELIQ_Q": 90.10000000000001,
      "monthly_PE_Q": 49.699999999999996
    },
    "2024-11": {
      "monthly_PRENEI_Q": 0.0,
      "monthly_PRELIQ_Q": 53.4,
      "monthly_PE_Q": 27.2
    },
    "2024-12": {
      "monthly_PRENEI_Q": 0.0,
      "monthly_PRELIQ_Q": 39.2,
      "monthly_PE_Q": 27.0
    }
  }
}