{
  "years": {
    "2024": {
      "annual_PRENEI_Q": 0.3,
      "annual_PRELIQ_Q": 634.5,
      "annual_PE_Q": 52.7
    }
  },
  "months": {
    "2024-01": {
      "monthly_PRENEI_Q": 0.3,
      "monthly_PRELIQ_Q": 25.6,
      "monthly_PE_Q": 5.8999999999999995
    },
    "2024-02": {
      "monthly_PRENEI_Q": 0.0,
      "monthly_PRELIQ_Q": 72.6,
      "monthly_PE_Q": 42.6
    },
    "2024-03": {
      "monthly_PRENEI_Q": 0.0,
      "monthly_PRELIQ_Q": 64.5,
      "monthly_PE_Q": 7.100000000000001
    },
    "2024-04": {
      "monthly_PRENEI_Q": 0.0,
      "monthly_PRELIQ_Q": 34.4,
      "monthly_PE_Q": -39.7
    },
    "2024-05": {
      "monthly_PRENEI_Q": 0.0,
      "monthly_PRELIQ_Q": 98.0,
      "monthly_PE_Q": 16.1
    },
    "2024-06": {
      "monthly_PRENEI_Q": 0.0,
      "monthly_PRELIQ_Q": 56.699999999999996,
      "monthly_PE_Q": -26.499999999999996
    },
    "2024-07": {
      "monthly_PRENEI_Q": 0.0,
      "monthly_PRELIQ_Q": 27.900000000000002,
      "monthly_PE_Q": -28.4
    },
    "2024-08": {
      "monthly_PRENEI_Q": 0.0,
      "monthly_PRELIQ_Q": 40.7,
      "monthly_PE_Q": 2.9000000000000004
    },
    "2024-09": {
      "monthly_PRENEI_Q": 0.0,
      "monthly_PRELIQ_Q": 79.3,
      "monthly_PE_Q": 22.3
    },
    "2024-10": {
      "monthly_PRENEI_Q": 0.0,
      "monthly_PRELIQ_Q": 66.0,
      "monthly_PE_Q": 22.400000000000002
    },
    "2024-11": {
      "monthly_PRENEI_Q": 0.0,
      "monthly_PRELIQ_Q": 34.9,
      "monthly_PE_Q": 7.500000000000002
    },
    "2024-12": {
      "monthly_PRENEI_Q": 0.0,
      "monthly_PRELIQ_Q": 33.9,
      "monthly_PE_Q": 20.5
    }
  }
}