{
  "years": {
    "2024": {
      "annual_PRENEI_Q": 0.3,
      "annual_PRELIQ_Q": 634.6,
      "annual_PE_Q": 51.800000000000004
    }
  },
  "months": {
    "2024-01": {
      "monthly_PRENEI_Q": 0.3,
      "monthly_PRELIQ_Q": 25.6,
      "monthly_PE_Q": 5.7
    },
    "2024-02": {
      "monthly_PRENEI_Q": 0.0,
      "monthly_PRELIQ_Q": 72.7,
      "monthly_PE_Q": 42.300000000000004
    },
    "2024-03": {
      "monthly_PRENEI_Q": 0.0,
      "monthly_PRELIQ_Q": 64.5,
      "monthly_PE_Q": 6.200000000000001
    },
    "2024-04": {
      "monthly_PRENEI_Q": 0.0,
      "monthly_PRELIQ_Q": 34.4,
      "monthly_PE_Q": -42.3
    },
    "2024-05": {
      "monthly_PRENEI_Q": 0.0,
      "monthly_PRELIQ_Q": 98.0,
      "monthly_PE_Q": 14.899999999999999
    },
    "2024-06": {
      "monthly_PRENEI_Q": 0.0,
      "monthly_PRELIQ_Q": 56.699999999999996,
      "monthly_PE_Q": -26.0
    },
    "2024-07": {
      "monthly_PRENEI_Q": 0.0,
      "monthly_PRELIQ_Q": 27.900000000000002,
      "monthly_PE_Q": -24.2
    },
    "2024-08": {
      "monthly_PRENEI_Q": 0.0,
      "monthly_PRELIQ_Q": 40.7,
      "monthly_PE_Q": 4.8
    },
    "2024-09": {
      "monthly_PRENEI_Q": 0.0,
      "monthly_PRELIQ_Q": 79.3,
      "monthly_PE_Q": 21.8
    },
    "2024-10": {
      "monthly_PRENEI_Q": 0.0,
      "monthly_PRELIQ_Q": 66.0,
      "monthly_PE_Q": 21.900000000000002
    },
    "2024-11": {
      "monthly_PRENEI_Q": 0.0,
      "monthly_PRELIQ_Q": 34.9,
      "monthly_PE_Q": 6.700000000000001
    },
    "2024-12": {
      "monthly_PRENEI_Q": 0.0,
      "monthly_PRELIQ_Q": 33.9,
      "monthly_PE_Q": 20.0
    }
  }
}