{
  "years": {
    "2024": {
      "annual_PRENEI_Q": 1.1,
      "annual_PRELIQ_Q": 1266.6,
      "annual_PE_Q": 670.0
    }
  },
  "months": {
    "2024-01": {
      "monthly_PRENEI_Q": 0.6000000000000001,
      "monthly_PRELIQ_Q": 53.699999999999996,
      "monthly_PE_Q": 45.7
    },
    "2024-02": {
      "monthly_PRENEI_Q": 0.0,
      "monthly_PRELIQ_Q": 144.20000000000002,
      "monthly_PE_Q": 126.7
    },
    "2024-03": {
      "monthly_PRENEI_Q": 0.2,
      "monthly_PRELIQ_Q": 158.5,
      "monthly_PE_Q": 121.7
    },
    "2024-04": {
      "monthly_PRENEI_Q": 0.0,
      "monthly_PRELIQ_Q": 88.3,
      "monthly_PE_Q": 13.400000000000002
    },
    "2024-05": {
      "monthly_PRENEI_Q": 0.0,
      "monthly_PRELIQ_Q": 233.8,
      "monthly_PE_Q": 158.5
    },
    "2024-06": {
      "monthly_PRENEI_Q": 0.0,
      "monthly_PRELIQ_Q": 90.4,
      "monthly_PE_Q": -3.0999999999999983
    },
    "2024-07": {
      "monthly_PRENEI_Q": 0.0,
      "monthly_PRELIQ_Q": 34.1,
      "monthly_PE_Q": -69.9
    },
    "2024-08": {
      "monthly_PRENEI_Q": 0.0,
      "monthly_PRELIQ_Q": 21.400000000000002,
      "monthly_PE_Q": -37.2
    },
    "2024-09": {
      "monthly_PRENEI_Q": 0.0,
      "monthly_PRELIQ_Q": 133.6,
      "monthly_PE_Q": 86.8
    },
    "2024-10": {
      "monthly_PRENEI_Q": 0.0,
      "monthly_PRELIQ_Q": 156.79999999999998,
      "monthly_PE_Q": 117.1
    },
    "2024-11": {
      "monthly_PRENEI_Q": 0.0,
      "monthly_PRELIQ_Q": 78.5,
      "monthly_PE_Q": 50.8
    },
    "2024-12": {
      "monthly_PRENEI_Q": 0.30000000000000004,
      "monthly_PRELIQ_Q": 73.3,
      "monthly_PE_Q": 59.5
    }
  }
}