{
  "years": {
    "2024": {
      "annual_PRENEI_Q": 23.2,
      "annual_PRELIQ_Q": 913.1,
      "annual_PE_Q": 431.09999999999997
    }
  },
  "months": {
    "2024-01": {
      "monthly_PRENEI_Q": 15.6,
      "monthly_PRELIQ_Q": 63.199999999999996,
      "monthly_PE_Q": 72.2
    },
    "2024-02": {
      "monthly_PRENEI_Q": 0.0,
      "monthly_PRELIQ_Q": 82.89999999999999,
      "monthly_PE_Q": 70.8
    },
    "2024-03": {
      "monthly_PRENEI_Q": 0.0,
      "monthly_PRELIQ_Q": 79.6,
      "monthly_PE_Q": 46.8
    },
    "2024-04": {
      "monthly_PRENEI_Q": 0.0,
      "monthly_PRELIQ_Q": 63.099999999999994,
      "monthly_PE_Q": 9.500000000000002
    },
    "2024-05": {
      "monthly_PRENEI_Q": 0.0,
      "monthly_PRELIQ_Q": 138.0,
      "monthly_PE_Q": 68.8
    },
    "2024-06": {
      "monthly_PRENEI_Q": 0.0,
      "monthly_PRELIQ_Q": 57.3,
      "monthly_PE_Q": -28.200000000000003
    },
    "2024-07": {
      "monthly_PRENEI_Q": 0.0,
      "monthly_PRELIQ_Q": 62.9,
      "monthly_PE_Q": -14.499999999999996
    },
    "2024-08": {
      "monthly_PRENEI_Q": 0.0,
      "monthly_PRELIQ_Q": 49.4,
      "monthly_PE_Q": -18.099999999999998
    },
    "2024-09": {
      "monthly_PRENEI_Q": 0.0,
      "monthly_PRELIQ_Q": 94.89999999999999,
      "monthly_PE_Q": 45.3
    },
    "2024-10": {
      "monthly_PRENEI_Q": 0.0,
      "monthly_PRELIQ_Q": 99.2,
      "monthly_PE_Q": 72.5
    },
    "2024-11": {
      "monthly_PRENEI_Q": 7.0,
      "monthly_PRELIQ_Q": 53.2,
      "monthly_PE_Q": 47.7
    },
    "2024-12": {
      "monthly_PRENEI_Q": 0.6,
      "monthly_PRELIQ_Q": 69.39999999999999,
      "monthly_PE_Q": 58.3
    }
  }
}