{
  "years": {
    "2024": {
      "annual_PRENEI_Q": 21.0,
      "annual_PRELIQ_Q": 903.9,
      "annual_PE_Q": 426.9
    }
  },
  "months": {
    "2024-01": {
      "monthly_PRENEI_Q": 14.499999999999998,
      "monthly_PRELIQ_Q": 63.2,
      "monthly_PE_Q": 71.1
    },
    "2024-02": {
      "monthly_PRENEI_Q": 0.0,
      "monthly_PRELIQ_Q": 81.9,
      "monthly_PE_Q": 70.2
    },
    "2024-03": {
      "monthly_PRENEI_Q": 0.0,
      "monthly_PRELIQ_Q": 78.7,
      "monthly_PE_Q": 46.400000000000006
    },
    "2024-04": {
      "monthly_PRENEI_Q": 0.0,
      "monthly_PRELIQ_Q": 62.199999999999996,
      "monthly_PE_Q": 9.600000000000001
    },
    "2024-05": {
      "monthly_PRENEI_Q": 0.0,
      "monthly_PRELIQ_Q": 136.2,
      "monthly_PE_Q": 68.7
    },
    "2024-06": {
      "monthly_PRENEI_Q": 0.0,
      "monthly_PRELIQ_Q": 56.699999999999996,
      "monthly_PE_Q": -28.2
    },
    "2024-07": {
      "monthly_PRENEI_Q": 0.0,
      "monthly_PRELIQ_Q": 62.1,
      "monthly_PE_Q": -13.700000000000001
    },
    "2024-08": {
      "monthly_PRENEI_Q": 0.0,
      "monthly_PRELIQ_Q": 49.0,
      "monthly_PE_Q": -16.3
    },
    "2024-09": {
      "monthly_PRENEI_Q": 0.0,
      "monthly_PRELIQ_Q": 93.7,
      "monthly_PE_Q": 44.1
    },
    "2024-10": {
      "monthly_PRENEI_Q": 0.0,
      "monthly_PRELIQ_Q": 98.0,
      "monthly_PE_Q": 70.8
    },
    "2024-11": {
      "monthly_PRENEI_Q": 6.000000000000001,
      "monthly_PRELIQ_Q": 53.5,
      "monthly_PE_Q": 46.699999999999996
    },
    "2024-12": {
      "monthly_PRENEI_Q": 0.5,
      "monthly_PRELIQ_Q": 68.7,
      "monthly_PE_Q": 57.5
    }
  }
}