{
  "years": {
    "2024": {
      "annual_PRENEI_Q": 0.5,
      "annual_PRELIQ_Q": 689.8,
      "annual_PE_Q": 101.79999999999998
    }
  },
  "months": {
    "2024-01": {
      "monthly_PRENEI_Q": 0.5,
      "monthly_PRELIQ_Q": 34.3,
      "monthly_PE_Q": 14.799999999999997
    },
    "2024-02": {
      "monthly_PRENEI_Q": 0.0,
      "monthly_PRELIQ_Q": 78.5,
      "monthly_PE_Q": 47.4
    },
    "2024-03": {
      "monthly_PRENEI_Q": 0.0,
      "monthly_PRELIQ_Q": 53.6,
      "monthly_PE_Q": -1.9999999999999996
    },
    "2024-04": {
      "monthly_PRENEI_Q": 0.0,
      "monthly_PRELIQ_Q": 30.1,
      "monthly_PE_Q": -45.4
    },
    "2024-05": {
      "monthly_PRENEI_Q": 0.0,
      "monthly_PRELIQ_Q": 97.7,
      "monthly_PE_Q": 11.3
    },
    "2024-06": {
      "monthly_PRENEI_Q": 0.0,
      "monthly_PRELIQ_Q": 56.4,
      "monthly_PE_Q": -25.0
    },
    "2024-07": {
      "monthly_PRENEI_Q": 0.0,
      "monthly_PRELIQ_Q": 22.8,
      "monthly_PE_Q": -24.599999999999998
    },
    "2024-08": {
      "monthly_PRENEI_Q": 0.0,
      "monthly_PRELIQ_Q": 56.2,
      "monthly_PE_Q": 13.6
    },
    "2024-09": {
      "monthly_PRENEI_Q": 0.0,
      "monthly_PRELIQ_Q": 80.5,
      "monthly_PE_Q": 20.599999999999998
    },
    "2024-10": {
      "monthly_PRENEI_Q": 0.0,
      "monthly_PRELIQ_Q": 88.60000000000001,
      "monthly_PE_Q": 44.599999999999994
    },
    "2024-11": {
      "monthly_PRENEI_Q": 0.0,
      "monthly_PRELIQ_Q": 52.5,
      "monthly_PE_Q": 22.2
    },
    "2024-12": {
      "monthly_PRENEI_Q": 0.0,
      "monthly_PRELIQ_Q": 38.6,
      "monthly_PE_Q": 24.299999999999997
    }
  }
}