{
  "years": {
    "2024": {
      "annual_PRENEI_Q": 0.4,
      "annual_PRELIQ_Q": 647.7,
      "annual_PE_Q": 66.39999999999999
    }
  },
  "months": {
    "2024-01": {
      "monthly_PRENEI_Q": 0.4,
      "monthly_PRELIQ_Q": 25.9,
      "monthly_PE_Q": 7.900000000000001
    },
    "2024-02": {
      "monthly_PRENEI_Q": 0.0,
      "monthly_PRELIQ_Q": 74.1,
      "monthly_PE_Q": 45.1
    },
    "2024-03": {
      "monthly_PRENEI_Q": 0.0,
      "monthly_PRELIQ_Q": 65.7,
      "monthly_PE_Q": 9.1
    },
    "2024-04": {
      "monthly_PRENEI_Q": 0.0,
      "monthly_PRELIQ_Q": 35.3,
      "monthly_PE_Q": -41.1
    },
    "2024-05": {
      "monthly_PRENEI_Q": 0.0,
      "monthly_PRELIQ_Q": 100.0,
      "monthly_PE_Q": 17.499999999999996
    },
    "2024-06": {
      "monthly_PRENEI_Q": 0.0,
      "monthly_PRELIQ_Q": 57.800000000000004,
      "monthly_PE_Q": -26.700000000000003
    },
    "2024-07": {
      "monthly_PRENEI_Q": 0.0,
      "monthly_PRELIQ_Q": 28.5,
      "monthly_PE_Q": -26.4
    },
    "2024-08": {
      "monthly_PRENEI_Q": 0.0,
      "monthly_PRELIQ_Q": 41.8,
      "monthly_PE_Q": 4.300000000000001
    },
    "2024-09": {
      "monthly_PRENEI_Q": 0.0,
      "monthly_PRELIQ_Q": 80.8,
      "monthly_PE_Q": 23.599999999999998
    },
    "2024-10": {
      "monthly_PRENEI_Q": 0.0,
      "monthly_PRELIQ_Q": 67.2,
      "monthly_PE_Q": 23.799999999999997
    },
    "2024-11": {
      "monthly_PRENEI_Q": 0.0,
      "monthly_PRELIQ_Q": 35.6,
      "monthly_PE_Q": 8.1
    },
    "2024-12": {
      "monthly_PRENEI_Q": 0.0,
      "monthly_PRELIQ_Q": 35.0,
      "monthly_PE_Q": 21.2
    }
  }
}