{
  "years": {
    "2024": {
      "annual_PRENEI_Q": 0.4,
      "annual_PRELIQ_Q": 641.5,
      "annual_PE_Q": 58.900000000000006
    }
  },
  "months": {
    "2024-01": {
      "monthly_PRENEI_Q": 0.4,
      "monthly_PRELIQ_Q": 25.8,
      "monthly_PE_Q": 6.8
    },
    "2024-02": {
      "monthly_PRENEI_Q": 0.0,
      "monthly_PRELIQ_Q": 73.5,
      "monthly_PE_Q": 43.7
    },
    "2024-03": {
      "monthly_PRENEI_Q": 0.0,
      "monthly_PRELIQ_Q": 64.8,
      "monthly_PE_Q": 7.100000000000001
    },
    "2024-04": {
      "monthly_PRENEI_Q": 0.0,
      "monthly_PRELIQ_Q": 34.9,
      "monthly_PE_Q": -41.1
    },
    "2024-05": {
      "monthly_PRENEI_Q": 0.0,
      "monthly_PRELIQ_Q": 99.0,
      "monthly_PE_Q": 16.500000000000004
    },
    "2024-06": {
      "monthly_PRENEI_Q": 0.0,
      "monthly_PRELIQ_Q": 57.300000000000004,
      "monthly_PE_Q": -25.299999999999997
    },
    "2024-07": {
      "monthly_PRENEI_Q": 0.0,
      "monthly_PRELIQ_Q": 28.2,
      "monthly_PE_Q": -26.3
    },
    "2024-08": {
      "monthly_PRENEI_Q": 0.0,
      "monthly_PRELIQ_Q": 41.3,
      "monthly_PE_Q": 4.099999999999999
    },
    "2024-09": {
      "monthly_PRENEI_Q": 0.0,
      "monthly_PRELIQ_Q": 80.2,
      "monthly_PE_Q": 22.400000000000002
    },
    "2024-10": {
      "monthly_PRENEI_Q": 0.0,
      "monthly_PRELIQ_Q": 66.6,
      "monthly_PE_Q": 23.0
    },
    "2024-11": {
      "monthly_PRENEI_Q": 0.0,
      "monthly_PRELIQ_Q": 35.300000000000004,
      "monthly_PE_Q": 7.399999999999999
    },
    "2024-12": {
      "monthly_PRENEI_Q": 0.0,
      "monthly_PRELIQ_Q": 34.6,
      "monthly_PE_Q": 20.599999999999998
    }
  }
}