{
  "years": {
    "2024": {
      "annual_PRENEI_Q": 0.7999999999999999,
      "annual_PRELIQ_Q": 999.2,
      "annual_PE_Q": 388.2
    }
  },
  "months": {
    "2024-01": {
      "monthly_PRENEI_Q": 0.7999999999999999,
      "monthly_PRELIQ_Q": 43.9,
      "monthly_PE_Q": 31.7
    },
    "2024-02": {
      "monthly_PRENEI_Q": 0.0,
      "monthly_PRELIQ_Q": 115.7,
      "monthly_PE_Q": 96.5
    },
    "2024-03": {
      "monthly_PRENEI_Q": 0.0,
      "monthly_PRELIQ_Q": 125.10000000000001,
      "monthly_PE_Q": 84.1
    },
    "2024-04": {
      "monthly_PRENEI_Q": 0.0,
      "monthly_PRELIQ_Q": 75.2,
      "monthly_PE_Q": -6.200000000000003
    },
    "2024-05": {
      "monthly_PRENEI_Q": 0.0,
      "monthly_PRELIQ_Q": 147.29999999999998,
      "monthly_PE_Q": 59.7
    },
    "2024-06": {
      "monthly_PRENEI_Q": 0.0,
      "monthly_PRELIQ_Q": 76.0,
      "monthly_PE_Q": -26.5
    },
    "2024-07": {
      "monthly_PRENEI_Q": 0.0,
      "monthly_PRELIQ_Q": 35.3,
      "monthly_PE_Q": -52.3
    },
    "2024-08": {
      "monthly_PRENEI_Q": 0.0,
      "monthly_PRELIQ_Q": 18.9,
      "monthly_PE_Q": -18.5
    },
    "2024-09": {
      "monthly_PRENEI_Q": 0.0,
      "monthly_PRELIQ_Q": 124.89999999999999,
      "monthly_PE_Q": 74.80000000000001
    },
    "2024-10": {
      "monthly_PRENEI_Q": 0.0,
      "monthly_PRELIQ_Q": 119.10000000000001,
      "monthly_PE_Q": 72.4
    },
    "2024-11": {
      "monthly_PRENEI_Q": 0.0,
      "monthly_PRELIQ_Q": 56.4,
      "monthly_PE_Q": 25.9
    },
    "2024-12": {
      "monthly_PRENEI_Q": 0.0,
      "monthly_PRELIQ_Q": 61.4,
      "monthly_PE_Q": 46.6
    }
  }
}