{
  "years": {
    "2024": {
      "annual_PRENEI_Q": 0.6,
      "annual_PRELIQ_Q": 1009.9,
      "annual_PE_Q": 460.59999999999997
    }
  },
  "months": {
    "2024-01": {
      "monthly_PRENEI_Q": 0.5,
      "monthly_PRELIQ_Q": 47.9,
      "monthly_PE_Q": 38.7
    },
    "2024-02": {
      "monthly_PRENEI_Q": 0.0,
      "monthly_PRELIQ_Q": 118.7,
      "monthly_PE_Q": 101.1
    },
    "2024-03": {
      "monthly_PRENEI_Q": 0.0,
      "monthly_PRELIQ_Q": 131.0,
      "monthly_PE_Q": 96.89999999999999
    },
    "2024-04": {
      "monthly_PRENEI_Q": 0.0,
      "monthly_PRELIQ_Q": 70.6,
      "monthly_PE_Q": -2.7000000000000006
    },
    "2024-05": {
      "monthly_PRENEI_Q": 0.0,
      "monthly_PRELIQ_Q": 173.2,
      "monthly_PE_Q": 99.60000000000001
    },
    "2024-06": {
      "monthly_PRENEI_Q": 0.0,
      "monthly_PRELIQ_Q": 59.3,
      "monthly_PE_Q": -25.400000000000002
    },
    "2024-07": {
      "monthly_PRENEI_Q": 0.0,
      "monthly_PRELIQ_Q": 26.5,
      "monthly_PE_Q": -65.9
    },
    "2024-08": {
      "monthly_PRENEI_Q": 0.0,
      "monthly_PRELIQ_Q": 14.9,
      "monthly_PE_Q": -28.0
    },
    "2024-09": {
      "monthly_PRENEI_Q": 0.0,
      "monthly_PRELIQ_Q": 106.7,
      "monthly_PE_Q": 62.900000000000006
    },
    "2024-10": {
      "monthly_PRENEI_Q": 0.0,
      "monthly_PRELIQ_Q": 133.29999999999998,
      "monthly_PE_Q": 96.0
    },
    "2024-11": {
      "monthly_PRENEI_Q": 0.0,
      "monthly_PRELIQ_Q": 63.699999999999996,
      "monthly_PE_Q": 35.699999999999996
    },
    "2024-12": {
      "monthly_PRENEI_Q": 0.1,
      "monthly_PRELIQ_Q": 64.1,
      "monthly_PE_Q": 51.7
    }
  }
}