{
  "years": {
    "2024": {
      "annual_PRENEI_Q": 1.4,
      "annual_PRELIQ_Q": 1297.0,
      "annual_PE_Q": 708.7
    }
  },
  "months": {
    "2024-01": {
      "monthly_PRENEI_Q": 0.7,
      "monthly_PRELIQ_Q": 54.8,
      "monthly_PE_Q": 46.8
    },
    "2024-02": {
      "monthly_PRENEI_Q": 0.0,
      "monthly_PRELIQ_Q": 148.1,
      "monthly_PE_Q": 129.5
    },
    "2024-03": {
      "monthly_PRENEI_Q": 0.3,
      "monthly_PRELIQ_Q": 161.9,
      "monthly_PE_Q": 125.39999999999999
    },
    "2024-04": {
      "monthly_PRENEI_Q": 0.0,
      "monthly_PRELIQ_Q": 90.39999999999999,
      "monthly_PE_Q": 16.4
    },
    "2024-05": {
      "monthly_PRENEI_Q": 0.0,
      "monthly_PRELIQ_Q": 239.70000000000002,
      "monthly_PE_Q": 166.1
    },
    "2024-06": {
      "monthly_PRENEI_Q": 0.0,
      "monthly_PRELIQ_Q": 92.6,
      "monthly_PE_Q": 0.39999999999999947
    },
    "2024-07": {
      "monthly_PRENEI_Q": 0.0,
      "monthly_PRELIQ_Q": 35.0,
      "monthly_PE_Q": -66.4
    },
    "2024-08": {
      "monthly_PRENEI_Q": 0.0,
      "monthly_PRELIQ_Q": 21.7,
      "monthly_PE_Q": -35.699999999999996
    },
    "2024-09": {
      "monthly_PRENEI_Q": 0.0,
      "monthly_PRELIQ_Q": 136.79999999999998,
      "monthly_PE_Q": 90.7
    },
    "2024-10": {
      "monthly_PRENEI_Q": 0.0,
      "monthly_PRELIQ_Q": 160.70000000000002,
      "monthly_PE_Q": 121.8
    },
    "2024-11": {
      "monthly_PRENEI_Q": 0.0,
      "monthly_PRELIQ_Q": 80.3,
      "monthly_PE_Q": 53.199999999999996
    },
    "2024-12": {
      "monthly_PRENEI_Q": 0.4,
      "monthly_PRELIQ_Q": 75.0,
      "monthly_PE_Q": 60.5
    }
  }
}