{
  "years": {
    "2024": {
      "annual_PRENEI_Q": 8.799999999999999,
      "annual_PRELIQ_Q": 946.9,
      "annual_PE_Q": 451.8
    }
  },
  "months": {
    "2024-01": {
      "monthly_PRENEI_Q": 0.6000000000000001,
      "monthly_PRELIQ_Q": 81.7,
      "monthly_PE_Q": 74.0
    },
    "2024-02": {
      "monthly_PRENEI_Q": 0.0,
      "monthly_PRELIQ_Q": 110.3,
      "monthly_PE_Q": 96.89999999999999
    },
    "2024-03": {
      "monthly_PRENEI_Q": 0.0,
      "monthly_PRELIQ_Q": 79.9,
      "monthly_PE_Q": 44.6
    },
    "2024-04": {
      "monthly_PRENEI_Q": 0.0,
      "monthly_PRELIQ_Q": 72.0,
      "monthly_PE_Q": 13.800000000000002
    },
    "2024-05": {
      "monthly_PRENEI_Q": 0.0,
      "monthly_PRELIQ_Q": 120.4,
      "monthly_PE_Q": 43.699999999999996
    },
    "2024-06": {
      "monthly_PRENEI_Q": 0.0,
      "monthly_PRELIQ_Q": 66.2,
      "monthly_PE_Q": -17.000000000000004
    },
    "2024-07": {
      "monthly_PRENEI_Q": 0.0,
      "monthly_PRELIQ_Q": 60.900000000000006,
      "monthly_PE_Q": -15.900000000000002
    },
    "2024-08": {
      "monthly_PRENEI_Q": 0.0,
      "monthly_PRELIQ_Q": 50.5,
      "monthly_PE_Q": -12.1
    },
    "2024-09": {
      "monthly_PRENEI_Q": 0.0,
      "monthly_PRELIQ_Q": 92.1,
      "monthly_PE_Q": 51.7
    },
    "2024-10": {
      "monthly_PRENEI_Q": 0.0,
      "monthly_PRELIQ_Q": 117.2,
      "monthly_PE_Q": 89.6
    },
    "2024-11": {
      "monthly_PRENEI_Q": 8.2,
      "monthly_PRELIQ_Q": 55.6,
      "monthly_PE_Q": 50.0
    },
    "2024-12": {
      "monthly_PRENEI_Q": 0.0,
      "monthly_PRELIQ_Q": 40.1,
      "monthly_PE_Q": 32.5
    }
  }
}