{
  "years": {
    "2024": {
      "annual_PRENEI_Q": 10.1,
      "annual_PRELIQ_Q": 955.0,
      "annual_PE_Q": 460.2
    }
  },
  "months": {
    "2024-01": {
      "monthly_PRENEI_Q": 0.7,
      "monthly_PRELIQ_Q": 82.39999999999999,
      "monthly_PE_Q": 75.5
    },
    "2024-02": {
      "monthly_PRENEI_Q": 0.0,
      "monthly_PRELIQ_Q": 111.39999999999999,
      "monthly_PE_Q": 98.1
    },
    "2024-03": {
      "monthly_PRENEI_Q": 0.0,
      "monthly_PRELIQ_Q": 80.6,
      "monthly_PE_Q": 45.7
    },
    "2024-04": {
      "monthly_PRENEI_Q": 0.0,
      "monthly_PRELIQ_Q": 72.60000000000001,
      "monthly_PE_Q": 15.500000000000002
    },
    "2024-05": {
      "monthly_PRENEI_Q": 0.0,
      "monthly_PRELIQ_Q": 121.7,
      "monthly_PE_Q": 45.5
    },
    "2024-06": {
      "monthly_PRENEI_Q": 0.0,
      "monthly_PRELIQ_Q": 66.8,
      "monthly_PE_Q": -15.700000000000001
    },
    "2024-07": {
      "monthly_PRENEI_Q": 0.0,
      "monthly_PRELIQ_Q": 61.400000000000006,
      "monthly_PE_Q": -16.200000000000003
    },
    "2024-08": {
      "monthly_PRENEI_Q": 0.0,
      "monthly_PRELIQ_Q": 51.300000000000004,
      "monthly_PE_Q": -14.899999999999999
    },
    "2024-09": {
      "monthly_PRENEI_Q": 0.0,
      "monthly_PRELIQ_Q": 93.0,
      "monthly_PE_Q": 51.5
    },
    "2024-10": {
      "monthly_PRENEI_Q": 0.0,
      "monthly_PRELIQ_Q": 118.39999999999999,
      "monthly_PE_Q": 91.39999999999999
    },
    "2024-11": {
      "monthly_PRENEI_Q": 9.4,
      "monthly_PRELIQ_Q": 55.0,
      "monthly_PE_Q": 51.2
    },
    "2024-12": {
      "monthly_PRENEI_Q": 0.0,
      "monthly_PRELIQ_Q": 40.4,
      "monthly_PE_Q": 32.6
    }
  }
}