{
  "years": {
    "2024": {
      "annual_PRENEI_Q": 31.700000000000003,
      "annual_PRELIQ_Q": 900.6,
      "annual_PE_Q": 370.2
    }
  },
  "months": {
    "2024-01": {
      "monthly_PRENEI_Q": 18.0,
      "monthly_PRELIQ_Q": 73.60000000000001,
      "monthly_PE_Q": 81.9
    },
    "2024-02": {
      "monthly_PRENEI_Q": 0.0,
      "monthly_PRELIQ_Q": 83.5,
      "monthly_PE_Q": 65.5
    },
    "2024-03": {
      "monthly_PRENEI_Q": 0.0,
      "monthly_PRELIQ_Q": 70.6,
      "monthly_PE_Q": 27.9
    },
    "2024-04": {
      "monthly_PRENEI_Q": 0.0,
      "monthly_PRELIQ_Q": 68.9,
      "monthly_PE_Q": 3.5999999999999988
    },
    "2024-05": {
      "monthly_PRENEI_Q": 0.0,
      "monthly_PRELIQ_Q": 145.1,
      "monthly_PE_Q": 62.800000000000004
    },
    "2024-06": {
      "monthly_PRENEI_Q": 0.0,
      "monthly_PRELIQ_Q": 46.6,
      "monthly_PE_Q": -45.7
    },
    "2024-07": {
      "monthly_PRENEI_Q": 0.0,
      "monthly_PRELIQ_Q": 78.2,
      "monthly_PE_Q": -3.700000000000003
    },
    "2024-08": {
      "monthly_PRENEI_Q": 0.0,
      "monthly_PRELIQ_Q": 43.4,
      "monthly_PE_Q": -24.400000000000002
    },
    "2024-09": {
      "monthly_PRENEI_Q": 0.0,
      "monthly_PRELIQ_Q": 88.4,
      "monthly_PE_Q": 39.2
    },
    "2024-10": {
      "monthly_PRENEI_Q": 0.0,
      "monthly_PRELIQ_Q": 86.5,
      "monthly_PE_Q": 57.4
    },
    "2024-11": {
      "monthly_PRENEI_Q": 13.700000000000001,
      "monthly_PRELIQ_Q": 45.800000000000004,
      "monthly_PE_Q": 46.7
    },
    "2024-12": {
      "monthly_PRENEI_Q": 0.0,
      "monthly_PRELIQ_Q": 70.0,
      "monthly_PE_Q": 59.0
    }
  }
}