{
  "years": {
    "2024": {
      "annual_PRENEI_Q": 22.6,
      "annual_PRELIQ_Q": 909.9,
      "annual_PE_Q": 446.59999999999997
    }
  },
  "months": {
    "2024-01": {
      "monthly_PRENEI_Q": 15.3,
      "monthly_PRELIQ_Q": 63.2,
      "monthly_PE_Q": 72.6
    },
    "2024-02": {
      "monthly_PRENEI_Q": 0.0,
      "monthly_PRELIQ_Q": 82.6,
      "monthly_PE_Q": 71.2
    },
    "2024-03": {
      "monthly_PRENEI_Q": 0.0,
      "monthly_PRELIQ_Q": 79.4,
      "monthly_PE_Q": 47.400000000000006
    },
    "2024-04": {
      "monthly_PRENEI_Q": 0.0,
      "monthly_PRELIQ_Q": 62.7,
      "monthly_PE_Q": 9.9
    },
    "2024-05": {
      "monthly_PRENEI_Q": 0.0,
      "monthly_PRELIQ_Q": 137.5,
      "monthly_PE_Q": 69.60000000000001
    },
    "2024-06": {
      "monthly_PRENEI_Q": 0.0,
      "monthly_PRELIQ_Q": 57.1,
      "monthly_PE_Q": -27.400000000000002
    },
    "2024-07": {
      "monthly_PRENEI_Q": 0.0,
      "monthly_PRELIQ_Q": 62.5,
      "monthly_PE_Q": -11.2
    },
    "2024-08": {
      "monthly_PRENEI_Q": 0.0,
      "monthly_PRELIQ_Q": 49.3,
      "monthly_PE_Q": -11.599999999999998
    },
    "2024-09": {
      "monthly_PRENEI_Q": 0.0,
      "monthly_PRELIQ_Q": 94.4,
      "monthly_PE_Q": 46.9
    },
    "2024-10": {
      "monthly_PRENEI_Q": 0.0,
      "monthly_PRELIQ_Q": 98.7,
      "monthly_PE_Q": 72.2
    },
    "2024-11": {
      "monthly_PRENEI_Q": 6.8,
      "monthly_PRELIQ_Q": 53.199999999999996,
      "monthly_PE_Q": 47.800000000000004
    },
    "2024-12": {
      "monthly_PRENEI_Q": 0.5,
      "monthly_PRELIQ_Q": 69.3,
      "monthly_PE_Q": 59.199999999999996
    }
  }
}