{
  "years": {
    "2024": {
      "annual_PRENEI_Q": 20.9,
      "annual_PRELIQ_Q": 903.0,
      "annual_PE_Q": 427.7
    }
  },
  "months": {
    "2024-01": {
      "monthly_PRENEI_Q": 14.499999999999998,
      "monthly_PRELIQ_Q": 63.3,
      "monthly_PE_Q": 71.39999999999999
    },
    "2024-02": {
      "monthly_PRENEI_Q": 0.0,
      "monthly_PRELIQ_Q": 81.8,
      "monthly_PE_Q": 70.3
    },
    "2024-03": {
      "monthly_PRENEI_Q": 0.0,
      "monthly_PRELIQ_Q": 78.7,
      "monthly_PE_Q": 45.7
    },
    "2024-04": {
      "monthly_PRENEI_Q": 0.0,
      "monthly_PRELIQ_Q": 62.099999999999994,
      "monthly_PE_Q": 9.200000000000001
    },
    "2024-05": {
      "monthly_PRENEI_Q": 0.0,
      "monthly_PRELIQ_Q": 136.1,
      "monthly_PE_Q": 66.9
    },
    "2024-06": {
      "monthly_PRENEI_Q": 0.0,
      "monthly_PRELIQ_Q": 56.6,
      "monthly_PE_Q": -29.2
    },
    "2024-07": {
      "monthly_PRENEI_Q": 0.0,
      "monthly_PRELIQ_Q": 62.1,
      "monthly_PE_Q": -13.200000000000001
    },
    "2024-08": {
      "monthly_PRENEI_Q": 0.0,
      "monthly_PRELIQ_Q": 48.9,
      "monthly_PE_Q": -14.499999999999998
    },
    "2024-09": {
      "monthly_PRENEI_Q": 0.0,
      "monthly_PRELIQ_Q": 93.5,
      "monthly_PE_Q": 45.5
    },
    "2024-10": {
      "monthly_PRENEI_Q": 0.0,
      "monthly_PRELIQ_Q": 98.0,
      "monthly_PE_Q": 70.89999999999999
    },
    "2024-11": {
      "monthly_PRENEI_Q": 5.9,
      "monthly_PRELIQ_Q": 53.4,
      "monthly_PE_Q": 46.699999999999996
    },
    "2024-12": {
      "monthly_PRENEI_Q": 0.5,
      "monthly_PRELIQ_Q": 68.5,
      "monthly_PE_Q": 58.0
    }
  }
}