{
  "years": {
    "2024": {
      "annual_PRENEI_Q": 521.8,
      "annual_PRELIQ_Q": 1088.8,
      "annual_PE_Q": 946.2
    }
  },
  "months": {
    "2024-01": {
      "monthly_PRENEI_Q": 64.2,
      "monthly_PRELIQ_Q": 22.4,
      "monthly_PE_Q": 78.8
    },
    "2024-02": {
      "monthly_PRENEI_Q": 110.6,
      "monthly_PRELIQ_Q": 57.800000000000004,
      "monthly_PE_Q": 154.0
    },
    "2024-03": {
      "monthly_PRENEI_Q": 69.5,
      "monthly_PRELIQ_Q": 40.9,
      "monthly_PE_Q": 91.7
    },
    "2024-04": {
      "monthly_PRENEI_Q": 42.3,
      "monthly_PRELIQ_Q": 60.2,
      "monthly_PE_Q": 54.2
    },
    "2024-05": {
      "monthly_PRENEI_Q": 31.799999999999997,
      "monthly_PRELIQ_Q": 129.2,
      "monthly_PE_Q": 91.39999999999999
    },
    "2024-06": {
      "monthly_PRENEI_Q": 0.7999999999999999,
      "monthly_PRELIQ_Q": 118.5,
      "monthly_PE_Q": 8.700000000000003
    },
    "2024-07": {
      "monthly_PRENEI_Q": 0.0,
      "monthly_PRELIQ_Q": 96.7,
      "monthly_PE_Q": -37.4
    },
    "2024-08": {
      "monthly_PRENEI_Q": 0.0,
      "monthly_PRELIQ_Q": 110.1,
      "monthly_PE_Q": 5.499999999999998
    },
    "2024-09": {
      "monthly_PRENEI_Q": 1.7,
      "monthly_PRELIQ_Q": 151.7,
      "monthly_PE_Q": 81.2
    },
    "2024-10": {
      "monthly_PRENEI_Q": 14.299999999999999,
      "monthly_PRELIQ_Q": 162.3,
      "monthly_PE_Q": 124.89999999999999
    },
    "2024-11": {
      "monthly_PRENEI_Q": 20.0,
      "monthly_PRELIQ_Q": 70.3,
      "monthly_PE_Q": 65.3
    },
    "2024-12": {
      "monthly_PRENEI_Q": 166.6,
      "monthly_PRELIQ_Q": 68.7,
      "monthly_PE_Q": 227.9
    }
  }
}