{
  "years": {
    "2024": {
      "annual_PRENEI_Q": 0.1,
      "annual_PRELIQ_Q": 650.3000000000001,
      "annual_PE_Q": 103.3
    }
  },
  "months": {
    "2024-01": {
      "monthly_PRENEI_Q": 0.1,
      "monthly_PRELIQ_Q": 29.700000000000003,
      "monthly_PE_Q": 12.6
    },
    "2024-02": {
      "monthly_PRENEI_Q": 0.0,
      "monthly_PRELIQ_Q": 75.0,
      "monthly_PE_Q": 45.699999999999996
    },
    "2024-03": {
      "monthly_PRENEI_Q": 0.0,
      "monthly_PRELIQ_Q": 52.8,
      "monthly_PE_Q": 2.3999999999999986
    },
    "2024-04": {
      "monthly_PRENEI_Q": 0.0,
      "monthly_PRELIQ_Q": 37.2,
      "monthly_PE_Q": -32.5
    },
    "2024-05": {
      "monthly_PRENEI_Q": 0.0,
      "monthly_PRELIQ_Q": 83.0,
      "monthly_PE_Q": 7.2
    },
    "2024-06": {
      "monthly_PRENEI_Q": 0.0,
      "monthly_PRELIQ_Q": 60.900000000000006,
      "monthly_PE_Q": -11.399999999999999
    },
    "2024-07": {
      "monthly_PRENEI_Q": 0.0,
      "monthly_PRELIQ_Q": 19.2,
      "monthly_PE_Q": -36.1
    },
    "2024-08": {
      "monthly_PRENEI_Q": 0.0,
      "monthly_PRELIQ_Q": 73.2,
      "monthly_PE_Q": 20.4
    },
    "2024-09": {
      "monthly_PRENEI_Q": 0.0,
      "monthly_PRELIQ_Q": 52.7,
      "monthly_PE_Q": 2.4999999999999973
    },
    "2024-10": {
      "monthly_PRENEI_Q": 0.0,
      "monthly_PRELIQ_Q": 84.2,
      "monthly_PE_Q": 50.599999999999994
    },
    "2024-11": {
      "monthly_PRENEI_Q": 0.0,
      "monthly_PRELIQ_Q": 37.2,
      "monthly_PE_Q": 12.100000000000001
    },
    "2024-12": {
      "monthly_PRENEI_Q": 0.0,
      "monthly_PRELIQ_Q": 45.2,
      "monthly_PE_Q": 29.8
    }
  }
}