{
  "years": {
    "2024": {
      "annual_PRENEI_Q": 0.1,
      "annual_PRELIQ_Q": 669.2,
      "annual_PE_Q": 92.9
    }
  },
  "months": {
    "2024-01": {
      "monthly_PRENEI_Q": 0.1,
      "monthly_PRELIQ_Q": 25.200000000000003,
      "monthly_PE_Q": 9.900000000000002
    },
    "2024-02": {
      "monthly_PRENEI_Q": 0.0,
      "monthly_PRELIQ_Q": 80.0,
      "monthly_PE_Q": 53.800000000000004
    },
    "2024-03": {
      "monthly_PRENEI_Q": 0.0,
      "monthly_PRELIQ_Q": 65.0,
      "monthly_PE_Q": 11.0
    },
    "2024-04": {
      "monthly_PRENEI_Q": 0.0,
      "monthly_PRELIQ_Q": 40.8,
      "monthly_PE_Q": -31.3
    },
    "2024-05": {
      "monthly_PRENEI_Q": 0.0,
      "monthly_PRELIQ_Q": 92.39999999999999,
      "monthly_PE_Q": 16.7
    },
    "2024-06": {
      "monthly_PRENEI_Q": 0.0,
      "monthly_PRELIQ_Q": 61.0,
      "monthly_PE_Q": -21.3
    },
    "2024-07": {
      "monthly_PRENEI_Q": 0.0,
      "monthly_PRELIQ_Q": 49.8,
      "monthly_PE_Q": -26.5
    },
    "2024-08": {
      "monthly_PRENEI_Q": 0.0,
      "monthly_PRELIQ_Q": 30.4,
      "monthly_PE_Q": -10.0
    },
    "2024-09": {
      "monthly_PRENEI_Q": 0.0,
      "monthly_PRELIQ_Q": 87.0,
      "monthly_PE_Q": 35.1
    },
    "2024-10": {
      "monthly_PRENEI_Q": 0.0,
      "monthly_PRELIQ_Q": 73.69999999999999,
      "monthly_PE_Q": 31.599999999999994
    },
    "2024-11": {
      "monthly_PRENEI_Q": 0.0,
      "monthly_PRELIQ_Q": 28.7,
      "monthly_PE_Q": 2.500000000000001
    },
    "2024-12": {
      "monthly_PRENEI_Q": 0.0,
      "monthly_PRELIQ_Q": 35.2,
      "monthly_PE_Q": 21.400000000000002
    }
  }
}