{
  "years": {
    "2024": {
      "annual_PRENEI_Q": 0.1,
      "annual_PRELIQ_Q": 657.2,
      "annual_PE_Q": 90.10000000000001
    }
  },
  "months": {
    "2024-01": {
      "monthly_PRENEI_Q": 0.1,
      "monthly_PRELIQ_Q": 24.900000000000002,
      "monthly_PE_Q": 9.4
    },
    "2024-02": {
      "monthly_PRENEI_Q": 0.0,
      "monthly_PRELIQ_Q": 78.7,
      "monthly_PE_Q": 52.8
    },
    "2024-03": {
      "monthly_PRENEI_Q": 0.0,
      "monthly_PRELIQ_Q": 63.5,
      "monthly_PE_Q": 9.899999999999999
    },
    "2024-04": {
      "monthly_PRENEI_Q": 0.0,
      "monthly_PRELIQ_Q": 40.1,
      "monthly_PE_Q": -31.1
    },
    "2024-05": {
      "monthly_PRENEI_Q": 0.0,
      "monthly_PRELIQ_Q": 90.8,
      "monthly_PE_Q": 16.0
    },
    "2024-06": {
      "monthly_PRENEI_Q": 0.0,
      "monthly_PRELIQ_Q": 59.900000000000006,
      "monthly_PE_Q": -21.899999999999995
    },
    "2024-07": {
      "monthly_PRENEI_Q": 0.0,
      "monthly_PRELIQ_Q": 49.0,
      "monthly_PE_Q": -26.400000000000002
    },
    "2024-08": {
      "monthly_PRENEI_Q": 0.0,
      "monthly_PRELIQ_Q": 29.9,
      "monthly_PE_Q": -10.599999999999998
    },
    "2024-09": {
      "monthly_PRENEI_Q": 0.0,
      "monthly_PRELIQ_Q": 85.4,
      "monthly_PE_Q": 34.8
    },
    "2024-10": {
      "monthly_PRENEI_Q": 0.0,
      "monthly_PRELIQ_Q": 72.10000000000001,
      "monthly_PE_Q": 31.4
    },
    "2024-11": {
      "monthly_PRENEI_Q": 0.0,
      "monthly_PRELIQ_Q": 28.1,
      "monthly_PE_Q": 3.5000000000000004
    },
    "2024-12": {
      "monthly_PRENEI_Q": 0.0,
      "monthly_PRELIQ_Q": 34.8,
      "monthly_PE_Q": 22.3
    }
  }
}