{
  "years": {
    "2024": {
      "annual_PRENEI_Q": 0.7000000000000001,
      "annual_PRELIQ_Q": 1104.8,
      "annual_PE_Q": 537.9
    }
  },
  "months": {
    "2024-01": {
      "monthly_PRENEI_Q": 0.4,
      "monthly_PRELIQ_Q": 49.1,
      "monthly_PE_Q": 40.800000000000004
    },
    "2024-02": {
      "monthly_PRENEI_Q": 0.0,
      "monthly_PRELIQ_Q": 122.8,
      "monthly_PE_Q": 108.10000000000001
    },
    "2024-03": {
      "monthly_PRENEI_Q": 0.0,
      "monthly_PRELIQ_Q": 138.4,
      "monthly_PE_Q": 104.0
    },
    "2024-04": {
      "monthly_PRENEI_Q": 0.0,
      "monthly_PRELIQ_Q": 65.7,
      "monthly_PE_Q": -6.3000000000000025
    },
    "2024-05": {
      "monthly_PRENEI_Q": 0.0,
      "monthly_PRELIQ_Q": 149.4,
      "monthly_PE_Q": 75.60000000000001
    },
    "2024-06": {
      "monthly_PRENEI_Q": 0.0,
      "monthly_PRELIQ_Q": 101.3,
      "monthly_PE_Q": 9.2
    },
    "2024-07": {
      "monthly_PRENEI_Q": 0.0,
      "monthly_PRELIQ_Q": 27.4,
      "monthly_PE_Q": -68.5
    },
    "2024-08": {
      "monthly_PRENEI_Q": 0.0,
      "monthly_PRELIQ_Q": 10.9,
      "monthly_PE_Q": -36.2
    },
    "2024-09": {
      "monthly_PRENEI_Q": 0.0,
      "monthly_PRELIQ_Q": 175.20000000000002,
      "monthly_PE_Q": 125.50000000000001
    },
    "2024-10": {
      "monthly_PRENEI_Q": 0.0,
      "monthly_PRELIQ_Q": 132.4,
      "monthly_PE_Q": 93.4
    },
    "2024-11": {
      "monthly_PRENEI_Q": 0.0,
      "monthly_PRELIQ_Q": 71.39999999999999,
      "monthly_PE_Q": 43.3
    },
    "2024-12": {
      "monthly_PRENEI_Q": 0.30000000000000004,
      "monthly_PRELIQ_Q": 60.800000000000004,
      "monthly_PE_Q": 49.0
    }
  }
}