{
  "years": {
    "2024": {
      "annual_PRENEI_Q": 0.8,
      "annual_PRELIQ_Q": 1114.9,
      "annual_PE_Q": 528.9
    }
  },
  "months": {
    "2024-01": {
      "monthly_PRENEI_Q": 0.4,
      "monthly_PRELIQ_Q": 49.300000000000004,
      "monthly_PE_Q": 39.300000000000004
    },
    "2024-02": {
      "monthly_PRENEI_Q": 0.0,
      "monthly_PRELIQ_Q": 137.5,
      "monthly_PE_Q": 119.0
    },
    "2024-03": {
      "monthly_PRENEI_Q": 0.0,
      "monthly_PRELIQ_Q": 153.5,
      "monthly_PE_Q": 117.39999999999999
    },
    "2024-04": {
      "monthly_PRENEI_Q": 0.0,
      "monthly_PRELIQ_Q": 74.2,
      "monthly_PE_Q": 0.6999999999999993
    },
    "2024-05": {
      "monthly_PRENEI_Q": 0.0,
      "monthly_PRELIQ_Q": 173.79999999999998,
      "monthly_PE_Q": 99.9
    },
    "2024-06": {
      "monthly_PRENEI_Q": 0.0,
      "monthly_PRELIQ_Q": 105.39999999999999,
      "monthly_PE_Q": 12.400000000000002
    },
    "2024-07": {
      "monthly_PRENEI_Q": 0.0,
      "monthly_PRELIQ_Q": 20.0,
      "monthly_PE_Q": -76.8
    },
    "2024-08": {
      "monthly_PRENEI_Q": 0.0,
      "monthly_PRELIQ_Q": 20.7,
      "monthly_PE_Q": -29.1
    },
    "2024-09": {
      "monthly_PRENEI_Q": 0.0,
      "monthly_PRELIQ_Q": 109.5,
      "monthly_PE_Q": 63.0
    },
    "2024-10": {
      "monthly_PRENEI_Q": 0.0,
      "monthly_PRELIQ_Q": 140.0,
      "monthly_PE_Q": 98.39999999999999
    },
    "2024-11": {
      "monthly_PRENEI_Q": 0.2,
      "monthly_PRELIQ_Q": 67.2,
      "monthly_PE_Q": 36.99999999999999
    },
    "2024-12": {
      "monthly_PRENEI_Q": 0.2,
      "monthly_PRELIQ_Q": 63.8,
      "monthly_PE_Q": 47.699999999999996
    }
  }
}