{
  "years": {
    "2024": {
      "annual_PRENEI_Q": 1.5,
      "annual_PRELIQ_Q": 1315.5,
      "annual_PE_Q": 736.2
    }
  },
  "months": {
    "2024-01": {
      "monthly_PRENEI_Q": 0.7,
      "monthly_PRELIQ_Q": 55.699999999999996,
      "monthly_PE_Q": 49.1
    },
    "2024-02": {
      "monthly_PRENEI_Q": 0.1,
      "monthly_PRELIQ_Q": 150.1,
      "monthly_PE_Q": 133.1
    },
    "2024-03": {
      "monthly_PRENEI_Q": 0.3,
      "monthly_PRELIQ_Q": 164.2,
      "monthly_PE_Q": 129.0
    },
    "2024-04": {
      "monthly_PRENEI_Q": 0.0,
      "monthly_PRELIQ_Q": 91.7,
      "monthly_PE_Q": 18.599999999999998
    },
    "2024-05": {
      "monthly_PRENEI_Q": 0.0,
      "monthly_PRELIQ_Q": 242.7,
      "monthly_PE_Q": 170.1
    },
    "2024-06": {
      "monthly_PRENEI_Q": 0.0,
      "monthly_PRELIQ_Q": 94.2,
      "monthly_PE_Q": 2.599999999999996
    },
    "2024-07": {
      "monthly_PRENEI_Q": 0.0,
      "monthly_PRELIQ_Q": 35.300000000000004,
      "monthly_PE_Q": -66.9
    },
    "2024-08": {
      "monthly_PRENEI_Q": 0.0,
      "monthly_PRELIQ_Q": 22.2,
      "monthly_PE_Q": -34.9
    },
    "2024-09": {
      "monthly_PRENEI_Q": 0.0,
      "monthly_PRELIQ_Q": 138.8,
      "monthly_PE_Q": 92.6
    },
    "2024-10": {
      "monthly_PRENEI_Q": 0.0,
      "monthly_PRELIQ_Q": 163.0,
      "monthly_PE_Q": 125.10000000000001
    },
    "2024-11": {
      "monthly_PRENEI_Q": 0.0,
      "monthly_PRELIQ_Q": 81.5,
      "monthly_PE_Q": 55.599999999999994
    },
    "2024-12": {
      "monthly_PRENEI_Q": 0.4,
      "monthly_PRELIQ_Q": 76.10000000000001,
      "monthly_PE_Q": 62.199999999999996
    }
  }
}