{
  "years": {
    "2024": {
      "annual_PRENEI_Q": 0.30000000000000004,
      "annual_PRELIQ_Q": 1130.2,
      "annual_PE_Q": 528.1
    }
  },
  "months": {
    "2024-01": {
      "monthly_PRENEI_Q": 0.1,
      "monthly_PRELIQ_Q": 54.699999999999996,
      "monthly_PE_Q": 46.099999999999994
    },
    "2024-02": {
      "monthly_PRENEI_Q": 0.0,
      "monthly_PRELIQ_Q": 106.8,
      "monthly_PE_Q": 90.10000000000001
    },
    "2024-03": {
      "monthly_PRENEI_Q": 0.0,
      "monthly_PRELIQ_Q": 158.9,
      "monthly_PE_Q": 123.10000000000001
    },
    "2024-04": {
      "monthly_PRENEI_Q": 0.0,
      "monthly_PRELIQ_Q": 81.10000000000001,
      "monthly_PE_Q": 5.800000000000001
    },
    "2024-05": {
      "monthly_PRENEI_Q": 0.0,
      "monthly_PRELIQ_Q": 191.9,
      "monthly_PE_Q": 114.1
    },
    "2024-06": {
      "monthly_PRENEI_Q": 0.0,
      "monthly_PRELIQ_Q": 76.8,
      "monthly_PE_Q": -21.500000000000004
    },
    "2024-07": {
      "monthly_PRENEI_Q": 0.0,
      "monthly_PRELIQ_Q": 42.1,
      "monthly_PE_Q": -65.39999999999999
    },
    "2024-08": {
      "monthly_PRENEI_Q": 0.0,
      "monthly_PRELIQ_Q": 18.9,
      "monthly_PE_Q": -37.5
    },
    "2024-09": {
      "monthly_PRENEI_Q": 0.0,
      "monthly_PRELIQ_Q": 142.1,
      "monthly_PE_Q": 91.3
    },
    "2024-10": {
      "monthly_PRENEI_Q": 0.0,
      "monthly_PRELIQ_Q": 128.4,
      "monthly_PE_Q": 91.4
    },
    "2024-11": {
      "monthly_PRENEI_Q": 0.0,
      "monthly_PRELIQ_Q": 59.5,
      "monthly_PE_Q": 35.2
    },
    "2024-12": {
      "monthly_PRENEI_Q": 0.2,
      "monthly_PRELIQ_Q": 69.0,
      "monthly_PE_Q": 55.4
    }
  }
}