{
  "years": {
    "2024": {
      "annual_PRENEI_Q": 0.9,
      "annual_PRELIQ_Q": 860.0,
      "annual_PE_Q": 232.3
    }
  },
  "months": {
    "2024-01": {
      "monthly_PRENEI_Q": 0.4,
      "monthly_PRELIQ_Q": 32.0,
      "monthly_PE_Q": 14.8
    },
    "2024-02": {
      "monthly_PRENEI_Q": 0.0,
      "monthly_PRELIQ_Q": 91.2,
      "monthly_PE_Q": 63.300000000000004
    },
    "2024-03": {
      "monthly_PRENEI_Q": 0.3,
      "monthly_PRELIQ_Q": 57.9,
      "monthly_PE_Q": 9.600000000000001
    },
    "2024-04": {
      "monthly_PRENEI_Q": 0.0,
      "monthly_PRELIQ_Q": 49.300000000000004,
      "monthly_PE_Q": -21.400000000000002
    },
    "2024-05": {
      "monthly_PRENEI_Q": 0.0,
      "monthly_PRELIQ_Q": 85.6,
      "monthly_PE_Q": 8.600000000000001
    },
    "2024-06": {
      "monthly_PRENEI_Q": 0.0,
      "monthly_PRELIQ_Q": 64.7,
      "monthly_PE_Q": -23.3
    },
    "2024-07": {
      "monthly_PRENEI_Q": 0.0,
      "monthly_PRELIQ_Q": 52.0,
      "monthly_PE_Q": -34.0
    },
    "2024-08": {
      "monthly_PRENEI_Q": 0.0,
      "monthly_PRELIQ_Q": 66.2,
      "monthly_PE_Q": -0.7000000000000008
    },
    "2024-09": {
      "monthly_PRENEI_Q": 0.0,
      "monthly_PRELIQ_Q": 93.6,
      "monthly_PE_Q": 36.7
    },
    "2024-10": {
      "monthly_PRENEI_Q": 0.0,
      "monthly_PRELIQ_Q": 128.4,
      "monthly_PE_Q": 88.4
    },
    "2024-11": {
      "monthly_PRENEI_Q": 0.0,
      "monthly_PRELIQ_Q": 40.5,
      "monthly_PE_Q": 13.599999999999998
    },
    "2024-12": {
      "monthly_PRENEI_Q": 0.2,
      "monthly_PRELIQ_Q": 98.60000000000001,
      "monthly_PE_Q": 76.7
    }
  }
}