{
  "years": {
    "2024": {
      "annual_PRENEI_Q": 0.8,
      "annual_PRELIQ_Q": 859.6,
      "annual_PE_Q": 232.70000000000002
    }
  },
  "months": {
    "2024-01": {
      "monthly_PRENEI_Q": 0.4,
      "monthly_PRELIQ_Q": 32.0,
      "monthly_PE_Q": 13.700000000000001
    },
    "2024-02": {
      "monthly_PRENEI_Q": 0.0,
      "monthly_PRELIQ_Q": 91.2,
      "monthly_PE_Q": 62.5
    },
    "2024-03": {
      "monthly_PRENEI_Q": 0.2,
      "monthly_PRELIQ_Q": 57.9,
      "monthly_PE_Q": 7.200000000000001
    },
    "2024-04": {
      "monthly_PRENEI_Q": 0.0,
      "monthly_PRELIQ_Q": 49.2,
      "monthly_PE_Q": -25.7
    },
    "2024-05": {
      "monthly_PRENEI_Q": 0.0,
      "monthly_PRELIQ_Q": 85.5,
      "monthly_PE_Q": 6.600000000000001
    },
    "2024-06": {
      "monthly_PRENEI_Q": 0.0,
      "monthly_PRELIQ_Q": 64.7,
      "monthly_PE_Q": -22.099999999999998
    },
    "2024-07": {
      "monthly_PRENEI_Q": 0.0,
      "monthly_PRELIQ_Q": 52.0,
      "monthly_PE_Q": -25.800000000000004
    },
    "2024-08": {
      "monthly_PRENEI_Q": 0.0,
      "monthly_PRELIQ_Q": 66.2,
      "monthly_PE_Q": 2.700000000000001
    },
    "2024-09": {
      "monthly_PRENEI_Q": 0.0,
      "monthly_PRELIQ_Q": 93.6,
      "monthly_PE_Q": 35.9
    },
    "2024-10": {
      "monthly_PRENEI_Q": 0.0,
      "monthly_PRELIQ_Q": 128.20000000000002,
      "monthly_PE_Q": 87.4
    },
    "2024-11": {
      "monthly_PRENEI_Q": 0.0,
      "monthly_PRELIQ_Q": 40.5,
      "monthly_PE_Q": 13.0
    },
    "2024-12": {
      "monthly_PRENEI_Q": 0.2,
      "monthly_PRELIQ_Q": 98.60000000000001,
      "monthly_PE_Q": 77.3
    }
  }
}