{
  "years": {
    "2024": {
      "annual_PRENEI_Q": 2.0999999999999996,
      "annual_PRELIQ_Q": 770.9,
      "annual_PE_Q": 247.6
    }
  },
  "months": {
    "2024-01": {
      "monthly_PRENEI_Q": 0.0,
      "monthly_PRELIQ_Q": 83.8,
      "monthly_PE_Q": 66.2
    },
    "2024-02": {
      "monthly_PRENEI_Q": 0.0,
      "monthly_PRELIQ_Q": 92.4,
      "monthly_PE_Q": 73.4
    },
    "2024-03": {
      "monthly_PRENEI_Q": 0.0,
      "monthly_PRELIQ_Q": 75.5,
      "monthly_PE_Q": 34.3
    },
    "2024-04": {
      "monthly_PRENEI_Q": 0.0,
      "monthly_PRELIQ_Q": 71.0,
      "monthly_PE_Q": 4.599999999999998
    },
    "2024-05": {
      "monthly_PRENEI_Q": 0.0,
      "monthly_PRELIQ_Q": 62.6,
      "monthly_PE_Q": -22.4
    },
    "2024-06": {
      "monthly_PRENEI_Q": 0.0,
      "monthly_PRELIQ_Q": 31.7,
      "monthly_PE_Q": -49.6
    },
    "2024-07": {
      "monthly_PRENEI_Q": 0.0,
      "monthly_PRELIQ_Q": 43.8,
      "monthly_PE_Q": -20.700000000000003
    },
    "2024-08": {
      "monthly_PRENEI_Q": 0.0,
      "monthly_PRELIQ_Q": 46.0,
      "monthly_PE_Q": 1.0999999999999979
    },
    "2024-09": {
      "monthly_PRENEI_Q": 0.0,
      "monthly_PRELIQ_Q": 54.699999999999996,
      "monthly_PE_Q": 11.4
    },
    "2024-10": {
      "monthly_PRENEI_Q": 0.0,
      "monthly_PRELIQ_Q": 123.89999999999999,
      "monthly_PE_Q": 89.0
    },
    "2024-11": {
      "monthly_PRENEI_Q": 2.0999999999999996,
      "monthly_PRELIQ_Q": 47.9,
      "monthly_PE_Q": 35.9
    },
    "2024-12": {
      "monthly_PRENEI_Q": 0.0,
      "monthly_PRELIQ_Q": 37.6,
      "monthly_PE_Q": 24.400000000000002
    }
  }
}