{
  "years": {
    "2024": {
      "annual_PRENEI_Q": 0.1,
      "annual_PRELIQ_Q": 652.9,
      "annual_PE_Q": 108.0
    }
  },
  "months": {
    "2024-01": {
      "monthly_PRENEI_Q": 0.1,
      "monthly_PRELIQ_Q": 29.700000000000003,
      "monthly_PE_Q": 13.0
    },
    "2024-02": {
      "monthly_PRENEI_Q": 0.0,
      "monthly_PRELIQ_Q": 75.5,
      "monthly_PE_Q": 46.8
    },
    "2024-03": {
      "monthly_PRENEI_Q": 0.0,
      "monthly_PRELIQ_Q": 52.8,
      "monthly_PE_Q": 2.999999999999999
    },
    "2024-04": {
      "monthly_PRENEI_Q": 0.0,
      "monthly_PRELIQ_Q": 37.5,
      "monthly_PE_Q": -32.4
    },
    "2024-05": {
      "monthly_PRENEI_Q": 0.0,
      "monthly_PRELIQ_Q": 83.2,
      "monthly_PE_Q": 7.700000000000002
    },
    "2024-06": {
      "monthly_PRENEI_Q": 0.0,
      "monthly_PRELIQ_Q": 61.1,
      "monthly_PE_Q": -11.2
    },
    "2024-07": {
      "monthly_PRENEI_Q": 0.0,
      "monthly_PRELIQ_Q": 19.2,
      "monthly_PE_Q": -35.8
    },
    "2024-08": {
      "monthly_PRENEI_Q": 0.0,
      "monthly_PRELIQ_Q": 73.5,
      "monthly_PE_Q": 20.9
    },
    "2024-09": {
      "monthly_PRENEI_Q": 0.0,
      "monthly_PRELIQ_Q": 53.2,
      "monthly_PE_Q": 2.2999999999999994
    },
    "2024-10": {
      "monthly_PRENEI_Q": 0.0,
      "monthly_PRELIQ_Q": 84.39999999999999,
      "monthly_PE_Q": 50.900000000000006
    },
    "2024-11": {
      "monthly_PRENEI_Q": 0.0,
      "monthly_PRELIQ_Q": 37.3,
      "monthly_PE_Q": 12.399999999999999
    },
    "2024-12": {
      "monthly_PRENEI_Q": 0.0,
      "monthly_PRELIQ_Q": 45.5,
      "monthly_PE_Q": 30.400000000000002
    }
  }
}