{
  "years": {
    "2024": {
      "annual_PRENEI_Q": 1.2,
      "annual_PRELIQ_Q": 1270.6,
      "annual_PE_Q": 657.5
    }
  },
  "months": {
    "2024-01": {
      "monthly_PRENEI_Q": 0.6000000000000001,
      "monthly_PRELIQ_Q": 54.0,
      "monthly_PE_Q": 46.4
    },
    "2024-02": {
      "monthly_PRENEI_Q": 0.0,
      "monthly_PRELIQ_Q": 144.7,
      "monthly_PE_Q": 127.7
    },
    "2024-03": {
      "monthly_PRENEI_Q": 0.3,
      "monthly_PRELIQ_Q": 158.8,
      "monthly_PE_Q": 120.69999999999999
    },
    "2024-04": {
      "monthly_PRENEI_Q": 0.0,
      "monthly_PRELIQ_Q": 88.5,
      "monthly_PE_Q": 9.999999999999996
    },
    "2024-05": {
      "monthly_PRENEI_Q": 0.0,
      "monthly_PRELIQ_Q": 234.6,
      "monthly_PE_Q": 157.2
    },
    "2024-06": {
      "monthly_PRENEI_Q": 0.0,
      "monthly_PRELIQ_Q": 90.8,
      "monthly_PE_Q": -5.0
    },
    "2024-07": {
      "monthly_PRENEI_Q": 0.0,
      "monthly_PRELIQ_Q": 34.2,
      "monthly_PE_Q": -73.9
    },
    "2024-08": {
      "monthly_PRENEI_Q": 0.0,
      "monthly_PRELIQ_Q": 21.400000000000002,
      "monthly_PE_Q": -37.0
    },
    "2024-09": {
      "monthly_PRENEI_Q": 0.0,
      "monthly_PRELIQ_Q": 133.9,
      "monthly_PE_Q": 84.7
    },
    "2024-10": {
      "monthly_PRENEI_Q": 0.0,
      "monthly_PRELIQ_Q": 157.29999999999998,
      "monthly_PE_Q": 116.80000000000001
    },
    "2024-11": {
      "monthly_PRENEI_Q": 0.0,
      "monthly_PRELIQ_Q": 78.8,
      "monthly_PE_Q": 50.2
    },
    "2024-12": {
      "monthly_PRENEI_Q": 0.30000000000000004,
      "monthly_PRELIQ_Q": 73.6,
      "monthly_PE_Q": 59.699999999999996
    }
  }
}