{
  "years": {
    "2024": {
      "annual_PRENEI_Q": 25.299999999999997,
      "annual_PRELIQ_Q": 937.0,
      "annual_PE_Q": 407.8
    }
  },
  "months": {
    "2024-01": {
      "monthly_PRENEI_Q": 16.1,
      "monthly_PRELIQ_Q": 73.7,
      "monthly_PE_Q": 82.7
    },
    "2024-02": {
      "monthly_PRENEI_Q": 0.0,
      "monthly_PRELIQ_Q": 103.4,
      "monthly_PE_Q": 87.4
    },
    "2024-03": {
      "monthly_PRENEI_Q": 0.1,
      "monthly_PRELIQ_Q": 77.6,
      "monthly_PE_Q": 39.1
    },
    "2024-04": {
      "monthly_PRENEI_Q": 0.0,
      "monthly_PRELIQ_Q": 75.89999999999999,
      "monthly_PE_Q": 12.700000000000001
    },
    "2024-05": {
      "monthly_PRENEI_Q": 0.0,
      "monthly_PRELIQ_Q": 114.60000000000001,
      "monthly_PE_Q": 39.0
    },
    "2024-06": {
      "monthly_PRENEI_Q": 0.0,
      "monthly_PRELIQ_Q": 71.60000000000001,
      "monthly_PE_Q": -22.5
    },
    "2024-07": {
      "monthly_PRENEI_Q": 0.0,
      "monthly_PRELIQ_Q": 72.4,
      "monthly_PE_Q": -19.599999999999998
    },
    "2024-08": {
      "monthly_PRENEI_Q": 0.0,
      "monthly_PRELIQ_Q": 50.5,
      "monthly_PE_Q": -16.699999999999996
    },
    "2024-09": {
      "monthly_PRENEI_Q": 0.0,
      "monthly_PRELIQ_Q": 92.5,
      "monthly_PE_Q": 48.0
    },
    "2024-10": {
      "monthly_PRENEI_Q": 0.0,
      "monthly_PRELIQ_Q": 106.7,
      "monthly_PE_Q": 78.1
    },
    "2024-11": {
      "monthly_PRENEI_Q": 8.899999999999999,
      "monthly_PRELIQ_Q": 48.1,
      "monthly_PE_Q": 42.900000000000006
    },
    "2024-12": {
      "monthly_PRENEI_Q": 0.2,
      "monthly_PRELIQ_Q": 50.0,
      "monthly_PE_Q": 36.7
    }
  }
}