{
  "years": {
    "2024": {
      "annual_PRENEI_Q": 191.8,
      "annual_PRELIQ_Q": 1167.6,
      "annual_PE_Q": 635.7
    }
  },
  "months": {
    "2024-01": {
      "monthly_PRENEI_Q": 37.00000000000001,
      "monthly_PRELIQ_Q": 36.4,
      "monthly_PE_Q": 59.8
    },
    "2024-02": {
      "monthly_PRENEI_Q": 42.5,
      "monthly_PRELIQ_Q": 99.8,
      "monthly_PE_Q": 117.5
    },
    "2024-03": {
      "monthly_PRENEI_Q": 26.099999999999998,
      "monthly_PRELIQ_Q": 67.0,
      "monthly_PE_Q": 55.400000000000006
    },
    "2024-04": {
      "monthly_PRENEI_Q": 3.0,
      "monthly_PRELIQ_Q": 83.4,
      "monthly_PE_Q": 16.200000000000003
    },
    "2024-05": {
      "monthly_PRENEI_Q": 0.9,
      "monthly_PRELIQ_Q": 135.6,
      "monthly_PE_Q": 55.0
    },
    "2024-06": {
      "monthly_PRENEI_Q": 0.0,
      "monthly_PRELIQ_Q": 101.10000000000001,
      "monthly_PE_Q": -8.400000000000002
    },
    "2024-07": {
      "monthly_PRENEI_Q": 0.0,
      "monthly_PRELIQ_Q": 81.5,
      "monthly_PE_Q": -43.699999999999996
    },
    "2024-08": {
      "monthly_PRENEI_Q": 0.0,
      "monthly_PRELIQ_Q": 93.0,
      "monthly_PE_Q": -2.099999999999999
    },
    "2024-09": {
      "monthly_PRENEI_Q": 0.0,
      "monthly_PRELIQ_Q": 129.2,
      "monthly_PE_Q": 59.1
    },
    "2024-10": {
      "monthly_PRENEI_Q": 0.0,
      "monthly_PRELIQ_Q": 148.79999999999998,
      "monthly_PE_Q": 98.5
    },
    "2024-11": {
      "monthly_PRENEI_Q": 0.2,
      "monthly_PRELIQ_Q": 75.9,
      "monthly_PE_Q": 46.099999999999994
    },
    "2024-12": {
      "monthly_PRENEI_Q": 82.10000000000001,
      "monthly_PRELIQ_Q": 115.89999999999999,
      "monthly_PE_Q": 182.29999999999998
    }
  }
}