{
  "years": {
    "2024": {
      "annual_PRENEI_Q": 4.4,
      "annual_PRELIQ_Q": 1019.5,
      "annual_PE_Q": 351.7
    }
  },
  "months": {
    "2024-01": {
      "monthly_PRENEI_Q": 1.7000000000000002,
      "monthly_PRELIQ_Q": 46.5,
      "monthly_PE_Q": 30.1
    },
    "2024-02": {
      "monthly_PRENEI_Q": 0.0,
      "monthly_PRELIQ_Q": 120.6,
      "monthly_PE_Q": 94.30000000000001
    },
    "2024-03": {
      "monthly_PRENEI_Q": 2.4,
      "monthly_PRELIQ_Q": 58.9,
      "monthly_PE_Q": 11.099999999999998
    },
    "2024-04": {
      "monthly_PRENEI_Q": 0.0,
      "monthly_PRELIQ_Q": 59.7,
      "monthly_PE_Q": -20.4
    },
    "2024-05": {
      "monthly_PRENEI_Q": 0.0,
      "monthly_PRELIQ_Q": 82.8,
      "monthly_PE_Q": 5.500000000000002
    },
    "2024-06": {
      "monthly_PRENEI_Q": 0.0,
      "monthly_PRELIQ_Q": 69.10000000000001,
      "monthly_PE_Q": -25.299999999999997
    },
    "2024-07": {
      "monthly_PRENEI_Q": 0.0,
      "monthly_PRELIQ_Q": 60.0,
      "monthly_PE_Q": -32.6
    },
    "2024-08": {
      "monthly_PRENEI_Q": 0.0,
      "monthly_PRELIQ_Q": 123.20000000000002,
      "monthly_PE_Q": 42.1
    },
    "2024-09": {
      "monthly_PRENEI_Q": 0.0,
      "monthly_PRELIQ_Q": 93.1,
      "monthly_PE_Q": 31.4
    },
    "2024-10": {
      "monthly_PRENEI_Q": 0.0,
      "monthly_PRELIQ_Q": 115.0,
      "monthly_PE_Q": 73.8
    },
    "2024-11": {
      "monthly_PRENEI_Q": 0.0,
      "monthly_PRELIQ_Q": 65.2,
      "monthly_PE_Q": 38.1
    },
    "2024-12": {
      "monthly_PRENEI_Q": 0.3,
      "monthly_PRELIQ_Q": 125.4,
      "monthly_PE_Q": 103.60000000000001
    }
  }
}