{
  "years": {
    "2024": {
      "annual_PRENEI_Q": 2.6999999999999997,
      "annual_PRELIQ_Q": 996.3,
      "annual_PE_Q": 325.1
    }
  },
  "months": {
    "2024-01": {
      "monthly_PRENEI_Q": 1.0999999999999999,
      "monthly_PRELIQ_Q": 45.900000000000006,
      "monthly_PE_Q": 28.3
    },
    "2024-02": {
      "monthly_PRENEI_Q": 0.0,
      "monthly_PRELIQ_Q": 118.0,
      "monthly_PE_Q": 90.3
    },
    "2024-03": {
      "monthly_PRENEI_Q": 1.4,
      "monthly_PRELIQ_Q": 58.1,
      "monthly_PE_Q": 9.800000000000002
    },
    "2024-04": {
      "monthly_PRENEI_Q": 0.0,
      "monthly_PRELIQ_Q": 58.6,
      "monthly_PE_Q": -19.799999999999997
    },
    "2024-05": {
      "monthly_PRENEI_Q": 0.0,
      "monthly_PRELIQ_Q": 80.7,
      "monthly_PE_Q": 2.9999999999999987
    },
    "2024-06": {
      "monthly_PRENEI_Q": 0.0,
      "monthly_PRELIQ_Q": 67.4,
      "monthly_PE_Q": -25.900000000000002
    },
    "2024-07": {
      "monthly_PRENEI_Q": 0.0,
      "monthly_PRELIQ_Q": 58.5,
      "monthly_PE_Q": -34.1
    },
    "2024-08": {
      "monthly_PRENEI_Q": 0.0,
      "monthly_PRELIQ_Q": 120.2,
      "monthly_PE_Q": 39.199999999999996
    },
    "2024-09": {
      "monthly_PRENEI_Q": 0.0,
      "monthly_PRELIQ_Q": 90.8,
      "monthly_PE_Q": 29.8
    },
    "2024-10": {
      "monthly_PRENEI_Q": 0.0,
      "monthly_PRELIQ_Q": 112.30000000000001,
      "monthly_PE_Q": 71.0
    },
    "2024-11": {
      "monthly_PRENEI_Q": 0.0,
      "monthly_PRELIQ_Q": 63.5,
      "monthly_PE_Q": 35.7
    },
    "2024-12": {
      "monthly_PRENEI_Q": 0.2,
      "monthly_PRELIQ_Q": 122.3,
      "monthly_PE_Q": 97.8
    }
  }
}