{
  "years": {
    "2024": {
      "annual_PRENEI_Q": 0.6,
      "annual_PRELIQ_Q": 766.3,
      "annual_PE_Q": 155.1
    }
  },
  "months": {
    "2024-01": {
      "monthly_PRENEI_Q": 0.6,
      "monthly_PRELIQ_Q": 21.8,
      "monthly_PE_Q": 5.8
    },
    "2024-02": {
      "monthly_PRENEI_Q": 0.0,
      "monthly_PRELIQ_Q": 89.8,
      "monthly_PE_Q": 63.0
    },
    "2024-03": {
      "monthly_PRENEI_Q": 0.0,
      "monthly_PRELIQ_Q": 85.0,
      "monthly_PE_Q": 31.400000000000002
    },
    "2024-04": {
      "monthly_PRENEI_Q": 0.0,
      "monthly_PRELIQ_Q": 42.8,
      "monthly_PE_Q": -31.8
    },
    "2024-05": {
      "monthly_PRENEI_Q": 0.0,
      "monthly_PRELIQ_Q": 124.7,
      "monthly_PE_Q": 41.800000000000004
    },
    "2024-06": {
      "monthly_PRENEI_Q": 0.0,
      "monthly_PRELIQ_Q": 68.1,
      "monthly_PE_Q": -23.299999999999997
    },
    "2024-07": {
      "monthly_PRENEI_Q": 0.0,
      "monthly_PRELIQ_Q": 32.3,
      "monthly_PE_Q": -50.8
    },
    "2024-08": {
      "monthly_PRENEI_Q": 0.0,
      "monthly_PRELIQ_Q": 30.599999999999998,
      "monthly_PE_Q": -11.8
    },
    "2024-09": {
      "monthly_PRENEI_Q": 0.0,
      "monthly_PRELIQ_Q": 89.0,
      "monthly_PE_Q": 34.199999999999996
    },
    "2024-10": {
      "monthly_PRENEI_Q": 0.0,
      "monthly_PRELIQ_Q": 99.2,
      "monthly_PE_Q": 53.300000000000004
    },
    "2024-11": {
      "monthly_PRENEI_Q": 0.0,
      "monthly_PRELIQ_Q": 40.800000000000004,
      "monthly_PE_Q": 13.6
    },
    "2024-12": {
      "monthly_PRENEI_Q": 0.0,
      "monthly_PRELIQ_Q": 42.2,
      "monthly_PE_Q": 29.700000000000003
    }
  }
}