{
  "years": {
    "2024": {
      "annual_PRENEI_Q": 1.4,
      "annual_PRELIQ_Q": 1162.5,
      "annual_PE_Q": 588.6999999999999
    }
  },
  "months": {
    "2024-01": {
      "monthly_PRENEI_Q": 0.1,
      "monthly_PRELIQ_Q": 56.1,
      "monthly_PE_Q": 48.0
    },
    "2024-02": {
      "monthly_PRENEI_Q": 0.9,
      "monthly_PRELIQ_Q": 109.3,
      "monthly_PE_Q": 93.89999999999999
    },
    "2024-03": {
      "monthly_PRENEI_Q": 0.0,
      "monthly_PRELIQ_Q": 164.1,
      "monthly_PE_Q": 131.29999999999998
    },
    "2024-04": {
      "monthly_PRENEI_Q": 0.0,
      "monthly_PRELIQ_Q": 83.60000000000001,
      "monthly_PE_Q": 13.299999999999999
    },
    "2024-05": {
      "monthly_PRENEI_Q": 0.0,
      "monthly_PRELIQ_Q": 197.0,
      "monthly_PE_Q": 123.1
    },
    "2024-06": {
      "monthly_PRENEI_Q": 0.0,
      "monthly_PRELIQ_Q": 79.0,
      "monthly_PE_Q": -14.899999999999999
    },
    "2024-07": {
      "monthly_PRENEI_Q": 0.0,
      "monthly_PRELIQ_Q": 43.5,
      "monthly_PE_Q": -60.0
    },
    "2024-08": {
      "monthly_PRENEI_Q": 0.0,
      "monthly_PRELIQ_Q": 19.400000000000002,
      "monthly_PE_Q": -37.800000000000004
    },
    "2024-09": {
      "monthly_PRENEI_Q": 0.0,
      "monthly_PRELIQ_Q": 146.3,
      "monthly_PE_Q": 98.0
    },
    "2024-10": {
      "monthly_PRENEI_Q": 0.0,
      "monthly_PRELIQ_Q": 132.3,
      "monthly_PE_Q": 97.4
    },
    "2024-11": {
      "monthly_PRENEI_Q": 0.0,
      "monthly_PRELIQ_Q": 61.1,
      "monthly_PE_Q": 39.0
    },
    "2024-12": {
      "monthly_PRENEI_Q": 0.4,
      "monthly_PRELIQ_Q": 70.8,
      "monthly_PE_Q": 57.400000000000006
    }
  }
}