{
  "years": {
    "2024": {
      "annual_PRENEI_Q": 7.4,
      "annual_PRELIQ_Q": 927.4,
      "annual_PE_Q": 448.3
    }
  },
  "months": {
    "2024-01": {
      "monthly_PRENEI_Q": 0.7999999999999999,
      "monthly_PRELIQ_Q": 68.0,
      "monthly_PE_Q": 60.2
    },
    "2024-02": {
      "monthly_PRENEI_Q": 0.0,
      "monthly_PRELIQ_Q": 109.2,
      "monthly_PE_Q": 95.7
    },
    "2024-03": {
      "monthly_PRENEI_Q": 0.0,
      "monthly_PRELIQ_Q": 90.3,
      "monthly_PE_Q": 54.9
    },
    "2024-04": {
      "monthly_PRENEI_Q": 0.0,
      "monthly_PRELIQ_Q": 70.0,
      "monthly_PE_Q": 13.100000000000001
    },
    "2024-05": {
      "monthly_PRENEI_Q": 0.0,
      "monthly_PRELIQ_Q": 113.8,
      "monthly_PE_Q": 40.5
    },
    "2024-06": {
      "monthly_PRENEI_Q": 0.0,
      "monthly_PRELIQ_Q": 59.199999999999996,
      "monthly_PE_Q": -24.8
    },
    "2024-07": {
      "monthly_PRENEI_Q": 0.0,
      "monthly_PRELIQ_Q": 47.6,
      "monthly_PE_Q": -18.900000000000002
    },
    "2024-08": {
      "monthly_PRENEI_Q": 0.0,
      "monthly_PRELIQ_Q": 74.9,
      "monthly_PE_Q": 20.200000000000003
    },
    "2024-09": {
      "monthly_PRENEI_Q": 0.0,
      "monthly_PRELIQ_Q": 87.0,
      "monthly_PE_Q": 43.400000000000006
    },
    "2024-10": {
      "monthly_PRENEI_Q": 0.0,
      "monthly_PRELIQ_Q": 109.89999999999999,
      "monthly_PE_Q": 83.1
    },
    "2024-11": {
      "monthly_PRENEI_Q": 6.5,
      "monthly_PRELIQ_Q": 51.6,
      "monthly_PE_Q": 45.1
    },
    "2024-12": {
      "monthly_PRENEI_Q": 0.1,
      "monthly_PRELIQ_Q": 45.9,
      "monthly_PE_Q": 35.800000000000004
    }
  }
}