{
  "years": {
    "2024": {
      "annual_PRENEI_Q": 24.2,
      "annual_PRELIQ_Q": 931.5,
      "annual_PE_Q": 420.3
    }
  },
  "months": {
    "2024-01": {
      "monthly_PRENEI_Q": 15.4,
      "monthly_PRELIQ_Q": 73.9,
      "monthly_PE_Q": 79.89999999999999
    },
    "2024-02": {
      "monthly_PRENEI_Q": 0.0,
      "monthly_PRELIQ_Q": 102.7,
      "monthly_PE_Q": 84.7
    },
    "2024-03": {
      "monthly_PRENEI_Q": 0.1,
      "monthly_PRELIQ_Q": 77.1,
      "monthly_PE_Q": 38.199999999999996
    },
    "2024-04": {
      "monthly_PRENEI_Q": 0.0,
      "monthly_PRELIQ_Q": 75.2,
      "monthly_PE_Q": 14.399999999999995
    },
    "2024-05": {
      "monthly_PRENEI_Q": 0.0,
      "monthly_PRELIQ_Q": 113.80000000000001,
      "monthly_PE_Q": 40.599999999999994
    },
    "2024-06": {
      "monthly_PRENEI_Q": 0.0,
      "monthly_PRELIQ_Q": 70.9,
      "monthly_PE_Q": -19.099999999999998
    },
    "2024-07": {
      "monthly_PRENEI_Q": 0.0,
      "monthly_PRELIQ_Q": 71.9,
      "monthly_PE_Q": -10.600000000000001
    },
    "2024-08": {
      "monthly_PRENEI_Q": 0.0,
      "monthly_PRELIQ_Q": 50.3,
      "monthly_PE_Q": -9.2
    },
    "2024-09": {
      "monthly_PRENEI_Q": 0.0,
      "monthly_PRELIQ_Q": 91.89999999999999,
      "monthly_PE_Q": 48.5
    },
    "2024-10": {
      "monthly_PRENEI_Q": 0.0,
      "monthly_PRELIQ_Q": 105.9,
      "monthly_PE_Q": 76.8
    },
    "2024-11": {
      "monthly_PRENEI_Q": 8.5,
      "monthly_PRELIQ_Q": 48.300000000000004,
      "monthly_PE_Q": 41.8
    },
    "2024-12": {
      "monthly_PRENEI_Q": 0.2,
      "monthly_PRELIQ_Q": 49.6,
      "monthly_PE_Q": 34.3
    }
  }
}