{
  "years": {
    "2024": {
      "annual_PRENEI_Q": 25.5,
      "annual_PRELIQ_Q": 839.7,
      "annual_PE_Q": 383.0
    }
  },
  "months": {
    "2024-01": {
      "monthly_PRENEI_Q": 16.7,
      "monthly_PRELIQ_Q": 59.2,
      "monthly_PE_Q": 67.2
    },
    "2024-02": {
      "monthly_PRENEI_Q": 0.0,
      "monthly_PRELIQ_Q": 75.8,
      "monthly_PE_Q": 61.900000000000006
    },
    "2024-03": {
      "monthly_PRENEI_Q": 0.0,
      "monthly_PRELIQ_Q": 62.9,
      "monthly_PE_Q": 30.3
    },
    "2024-04": {
      "monthly_PRENEI_Q": 0.0,
      "monthly_PRELIQ_Q": 82.8,
      "monthly_PE_Q": 28.800000000000004
    },
    "2024-05": {
      "monthly_PRENEI_Q": 0.0,
      "monthly_PRELIQ_Q": 114.10000000000001,
      "monthly_PE_Q": 45.4
    },
    "2024-06": {
      "monthly_PRENEI_Q": 0.0,
      "monthly_PRELIQ_Q": 33.6,
      "monthly_PE_Q": -42.4
    },
    "2024-07": {
      "monthly_PRENEI_Q": 0.0,
      "monthly_PRELIQ_Q": 69.80000000000001,
      "monthly_PE_Q": 3.200000000000001
    },
    "2024-08": {
      "monthly_PRENEI_Q": 0.0,
      "monthly_PRELIQ_Q": 55.900000000000006,
      "monthly_PE_Q": -5.8000000000000025
    },
    "2024-09": {
      "monthly_PRENEI_Q": 0.0,
      "monthly_PRELIQ_Q": 94.0,
      "monthly_PE_Q": 45.9
    },
    "2024-10": {
      "monthly_PRENEI_Q": 0.0,
      "monthly_PRELIQ_Q": 92.5,
      "monthly_PE_Q": 65.69999999999999
    },
    "2024-11": {
      "monthly_PRENEI_Q": 8.700000000000001,
      "monthly_PRELIQ_Q": 42.5,
      "monthly_PE_Q": 37.8
    },
    "2024-12": {
      "monthly_PRENEI_Q": 0.1,
      "monthly_PRELIQ_Q": 56.6,
      "monthly_PE_Q": 45.0
    }
  }
}