{
  "years": {
    "2024": {
      "annual_PRENEI_Q": 18.799999999999997,
      "annual_PRELIQ_Q": 893.3000000000001,
      "annual_PE_Q": 406.2
    }
  },
  "months": {
    "2024-01": {
      "monthly_PRENEI_Q": 13.499999999999998,
      "monthly_PRELIQ_Q": 63.3,
      "monthly_PE_Q": 67.3
    },
    "2024-02": {
      "monthly_PRENEI_Q": 0.0,
      "monthly_PRELIQ_Q": 80.9,
      "monthly_PE_Q": 66.89999999999999
    },
    "2024-03": {
      "monthly_PRENEI_Q": 0.0,
      "monthly_PRELIQ_Q": 77.8,
      "monthly_PE_Q": 44.8
    },
    "2024-04": {
      "monthly_PRENEI_Q": 0.0,
      "monthly_PRELIQ_Q": 61.4,
      "monthly_PE_Q": 8.999999999999998
    },
    "2024-05": {
      "monthly_PRENEI_Q": 0.0,
      "monthly_PRELIQ_Q": 134.20000000000002,
      "monthly_PE_Q": 67.0
    },
    "2024-06": {
      "monthly_PRENEI_Q": 0.0,
      "monthly_PRELIQ_Q": 55.9,
      "monthly_PE_Q": -27.2
    },
    "2024-07": {
      "monthly_PRENEI_Q": 0.0,
      "monthly_PRELIQ_Q": 61.3,
      "monthly_PE_Q": -14.399999999999999
    },
    "2024-08": {
      "monthly_PRENEI_Q": 0.0,
      "monthly_PRELIQ_Q": 48.1,
      "monthly_PE_Q": -16.8
    },
    "2024-09": {
      "monthly_PRENEI_Q": 0.0,
      "monthly_PRELIQ_Q": 92.3,
      "monthly_PE_Q": 42.3
    },
    "2024-10": {
      "monthly_PRENEI_Q": 0.0,
      "monthly_PRELIQ_Q": 96.5,
      "monthly_PE_Q": 69.0
    },
    "2024-11": {
      "monthly_PRENEI_Q": 4.8999999999999995,
      "monthly_PRELIQ_Q": 53.7,
      "monthly_PE_Q": 44.6
    },
    "2024-12": {
      "monthly_PRENEI_Q": 0.4,
      "monthly_PRELIQ_Q": 67.89999999999999,
      "monthly_PE_Q": 53.7
    }
  }
}