{
  "years": {
    "2024": {
      "annual_PRENEI_Q": 2.3000000000000003,
      "annual_PRELIQ_Q": 847.3,
      "annual_PE_Q": 216.9
    }
  },
  "months": {
    "2024-01": {
      "monthly_PRENEI_Q": 1.9000000000000001,
      "monthly_PRELIQ_Q": 65.1,
      "monthly_PE_Q": 41.099999999999994
    },
    "2024-02": {
      "monthly_PRENEI_Q": 0.0,
      "monthly_PRELIQ_Q": 105.3,
      "monthly_PE_Q": 74.8
    },
    "2024-03": {
      "monthly_PRENEI_Q": 0.0,
      "monthly_PRELIQ_Q": 57.2,
      "monthly_PE_Q": 2.599999999999999
    },
    "2024-04": {
      "monthly_PRENEI_Q": 0.0,
      "monthly_PRELIQ_Q": 51.4,
      "monthly_PE_Q": -21.7
    },
    "2024-05": {
      "monthly_PRENEI_Q": 0.0,
      "monthly_PRELIQ_Q": 84.5,
      "monthly_PE_Q": -1.2
    },
    "2024-06": {
      "monthly_PRENEI_Q": 0.0,
      "monthly_PRELIQ_Q": 26.3,
      "monthly_PE_Q": -60.4
    },
    "2024-07": {
      "monthly_PRENEI_Q": 0.0,
      "monthly_PRELIQ_Q": 58.099999999999994,
      "monthly_PE_Q": -10.0
    },
    "2024-08": {
      "monthly_PRENEI_Q": 0.0,
      "monthly_PRELIQ_Q": 38.300000000000004,
      "monthly_PE_Q": -12.0
    },
    "2024-09": {
      "monthly_PRENEI_Q": 0.0,
      "monthly_PRELIQ_Q": 131.79999999999998,
      "monthly_PE_Q": 68.5
    },
    "2024-10": {
      "monthly_PRENEI_Q": 0.0,
      "monthly_PRELIQ_Q": 68.39999999999999,
      "monthly_PE_Q": 26.099999999999998
    },
    "2024-11": {
      "monthly_PRENEI_Q": 0.4,
      "monthly_PRELIQ_Q": 100.5,
      "monthly_PE_Q": 73.2
    },
    "2024-12": {
      "monthly_PRENEI_Q": 0.0,
      "monthly_PRELIQ_Q": 60.4,
      "monthly_PE_Q": 35.9
    }
  }
}