{
  "years": {
    "2024": {
      "annual_PRENEI_Q": 2.4000000000000004,
      "annual_PRELIQ_Q": 772.3,
      "annual_PE_Q": 264.09999999999997
    }
  },
  "months": {
    "2024-01": {
      "monthly_PRENEI_Q": 0.0,
      "monthly_PRELIQ_Q": 84.10000000000001,
      "monthly_PE_Q": 65.9
    },
    "2024-02": {
      "monthly_PRENEI_Q": 0.0,
      "monthly_PRELIQ_Q": 92.7,
      "monthly_PE_Q": 73.7
    },
    "2024-03": {
      "monthly_PRENEI_Q": 0.0,
      "monthly_PRELIQ_Q": 75.6,
      "monthly_PE_Q": 35.3
    },
    "2024-04": {
      "monthly_PRENEI_Q": 0.0,
      "monthly_PRELIQ_Q": 71.10000000000001,
      "monthly_PE_Q": 6.4999999999999964
    },
    "2024-05": {
      "monthly_PRENEI_Q": 0.0,
      "monthly_PRELIQ_Q": 62.699999999999996,
      "monthly_PE_Q": -19.7
    },
    "2024-06": {
      "monthly_PRENEI_Q": 0.0,
      "monthly_PRELIQ_Q": 31.7,
      "monthly_PE_Q": -46.7
    },
    "2024-07": {
      "monthly_PRENEI_Q": 0.0,
      "monthly_PRELIQ_Q": 43.8,
      "monthly_PE_Q": -18.3
    },
    "2024-08": {
      "monthly_PRENEI_Q": 0.0,
      "monthly_PRELIQ_Q": 46.199999999999996,
      "monthly_PE_Q": 4.5
    },
    "2024-09": {
      "monthly_PRENEI_Q": 0.0,
      "monthly_PRELIQ_Q": 54.699999999999996,
      "monthly_PE_Q": 13.3
    },
    "2024-10": {
      "monthly_PRENEI_Q": 0.0,
      "monthly_PRELIQ_Q": 124.4,
      "monthly_PE_Q": 90.3
    },
    "2024-11": {
      "monthly_PRENEI_Q": 2.4000000000000004,
      "monthly_PRELIQ_Q": 47.7,
      "monthly_PE_Q": 35.4
    },
    "2024-12": {
      "monthly_PRENEI_Q": 0.0,
      "monthly_PRELIQ_Q": 37.6,
      "monthly_PE_Q": 23.9
    }
  }
}