{
  "years": {
    "2024": {
      "annual_PRENEI_Q": 3.5999999999999996,
      "annual_PRELIQ_Q": 787.5,
      "annual_PE_Q": 281.1
    }
  },
  "months": {
    "2024-01": {
      "monthly_PRENEI_Q": 0.0,
      "monthly_PRELIQ_Q": 85.8,
      "monthly_PE_Q": 70.0
    },
    "2024-02": {
      "monthly_PRENEI_Q": 0.0,
      "monthly_PRELIQ_Q": 94.69999999999999,
      "monthly_PE_Q": 78.1
    },
    "2024-03": {
      "monthly_PRENEI_Q": 0.0,
      "monthly_PRELIQ_Q": 77.2,
      "monthly_PE_Q": 39.2
    },
    "2024-04": {
      "monthly_PRENEI_Q": 0.0,
      "monthly_PRELIQ_Q": 72.7,
      "monthly_PE_Q": 9.5
    },
    "2024-05": {
      "monthly_PRENEI_Q": 0.0,
      "monthly_PRELIQ_Q": 64.2,
      "monthly_PE_Q": -17.3
    },
    "2024-06": {
      "monthly_PRENEI_Q": 0.0,
      "monthly_PRELIQ_Q": 32.5,
      "monthly_PE_Q": -48.2
    },
    "2024-07": {
      "monthly_PRENEI_Q": 0.0,
      "monthly_PRELIQ_Q": 44.8,
      "monthly_PE_Q": -21.599999999999998
    },
    "2024-08": {
      "monthly_PRENEI_Q": 0.0,
      "monthly_PRELIQ_Q": 46.8,
      "monthly_PE_Q": 0.6999999999999975
    },
    "2024-09": {
      "monthly_PRENEI_Q": 0.0,
      "monthly_PRELIQ_Q": 55.7,
      "monthly_PE_Q": 13.099999999999998
    },
    "2024-10": {
      "monthly_PRENEI_Q": 0.0,
      "monthly_PRELIQ_Q": 126.89999999999999,
      "monthly_PE_Q": 93.69999999999999
    },
    "2024-11": {
      "monthly_PRENEI_Q": 3.5999999999999996,
      "monthly_PRELIQ_Q": 47.7,
      "monthly_PE_Q": 37.5
    },
    "2024-12": {
      "monthly_PRENEI_Q": 0.0,
      "monthly_PRELIQ_Q": 38.5,
      "monthly_PE_Q": 26.4
    }
  }
}