{
  "years": {
    "2024": {
      "annual_PRENEI_Q": 1.2000000000000002,
      "annual_PRELIQ_Q": 1077.8,
      "annual_PE_Q": 444.6
    }
  },
  "months": {
    "2024-01": {
      "monthly_PRENEI_Q": 1.1,
      "monthly_PRELIQ_Q": 45.6,
      "monthly_PE_Q": 34.1
    },
    "2024-02": {
      "monthly_PRENEI_Q": 0.0,
      "monthly_PRELIQ_Q": 116.0,
      "monthly_PE_Q": 96.9
    },
    "2024-03": {
      "monthly_PRENEI_Q": 0.0,
      "monthly_PRELIQ_Q": 136.1,
      "monthly_PE_Q": 97.3
    },
    "2024-04": {
      "monthly_PRENEI_Q": 0.0,
      "monthly_PRELIQ_Q": 82.5,
      "monthly_PE_Q": 5.4
    },
    "2024-05": {
      "monthly_PRENEI_Q": 0.0,
      "monthly_PRELIQ_Q": 166.1,
      "monthly_PE_Q": 82.10000000000001
    },
    "2024-06": {
      "monthly_PRENEI_Q": 0.0,
      "monthly_PRELIQ_Q": 105.5,
      "monthly_PE_Q": 2.1000000000000014
    },
    "2024-07": {
      "monthly_PRENEI_Q": 0.0,
      "monthly_PRELIQ_Q": 37.699999999999996,
      "monthly_PE_Q": -69.2
    },
    "2024-08": {
      "monthly_PRENEI_Q": 0.0,
      "monthly_PRELIQ_Q": 17.0,
      "monthly_PE_Q": -38.0
    },
    "2024-09": {
      "monthly_PRENEI_Q": 0.0,
      "monthly_PRELIQ_Q": 126.9,
      "monthly_PE_Q": 76.6
    },
    "2024-10": {
      "monthly_PRENEI_Q": 0.0,
      "monthly_PRELIQ_Q": 122.3,
      "monthly_PE_Q": 77.2
    },
    "2024-11": {
      "monthly_PRENEI_Q": 0.0,
      "monthly_PRELIQ_Q": 56.699999999999996,
      "monthly_PE_Q": 27.200000000000003
    },
    "2024-12": {
      "monthly_PRENEI_Q": 0.1,
      "monthly_PRELIQ_Q": 65.39999999999999,
      "monthly_PE_Q": 52.900000000000006
    }
  }
}