{
  "years": {
    "2024": {
      "annual_PRENEI_Q": 6.8999999999999995,
      "annual_PRELIQ_Q": 904.3,
      "annual_PE_Q": 375.3
    }
  },
  "months": {
    "2024-01": {
      "monthly_PRENEI_Q": 0.0,
      "monthly_PRELIQ_Q": 120.60000000000001,
      "monthly_PE_Q": 105.2
    },
    "2024-02": {
      "monthly_PRENEI_Q": 0.0,
      "monthly_PRELIQ_Q": 118.3,
      "monthly_PE_Q": 98.9
    },
    "2024-03": {
      "monthly_PRENEI_Q": 0.0,
      "monthly_PRELIQ_Q": 89.89999999999999,
      "monthly_PE_Q": 48.4
    },
    "2024-04": {
      "monthly_PRENEI_Q": 0.0,
      "monthly_PRELIQ_Q": 84.8,
      "monthly_PE_Q": 22.9
    },
    "2024-05": {
      "monthly_PRENEI_Q": 0.0,
      "monthly_PRELIQ_Q": 68.7,
      "monthly_PE_Q": -11.9
    },
    "2024-06": {
      "monthly_PRENEI_Q": 0.0,
      "monthly_PRELIQ_Q": 21.2,
      "monthly_PE_Q": -58.4
    },
    "2024-07": {
      "monthly_PRENEI_Q": 0.0,
      "monthly_PRELIQ_Q": 41.7,
      "monthly_PE_Q": -23.9
    },
    "2024-08": {
      "monthly_PRENEI_Q": 0.0,
      "monthly_PRELIQ_Q": 65.10000000000001,
      "monthly_PE_Q": 5.399999999999999
    },
    "2024-09": {
      "monthly_PRENEI_Q": 0.0,
      "monthly_PRELIQ_Q": 65.2,
      "monthly_PE_Q": 16.9
    },
    "2024-10": {
      "monthly_PRENEI_Q": 0.0,
      "monthly_PRELIQ_Q": 118.5,
      "monthly_PE_Q": 83.8
    },
    "2024-11": {
      "monthly_PRENEI_Q": 6.8999999999999995,
      "monthly_PRELIQ_Q": 49.6,
      "monthly_PE_Q": 40.300000000000004
    },
    "2024-12": {
      "monthly_PRENEI_Q": 0.0,
      "monthly_PRELIQ_Q": 60.7,
      "monthly_PE_Q": 47.699999999999996
    }
  }
}