{
  "years": {
    "2024": {
      "annual_PRENEI_Q": 17.6,
      "annual_PRELIQ_Q": 896.7,
      "annual_PE_Q": 404.90000000000003
    }
  },
  "months": {
    "2024-01": {
      "monthly_PRENEI_Q": 10.5,
      "monthly_PRELIQ_Q": 51.9,
      "monthly_PE_Q": 54.2
    },
    "2024-02": {
      "monthly_PRENEI_Q": 0.0,
      "monthly_PRELIQ_Q": 89.3,
      "monthly_PE_Q": 74.0
    },
    "2024-03": {
      "monthly_PRENEI_Q": 0.0,
      "monthly_PRELIQ_Q": 72.0,
      "monthly_PE_Q": 37.1
    },
    "2024-04": {
      "monthly_PRENEI_Q": 0.0,
      "monthly_PRELIQ_Q": 56.1,
      "monthly_PE_Q": -0.7999999999999997
    },
    "2024-05": {
      "monthly_PRENEI_Q": 0.0,
      "monthly_PRELIQ_Q": 84.39999999999999,
      "monthly_PE_Q": 14.299999999999999
    },
    "2024-06": {
      "monthly_PRENEI_Q": 0.0,
      "monthly_PRELIQ_Q": 112.10000000000001,
      "monthly_PE_Q": 22.499999999999996
    },
    "2024-07": {
      "monthly_PRENEI_Q": 0.0,
      "monthly_PRELIQ_Q": 63.3,
      "monthly_PE_Q": -18.099999999999998
    },
    "2024-08": {
      "monthly_PRENEI_Q": 0.0,
      "monthly_PRELIQ_Q": 55.3,
      "monthly_PE_Q": -1.1999999999999993
    },
    "2024-09": {
      "monthly_PRENEI_Q": 0.0,
      "monthly_PRELIQ_Q": 127.3,
      "monthly_PE_Q": 82.39999999999999
    },
    "2024-10": {
      "monthly_PRENEI_Q": 0.0,
      "monthly_PRELIQ_Q": 108.10000000000001,
      "monthly_PE_Q": 81.2
    },
    "2024-11": {
      "monthly_PRENEI_Q": 7.1000000000000005,
      "monthly_PRELIQ_Q": 37.9,
      "monthly_PE_Q": 31.2
    },
    "2024-12": {
      "monthly_PRENEI_Q": 0.0,
      "monthly_PRELIQ_Q": 39.0,
      "monthly_PE_Q": 28.099999999999998
    }
  }
}