{
  "years": {
    "2024": {
      "annual_PRENEI_Q": 22.1,
      "annual_PRELIQ_Q": 915.5,
      "annual_PE_Q": 442.3
    }
  },
  "months": {
    "2024-01": {
      "monthly_PRENEI_Q": 13.5,
      "monthly_PRELIQ_Q": 50.7,
      "monthly_PE_Q": 57.7
    },
    "2024-02": {
      "monthly_PRENEI_Q": 0.0,
      "monthly_PRELIQ_Q": 91.7,
      "monthly_PE_Q": 78.2
    },
    "2024-03": {
      "monthly_PRENEI_Q": 0.0,
      "monthly_PRELIQ_Q": 73.7,
      "monthly_PE_Q": 41.0
    },
    "2024-04": {
      "monthly_PRENEI_Q": 0.0,
      "monthly_PRELIQ_Q": 57.6,
      "monthly_PE_Q": 2.5999999999999988
    },
    "2024-05": {
      "monthly_PRENEI_Q": 0.0,
      "monthly_PRELIQ_Q": 86.4,
      "monthly_PE_Q": 18.300000000000004
    },
    "2024-06": {
      "monthly_PRENEI_Q": 0.0,
      "monthly_PRELIQ_Q": 114.7,
      "monthly_PE_Q": 26.799999999999997
    },
    "2024-07": {
      "monthly_PRENEI_Q": 0.0,
      "monthly_PRELIQ_Q": 65.5,
      "monthly_PE_Q": -16.900000000000002
    },
    "2024-08": {
      "monthly_PRENEI_Q": 0.0,
      "monthly_PRELIQ_Q": 56.599999999999994,
      "monthly_PE_Q": -1.8000000000000007
    },
    "2024-09": {
      "monthly_PRENEI_Q": 0.0,
      "monthly_PRELIQ_Q": 130.1,
      "monthly_PE_Q": 86.10000000000001
    },
    "2024-10": {
      "monthly_PRENEI_Q": 0.0,
      "monthly_PRELIQ_Q": 111.0,
      "monthly_PE_Q": 86.10000000000001
    },
    "2024-11": {
      "monthly_PRENEI_Q": 8.6,
      "monthly_PRELIQ_Q": 37.5,
      "monthly_PE_Q": 33.7
    },
    "2024-12": {
      "monthly_PRENEI_Q": 0.0,
      "monthly_PRELIQ_Q": 40.0,
      "monthly_PE_Q": 30.5
    }
  }
}