{
  "years": {
    "2024": {
      "annual_PRENEI_Q": 24.7,
      "annual_PRELIQ_Q": 836.6,
      "annual_PE_Q": 377.2
    }
  },
  "months": {
    "2024-01": {
      "monthly_PRENEI_Q": 16.400000000000002,
      "monthly_PRELIQ_Q": 59.0,
      "monthly_PE_Q": 66.0
    },
    "2024-02": {
      "monthly_PRENEI_Q": 0.0,
      "monthly_PRELIQ_Q": 75.6,
      "monthly_PE_Q": 61.300000000000004
    },
    "2024-03": {
      "monthly_PRENEI_Q": 0.0,
      "monthly_PRELIQ_Q": 62.699999999999996,
      "monthly_PE_Q": 29.700000000000003
    },
    "2024-04": {
      "monthly_PRENEI_Q": 0.0,
      "monthly_PRELIQ_Q": 82.5,
      "monthly_PE_Q": 28.5
    },
    "2024-05": {
      "monthly_PRENEI_Q": 0.0,
      "monthly_PRELIQ_Q": 113.5,
      "monthly_PE_Q": 44.9
    },
    "2024-06": {
      "monthly_PRENEI_Q": 0.0,
      "monthly_PRELIQ_Q": 33.4,
      "monthly_PE_Q": -42.7
    },
    "2024-07": {
      "monthly_PRENEI_Q": 0.0,
      "monthly_PRELIQ_Q": 69.3,
      "monthly_PE_Q": 3.299999999999999
    },
    "2024-08": {
      "monthly_PRENEI_Q": 0.0,
      "monthly_PRELIQ_Q": 55.6,
      "monthly_PE_Q": -5.5
    },
    "2024-09": {
      "monthly_PRENEI_Q": 0.0,
      "monthly_PRELIQ_Q": 93.5,
      "monthly_PE_Q": 45.199999999999996
    },
    "2024-10": {
      "monthly_PRENEI_Q": 0.0,
      "monthly_PRELIQ_Q": 92.2,
      "monthly_PE_Q": 65.0
    },
    "2024-11": {
      "monthly_PRENEI_Q": 8.200000000000001,
      "monthly_PRELIQ_Q": 42.7,
      "monthly_PE_Q": 37.199999999999996
    },
    "2024-12": {
      "monthly_PRENEI_Q": 0.1,
      "monthly_PRELIQ_Q": 56.6,
      "monthly_PE_Q": 44.3
    }
  }
}