{
  "years": {
    "2024": {
      "annual_PRENEI_Q": 5.2,
      "annual_PRELIQ_Q": 1029.0,
      "annual_PE_Q": 368.0
    }
  },
  "months": {
    "2024-01": {
      "monthly_PRENEI_Q": 2.0,
      "monthly_PRELIQ_Q": 46.800000000000004,
      "monthly_PE_Q": 30.6
    },
    "2024-02": {
      "monthly_PRENEI_Q": 0.0,
      "monthly_PRELIQ_Q": 121.9,
      "monthly_PE_Q": 95.1
    },
    "2024-03": {
      "monthly_PRENEI_Q": 2.9,
      "monthly_PRELIQ_Q": 59.0,
      "monthly_PE_Q": 13.899999999999999
    },
    "2024-04": {
      "monthly_PRENEI_Q": 0.0,
      "monthly_PRELIQ_Q": 60.400000000000006,
      "monthly_PE_Q": -16.599999999999998
    },
    "2024-05": {
      "monthly_PRENEI_Q": 0.0,
      "monthly_PRELIQ_Q": 83.6,
      "monthly_PE_Q": 7.3000000000000025
    },
    "2024-06": {
      "monthly_PRENEI_Q": 0.0,
      "monthly_PRELIQ_Q": 69.8,
      "monthly_PE_Q": -22.099999999999998
    },
    "2024-07": {
      "monthly_PRENEI_Q": 0.0,
      "monthly_PRELIQ_Q": 60.6,
      "monthly_PE_Q": -34.0
    },
    "2024-08": {
      "monthly_PRENEI_Q": 0.0,
      "monthly_PRELIQ_Q": 124.70000000000002,
      "monthly_PE_Q": 43.49999999999999
    },
    "2024-09": {
      "monthly_PRENEI_Q": 0.0,
      "monthly_PRELIQ_Q": 93.9,
      "monthly_PE_Q": 32.6
    },
    "2024-10": {
      "monthly_PRENEI_Q": 0.0,
      "monthly_PRELIQ_Q": 116.0,
      "monthly_PE_Q": 75.50000000000001
    },
    "2024-11": {
      "monthly_PRENEI_Q": 0.0,
      "monthly_PRELIQ_Q": 65.8,
      "monthly_PE_Q": 38.6
    },
    "2024-12": {
      "monthly_PRENEI_Q": 0.3,
      "monthly_PRELIQ_Q": 126.5,
      "monthly_PE_Q": 103.6
    }
  }
}