{
  "years": {
    "2024": {
      "annual_PRENEI_Q": 0.3,
      "annual_PRELIQ_Q": 650.6,
      "annual_PE_Q": 119.5
    }
  },
  "months": {
    "2024-01": {
      "monthly_PRENEI_Q": 0.3,
      "monthly_PRELIQ_Q": 22.8,
      "monthly_PE_Q": 11.9
    },
    "2024-02": {
      "monthly_PRENEI_Q": 0.0,
      "monthly_PRELIQ_Q": 80.6,
      "monthly_PE_Q": 56.8
    },
    "2024-03": {
      "monthly_PRENEI_Q": 0.0,
      "monthly_PRELIQ_Q": 71.7,
      "monthly_PE_Q": 19.9
    },
    "2024-04": {
      "monthly_PRENEI_Q": 0.0,
      "monthly_PRELIQ_Q": 38.2,
      "monthly_PE_Q": -26.3
    },
    "2024-05": {
      "monthly_PRENEI_Q": 0.0,
      "monthly_PRELIQ_Q": 90.9,
      "monthly_PE_Q": 15.600000000000001
    },
    "2024-06": {
      "monthly_PRENEI_Q": 0.0,
      "monthly_PRELIQ_Q": 69.39999999999999,
      "monthly_PE_Q": -8.499999999999996
    },
    "2024-07": {
      "monthly_PRENEI_Q": 0.0,
      "monthly_PRELIQ_Q": 34.4,
      "monthly_PE_Q": -37.699999999999996
    },
    "2024-08": {
      "monthly_PRENEI_Q": 0.0,
      "monthly_PRELIQ_Q": 34.5,
      "monthly_PE_Q": -8.800000000000002
    },
    "2024-09": {
      "monthly_PRENEI_Q": 0.0,
      "monthly_PRELIQ_Q": 49.599999999999994,
      "monthly_PE_Q": 7.300000000000001
    },
    "2024-10": {
      "monthly_PRENEI_Q": 0.0,
      "monthly_PRELIQ_Q": 85.5,
      "monthly_PE_Q": 52.8
    },
    "2024-11": {
      "monthly_PRENEI_Q": 0.0,
      "monthly_PRELIQ_Q": 32.300000000000004,
      "monthly_PE_Q": 9.499999999999998
    },
    "2024-12": {
      "monthly_PRENEI_Q": 0.0,
      "monthly_PRELIQ_Q": 40.7,
      "monthly_PE_Q": 27.0
    }
  }
}