{
  "years": {
    "2024": {
      "annual_PRENEI_Q": 0.2,
      "annual_PRELIQ_Q": 644.1,
      "annual_PE_Q": 109.89999999999999
    }
  },
  "months": {
    "2024-01": {
      "monthly_PRENEI_Q": 0.2,
      "monthly_PRELIQ_Q": 22.599999999999998,
      "monthly_PE_Q": 11.299999999999999
    },
    "2024-02": {
      "monthly_PRENEI_Q": 0.0,
      "monthly_PRELIQ_Q": 79.7,
      "monthly_PE_Q": 56.099999999999994
    },
    "2024-03": {
      "monthly_PRENEI_Q": 0.0,
      "monthly_PRELIQ_Q": 71.0,
      "monthly_PE_Q": 18.599999999999998
    },
    "2024-04": {
      "monthly_PRENEI_Q": 0.0,
      "monthly_PRELIQ_Q": 37.8,
      "monthly_PE_Q": -27.7
    },
    "2024-05": {
      "monthly_PRENEI_Q": 0.0,
      "monthly_PRELIQ_Q": 90.1,
      "monthly_PE_Q": 17.699999999999996
    },
    "2024-06": {
      "monthly_PRENEI_Q": 0.0,
      "monthly_PRELIQ_Q": 68.6,
      "monthly_PE_Q": -10.399999999999999
    },
    "2024-07": {
      "monthly_PRENEI_Q": 0.0,
      "monthly_PRELIQ_Q": 34.1,
      "monthly_PE_Q": -42.4
    },
    "2024-08": {
      "monthly_PRENEI_Q": 0.0,
      "monthly_PRELIQ_Q": 34.199999999999996,
      "monthly_PE_Q": -12.600000000000001
    },
    "2024-09": {
      "monthly_PRENEI_Q": 0.0,
      "monthly_PRELIQ_Q": 48.9,
      "monthly_PE_Q": 8.6
    },
    "2024-10": {
      "monthly_PRENEI_Q": 0.0,
      "monthly_PRELIQ_Q": 84.8,
      "monthly_PE_Q": 53.300000000000004
    },
    "2024-11": {
      "monthly_PRENEI_Q": 0.0,
      "monthly_PRELIQ_Q": 32.0,
      "monthly_PE_Q": 9.899999999999999
    },
    "2024-12": {
      "monthly_PRENEI_Q": 0.0,
      "monthly_PRELIQ_Q": 40.3,
      "monthly_PE_Q": 27.5
    }
  }
}