{
  "years": {
    "2024": {
      "annual_PRENEI_Q": 0.7000000000000001,
      "annual_PRELIQ_Q": 775.9,
      "annual_PE_Q": 152.5
    }
  },
  "months": {
    "2024-01": {
      "monthly_PRENEI_Q": 0.7000000000000001,
      "monthly_PRELIQ_Q": 16.8,
      "monthly_PE_Q": 4.5
    },
    "2024-02": {
      "monthly_PRENEI_Q": 0.0,
      "monthly_PRELIQ_Q": 81.2,
      "monthly_PE_Q": 56.900000000000006
    },
    "2024-03": {
      "monthly_PRENEI_Q": 0.0,
      "monthly_PRELIQ_Q": 69.4,
      "monthly_PE_Q": 16.5
    },
    "2024-04": {
      "monthly_PRENEI_Q": 0.0,
      "monthly_PRELIQ_Q": 51.5,
      "monthly_PE_Q": -21.1
    },
    "2024-05": {
      "monthly_PRENEI_Q": 0.0,
      "monthly_PRELIQ_Q": 110.9,
      "monthly_PE_Q": 27.7
    },
    "2024-06": {
      "monthly_PRENEI_Q": 0.0,
      "monthly_PRELIQ_Q": 96.0,
      "monthly_PE_Q": 0.7999999999999994
    },
    "2024-07": {
      "monthly_PRENEI_Q": 0.0,
      "monthly_PRELIQ_Q": 41.800000000000004,
      "monthly_PE_Q": -49.800000000000004
    },
    "2024-08": {
      "monthly_PRENEI_Q": 0.0,
      "monthly_PRELIQ_Q": 45.699999999999996,
      "monthly_PE_Q": -4.200000000000001
    },
    "2024-09": {
      "monthly_PRENEI_Q": 0.0,
      "monthly_PRELIQ_Q": 84.60000000000001,
      "monthly_PE_Q": 28.800000000000004
    },
    "2024-10": {
      "monthly_PRENEI_Q": 0.0,
      "monthly_PRELIQ_Q": 104.0,
      "monthly_PE_Q": 60.0
    },
    "2024-11": {
      "monthly_PRENEI_Q": 0.0,
      "monthly_PRELIQ_Q": 35.1,
      "monthly_PE_Q": 7.199999999999998
    },
    "2024-12": {
      "monthly_PRENEI_Q": 0.0,
      "monthly_PRELIQ_Q": 38.9,
      "monthly_PE_Q": 25.2
    }
  }
}