{
  "years": {
    "2024": {
      "annual_PRENEI_Q": 1.3,
      "annual_PRELIQ_Q": 1272.8,
      "annual_PE_Q": 597.1
    }
  },
  "months": {
    "2024-01": {
      "monthly_PRENEI_Q": 1.1,
      "monthly_PRELIQ_Q": 65.39999999999999,
      "monthly_PE_Q": 51.0
    },
    "2024-02": {
      "monthly_PRENEI_Q": 0.0,
      "monthly_PRELIQ_Q": 127.4,
      "monthly_PE_Q": 102.2
    },
    "2024-03": {
      "monthly_PRENEI_Q": 0.0,
      "monthly_PRELIQ_Q": 154.0,
      "monthly_PE_Q": 105.10000000000001
    },
    "2024-04": {
      "monthly_PRENEI_Q": 0.0,
      "monthly_PRELIQ_Q": 113.0,
      "monthly_PE_Q": 28.1
    },
    "2024-05": {
      "monthly_PRENEI_Q": 0.0,
      "monthly_PRELIQ_Q": 202.2,
      "monthly_PE_Q": 116.1
    },
    "2024-06": {
      "monthly_PRENEI_Q": 0.0,
      "monthly_PRELIQ_Q": 87.30000000000001,
      "monthly_PE_Q": -24.599999999999998
    },
    "2024-07": {
      "monthly_PRENEI_Q": 0.0,
      "monthly_PRELIQ_Q": 38.800000000000004,
      "monthly_PE_Q": -66.7
    },
    "2024-08": {
      "monthly_PRENEI_Q": 0.0,
      "monthly_PRELIQ_Q": 9.8,
      "monthly_PE_Q": -38.7
    },
    "2024-09": {
      "monthly_PRENEI_Q": 0.0,
      "monthly_PRELIQ_Q": 181.20000000000002,
      "monthly_PE_Q": 123.5
    },
    "2024-10": {
      "monthly_PRENEI_Q": 0.0,
      "monthly_PRELIQ_Q": 158.8,
      "monthly_PE_Q": 109.30000000000001
    },
    "2024-11": {
      "monthly_PRENEI_Q": 0.1,
      "monthly_PRELIQ_Q": 68.1,
      "monthly_PE_Q": 39.699999999999996
    },
    "2024-12": {
      "monthly_PRENEI_Q": 0.1,
      "monthly_PRELIQ_Q": 66.8,
      "monthly_PE_Q": 52.1
    }
  }
}