{
  "years": {
    "2024": {
      "annual_PRENEI_Q": 259.8,
      "annual_PRELIQ_Q": 1166.7,
      "annual_PE_Q": 698.9
    }
  },
  "months": {
    "2024-01": {
      "monthly_PRENEI_Q": 47.1,
      "monthly_PRELIQ_Q": 30.2,
      "monthly_PE_Q": 64.2
    },
    "2024-02": {
      "monthly_PRENEI_Q": 57.8,
      "monthly_PRELIQ_Q": 91.4,
      "monthly_PE_Q": 125.3
    },
    "2024-03": {
      "monthly_PRENEI_Q": 36.3,
      "monthly_PRELIQ_Q": 61.7,
      "monthly_PE_Q": 61.699999999999996
    },
    "2024-04": {
      "monthly_PRENEI_Q": 8.0,
      "monthly_PRELIQ_Q": 82.7,
      "monthly_PE_Q": 20.099999999999998
    },
    "2024-05": {
      "monthly_PRENEI_Q": 3.1,
      "monthly_PRELIQ_Q": 139.8,
      "monthly_PE_Q": 61.699999999999996
    },
    "2024-06": {
      "monthly_PRENEI_Q": 0.0,
      "monthly_PRELIQ_Q": 105.9,
      "monthly_PE_Q": -3.2999999999999976
    },
    "2024-07": {
      "monthly_PRENEI_Q": 0.0,
      "monthly_PRELIQ_Q": 85.5,
      "monthly_PE_Q": -42.699999999999996
    },
    "2024-08": {
      "monthly_PRENEI_Q": 0.0,
      "monthly_PRELIQ_Q": 97.4,
      "monthly_PE_Q": -1.2000000000000006
    },
    "2024-09": {
      "monthly_PRENEI_Q": 0.0,
      "monthly_PRELIQ_Q": 135.8,
      "monthly_PE_Q": 65.5
    },
    "2024-10": {
      "monthly_PRENEI_Q": 0.0,
      "monthly_PRELIQ_Q": 156.20000000000002,
      "monthly_PE_Q": 104.7
    },
    "2024-11": {
      "monthly_PRENEI_Q": 0.4,
      "monthly_PRELIQ_Q": 79.3,
      "monthly_PE_Q": 49.199999999999996
    },
    "2024-12": {
      "monthly_PRENEI_Q": 107.1,
      "monthly_PRELIQ_Q": 100.8,
      "monthly_PE_Q": 193.7
    }
  }
}