{
  "years": {
    "2024": {
      "annual_PRENEI_Q": 3.9,
      "annual_PRELIQ_Q": 1011.2,
      "annual_PE_Q": 337.40000000000003
    }
  },
  "months": {
    "2024-01": {
      "monthly_PRENEI_Q": 1.5,
      "monthly_PRELIQ_Q": 46.4,
      "monthly_PE_Q": 29.3
    },
    "2024-02": {
      "monthly_PRENEI_Q": 0.0,
      "monthly_PRELIQ_Q": 119.9,
      "monthly_PE_Q": 92.5
    },
    "2024-03": {
      "monthly_PRENEI_Q": 2.1,
      "monthly_PRELIQ_Q": 58.6,
      "monthly_PE_Q": 10.800000000000002
    },
    "2024-04": {
      "monthly_PRENEI_Q": 0.0,
      "monthly_PRELIQ_Q": 59.4,
      "monthly_PE_Q": -20.0
    },
    "2024-05": {
      "monthly_PRENEI_Q": 0.0,
      "monthly_PRELIQ_Q": 82.0,
      "monthly_PE_Q": 3.9000000000000012
    },
    "2024-06": {
      "monthly_PRENEI_Q": 0.0,
      "monthly_PRELIQ_Q": 68.39999999999999,
      "monthly_PE_Q": -25.9
    },
    "2024-07": {
      "monthly_PRENEI_Q": 0.0,
      "monthly_PRELIQ_Q": 59.4,
      "monthly_PE_Q": -33.7
    },
    "2024-08": {
      "monthly_PRENEI_Q": 0.0,
      "monthly_PRELIQ_Q": 122.40000000000002,
      "monthly_PE_Q": 40.39999999999999
    },
    "2024-09": {
      "monthly_PRENEI_Q": 0.0,
      "monthly_PRELIQ_Q": 92.10000000000001,
      "monthly_PE_Q": 29.700000000000003
    },
    "2024-10": {
      "monthly_PRENEI_Q": 0.0,
      "monthly_PRELIQ_Q": 113.9,
      "monthly_PE_Q": 72.5
    },
    "2024-11": {
      "monthly_PRENEI_Q": 0.0,
      "monthly_PRELIQ_Q": 64.4,
      "monthly_PE_Q": 37.0
    },
    "2024-12": {
      "monthly_PRENEI_Q": 0.3,
      "monthly_PRELIQ_Q": 124.3,
      "monthly_PE_Q": 100.9
    }
  }
}