{
  "years": {
    "2024": {
      "annual_PRENEI_Q": 0.0,
      "annual_PRELIQ_Q": 812.8,
      "annual_PE_Q": 181.4
    }
  },
  "months": {
    "2024-01": {
      "monthly_PRENEI_Q": 0.0,
      "monthly_PRELIQ_Q": 36.8,
      "monthly_PE_Q": 20.8
    },
    "2024-02": {
      "monthly_PRENEI_Q": 0.0,
      "monthly_PRELIQ_Q": 78.8,
      "monthly_PE_Q": 50.699999999999996
    },
    "2024-03": {
      "monthly_PRENEI_Q": 0.0,
      "monthly_PRELIQ_Q": 49.3,
      "monthly_PE_Q": 3.3000000000000007
    },
    "2024-04": {
      "monthly_PRENEI_Q": 0.0,
      "monthly_PRELIQ_Q": 40.6,
      "monthly_PE_Q": -30.0
    },
    "2024-05": {
      "monthly_PRENEI_Q": 0.0,
      "monthly_PRELIQ_Q": 86.5,
      "monthly_PE_Q": 4.999999999999999
    },
    "2024-06": {
      "monthly_PRENEI_Q": 0.0,
      "monthly_PRELIQ_Q": 59.6,
      "monthly_PE_Q": -17.6
    },
    "2024-07": {
      "monthly_PRENEI_Q": 0.0,
      "monthly_PRELIQ_Q": 63.199999999999996,
      "monthly_PE_Q": -25.700000000000003
    },
    "2024-08": {
      "monthly_PRENEI_Q": 0.0,
      "monthly_PRELIQ_Q": 113.6,
      "monthly_PE_Q": 34.5
    },
    "2024-09": {
      "monthly_PRENEI_Q": 0.0,
      "monthly_PRELIQ_Q": 60.9,
      "monthly_PE_Q": 2.2000000000000015
    },
    "2024-10": {
      "monthly_PRENEI_Q": 0.0,
      "monthly_PRELIQ_Q": 99.10000000000001,
      "monthly_PE_Q": 58.9
    },
    "2024-11": {
      "monthly_PRENEI_Q": 0.0,
      "monthly_PRELIQ_Q": 50.1,
      "monthly_PE_Q": 25.599999999999998
    },
    "2024-12": {
      "monthly_PRENEI_Q": 0.0,
      "monthly_PRELIQ_Q": 74.3,
      "monthly_PE_Q": 53.7
    }
  }
}