{
  "years": {
    "2024": {
      "annual_PRENEI_Q": 2.0999999999999996,
      "annual_PRELIQ_Q": 771.0,
      "annual_PE_Q": 263.9
    }
  },
  "months": {
    "2024-01": {
      "monthly_PRENEI_Q": 0.0,
      "monthly_PRELIQ_Q": 83.8,
      "monthly_PE_Q": 65.9
    },
    "2024-02": {
      "monthly_PRENEI_Q": 0.0,
      "monthly_PRELIQ_Q": 92.5,
      "monthly_PE_Q": 73.5
    },
    "2024-03": {
      "monthly_PRENEI_Q": 0.0,
      "monthly_PRELIQ_Q": 75.5,
      "monthly_PE_Q": 34.9
    },
    "2024-04": {
      "monthly_PRENEI_Q": 0.0,
      "monthly_PRELIQ_Q": 71.0,
      "monthly_PE_Q": 5.9999999999999964
    },
    "2024-05": {
      "monthly_PRENEI_Q": 0.0,
      "monthly_PRELIQ_Q": 62.6,
      "monthly_PE_Q": -20.799999999999997
    },
    "2024-06": {
      "monthly_PRENEI_Q": 0.0,
      "monthly_PRELIQ_Q": 31.7,
      "monthly_PE_Q": -47.3
    },
    "2024-07": {
      "monthly_PRENEI_Q": 0.0,
      "monthly_PRELIQ_Q": 43.8,
      "monthly_PE_Q": -17.3
    },
    "2024-08": {
      "monthly_PRENEI_Q": 0.0,
      "monthly_PRELIQ_Q": 46.0,
      "monthly_PE_Q": 5.100000000000001
    },
    "2024-09": {
      "monthly_PRENEI_Q": 0.0,
      "monthly_PRELIQ_Q": 54.699999999999996,
      "monthly_PE_Q": 14.100000000000001
    },
    "2024-10": {
      "monthly_PRENEI_Q": 0.0,
      "monthly_PRELIQ_Q": 123.89999999999999,
      "monthly_PE_Q": 89.60000000000001
    },
    "2024-11": {
      "monthly_PRENEI_Q": 2.0999999999999996,
      "monthly_PRELIQ_Q": 47.9,
      "monthly_PE_Q": 36.1
    },
    "2024-12": {
      "monthly_PRENEI_Q": 0.0,
      "monthly_PRELIQ_Q": 37.6,
      "monthly_PE_Q": 24.1
    }
  }
}