{
  "years": {
    "2024": {
      "annual_PRENEI_Q": 0.7000000000000001,
      "annual_PRELIQ_Q": 777.8,
      "annual_PE_Q": 150.6
    }
  },
  "months": {
    "2024-01": {
      "monthly_PRENEI_Q": 0.7000000000000001,
      "monthly_PRELIQ_Q": 16.8,
      "monthly_PE_Q": 4.8
    },
    "2024-02": {
      "monthly_PRENEI_Q": 0.0,
      "monthly_PRELIQ_Q": 81.39999999999999,
      "monthly_PE_Q": 56.800000000000004
    },
    "2024-03": {
      "monthly_PRENEI_Q": 0.0,
      "monthly_PRELIQ_Q": 69.4,
      "monthly_PE_Q": 17.299999999999997
    },
    "2024-04": {
      "monthly_PRENEI_Q": 0.0,
      "monthly_PRELIQ_Q": 51.6,
      "monthly_PE_Q": -19.9
    },
    "2024-05": {
      "monthly_PRENEI_Q": 0.0,
      "monthly_PRELIQ_Q": 111.3,
      "monthly_PE_Q": 28.5
    },
    "2024-06": {
      "monthly_PRENEI_Q": 0.0,
      "monthly_PRELIQ_Q": 96.4,
      "monthly_PE_Q": -0.30000000000000115
    },
    "2024-07": {
      "monthly_PRENEI_Q": 0.0,
      "monthly_PRELIQ_Q": 42.0,
      "monthly_PE_Q": -51.6
    },
    "2024-08": {
      "monthly_PRENEI_Q": 0.0,
      "monthly_PRELIQ_Q": 45.8,
      "monthly_PE_Q": -5.6
    },
    "2024-09": {
      "monthly_PRENEI_Q": 0.0,
      "monthly_PRELIQ_Q": 84.8,
      "monthly_PE_Q": 28.5
    },
    "2024-10": {
      "monthly_PRENEI_Q": 0.0,
      "monthly_PRELIQ_Q": 104.2,
      "monthly_PE_Q": 59.599999999999994
    },
    "2024-11": {
      "monthly_PRENEI_Q": 0.0,
      "monthly_PRELIQ_Q": 35.2,
      "monthly_PE_Q": 7.500000000000001
    },
    "2024-12": {
      "monthly_PRENEI_Q": 0.0,
      "monthly_PRELIQ_Q": 38.9,
      "monthly_PE_Q": 25.0
    }
  }
}