{
  "years": {
    "2024": {
      "annual_PRENEI_Q": 1.2000000000000002,
      "annual_PRELIQ_Q": 1078.4,
      "annual_PE_Q": 451.5
    }
  },
  "months": {
    "2024-01": {
      "monthly_PRENEI_Q": 1.1,
      "monthly_PRELIQ_Q": 45.6,
      "monthly_PE_Q": 34.1
    },
    "2024-02": {
      "monthly_PRENEI_Q": 0.0,
      "monthly_PRELIQ_Q": 116.2,
      "monthly_PE_Q": 97.0
    },
    "2024-03": {
      "monthly_PRENEI_Q": 0.0,
      "monthly_PRELIQ_Q": 136.1,
      "monthly_PE_Q": 97.6
    },
    "2024-04": {
      "monthly_PRENEI_Q": 0.0,
      "monthly_PRELIQ_Q": 82.5,
      "monthly_PE_Q": 5.899999999999999
    },
    "2024-05": {
      "monthly_PRENEI_Q": 0.0,
      "monthly_PRELIQ_Q": 166.3,
      "monthly_PE_Q": 82.4
    },
    "2024-06": {
      "monthly_PRENEI_Q": 0.0,
      "monthly_PRELIQ_Q": 105.5,
      "monthly_PE_Q": 2.700000000000003
    },
    "2024-07": {
      "monthly_PRENEI_Q": 0.0,
      "monthly_PRELIQ_Q": 37.699999999999996,
      "monthly_PE_Q": -66.39999999999999
    },
    "2024-08": {
      "monthly_PRENEI_Q": 0.0,
      "monthly_PRELIQ_Q": 17.0,
      "monthly_PE_Q": -36.2
    },
    "2024-09": {
      "monthly_PRENEI_Q": 0.0,
      "monthly_PRELIQ_Q": 126.9,
      "monthly_PE_Q": 76.9
    },
    "2024-10": {
      "monthly_PRENEI_Q": 0.0,
      "monthly_PRELIQ_Q": 122.5,
      "monthly_PE_Q": 77.2
    },
    "2024-11": {
      "monthly_PRENEI_Q": 0.0,
      "monthly_PRELIQ_Q": 56.699999999999996,
      "monthly_PE_Q": 27.5
    },
    "2024-12": {
      "monthly_PRENEI_Q": 0.1,
      "monthly_PRELIQ_Q": 65.39999999999999,
      "monthly_PE_Q": 52.800000000000004
    }
  }
}