{
  "years": {
    "2024": {
      "annual_PRENEI_Q": 0.39999999999999997,
      "annual_PRELIQ_Q": 1047.6,
      "annual_PE_Q": 419.2
    }
  },
  "months": {
    "2024-01": {
      "monthly_PRENEI_Q": 0.39999999999999997,
      "monthly_PRELIQ_Q": 41.9,
      "monthly_PE_Q": 24.8
    },
    "2024-02": {
      "monthly_PRENEI_Q": 0.0,
      "monthly_PRELIQ_Q": 86.7,
      "monthly_PE_Q": 65.2
    },
    "2024-03": {
      "monthly_PRENEI_Q": 0.0,
      "monthly_PRELIQ_Q": 132.2,
      "monthly_PE_Q": 88.1
    },
    "2024-04": {
      "monthly_PRENEI_Q": 0.0,
      "monthly_PRELIQ_Q": 61.900000000000006,
      "monthly_PE_Q": -11.799999999999999
    },
    "2024-05": {
      "monthly_PRENEI_Q": 0.0,
      "monthly_PRELIQ_Q": 169.9,
      "monthly_PE_Q": 83.4
    },
    "2024-06": {
      "monthly_PRENEI_Q": 0.0,
      "monthly_PRELIQ_Q": 87.3,
      "monthly_PE_Q": -22.599999999999998
    },
    "2024-07": {
      "monthly_PRENEI_Q": 0.0,
      "monthly_PRELIQ_Q": 48.60000000000001,
      "monthly_PE_Q": -47.5
    },
    "2024-08": {
      "monthly_PRENEI_Q": 0.0,
      "monthly_PRELIQ_Q": 17.7,
      "monthly_PE_Q": -41.699999999999996
    },
    "2024-09": {
      "monthly_PRENEI_Q": 0.0,
      "monthly_PRELIQ_Q": 143.9,
      "monthly_PE_Q": 93.3
    },
    "2024-10": {
      "monthly_PRENEI_Q": 0.0,
      "monthly_PRELIQ_Q": 143.9,
      "monthly_PE_Q": 107.8
    },
    "2024-11": {
      "monthly_PRENEI_Q": 0.0,
      "monthly_PRELIQ_Q": 61.6,
      "monthly_PE_Q": 42.4
    },
    "2024-12": {
      "monthly_PRENEI_Q": 0.0,
      "monthly_PRELIQ_Q": 52.0,
      "monthly_PE_Q": 37.8
    }
  }
}