{
  "years": {
    "2024": {
      "annual_PRENEI_Q": 27.8,
      "annual_PRELIQ_Q": 800.1,
      "annual_PE_Q": 324.5
    }
  },
  "months": {
    "2024-01": {
      "monthly_PRENEI_Q": 13.200000000000001,
      "monthly_PRELIQ_Q": 59.7,
      "monthly_PE_Q": 63.699999999999996
    },
    "2024-02": {
      "monthly_PRENEI_Q": 0.0,
      "monthly_PRELIQ_Q": 74.5,
      "monthly_PE_Q": 64.0
    },
    "2024-03": {
      "monthly_PRENEI_Q": 0.0,
      "monthly_PRELIQ_Q": 57.9,
      "monthly_PE_Q": 23.400000000000002
    },
    "2024-04": {
      "monthly_PRENEI_Q": 0.0,
      "monthly_PRELIQ_Q": 71.8,
      "monthly_PE_Q": 19.200000000000003
    },
    "2024-05": {
      "monthly_PRENEI_Q": 0.0,
      "monthly_PRELIQ_Q": 93.0,
      "monthly_PE_Q": 21.099999999999998
    },
    "2024-06": {
      "monthly_PRENEI_Q": 0.0,
      "monthly_PRELIQ_Q": 44.2,
      "monthly_PE_Q": -34.2
    },
    "2024-07": {
      "monthly_PRENEI_Q": 0.0,
      "monthly_PRELIQ_Q": 81.4,
      "monthly_PE_Q": 3.900000000000004
    },
    "2024-08": {
      "monthly_PRENEI_Q": 0.0,
      "monthly_PRELIQ_Q": 55.8,
      "monthly_PE_Q": -14.400000000000002
    },
    "2024-09": {
      "monthly_PRENEI_Q": 0.0,
      "monthly_PRELIQ_Q": 88.3,
      "monthly_PE_Q": 41.4
    },
    "2024-10": {
      "monthly_PRENEI_Q": 0.0,
      "monthly_PRELIQ_Q": 70.5,
      "monthly_PE_Q": 43.5
    },
    "2024-11": {
      "monthly_PRENEI_Q": 14.6,
      "monthly_PRELIQ_Q": 45.900000000000006,
      "monthly_PE_Q": 46.1
    },
    "2024-12": {
      "monthly_PRENEI_Q": 0.0,
      "monthly_PRELIQ_Q": 57.1,
      "monthly_PE_Q": 46.8
    }
  }
}