{
  "years": {
    "2024": {
      "annual_PRENEI_Q": 14.099999999999998,
      "annual_PRELIQ_Q": 946.3,
      "annual_PE_Q": 375.3
    }
  },
  "months": {
    "2024-01": {
      "monthly_PRENEI_Q": 11.6,
      "monthly_PRELIQ_Q": 63.0,
      "monthly_PE_Q": 61.1
    },
    "2024-02": {
      "monthly_PRENEI_Q": 0.0,
      "monthly_PRELIQ_Q": 105.19999999999999,
      "monthly_PE_Q": 86.4
    },
    "2024-03": {
      "monthly_PRENEI_Q": 0.0,
      "monthly_PRELIQ_Q": 68.9,
      "monthly_PE_Q": 24.8
    },
    "2024-04": {
      "monthly_PRENEI_Q": 0.0,
      "monthly_PRELIQ_Q": 69.4,
      "monthly_PE_Q": 6.6
    },
    "2024-05": {
      "monthly_PRENEI_Q": 0.0,
      "monthly_PRELIQ_Q": 110.4,
      "monthly_PE_Q": 30.0
    },
    "2024-06": {
      "monthly_PRENEI_Q": 0.0,
      "monthly_PRELIQ_Q": 40.199999999999996,
      "monthly_PE_Q": -49.5
    },
    "2024-07": {
      "monthly_PRENEI_Q": 0.0,
      "monthly_PRELIQ_Q": 88.39999999999999,
      "monthly_PE_Q": 7.200000000000001
    },
    "2024-08": {
      "monthly_PRENEI_Q": 0.0,
      "monthly_PRELIQ_Q": 44.900000000000006,
      "monthly_PE_Q": -29.8
    },
    "2024-09": {
      "monthly_PRENEI_Q": 0.0,
      "monthly_PRELIQ_Q": 124.0,
      "monthly_PE_Q": 70.5
    },
    "2024-10": {
      "monthly_PRENEI_Q": 0.0,
      "monthly_PRELIQ_Q": 94.2,
      "monthly_PE_Q": 60.800000000000004
    },
    "2024-11": {
      "monthly_PRENEI_Q": 2.5,
      "monthly_PRELIQ_Q": 73.3,
      "monthly_PE_Q": 57.599999999999994
    },
    "2024-12": {
      "monthly_PRENEI_Q": 0.0,
      "monthly_PRELIQ_Q": 64.4,
      "monthly_PE_Q": 49.6
    }
  }
}