{
  "years": {
    "2024": {
      "annual_PRENEI_Q": 243.2,
      "annual_PRELIQ_Q": 1140.7,
      "annual_PE_Q": 659.6999999999999
    }
  },
  "months": {
    "2024-01": {
      "monthly_PRENEI_Q": 32.6,
      "monthly_PRELIQ_Q": 32.8,
      "monthly_PE_Q": 48.2
    },
    "2024-02": {
      "monthly_PRENEI_Q": 62.8,
      "monthly_PRELIQ_Q": 107.7,
      "monthly_PE_Q": 142.2
    },
    "2024-03": {
      "monthly_PRENEI_Q": 32.2,
      "monthly_PRELIQ_Q": 50.0,
      "monthly_PE_Q": 43.3
    },
    "2024-04": {
      "monthly_PRENEI_Q": 13.0,
      "monthly_PRELIQ_Q": 82.9,
      "monthly_PE_Q": 22.299999999999997
    },
    "2024-05": {
      "monthly_PRENEI_Q": 2.3000000000000003,
      "monthly_PRELIQ_Q": 109.3,
      "monthly_PE_Q": 26.0
    },
    "2024-06": {
      "monthly_PRENEI_Q": 0.0,
      "monthly_PRELIQ_Q": 75.3,
      "monthly_PE_Q": -30.400000000000002
    },
    "2024-07": {
      "monthly_PRENEI_Q": 0.0,
      "monthly_PRELIQ_Q": 91.10000000000001,
      "monthly_PE_Q": -20.0
    },
    "2024-08": {
      "monthly_PRENEI_Q": 0.0,
      "monthly_PRELIQ_Q": 159.0,
      "monthly_PE_Q": 65.99999999999999
    },
    "2024-09": {
      "monthly_PRENEI_Q": 0.0,
      "monthly_PRELIQ_Q": 97.8,
      "monthly_PE_Q": 28.8
    },
    "2024-10": {
      "monthly_PRENEI_Q": 0.0,
      "monthly_PRELIQ_Q": 126.39999999999999,
      "monthly_PE_Q": 73.0
    },
    "2024-11": {
      "monthly_PRENEI_Q": 1.4,
      "monthly_PRELIQ_Q": 118.0,
      "monthly_PE_Q": 88.8
    },
    "2024-12": {
      "monthly_PRENEI_Q": 98.9,
      "monthly_PRELIQ_Q": 90.4,
      "monthly_PE_Q": 171.5
    }
  }
}