{
  "years": {
    "2024": {
      "annual_PRENEI_Q": 0.5,
      "annual_PRELIQ_Q": 741.4,
      "annual_PE_Q": 149.8
    }
  },
  "months": {
    "2024-01": {
      "monthly_PRENEI_Q": 0.3,
      "monthly_PRELIQ_Q": 46.6,
      "monthly_PE_Q": 30.700000000000003
    },
    "2024-02": {
      "monthly_PRENEI_Q": 0.0,
      "monthly_PRELIQ_Q": 88.5,
      "monthly_PE_Q": 63.5
    },
    "2024-03": {
      "monthly_PRENEI_Q": 0.0,
      "monthly_PRELIQ_Q": 62.0,
      "monthly_PE_Q": 5.799999999999997
    },
    "2024-04": {
      "monthly_PRENEI_Q": 0.0,
      "monthly_PRELIQ_Q": 50.6,
      "monthly_PE_Q": -18.200000000000003
    },
    "2024-05": {
      "monthly_PRENEI_Q": 0.0,
      "monthly_PRELIQ_Q": 94.8,
      "monthly_PE_Q": 15.600000000000001
    },
    "2024-06": {
      "monthly_PRENEI_Q": 0.0,
      "monthly_PRELIQ_Q": 56.8,
      "monthly_PE_Q": -24.400000000000002
    },
    "2024-07": {
      "monthly_PRENEI_Q": 0.0,
      "monthly_PRELIQ_Q": 38.5,
      "monthly_PE_Q": -35.0
    },
    "2024-08": {
      "monthly_PRENEI_Q": 0.0,
      "monthly_PRELIQ_Q": 74.70000000000002,
      "monthly_PE_Q": 13.700000000000001
    },
    "2024-09": {
      "monthly_PRENEI_Q": 0.0,
      "monthly_PRELIQ_Q": 53.0,
      "monthly_PE_Q": 4.000000000000003
    },
    "2024-10": {
      "monthly_PRENEI_Q": 0.0,
      "monthly_PRELIQ_Q": 92.1,
      "monthly_PE_Q": 52.8
    },
    "2024-11": {
      "monthly_PRENEI_Q": 0.0,
      "monthly_PRELIQ_Q": 36.2,
      "monthly_PE_Q": 9.2
    },
    "2024-12": {
      "monthly_PRENEI_Q": 0.2,
      "monthly_PRELIQ_Q": 47.6,
      "monthly_PE_Q": 32.1
    }
  }
}