{
  "years": {
    "2024": {
      "annual_PRENEI_Q": 0.3,
      "annual_PRELIQ_Q": 646.8,
      "annual_PE_Q": 107.19999999999999
    }
  },
  "months": {
    "2024-01": {
      "monthly_PRENEI_Q": 0.3,
      "monthly_PRELIQ_Q": 22.7,
      "monthly_PE_Q": 11.9
    },
    "2024-02": {
      "monthly_PRENEI_Q": 0.0,
      "monthly_PRELIQ_Q": 80.1,
      "monthly_PE_Q": 56.6
    },
    "2024-03": {
      "monthly_PRENEI_Q": 0.0,
      "monthly_PRELIQ_Q": 71.4,
      "monthly_PE_Q": 19.7
    },
    "2024-04": {
      "monthly_PRENEI_Q": 0.0,
      "monthly_PRELIQ_Q": 37.9,
      "monthly_PE_Q": -30.9
    },
    "2024-05": {
      "monthly_PRENEI_Q": 0.0,
      "monthly_PRELIQ_Q": 90.4,
      "monthly_PE_Q": 15.399999999999999
    },
    "2024-06": {
      "monthly_PRENEI_Q": 0.0,
      "monthly_PRELIQ_Q": 68.8,
      "monthly_PE_Q": -12.000000000000002
    },
    "2024-07": {
      "monthly_PRENEI_Q": 0.0,
      "monthly_PRELIQ_Q": 34.3,
      "monthly_PE_Q": -39.0
    },
    "2024-08": {
      "monthly_PRENEI_Q": 0.0,
      "monthly_PRELIQ_Q": 34.199999999999996,
      "monthly_PE_Q": -10.599999999999998
    },
    "2024-09": {
      "monthly_PRENEI_Q": 0.0,
      "monthly_PRELIQ_Q": 49.300000000000004,
      "monthly_PE_Q": 7.1
    },
    "2024-10": {
      "monthly_PRENEI_Q": 0.0,
      "monthly_PRELIQ_Q": 85.1,
      "monthly_PE_Q": 52.20000000000001
    },
    "2024-11": {
      "monthly_PRENEI_Q": 0.0,
      "monthly_PRELIQ_Q": 32.1,
      "monthly_PE_Q": 9.099999999999998
    },
    "2024-12": {
      "monthly_PRENEI_Q": 0.0,
      "monthly_PRELIQ_Q": 40.5,
      "monthly_PE_Q": 27.7
    }
  }
}