{
  "years": {
    "2024": {
      "annual_PRENEI_Q": 2.4,
      "annual_PRELIQ_Q": 773.5,
      "annual_PE_Q": 177.7
    }
  },
  "months": {
    "2024-01": {
      "monthly_PRENEI_Q": 2.2,
      "monthly_PRELIQ_Q": 23.8,
      "monthly_PE_Q": 12.299999999999999
    },
    "2024-02": {
      "monthly_PRENEI_Q": 0.0,
      "monthly_PRELIQ_Q": 95.3,
      "monthly_PE_Q": 72.9
    },
    "2024-03": {
      "monthly_PRENEI_Q": 0.0,
      "monthly_PRELIQ_Q": 88.3,
      "monthly_PE_Q": 37.4
    },
    "2024-04": {
      "monthly_PRENEI_Q": 0.0,
      "monthly_PRELIQ_Q": 52.8,
      "monthly_PE_Q": -25.7
    },
    "2024-05": {
      "monthly_PRENEI_Q": 0.0,
      "monthly_PRELIQ_Q": 120.6,
      "monthly_PE_Q": 30.9
    },
    "2024-06": {
      "monthly_PRENEI_Q": 0.0,
      "monthly_PRELIQ_Q": 74.6,
      "monthly_PE_Q": -25.5
    },
    "2024-07": {
      "monthly_PRENEI_Q": 0.0,
      "monthly_PRELIQ_Q": 24.900000000000002,
      "monthly_PE_Q": -41.5
    },
    "2024-08": {
      "monthly_PRENEI_Q": 0.0,
      "monthly_PRELIQ_Q": 23.400000000000002,
      "monthly_PE_Q": -6.6000000000000005
    },
    "2024-09": {
      "monthly_PRENEI_Q": 0.0,
      "monthly_PRELIQ_Q": 89.89999999999999,
      "monthly_PE_Q": 36.2
    },
    "2024-10": {
      "monthly_PRENEI_Q": 0.0,
      "monthly_PRELIQ_Q": 91.4,
      "monthly_PE_Q": 42.99999999999999
    },
    "2024-11": {
      "monthly_PRENEI_Q": 0.0,
      "monthly_PRELIQ_Q": 43.199999999999996,
      "monthly_PE_Q": 14.4
    },
    "2024-12": {
      "monthly_PRENEI_Q": 0.2,
      "monthly_PRELIQ_Q": 45.300000000000004,
      "monthly_PE_Q": 29.900000000000002
    }
  }
}