{
  "years": {
    "2024": {
      "annual_PRENEI_Q": 1.2000000000000002,
      "annual_PRELIQ_Q": 1146.9,
      "annual_PE_Q": 467.8
    }
  },
  "months": {
    "2024-01": {
      "monthly_PRENEI_Q": 0.5,
      "monthly_PRELIQ_Q": 52.7,
      "monthly_PE_Q": 39.4
    },
    "2024-02": {
      "monthly_PRENEI_Q": 0.2,
      "monthly_PRELIQ_Q": 95.6,
      "monthly_PE_Q": 74.10000000000001
    },
    "2024-03": {
      "monthly_PRENEI_Q": 0.0,
      "monthly_PRELIQ_Q": 160.29999999999998,
      "monthly_PE_Q": 117.1
    },
    "2024-04": {
      "monthly_PRENEI_Q": 0.1,
      "monthly_PRELIQ_Q": 78.8,
      "monthly_PE_Q": -6.400000000000001
    },
    "2024-05": {
      "monthly_PRENEI_Q": 0.0,
      "monthly_PRELIQ_Q": 197.0,
      "monthly_PE_Q": 110.3
    },
    "2024-06": {
      "monthly_PRENEI_Q": 0.0,
      "monthly_PRELIQ_Q": 101.3,
      "monthly_PE_Q": -21.3
    },
    "2024-07": {
      "monthly_PRENEI_Q": 0.0,
      "monthly_PRELIQ_Q": 35.6,
      "monthly_PE_Q": -81.3
    },
    "2024-08": {
      "monthly_PRENEI_Q": 0.0,
      "monthly_PRELIQ_Q": 16.8,
      "monthly_PE_Q": -35.800000000000004
    },
    "2024-09": {
      "monthly_PRENEI_Q": 0.0,
      "monthly_PRELIQ_Q": 139.3,
      "monthly_PE_Q": 81.1
    },
    "2024-10": {
      "monthly_PRENEI_Q": 0.0,
      "monthly_PRELIQ_Q": 148.4,
      "monthly_PE_Q": 106.7
    },
    "2024-11": {
      "monthly_PRENEI_Q": 0.1,
      "monthly_PRELIQ_Q": 62.1,
      "monthly_PE_Q": 38.699999999999996
    },
    "2024-12": {
      "monthly_PRENEI_Q": 0.30000000000000004,
      "monthly_PRELIQ_Q": 59.0,
      "monthly_PE_Q": 45.2
    }
  }
}