{
  "years": {
    "2024": {
      "annual_PRENEI_Q": 6.1,
      "annual_PRELIQ_Q": 1032.5,
      "annual_PE_Q": 533.6999999999999
    }
  },
  "months": {
    "2024-01": {
      "monthly_PRENEI_Q": 0.0,
      "monthly_PRELIQ_Q": 55.8,
      "monthly_PE_Q": 45.2
    },
    "2024-02": {
      "monthly_PRENEI_Q": 0.0,
      "monthly_PRELIQ_Q": 89.9,
      "monthly_PE_Q": 73.89999999999999
    },
    "2024-03": {
      "monthly_PRENEI_Q": 0.0,
      "monthly_PRELIQ_Q": 119.6,
      "monthly_PE_Q": 84.6
    },
    "2024-04": {
      "monthly_PRENEI_Q": 0.0,
      "monthly_PRELIQ_Q": 47.3,
      "monthly_PE_Q": -6.900000000000002
    },
    "2024-05": {
      "monthly_PRENEI_Q": 0.0,
      "monthly_PRELIQ_Q": 127.10000000000001,
      "monthly_PE_Q": 53.6
    },
    "2024-06": {
      "monthly_PRENEI_Q": 0.0,
      "monthly_PRELIQ_Q": 88.8,
      "monthly_PE_Q": 2.7999999999999967
    },
    "2024-07": {
      "monthly_PRENEI_Q": 0.0,
      "monthly_PRELIQ_Q": 28.9,
      "monthly_PE_Q": -42.699999999999996
    },
    "2024-08": {
      "monthly_PRENEI_Q": 0.0,
      "monthly_PRELIQ_Q": 56.1,
      "monthly_PE_Q": -4.000000000000002
    },
    "2024-09": {
      "monthly_PRENEI_Q": 0.0,
      "monthly_PRELIQ_Q": 116.5,
      "monthly_PE_Q": 71.5
    },
    "2024-10": {
      "monthly_PRENEI_Q": 0.0,
      "monthly_PRELIQ_Q": 195.5,
      "monthly_PE_Q": 168.9
    },
    "2024-11": {
      "monthly_PRENEI_Q": 6.1,
      "monthly_PRELIQ_Q": 64.5,
      "monthly_PE_Q": 56.0
    },
    "2024-12": {
      "monthly_PRENEI_Q": 0.0,
      "monthly_PRELIQ_Q": 42.5,
      "monthly_PE_Q": 30.799999999999997
    }
  }
}