{
  "years": {
    "2024": {
      "annual_PRENEI_Q": 7.9,
      "annual_PRELIQ_Q": 920.6,
      "annual_PE_Q": 387.09999999999997
    }
  },
  "months": {
    "2024-01": {
      "monthly_PRENEI_Q": 1.4,
      "monthly_PRELIQ_Q": 46.3,
      "monthly_PE_Q": 38.0
    },
    "2024-02": {
      "monthly_PRENEI_Q": 0.0,
      "monthly_PRELIQ_Q": 60.4,
      "monthly_PE_Q": 44.8
    },
    "2024-03": {
      "monthly_PRENEI_Q": 0.2,
      "monthly_PRELIQ_Q": 92.4,
      "monthly_PE_Q": 54.0
    },
    "2024-04": {
      "monthly_PRENEI_Q": 0.0,
      "monthly_PRELIQ_Q": 63.599999999999994,
      "monthly_PE_Q": 3.6999999999999997
    },
    "2024-05": {
      "monthly_PRENEI_Q": 0.0,
      "monthly_PRELIQ_Q": 88.6,
      "monthly_PE_Q": 16.5
    },
    "2024-06": {
      "monthly_PRENEI_Q": 0.0,
      "monthly_PRELIQ_Q": 87.10000000000001,
      "monthly_PE_Q": -0.600000000000001
    },
    "2024-07": {
      "monthly_PRENEI_Q": 0.0,
      "monthly_PRELIQ_Q": 109.4,
      "monthly_PE_Q": 27.299999999999997
    },
    "2024-08": {
      "monthly_PRENEI_Q": 0.0,
      "monthly_PRELIQ_Q": 50.3,
      "monthly_PE_Q": -24.7
    },
    "2024-09": {
      "monthly_PRENEI_Q": 0.0,
      "monthly_PRELIQ_Q": 113.7,
      "monthly_PE_Q": 66.2
    },
    "2024-10": {
      "monthly_PRENEI_Q": 0.0,
      "monthly_PRELIQ_Q": 131.9,
      "monthly_PE_Q": 103.89999999999999
    },
    "2024-11": {
      "monthly_PRENEI_Q": 6.2,
      "monthly_PRELIQ_Q": 45.8,
      "monthly_PE_Q": 36.900000000000006
    },
    "2024-12": {
      "monthly_PRENEI_Q": 0.1,
      "monthly_PRELIQ_Q": 31.1,
      "monthly_PE_Q": 21.1
    }
  }
}