{
  "years": {
    "2024": {
      "annual_PRENEI_Q": 26.8,
      "annual_PRELIQ_Q": 795.8,
      "annual_PE_Q": 316.1
    }
  },
  "months": {
    "2024-01": {
      "monthly_PRENEI_Q": 12.5,
      "monthly_PRELIQ_Q": 60.0,
      "monthly_PE_Q": 62.099999999999994
    },
    "2024-02": {
      "monthly_PRENEI_Q": 0.0,
      "monthly_PRELIQ_Q": 74.0,
      "monthly_PE_Q": 62.300000000000004
    },
    "2024-03": {
      "monthly_PRENEI_Q": 0.0,
      "monthly_PRELIQ_Q": 57.699999999999996,
      "monthly_PE_Q": 22.299999999999997
    },
    "2024-04": {
      "monthly_PRENEI_Q": 0.0,
      "monthly_PRELIQ_Q": 71.3,
      "monthly_PE_Q": 18.5
    },
    "2024-05": {
      "monthly_PRENEI_Q": 0.0,
      "monthly_PRELIQ_Q": 92.1,
      "monthly_PE_Q": 20.200000000000003
    },
    "2024-06": {
      "monthly_PRENEI_Q": 0.0,
      "monthly_PRELIQ_Q": 43.9,
      "monthly_PE_Q": -33.5
    },
    "2024-07": {
      "monthly_PRENEI_Q": 0.0,
      "monthly_PRELIQ_Q": 80.9,
      "monthly_PE_Q": 4.500000000000001
    },
    "2024-08": {
      "monthly_PRENEI_Q": 0.0,
      "monthly_PRELIQ_Q": 55.5,
      "monthly_PE_Q": -15.100000000000001
    },
    "2024-09": {
      "monthly_PRENEI_Q": 0.0,
      "monthly_PRELIQ_Q": 87.8,
      "monthly_PE_Q": 41.5
    },
    "2024-10": {
      "monthly_PRENEI_Q": 0.0,
      "monthly_PRELIQ_Q": 70.0,
      "monthly_PE_Q": 43.0
    },
    "2024-11": {
      "monthly_PRENEI_Q": 14.3,
      "monthly_PRELIQ_Q": 45.8,
      "monthly_PE_Q": 45.1
    },
    "2024-12": {
      "monthly_PRENEI_Q": 0.0,
      "monthly_PRELIQ_Q": 56.800000000000004,
      "monthly_PE_Q": 45.2
    }
  }
}