{
  "years": {
    "2024": {
      "annual_PRENEI_Q": 175.7,
      "annual_PRELIQ_Q": 850.3,
      "annual_PE_Q": 369.3
    }
  },
  "months": {
    "2024-01": {
      "monthly_PRENEI_Q": 32.6,
      "monthly_PRELIQ_Q": 28.1,
      "monthly_PE_Q": 47.7
    },
    "2024-02": {
      "monthly_PRENEI_Q": 43.7,
      "monthly_PRELIQ_Q": 64.4,
      "monthly_PE_Q": 85.4
    },
    "2024-03": {
      "monthly_PRENEI_Q": 25.2,
      "monthly_PRELIQ_Q": 46.9,
      "monthly_PE_Q": 37.0
    },
    "2024-04": {
      "monthly_PRENEI_Q": 7.0,
      "monthly_PRELIQ_Q": 78.6,
      "monthly_PE_Q": 20.200000000000003
    },
    "2024-05": {
      "monthly_PRENEI_Q": 3.2,
      "monthly_PRELIQ_Q": 112.7,
      "monthly_PE_Q": 32.8
    },
    "2024-06": {
      "monthly_PRENEI_Q": 0.0,
      "monthly_PRELIQ_Q": 66.4,
      "monthly_PE_Q": -42.699999999999996
    },
    "2024-07": {
      "monthly_PRENEI_Q": 0.0,
      "monthly_PRELIQ_Q": 55.4,
      "monthly_PE_Q": -44.3
    },
    "2024-08": {
      "monthly_PRENEI_Q": 0.0,
      "monthly_PRELIQ_Q": 65.3,
      "monthly_PE_Q": -4.900000000000002
    },
    "2024-09": {
      "monthly_PRENEI_Q": 0.1,
      "monthly_PRELIQ_Q": 81.0,
      "monthly_PE_Q": 18.0
    },
    "2024-10": {
      "monthly_PRENEI_Q": 0.0,
      "monthly_PRELIQ_Q": 101.6,
      "monthly_PE_Q": 50.199999999999996
    },
    "2024-11": {
      "monthly_PRENEI_Q": 1.0999999999999999,
      "monthly_PRELIQ_Q": 58.800000000000004,
      "monthly_PE_Q": 32.599999999999994
    },
    "2024-12": {
      "monthly_PRENEI_Q": 62.8,
      "monthly_PRELIQ_Q": 91.10000000000001,
      "monthly_PE_Q": 137.3
    }
  }
}