{
  "years": {
    "2024": {
      "annual_PRENEI_Q": 0.2,
      "annual_PRELIQ_Q": 835.9,
      "annual_PE_Q": 178.6
    }
  },
  "months": {
    "2024-01": {
      "monthly_PRENEI_Q": 0.2,
      "monthly_PRELIQ_Q": 37.4,
      "monthly_PE_Q": 21.0
    },
    "2024-02": {
      "monthly_PRENEI_Q": 0.0,
      "monthly_PRELIQ_Q": 81.5,
      "monthly_PE_Q": 51.8
    },
    "2024-03": {
      "monthly_PRENEI_Q": 0.0,
      "monthly_PRELIQ_Q": 50.5,
      "monthly_PE_Q": 4.1
    },
    "2024-04": {
      "monthly_PRENEI_Q": 0.0,
      "monthly_PRELIQ_Q": 41.5,
      "monthly_PE_Q": -29.200000000000003
    },
    "2024-05": {
      "monthly_PRENEI_Q": 0.0,
      "monthly_PRELIQ_Q": 89.1,
      "monthly_PE_Q": 6.900000000000004
    },
    "2024-06": {
      "monthly_PRENEI_Q": 0.0,
      "monthly_PRELIQ_Q": 61.3,
      "monthly_PE_Q": -20.699999999999996
    },
    "2024-07": {
      "monthly_PRENEI_Q": 0.0,
      "monthly_PRELIQ_Q": 65.1,
      "monthly_PE_Q": -31.199999999999996
    },
    "2024-08": {
      "monthly_PRENEI_Q": 0.0,
      "monthly_PRELIQ_Q": 117.0,
      "monthly_PE_Q": 32.9
    },
    "2024-09": {
      "monthly_PRENEI_Q": 0.0,
      "monthly_PRELIQ_Q": 62.699999999999996,
      "monthly_PE_Q": 2.8999999999999977
    },
    "2024-10": {
      "monthly_PRENEI_Q": 0.0,
      "monthly_PRELIQ_Q": 101.9,
      "monthly_PE_Q": 60.8
    },
    "2024-11": {
      "monthly_PRENEI_Q": 0.0,
      "monthly_PRELIQ_Q": 51.699999999999996,
      "monthly_PE_Q": 27.099999999999998
    },
    "2024-12": {
      "monthly_PRENEI_Q": 0.0,
      "monthly_PRELIQ_Q": 76.2,
      "monthly_PE_Q": 52.2
    }
  }
}