{
  "years": {
    "2024": {
      "annual_PRENEI_Q": 5.8,
      "annual_PRELIQ_Q": 1242.0,
      "annual_PE_Q": 590.2
    }
  },
  "months": {
    "2024-01": {
      "monthly_PRENEI_Q": 1.4000000000000001,
      "monthly_PRELIQ_Q": 54.699999999999996,
      "monthly_PE_Q": 43.0
    },
    "2024-02": {
      "monthly_PRENEI_Q": 0.7,
      "monthly_PRELIQ_Q": 121.5,
      "monthly_PE_Q": 98.8
    },
    "2024-03": {
      "monthly_PRENEI_Q": 0.0,
      "monthly_PRELIQ_Q": 163.70000000000002,
      "monthly_PE_Q": 122.0
    },
    "2024-04": {
      "monthly_PRENEI_Q": 0.0,
      "monthly_PRELIQ_Q": 99.39999999999999,
      "monthly_PE_Q": 16.299999999999997
    },
    "2024-05": {
      "monthly_PRENEI_Q": 0.0,
      "monthly_PRELIQ_Q": 185.8,
      "monthly_PE_Q": 107.6
    },
    "2024-06": {
      "monthly_PRENEI_Q": 0.0,
      "monthly_PRELIQ_Q": 106.2,
      "monthly_PE_Q": -1.8000000000000005
    },
    "2024-07": {
      "monthly_PRENEI_Q": 0.0,
      "monthly_PRELIQ_Q": 51.7,
      "monthly_PE_Q": -65.5
    },
    "2024-08": {
      "monthly_PRENEI_Q": 0.0,
      "monthly_PRELIQ_Q": 11.4,
      "monthly_PE_Q": -48.9
    },
    "2024-09": {
      "monthly_PRENEI_Q": 0.0,
      "monthly_PRELIQ_Q": 160.9,
      "monthly_PE_Q": 107.2
    },
    "2024-10": {
      "monthly_PRENEI_Q": 0.0,
      "monthly_PRELIQ_Q": 151.7,
      "monthly_PE_Q": 110.9
    },
    "2024-11": {
      "monthly_PRENEI_Q": 0.0,
      "monthly_PRELIQ_Q": 65.60000000000001,
      "monthly_PE_Q": 40.0
    },
    "2024-12": {
      "monthly_PRENEI_Q": 3.7,
      "monthly_PRELIQ_Q": 69.39999999999999,
      "monthly_PE_Q": 60.6
    }
  }
}