{
  "years": {
    "2024": {
      "annual_PRENEI_Q": 5.1,
      "annual_PRELIQ_Q": 1219.6,
      "annual_PE_Q": 585.0
    }
  },
  "months": {
    "2024-01": {
      "monthly_PRENEI_Q": 1.3,
      "monthly_PRELIQ_Q": 53.800000000000004,
      "monthly_PE_Q": 40.6
    },
    "2024-02": {
      "monthly_PRENEI_Q": 0.4,
      "monthly_PRELIQ_Q": 119.4,
      "monthly_PE_Q": 95.6
    },
    "2024-03": {
      "monthly_PRENEI_Q": 0.0,
      "monthly_PRELIQ_Q": 160.6,
      "monthly_PE_Q": 118.9
    },
    "2024-04": {
      "monthly_PRENEI_Q": 0.0,
      "monthly_PRELIQ_Q": 97.6,
      "monthly_PE_Q": 16.900000000000006
    },
    "2024-05": {
      "monthly_PRENEI_Q": 0.0,
      "monthly_PRELIQ_Q": 182.29999999999998,
      "monthly_PE_Q": 106.5
    },
    "2024-06": {
      "monthly_PRENEI_Q": 0.0,
      "monthly_PRELIQ_Q": 104.3,
      "monthly_PE_Q": -0.19999999999999973
    },
    "2024-07": {
      "monthly_PRENEI_Q": 0.0,
      "monthly_PRELIQ_Q": 50.8,
      "monthly_PE_Q": -61.2
    },
    "2024-08": {
      "monthly_PRENEI_Q": 0.0,
      "monthly_PRELIQ_Q": 11.2,
      "monthly_PE_Q": -44.1
    },
    "2024-09": {
      "monthly_PRENEI_Q": 0.0,
      "monthly_PRELIQ_Q": 158.1,
      "monthly_PE_Q": 106.2
    },
    "2024-10": {
      "monthly_PRENEI_Q": 0.0,
      "monthly_PRELIQ_Q": 148.70000000000002,
      "monthly_PE_Q": 108.10000000000001
    },
    "2024-11": {
      "monthly_PRENEI_Q": 0.0,
      "monthly_PRELIQ_Q": 64.5,
      "monthly_PE_Q": 39.1
    },
    "2024-12": {
      "monthly_PRENEI_Q": 3.4000000000000004,
      "monthly_PRELIQ_Q": 68.3,
      "monthly_PE_Q": 58.6
    }
  }
}