{
  "years": {
    "2024": {
      "annual_PRENEI_Q": 6.1,
      "annual_PRELIQ_Q": 1249.9,
      "annual_PE_Q": 621.1
    }
  },
  "months": {
    "2024-01": {
      "monthly_PRENEI_Q": 1.5,
      "monthly_PRELIQ_Q": 55.0,
      "monthly_PE_Q": 42.6
    },
    "2024-02": {
      "monthly_PRENEI_Q": 0.8,
      "monthly_PRELIQ_Q": 122.0,
      "monthly_PE_Q": 99.1
    },
    "2024-03": {
      "monthly_PRENEI_Q": 0.0,
      "monthly_PRELIQ_Q": 164.9,
      "monthly_PE_Q": 124.1
    },
    "2024-04": {
      "monthly_PRENEI_Q": 0.0,
      "monthly_PRELIQ_Q": 100.1,
      "monthly_PE_Q": 21.999999999999996
    },
    "2024-05": {
      "monthly_PRENEI_Q": 0.0,
      "monthly_PRELIQ_Q": 186.7,
      "monthly_PE_Q": 111.5
    },
    "2024-06": {
      "monthly_PRENEI_Q": 0.0,
      "monthly_PRELIQ_Q": 107.0,
      "monthly_PE_Q": 3.3999999999999977
    },
    "2024-07": {
      "monthly_PRENEI_Q": 0.0,
      "monthly_PRELIQ_Q": 52.1,
      "monthly_PE_Q": -60.1
    },
    "2024-08": {
      "monthly_PRENEI_Q": 0.0,
      "monthly_PRELIQ_Q": 11.4,
      "monthly_PE_Q": -46.7
    },
    "2024-09": {
      "monthly_PRENEI_Q": 0.0,
      "monthly_PRELIQ_Q": 162.2,
      "monthly_PE_Q": 110.4
    },
    "2024-10": {
      "monthly_PRENEI_Q": 0.0,
      "monthly_PRELIQ_Q": 152.6,
      "monthly_PE_Q": 113.10000000000001
    },
    "2024-11": {
      "monthly_PRENEI_Q": 0.0,
      "monthly_PRELIQ_Q": 66.10000000000001,
      "monthly_PE_Q": 40.900000000000006
    },
    "2024-12": {
      "monthly_PRENEI_Q": 3.8000000000000003,
      "monthly_PRELIQ_Q": 69.8,
      "monthly_PE_Q": 60.800000000000004
    }
  }
}