{
  "years": {
    "2024": {
      "annual_PRENEI_Q": 2.5,
      "annual_PRELIQ_Q": 1291.7,
      "annual_PE_Q": 572.7
    }
  },
  "months": {
    "2024-01": {
      "monthly_PRENEI_Q": 0.9,
      "monthly_PRELIQ_Q": 69.7,
      "monthly_PE_Q": 54.0
    },
    "2024-02": {
      "monthly_PRENEI_Q": 1.2000000000000002,
      "monthly_PRELIQ_Q": 96.3,
      "monthly_PE_Q": 74.7
    },
    "2024-03": {
      "monthly_PRENEI_Q": 0.0,
      "monthly_PRELIQ_Q": 148.1,
      "monthly_PE_Q": 96.39999999999999
    },
    "2024-04": {
      "monthly_PRENEI_Q": 0.0,
      "monthly_PRELIQ_Q": 91.3,
      "monthly_PE_Q": 6.199999999999999
    },
    "2024-05": {
      "monthly_PRENEI_Q": 0.0,
      "monthly_PRELIQ_Q": 195.0,
      "monthly_PE_Q": 107.2
    },
    "2024-06": {
      "monthly_PRENEI_Q": 0.0,
      "monthly_PRELIQ_Q": 130.5,
      "monthly_PE_Q": 7.799999999999997
    },
    "2024-07": {
      "monthly_PRENEI_Q": 0.0,
      "monthly_PRELIQ_Q": 54.300000000000004,
      "monthly_PE_Q": -71.1
    },
    "2024-08": {
      "monthly_PRENEI_Q": 0.0,
      "monthly_PRELIQ_Q": 20.900000000000002,
      "monthly_PE_Q": -40.1
    },
    "2024-09": {
      "monthly_PRENEI_Q": 0.0,
      "monthly_PRELIQ_Q": 156.2,
      "monthly_PE_Q": 97.7
    },
    "2024-10": {
      "monthly_PRENEI_Q": 0.0,
      "monthly_PRELIQ_Q": 169.6,
      "monthly_PE_Q": 123.4
    },
    "2024-11": {
      "monthly_PRENEI_Q": 0.1,
      "monthly_PRELIQ_Q": 66.5,
      "monthly_PE_Q": 39.6
    },
    "2024-12": {
      "monthly_PRENEI_Q": 0.30000000000000004,
      "monthly_PRELIQ_Q": 93.3,
      "monthly_PE_Q": 76.89999999999999
    }
  }
}