{
  "years": {
    "2024": {
      "annual_PRENEI_Q": 1.5000000000000002,
      "annual_PRELIQ_Q": 991.7,
      "annual_PE_Q": 439.4
    }
  },
  "months": {
    "2024-01": {
      "monthly_PRENEI_Q": 1.5000000000000002,
      "monthly_PRELIQ_Q": 41.699999999999996,
      "monthly_PE_Q": 27.599999999999998
    },
    "2024-02": {
      "monthly_PRENEI_Q": 0.0,
      "monthly_PRELIQ_Q": 72.10000000000001,
      "monthly_PE_Q": 55.6
    },
    "2024-03": {
      "monthly_PRENEI_Q": 0.0,
      "monthly_PRELIQ_Q": 117.0,
      "monthly_PE_Q": 78.2
    },
    "2024-04": {
      "monthly_PRENEI_Q": 0.0,
      "monthly_PRELIQ_Q": 67.4,
      "monthly_PE_Q": 4.600000000000001
    },
    "2024-05": {
      "monthly_PRENEI_Q": 0.0,
      "monthly_PRELIQ_Q": 136.1,
      "monthly_PE_Q": 67.1
    },
    "2024-06": {
      "monthly_PRENEI_Q": 0.0,
      "monthly_PRELIQ_Q": 121.10000000000001,
      "monthly_PE_Q": 27.699999999999996
    },
    "2024-07": {
      "monthly_PRENEI_Q": 0.0,
      "monthly_PRELIQ_Q": 40.4,
      "monthly_PE_Q": -55.8
    },
    "2024-08": {
      "monthly_PRENEI_Q": 0.0,
      "monthly_PRELIQ_Q": 15.0,
      "monthly_PE_Q": -38.2
    },
    "2024-09": {
      "monthly_PRENEI_Q": 0.0,
      "monthly_PRELIQ_Q": 146.0,
      "monthly_PE_Q": 98.2
    },
    "2024-10": {
      "monthly_PRENEI_Q": 0.0,
      "monthly_PRELIQ_Q": 123.7,
      "monthly_PE_Q": 93.7
    },
    "2024-11": {
      "monthly_PRENEI_Q": 0.0,
      "monthly_PRELIQ_Q": 61.1,
      "monthly_PE_Q": 42.89999999999999
    },
    "2024-12": {
      "monthly_PRENEI_Q": 0.0,
      "monthly_PRELIQ_Q": 50.1,
      "monthly_PE_Q": 37.8
    }
  }
}