{
  "years": {
    "2024": {
      "annual_PRENEI_Q": 4.5,
      "annual_PRELIQ_Q": 949.2,
      "annual_PE_Q": 433.8
    }
  },
  "months": {
    "2024-01": {
      "monthly_PRENEI_Q": 0.0,
      "monthly_PRELIQ_Q": 51.4,
      "monthly_PE_Q": 39.3
    },
    "2024-02": {
      "monthly_PRENEI_Q": 0.0,
      "monthly_PRELIQ_Q": 67.3,
      "monthly_PE_Q": 48.800000000000004
    },
    "2024-03": {
      "monthly_PRENEI_Q": 0.0,
      "monthly_PRELIQ_Q": 89.4,
      "monthly_PE_Q": 52.1
    },
    "2024-04": {
      "monthly_PRENEI_Q": 0.0,
      "monthly_PRELIQ_Q": 57.4,
      "monthly_PE_Q": -1.9999999999999987
    },
    "2024-05": {
      "monthly_PRENEI_Q": 0.0,
      "monthly_PRELIQ_Q": 118.39999999999999,
      "monthly_PE_Q": 47.0
    },
    "2024-06": {
      "monthly_PRENEI_Q": 0.0,
      "monthly_PRELIQ_Q": 76.0,
      "monthly_PE_Q": -10.699999999999996
    },
    "2024-07": {
      "monthly_PRENEI_Q": 0.0,
      "monthly_PRELIQ_Q": 67.4,
      "monthly_PE_Q": -3.1999999999999984
    },
    "2024-08": {
      "monthly_PRENEI_Q": 0.0,
      "monthly_PRELIQ_Q": 60.8,
      "monthly_PE_Q": 5.199999999999996
    },
    "2024-09": {
      "monthly_PRENEI_Q": 0.0,
      "monthly_PRELIQ_Q": 127.10000000000001,
      "monthly_PE_Q": 77.4
    },
    "2024-10": {
      "monthly_PRENEI_Q": 0.0,
      "monthly_PRELIQ_Q": 143.9,
      "monthly_PE_Q": 115.0
    },
    "2024-11": {
      "monthly_PRENEI_Q": 4.5,
      "monthly_PRELIQ_Q": 53.699999999999996,
      "monthly_PE_Q": 41.3
    },
    "2024-12": {
      "monthly_PRENEI_Q": 0.0,
      "monthly_PRELIQ_Q": 36.4,
      "monthly_PE_Q": 23.6
    }
  }
}