{
  "years": {
    "2024": {
      "annual_PRENEI_Q": 18.0,
      "annual_PRELIQ_Q": 845.7,
      "annual_PE_Q": 397.09999999999997
    }
  },
  "months": {
    "2024-01": {
      "monthly_PRENEI_Q": 10.8,
      "monthly_PRELIQ_Q": 48.1,
      "monthly_PE_Q": 53.3
    },
    "2024-02": {
      "monthly_PRENEI_Q": 0.0,
      "monthly_PRELIQ_Q": 72.0,
      "monthly_PE_Q": 59.6
    },
    "2024-03": {
      "monthly_PRENEI_Q": 0.1,
      "monthly_PRELIQ_Q": 82.4,
      "monthly_PE_Q": 50.0
    },
    "2024-04": {
      "monthly_PRENEI_Q": 0.0,
      "monthly_PRELIQ_Q": 60.5,
      "monthly_PE_Q": 5.700000000000001
    },
    "2024-05": {
      "monthly_PRENEI_Q": 0.0,
      "monthly_PRELIQ_Q": 103.3,
      "monthly_PE_Q": 37.199999999999996
    },
    "2024-06": {
      "monthly_PRENEI_Q": 0.0,
      "monthly_PRELIQ_Q": 64.1,
      "monthly_PE_Q": -15.099999999999998
    },
    "2024-07": {
      "monthly_PRENEI_Q": 0.0,
      "monthly_PRELIQ_Q": 62.300000000000004,
      "monthly_PE_Q": -15.299999999999997
    },
    "2024-08": {
      "monthly_PRENEI_Q": 0.0,
      "monthly_PRELIQ_Q": 41.699999999999996,
      "monthly_PE_Q": -10.100000000000001
    },
    "2024-09": {
      "monthly_PRENEI_Q": 0.0,
      "monthly_PRELIQ_Q": 112.5,
      "monthly_PE_Q": 71.2
    },
    "2024-10": {
      "monthly_PRENEI_Q": 0.0,
      "monthly_PRELIQ_Q": 120.0,
      "monthly_PE_Q": 94.9
    },
    "2024-11": {
      "monthly_PRENEI_Q": 7.0,
      "monthly_PRELIQ_Q": 43.5,
      "monthly_PE_Q": 38.599999999999994
    },
    "2024-12": {
      "monthly_PRENEI_Q": 0.1,
      "monthly_PRELIQ_Q": 35.3,
      "monthly_PE_Q": 27.1
    }
  }
}