{
  "years": {
    "2024": {
      "annual_PRENEI_Q": 21.2,
      "annual_PRELIQ_Q": 755.9,
      "annual_PE_Q": 280.8
    }
  },
  "months": {
    "2024-01": {
      "monthly_PRENEI_Q": 14.799999999999999,
      "monthly_PRELIQ_Q": 50.8,
      "monthly_PE_Q": 52.699999999999996
    },
    "2024-02": {
      "monthly_PRENEI_Q": 0.0,
      "monthly_PRELIQ_Q": 62.0,
      "monthly_PE_Q": 45.3
    },
    "2024-03": {
      "monthly_PRENEI_Q": 0.0,
      "monthly_PRELIQ_Q": 67.4,
      "monthly_PE_Q": 32.5
    },
    "2024-04": {
      "monthly_PRENEI_Q": 0.0,
      "monthly_PRELIQ_Q": 60.8,
      "monthly_PE_Q": 6.500000000000001
    },
    "2024-05": {
      "monthly_PRENEI_Q": 0.0,
      "monthly_PRELIQ_Q": 125.9,
      "monthly_PE_Q": 57.3
    },
    "2024-06": {
      "monthly_PRENEI_Q": 0.0,
      "monthly_PRELIQ_Q": 48.400000000000006,
      "monthly_PE_Q": -31.299999999999997
    },
    "2024-07": {
      "monthly_PRENEI_Q": 0.0,
      "monthly_PRELIQ_Q": 61.1,
      "monthly_PE_Q": -11.799999999999999
    },
    "2024-08": {
      "monthly_PRENEI_Q": 0.0,
      "monthly_PRELIQ_Q": 46.800000000000004,
      "monthly_PE_Q": -13.699999999999996
    },
    "2024-09": {
      "monthly_PRENEI_Q": 0.0,
      "monthly_PRELIQ_Q": 69.8,
      "monthly_PE_Q": 28.2
    },
    "2024-10": {
      "monthly_PRENEI_Q": 0.0,
      "monthly_PRELIQ_Q": 88.10000000000001,
      "monthly_PE_Q": 62.1
    },
    "2024-11": {
      "monthly_PRENEI_Q": 6.3,
      "monthly_PRELIQ_Q": 38.6,
      "monthly_PE_Q": 30.5
    },
    "2024-12": {
      "monthly_PRENEI_Q": 0.1,
      "monthly_PRELIQ_Q": 36.2,
      "monthly_PE_Q": 22.5
    }
  }
}