{
  "years": {
    "2024": {
      "annual_PRENEI_Q": 423.20000000000005,
      "annual_PRELIQ_Q": 780.9,
      "annual_PE_Q": 589.0
    }
  },
  "months": {
    "2024-01": {
      "monthly_PRENEI_Q": 57.9,
      "monthly_PRELIQ_Q": 13.200000000000001,
      "monthly_PE_Q": 63.400000000000006
    },
    "2024-02": {
      "monthly_PRENEI_Q": 102.3,
      "monthly_PRELIQ_Q": 24.6,
      "monthly_PE_Q": 111.9
    },
    "2024-03": {
      "monthly_PRENEI_Q": 55.8,
      "monthly_PRELIQ_Q": 29.1,
      "monthly_PE_Q": 65.60000000000001
    },
    "2024-04": {
      "monthly_PRENEI_Q": 37.400000000000006,
      "monthly_PRELIQ_Q": 63.0,
      "monthly_PE_Q": 48.1
    },
    "2024-05": {
      "monthly_PRENEI_Q": 18.4,
      "monthly_PRELIQ_Q": 118.2,
      "monthly_PE_Q": 62.4
    },
    "2024-06": {
      "monthly_PRENEI_Q": 0.0,
      "monthly_PRELIQ_Q": 77.60000000000001,
      "monthly_PE_Q": -28.8
    },
    "2024-07": {
      "monthly_PRENEI_Q": 0.0,
      "monthly_PRELIQ_Q": 65.4,
      "monthly_PE_Q": -43.2
    },
    "2024-08": {
      "monthly_PRENEI_Q": 0.0,
      "monthly_PRELIQ_Q": 77.2,
      "monthly_PE_Q": -2.400000000000002
    },
    "2024-09": {
      "monthly_PRENEI_Q": 1.7000000000000002,
      "monthly_PRELIQ_Q": 93.0,
      "monthly_PE_Q": 31.200000000000003
    },
    "2024-10": {
      "monthly_PRENEI_Q": 3.7,
      "monthly_PRELIQ_Q": 115.5,
      "monthly_PE_Q": 65.0
    },
    "2024-11": {
      "monthly_PRENEI_Q": 8.3,
      "monthly_PRELIQ_Q": 61.7,
      "monthly_PE_Q": 43.0
    },
    "2024-12": {
      "monthly_PRENEI_Q": 137.70000000000002,
      "monthly_PRELIQ_Q": 42.4,
      "monthly_PE_Q": 172.8
    }
  }
}