{
  "years": {
    "2024": {
      "annual_PRENEI_Q": 5.2,
      "annual_PRELIQ_Q": 769.5,
      "annual_PE_Q": 132.0
    }
  },
  "months": {
    "2024-01": {
      "monthly_PRENEI_Q": 5.2,
      "monthly_PRELIQ_Q": 25.3,
      "monthly_PE_Q": 10.5
    },
    "2024-02": {
      "monthly_PRENEI_Q": 0.0,
      "monthly_PRELIQ_Q": 86.2,
      "monthly_PE_Q": 55.8
    },
    "2024-03": {
      "monthly_PRENEI_Q": 0.0,
      "monthly_PRELIQ_Q": 61.800000000000004,
      "monthly_PE_Q": 5.999999999999998
    },
    "2024-04": {
      "monthly_PRENEI_Q": 0.0,
      "monthly_PRELIQ_Q": 61.5,
      "monthly_PE_Q": -13.5
    },
    "2024-05": {
      "monthly_PRENEI_Q": 0.0,
      "monthly_PRELIQ_Q": 115.0,
      "monthly_PE_Q": 30.500000000000004
    },
    "2024-06": {
      "monthly_PRENEI_Q": 0.0,
      "monthly_PRELIQ_Q": 82.9,
      "monthly_PE_Q": -7.4
    },
    "2024-07": {
      "monthly_PRENEI_Q": 0.0,
      "monthly_PRELIQ_Q": 55.5,
      "monthly_PE_Q": -37.300000000000004
    },
    "2024-08": {
      "monthly_PRENEI_Q": 0.0,
      "monthly_PRELIQ_Q": 39.0,
      "monthly_PE_Q": -13.600000000000001
    },
    "2024-09": {
      "monthly_PRENEI_Q": 0.0,
      "monthly_PRELIQ_Q": 66.4,
      "monthly_PE_Q": 12.400000000000002
    },
    "2024-10": {
      "monthly_PRENEI_Q": 0.0,
      "monthly_PRELIQ_Q": 99.5,
      "monthly_PE_Q": 58.199999999999996
    },
    "2024-11": {
      "monthly_PRENEI_Q": 0.0,
      "monthly_PRELIQ_Q": 35.699999999999996,
      "monthly_PE_Q": 4.1
    },
    "2024-12": {
      "monthly_PRENEI_Q": 0.0,
      "monthly_PRELIQ_Q": 40.7,
      "monthly_PE_Q": 26.3
    }
  }
}