{
  "years": {
    "2024": {
      "annual_PRENEI_Q": 5.8999999999999995,
      "annual_PRELIQ_Q": 915.6,
      "annual_PE_Q": 210.3
    }
  },
  "months": {
    "2024-01": {
      "monthly_PRENEI_Q": 5.199999999999999,
      "monthly_PRELIQ_Q": 31.7,
      "monthly_PE_Q": 18.2
    },
    "2024-02": {
      "monthly_PRENEI_Q": 0.0,
      "monthly_PRELIQ_Q": 87.10000000000001,
      "monthly_PE_Q": 58.0
    },
    "2024-03": {
      "monthly_PRENEI_Q": 0.0,
      "monthly_PRELIQ_Q": 78.5,
      "monthly_PE_Q": 23.900000000000002
    },
    "2024-04": {
      "monthly_PRENEI_Q": 0.1,
      "monthly_PRELIQ_Q": 84.4,
      "monthly_PE_Q": 5.900000000000001
    },
    "2024-05": {
      "monthly_PRENEI_Q": 0.0,
      "monthly_PRELIQ_Q": 128.5,
      "monthly_PE_Q": 41.6
    },
    "2024-06": {
      "monthly_PRENEI_Q": 0.0,
      "monthly_PRELIQ_Q": 88.3,
      "monthly_PE_Q": -16.599999999999998
    },
    "2024-07": {
      "monthly_PRENEI_Q": 0.0,
      "monthly_PRELIQ_Q": 81.7,
      "monthly_PE_Q": -37.89999999999999
    },
    "2024-08": {
      "monthly_PRENEI_Q": 0.0,
      "monthly_PRELIQ_Q": 41.5,
      "monthly_PE_Q": -23.3
    },
    "2024-09": {
      "monthly_PRENEI_Q": 0.0,
      "monthly_PRELIQ_Q": 91.0,
      "monthly_PE_Q": 34.0
    },
    "2024-10": {
      "monthly_PRENEI_Q": 0.0,
      "monthly_PRELIQ_Q": 107.2,
      "monthly_PE_Q": 60.3
    },
    "2024-11": {
      "monthly_PRENEI_Q": 0.1,
      "monthly_PRELIQ_Q": 47.3,
      "monthly_PE_Q": 14.900000000000002
    },
    "2024-12": {
      "monthly_PRENEI_Q": 0.5,
      "monthly_PRELIQ_Q": 48.4,
      "monthly_PE_Q": 31.3
    }
  }
}