{
  "years": {
    "2024": {
      "annual_PRENEI_Q": 3.0,
      "annual_PRELIQ_Q": 836.4,
      "annual_PE_Q": 177.09999999999997
    }
  },
  "months": {
    "2024-01": {
      "monthly_PRENEI_Q": 2.7,
      "monthly_PRELIQ_Q": 23.400000000000002,
      "monthly_PE_Q": 9.4
    },
    "2024-02": {
      "monthly_PRENEI_Q": 0.0,
      "monthly_PRELIQ_Q": 78.4,
      "monthly_PE_Q": 53.099999999999994
    },
    "2024-03": {
      "monthly_PRENEI_Q": 0.0,
      "monthly_PRELIQ_Q": 72.5,
      "monthly_PE_Q": 20.700000000000003
    },
    "2024-04": {
      "monthly_PRENEI_Q": 0.0,
      "monthly_PRELIQ_Q": 61.9,
      "monthly_PE_Q": -14.7
    },
    "2024-05": {
      "monthly_PRENEI_Q": 0.0,
      "monthly_PRELIQ_Q": 115.5,
      "monthly_PE_Q": 30.5
    },
    "2024-06": {
      "monthly_PRENEI_Q": 0.0,
      "monthly_PRELIQ_Q": 108.7,
      "monthly_PE_Q": 0.8999999999999995
    },
    "2024-07": {
      "monthly_PRENEI_Q": 0.0,
      "monthly_PRELIQ_Q": 37.1,
      "monthly_PE_Q": -61.9
    },
    "2024-08": {
      "monthly_PRENEI_Q": 0.0,
      "monthly_PRELIQ_Q": 24.1,
      "monthly_PE_Q": -22.2
    },
    "2024-09": {
      "monthly_PRENEI_Q": 0.0,
      "monthly_PRELIQ_Q": 103.10000000000001,
      "monthly_PE_Q": 46.099999999999994
    },
    "2024-10": {
      "monthly_PRENEI_Q": 0.0,
      "monthly_PRELIQ_Q": 113.7,
      "monthly_PE_Q": 66.2
    },
    "2024-11": {
      "monthly_PRENEI_Q": 0.0,
      "monthly_PRELIQ_Q": 49.8,
      "monthly_PE_Q": 18.0
    },
    "2024-12": {
      "monthly_PRENEI_Q": 0.30000000000000004,
      "monthly_PRELIQ_Q": 48.2,
      "monthly_PE_Q": 31.0
    }
  }
}