{
  "years": {
    "2024": {
      "annual_PRENEI_Q": 4.1000000000000005,
      "annual_PRELIQ_Q": 1528.2,
      "annual_PE_Q": 861.7
    }
  },
  "months": {
    "2024-01": {
      "monthly_PRENEI_Q": 3.4,
      "monthly_PRELIQ_Q": 94.7,
      "monthly_PE_Q": 86.2
    },
    "2024-02": {
      "monthly_PRENEI_Q": 0.0,
      "monthly_PRELIQ_Q": 151.0,
      "monthly_PE_Q": 130.4
    },
    "2024-03": {
      "monthly_PRENEI_Q": 0.0,
      "monthly_PRELIQ_Q": 155.2,
      "monthly_PE_Q": 110.7
    },
    "2024-04": {
      "monthly_PRENEI_Q": 0.0,
      "monthly_PRELIQ_Q": 126.6,
      "monthly_PE_Q": 47.0
    },
    "2024-05": {
      "monthly_PRENEI_Q": 0.0,
      "monthly_PRELIQ_Q": 220.20000000000002,
      "monthly_PE_Q": 141.3
    },
    "2024-06": {
      "monthly_PRENEI_Q": 0.0,
      "monthly_PRELIQ_Q": 135.70000000000002,
      "monthly_PE_Q": 29.300000000000004
    },
    "2024-07": {
      "monthly_PRENEI_Q": 0.0,
      "monthly_PRELIQ_Q": 50.0,
      "monthly_PE_Q": -66.4
    },
    "2024-08": {
      "monthly_PRENEI_Q": 0.0,
      "monthly_PRELIQ_Q": 23.099999999999998,
      "monthly_PE_Q": -47.3
    },
    "2024-09": {
      "monthly_PRENEI_Q": 0.0,
      "monthly_PRELIQ_Q": 198.4,
      "monthly_PE_Q": 140.8
    },
    "2024-10": {
      "monthly_PRENEI_Q": 0.0,
      "monthly_PRELIQ_Q": 178.2,
      "monthly_PE_Q": 133.6
    },
    "2024-11": {
      "monthly_PRENEI_Q": 0.0,
      "monthly_PRELIQ_Q": 94.0,
      "monthly_PE_Q": 68.10000000000001
    },
    "2024-12": {
      "monthly_PRENEI_Q": 0.7000000000000001,
      "monthly_PRELIQ_Q": 101.1,
      "monthly_PE_Q": 88.0
    }
  }
}