{
  "years": {
    "2024": {
      "annual_PRENEI_Q": 4.1000000000000005,
      "annual_PRELIQ_Q": 1569.2,
      "annual_PE_Q": 890.3000000000001
    }
  },
  "months": {
    "2024-01": {
      "monthly_PRENEI_Q": 3.4000000000000004,
      "monthly_PRELIQ_Q": 97.4,
      "monthly_PE_Q": 89.10000000000001
    },
    "2024-02": {
      "monthly_PRENEI_Q": 0.0,
      "monthly_PRELIQ_Q": 154.9,
      "monthly_PE_Q": 134.0
    },
    "2024-03": {
      "monthly_PRENEI_Q": 0.0,
      "monthly_PRELIQ_Q": 159.3,
      "monthly_PE_Q": 113.2
    },
    "2024-04": {
      "monthly_PRENEI_Q": 0.0,
      "monthly_PRELIQ_Q": 129.7,
      "monthly_PE_Q": 47.400000000000006
    },
    "2024-05": {
      "monthly_PRENEI_Q": 0.0,
      "monthly_PRELIQ_Q": 226.0,
      "monthly_PE_Q": 144.9
    },
    "2024-06": {
      "monthly_PRENEI_Q": 0.0,
      "monthly_PRELIQ_Q": 139.7,
      "monthly_PE_Q": 30.800000000000004
    },
    "2024-07": {
      "monthly_PRENEI_Q": 0.0,
      "monthly_PRELIQ_Q": 51.3,
      "monthly_PE_Q": -68.0
    },
    "2024-08": {
      "monthly_PRENEI_Q": 0.0,
      "monthly_PRELIQ_Q": 23.7,
      "monthly_PE_Q": -43.6
    },
    "2024-09": {
      "monthly_PRENEI_Q": 0.0,
      "monthly_PRELIQ_Q": 203.6,
      "monthly_PE_Q": 143.6
    },
    "2024-10": {
      "monthly_PRENEI_Q": 0.0,
      "monthly_PRELIQ_Q": 183.3,
      "monthly_PE_Q": 137.8
    },
    "2024-11": {
      "monthly_PRENEI_Q": 0.0,
      "monthly_PRELIQ_Q": 96.39999999999999,
      "monthly_PE_Q": 70.60000000000001
    },
    "2024-12": {
      "monthly_PRENEI_Q": 0.7000000000000001,
      "monthly_PRELIQ_Q": 103.89999999999999,
      "monthly_PE_Q": 90.5
    }
  }
}