{
  "years": {
    "2024": {
      "annual_PRENEI_Q": 6.6,
      "annual_PRELIQ_Q": 1541.0,
      "annual_PE_Q": 809.5
    }
  },
  "months": {
    "2024-01": {
      "monthly_PRENEI_Q": 2.1999999999999997,
      "monthly_PRELIQ_Q": 78.3,
      "monthly_PE_Q": 63.0
    },
    "2024-02": {
      "monthly_PRENEI_Q": 0.4,
      "monthly_PRELIQ_Q": 154.0,
      "monthly_PE_Q": 128.29999999999998
    },
    "2024-03": {
      "monthly_PRENEI_Q": 0.0,
      "monthly_PRELIQ_Q": 164.8,
      "monthly_PE_Q": 116.3
    },
    "2024-04": {
      "monthly_PRENEI_Q": 0.0,
      "monthly_PRELIQ_Q": 119.80000000000001,
      "monthly_PE_Q": 32.8
    },
    "2024-05": {
      "monthly_PRENEI_Q": 0.0,
      "monthly_PRELIQ_Q": 208.8,
      "monthly_PE_Q": 122.5
    },
    "2024-06": {
      "monthly_PRENEI_Q": 0.0,
      "monthly_PRELIQ_Q": 146.3,
      "monthly_PE_Q": 31.400000000000002
    },
    "2024-07": {
      "monthly_PRENEI_Q": 0.0,
      "monthly_PRELIQ_Q": 57.0,
      "monthly_PE_Q": -71.5
    },
    "2024-08": {
      "monthly_PRENEI_Q": 0.0,
      "monthly_PRELIQ_Q": 25.1,
      "monthly_PE_Q": -50.1
    },
    "2024-09": {
      "monthly_PRENEI_Q": 0.0,
      "monthly_PRELIQ_Q": 184.79999999999998,
      "monthly_PE_Q": 126.2
    },
    "2024-10": {
      "monthly_PRENEI_Q": 0.0,
      "monthly_PRELIQ_Q": 224.4,
      "monthly_PE_Q": 175.9
    },
    "2024-11": {
      "monthly_PRENEI_Q": 0.0,
      "monthly_PRELIQ_Q": 76.10000000000001,
      "monthly_PE_Q": 46.599999999999994
    },
    "2024-12": {
      "monthly_PRENEI_Q": 4.0,
      "monthly_PRELIQ_Q": 101.60000000000001,
      "monthly_PE_Q": 88.10000000000001
    }
  }
}