{
  "years": {
    "2024": {
      "annual_PRENEI_Q": 5.2,
      "annual_PRELIQ_Q": 929.0,
      "annual_PE_Q": 378.8
    }
  },
  "months": {
    "2024-01": {
      "monthly_PRENEI_Q": 0.0,
      "monthly_PRELIQ_Q": 47.3,
      "monthly_PE_Q": 34.0
    },
    "2024-02": {
      "monthly_PRENEI_Q": 0.0,
      "monthly_PRELIQ_Q": 75.7,
      "monthly_PE_Q": 58.1
    },
    "2024-03": {
      "monthly_PRENEI_Q": 0.2,
      "monthly_PRELIQ_Q": 108.5,
      "monthly_PE_Q": 71.4
    },
    "2024-04": {
      "monthly_PRENEI_Q": 0.0,
      "monthly_PRELIQ_Q": 56.5,
      "monthly_PE_Q": -2.200000000000001
    },
    "2024-05": {
      "monthly_PRENEI_Q": 0.0,
      "monthly_PRELIQ_Q": 139.8,
      "monthly_PE_Q": 64.5
    },
    "2024-06": {
      "monthly_PRENEI_Q": 0.0,
      "monthly_PRELIQ_Q": 110.9,
      "monthly_PE_Q": 19.399999999999995
    },
    "2024-07": {
      "monthly_PRENEI_Q": 0.0,
      "monthly_PRELIQ_Q": 36.3,
      "monthly_PE_Q": -49.300000000000004
    },
    "2024-08": {
      "monthly_PRENEI_Q": 0.0,
      "monthly_PRELIQ_Q": 48.599999999999994,
      "monthly_PE_Q": -19.200000000000003
    },
    "2024-09": {
      "monthly_PRENEI_Q": 0.0,
      "monthly_PRELIQ_Q": 103.89999999999999,
      "monthly_PE_Q": 54.3
    },
    "2024-10": {
      "monthly_PRENEI_Q": 0.0,
      "monthly_PRELIQ_Q": 109.9,
      "monthly_PE_Q": 80.10000000000001
    },
    "2024-11": {
      "monthly_PRENEI_Q": 5.0,
      "monthly_PRELIQ_Q": 45.800000000000004,
      "monthly_PE_Q": 35.1
    },
    "2024-12": {
      "monthly_PRENEI_Q": 0.0,
      "monthly_PRELIQ_Q": 45.8,
      "monthly_PE_Q": 32.6
    }
  }
}