{
  "years": {
    "2024": {
      "annual_PRENEI_Q": 17.2,
      "annual_PRELIQ_Q": 842.7,
      "annual_PE_Q": 375.7
    }
  },
  "months": {
    "2024-01": {
      "monthly_PRENEI_Q": 10.299999999999999,
      "monthly_PRELIQ_Q": 48.4,
      "monthly_PE_Q": 53.900000000000006
    },
    "2024-02": {
      "monthly_PRENEI_Q": 0.0,
      "monthly_PRELIQ_Q": 71.6,
      "monthly_PE_Q": 59.699999999999996
    },
    "2024-03": {
      "monthly_PRENEI_Q": 0.1,
      "monthly_PRELIQ_Q": 82.2,
      "monthly_PE_Q": 47.8
    },
    "2024-04": {
      "monthly_PRENEI_Q": 0.0,
      "monthly_PRELIQ_Q": 60.2,
      "monthly_PE_Q": 1.6000000000000014
    },
    "2024-05": {
      "monthly_PRENEI_Q": 0.0,
      "monthly_PRELIQ_Q": 103.0,
      "monthly_PE_Q": 33.7
    },
    "2024-06": {
      "monthly_PRENEI_Q": 0.0,
      "monthly_PRELIQ_Q": 63.800000000000004,
      "monthly_PE_Q": -19.299999999999997
    },
    "2024-07": {
      "monthly_PRENEI_Q": 0.0,
      "monthly_PRELIQ_Q": 62.1,
      "monthly_PE_Q": -19.7
    },
    "2024-08": {
      "monthly_PRENEI_Q": 0.0,
      "monthly_PRELIQ_Q": 41.4,
      "monthly_PE_Q": -10.600000000000001
    },
    "2024-09": {
      "monthly_PRENEI_Q": 0.0,
      "monthly_PRELIQ_Q": 111.9,
      "monthly_PE_Q": 70.8
    },
    "2024-10": {
      "monthly_PRENEI_Q": 0.0,
      "monthly_PRELIQ_Q": 119.60000000000001,
      "monthly_PE_Q": 93.3
    },
    "2024-11": {
      "monthly_PRENEI_Q": 6.7,
      "monthly_PRELIQ_Q": 43.3,
      "monthly_PE_Q": 37.4
    },
    "2024-12": {
      "monthly_PRENEI_Q": 0.1,
      "monthly_PRELIQ_Q": 35.2,
      "monthly_PE_Q": 27.099999999999998
    }
  }
}