{
  "years": {
    "2024": {
      "annual_PRENEI_Q": 17.0,
      "annual_PRELIQ_Q": 934.3,
      "annual_PE_Q": 459.7
    }
  },
  "months": {
    "2024-01": {
      "monthly_PRENEI_Q": 11.3,
      "monthly_PRELIQ_Q": 57.300000000000004,
      "monthly_PE_Q": 61.0
    },
    "2024-02": {
      "monthly_PRENEI_Q": 0.0,
      "monthly_PRELIQ_Q": 90.6,
      "monthly_PE_Q": 77.8
    },
    "2024-03": {
      "monthly_PRENEI_Q": 0.0,
      "monthly_PRELIQ_Q": 98.89999999999999,
      "monthly_PE_Q": 64.3
    },
    "2024-04": {
      "monthly_PRENEI_Q": 0.0,
      "monthly_PRELIQ_Q": 85.1,
      "monthly_PE_Q": 30.900000000000002
    },
    "2024-05": {
      "monthly_PRENEI_Q": 0.0,
      "monthly_PRELIQ_Q": 100.5,
      "monthly_PE_Q": 28.6
    },
    "2024-06": {
      "monthly_PRENEI_Q": 0.0,
      "monthly_PRELIQ_Q": 47.8,
      "monthly_PE_Q": -31.900000000000002
    },
    "2024-07": {
      "monthly_PRENEI_Q": 0.0,
      "monthly_PRELIQ_Q": 52.1,
      "monthly_PE_Q": -25.5
    },
    "2024-08": {
      "monthly_PRENEI_Q": 0.0,
      "monthly_PRELIQ_Q": 58.7,
      "monthly_PE_Q": -2.3000000000000007
    },
    "2024-09": {
      "monthly_PRENEI_Q": 0.0,
      "monthly_PRELIQ_Q": 112.1,
      "monthly_PE_Q": 67.5
    },
    "2024-10": {
      "monthly_PRENEI_Q": 0.0,
      "monthly_PRELIQ_Q": 134.1,
      "monthly_PE_Q": 107.7
    },
    "2024-11": {
      "monthly_PRENEI_Q": 5.6000000000000005,
      "monthly_PRELIQ_Q": 38.699999999999996,
      "monthly_PE_Q": 31.8
    },
    "2024-12": {
      "monthly_PRENEI_Q": 0.1,
      "monthly_PRELIQ_Q": 58.400000000000006,
      "monthly_PE_Q": 49.800000000000004
    }
  }
}