{
  "years": {
    "2024": {
      "annual_PRENEI_Q": 15.099999999999998,
      "annual_PRELIQ_Q": 953.1,
      "annual_PE_Q": 358.4
    }
  },
  "months": {
    "2024-01": {
      "monthly_PRENEI_Q": 12.299999999999999,
      "monthly_PRELIQ_Q": 63.0,
      "monthly_PE_Q": 62.6
    },
    "2024-02": {
      "monthly_PRENEI_Q": 0.0,
      "monthly_PRELIQ_Q": 106.2,
      "monthly_PE_Q": 87.7
    },
    "2024-03": {
      "monthly_PRENEI_Q": 0.0,
      "monthly_PRELIQ_Q": 69.4,
      "monthly_PE_Q": 26.1
    },
    "2024-04": {
      "monthly_PRENEI_Q": 0.0,
      "monthly_PRELIQ_Q": 70.2,
      "monthly_PE_Q": 5.8999999999999995
    },
    "2024-05": {
      "monthly_PRENEI_Q": 0.0,
      "monthly_PRELIQ_Q": 111.4,
      "monthly_PE_Q": 28.4
    },
    "2024-06": {
      "monthly_PRENEI_Q": 0.0,
      "monthly_PRELIQ_Q": 40.5,
      "monthly_PE_Q": -52.3
    },
    "2024-07": {
      "monthly_PRENEI_Q": 0.0,
      "monthly_PRELIQ_Q": 89.1,
      "monthly_PE_Q": 1.1999999999999993
    },
    "2024-08": {
      "monthly_PRENEI_Q": 0.0,
      "monthly_PRELIQ_Q": 45.2,
      "monthly_PE_Q": -40.300000000000004
    },
    "2024-09": {
      "monthly_PRENEI_Q": 0.0,
      "monthly_PRELIQ_Q": 124.8,
      "monthly_PE_Q": 68.69999999999999
    },
    "2024-10": {
      "monthly_PRENEI_Q": 0.0,
      "monthly_PRELIQ_Q": 94.80000000000001,
      "monthly_PE_Q": 61.4
    },
    "2024-11": {
      "monthly_PRENEI_Q": 2.8000000000000003,
      "monthly_PRELIQ_Q": 73.5,
      "monthly_PE_Q": 58.6
    },
    "2024-12": {
      "monthly_PRENEI_Q": 0.0,
      "monthly_PRELIQ_Q": 65.0,
      "monthly_PE_Q": 50.4
    }
  }
}