{
  "years": {
    "2024": {
      "annual_PRENEI_Q": 17.200000000000003,
      "annual_PRELIQ_Q": 858.2,
      "annual_PE_Q": 326.9
    }
  },
  "months": {
    "2024-01": {
      "monthly_PRENEI_Q": 16.900000000000002,
      "monthly_PRELIQ_Q": 56.2,
      "monthly_PE_Q": 61.9
    },
    "2024-02": {
      "monthly_PRENEI_Q": 0.0,
      "monthly_PRELIQ_Q": 91.4,
      "monthly_PE_Q": 76.2
    },
    "2024-03": {
      "monthly_PRENEI_Q": 0.0,
      "monthly_PRELIQ_Q": 62.4,
      "monthly_PE_Q": 25.299999999999997
    },
    "2024-04": {
      "monthly_PRENEI_Q": 0.0,
      "monthly_PRELIQ_Q": 67.89999999999999,
      "monthly_PE_Q": 6.800000000000001
    },
    "2024-05": {
      "monthly_PRENEI_Q": 0.0,
      "monthly_PRELIQ_Q": 80.5,
      "monthly_PE_Q": 4.5
    },
    "2024-06": {
      "monthly_PRENEI_Q": 0.0,
      "monthly_PRELIQ_Q": 42.8,
      "monthly_PE_Q": -47.3
    },
    "2024-07": {
      "monthly_PRENEI_Q": 0.0,
      "monthly_PRELIQ_Q": 79.2,
      "monthly_PE_Q": 3.299999999999998
    },
    "2024-08": {
      "monthly_PRENEI_Q": 0.0,
      "monthly_PRELIQ_Q": 48.4,
      "monthly_PE_Q": -20.200000000000003
    },
    "2024-09": {
      "monthly_PRENEI_Q": 0.0,
      "monthly_PRELIQ_Q": 93.5,
      "monthly_PE_Q": 41.5
    },
    "2024-10": {
      "monthly_PRENEI_Q": 0.0,
      "monthly_PRELIQ_Q": 82.5,
      "monthly_PE_Q": 49.0
    },
    "2024-11": {
      "monthly_PRENEI_Q": 0.3,
      "monthly_PRELIQ_Q": 84.4,
      "monthly_PE_Q": 71.10000000000001
    },
    "2024-12": {
      "monthly_PRENEI_Q": 0.0,
      "monthly_PRELIQ_Q": 69.0,
      "monthly_PE_Q": 54.800000000000004
    }
  }
}