{
  "years": {
    "2024": {
      "annual_PRENEI_Q": 327.2,
      "annual_PRELIQ_Q": 574.5,
      "annual_PE_Q": 302.3
    }
  },
  "months": {
    "2024-01": {
      "monthly_PRENEI_Q": 16.2,
      "monthly_PRELIQ_Q": 1.8000000000000003,
      "monthly_PE_Q": 10.4
    },
    "2024-02": {
      "monthly_PRENEI_Q": 30.6,
      "monthly_PRELIQ_Q": 1.5,
      "monthly_PE_Q": 20.6
    },
    "2024-03": {
      "monthly_PRENEI_Q": 69.7,
      "monthly_PRELIQ_Q": 10.200000000000001,
      "monthly_PE_Q": 63.0
    },
    "2024-04": {
      "monthly_PRENEI_Q": 72.5,
      "monthly_PRELIQ_Q": 38.7,
      "monthly_PE_Q": 67.30000000000001
    },
    "2024-05": {
      "monthly_PRENEI_Q": 40.6,
      "monthly_PRELIQ_Q": 69.1,
      "monthly_PE_Q": 45.8
    },
    "2024-06": {
      "monthly_PRENEI_Q": 1.6,
      "monthly_PRELIQ_Q": 80.7,
      "monthly_PE_Q": -18.9
    },
    "2024-07": {
      "monthly_PRENEI_Q": 0.0,
      "monthly_PRELIQ_Q": 81.10000000000001,
      "monthly_PE_Q": -50.2
    },
    "2024-08": {
      "monthly_PRENEI_Q": 0.0,
      "monthly_PRELIQ_Q": 90.10000000000001,
      "monthly_PE_Q": -5.899999999999997
    },
    "2024-09": {
      "monthly_PRENEI_Q": 0.30000000000000004,
      "monthly_PRELIQ_Q": 59.699999999999996,
      "monthly_PE_Q": 5.6
    },
    "2024-10": {
      "monthly_PRENEI_Q": 11.2,
      "monthly_PRELIQ_Q": 118.5,
      "monthly_PE_Q": 85.3
    },
    "2024-11": {
      "monthly_PRENEI_Q": 15.6,
      "monthly_PRELIQ_Q": 17.1,
      "monthly_PE_Q": 11.5
    },
    "2024-12": {
      "monthly_PRENEI_Q": 68.9,
      "monthly_PRELIQ_Q": 6.0,
      "monthly_PE_Q": 67.8
    }
  }
}