{
  "years": {
    "2024": {
      "annual_PRENEI_Q": 544.0,
      "annual_PRELIQ_Q": 714.2,
      "annual_PE_Q": 674.3
    }
  },
  "months": {
    "2024-01": {
      "monthly_PRENEI_Q": 64.0,
      "monthly_PRELIQ_Q": 10.7,
      "monthly_PE_Q": 69.1
    },
    "2024-02": {
      "monthly_PRENEI_Q": 114.0,
      "monthly_PRELIQ_Q": 18.4,
      "monthly_PE_Q": 122.2
    },
    "2024-03": {
      "monthly_PRENEI_Q": 68.2,
      "monthly_PRELIQ_Q": 20.2,
      "monthly_PE_Q": 76.2
    },
    "2024-04": {
      "monthly_PRENEI_Q": 60.199999999999996,
      "monthly_PRELIQ_Q": 44.699999999999996,
      "monthly_PE_Q": 65.9
    },
    "2024-05": {
      "monthly_PRENEI_Q": 42.5,
      "monthly_PRELIQ_Q": 99.39999999999999,
      "monthly_PE_Q": 73.4
    },
    "2024-06": {
      "monthly_PRENEI_Q": 0.9,
      "monthly_PRELIQ_Q": 80.0,
      "monthly_PE_Q": -25.500000000000004
    },
    "2024-07": {
      "monthly_PRENEI_Q": 0.0,
      "monthly_PRELIQ_Q": 68.4,
      "monthly_PE_Q": -42.300000000000004
    },
    "2024-08": {
      "monthly_PRENEI_Q": 0.0,
      "monthly_PRELIQ_Q": 80.8,
      "monthly_PE_Q": -2.2999999999999994
    },
    "2024-09": {
      "monthly_PRENEI_Q": 3.8,
      "monthly_PRELIQ_Q": 95.1,
      "monthly_PE_Q": 34.199999999999996
    },
    "2024-10": {
      "monthly_PRENEI_Q": 15.6,
      "monthly_PRELIQ_Q": 108.8,
      "monthly_PE_Q": 71.5
    },
    "2024-11": {
      "monthly_PRENEI_Q": 24.5,
      "monthly_PRELIQ_Q": 48.9,
      "monthly_PE_Q": 49.4
    },
    "2024-12": {
      "monthly_PRENEI_Q": 150.3,
      "monthly_PRELIQ_Q": 38.8,
      "monthly_PE_Q": 182.5
    }
  }
}