{
  "years": {
    "2024": {
      "annual_PRENEI_Q": 32.1,
      "annual_PRELIQ_Q": 983.7,
      "annual_PE_Q": 318.4
    }
  },
  "months": {
    "2024-01": {
      "monthly_PRENEI_Q": 7.2,
      "monthly_PRELIQ_Q": 42.199999999999996,
      "monthly_PE_Q": 28.2
    },
    "2024-02": {
      "monthly_PRENEI_Q": 4.7,
      "monthly_PRELIQ_Q": 106.6,
      "monthly_PE_Q": 79.7
    },
    "2024-03": {
      "monthly_PRENEI_Q": 4.800000000000001,
      "monthly_PRELIQ_Q": 46.300000000000004,
      "monthly_PE_Q": 5.6
    },
    "2024-04": {
      "monthly_PRENEI_Q": 0.2,
      "monthly_PRELIQ_Q": 65.0,
      "monthly_PE_Q": -7.999999999999998
    },
    "2024-05": {
      "monthly_PRENEI_Q": 0.0,
      "monthly_PRELIQ_Q": 100.2,
      "monthly_PE_Q": 16.3
    },
    "2024-06": {
      "monthly_PRENEI_Q": 0.0,
      "monthly_PRELIQ_Q": 55.9,
      "monthly_PE_Q": -35.900000000000006
    },
    "2024-07": {
      "monthly_PRENEI_Q": 0.0,
      "monthly_PRELIQ_Q": 70.0,
      "monthly_PE_Q": -30.799999999999997
    },
    "2024-08": {
      "monthly_PRENEI_Q": 0.0,
      "monthly_PRELIQ_Q": 100.89999999999999,
      "monthly_PE_Q": 20.2
    },
    "2024-09": {
      "monthly_PRENEI_Q": 0.0,
      "monthly_PRELIQ_Q": 87.4,
      "monthly_PE_Q": 21.099999999999998
    },
    "2024-10": {
      "monthly_PRENEI_Q": 0.0,
      "monthly_PRELIQ_Q": 112.6,
      "monthly_PE_Q": 67.3
    },
    "2024-11": {
      "monthly_PRENEI_Q": 0.4,
      "monthly_PRELIQ_Q": 82.0,
      "monthly_PE_Q": 54.5
    },
    "2024-12": {
      "monthly_PRENEI_Q": 14.799999999999999,
      "monthly_PRELIQ_Q": 114.60000000000001,
      "monthly_PE_Q": 100.2
    }
  }
}