{
  "years": {
    "2024": {
      "annual_PRENEI_Q": 2.6,
      "annual_PRELIQ_Q": 931.0,
      "annual_PE_Q": 248.9
    }
  },
  "months": {
    "2024-01": {
      "monthly_PRENEI_Q": 2.3000000000000003,
      "monthly_PRELIQ_Q": 43.2,
      "monthly_PE_Q": 23.7
    },
    "2024-02": {
      "monthly_PRENEI_Q": 0.0,
      "monthly_PRELIQ_Q": 102.10000000000001,
      "monthly_PE_Q": 70.7
    },
    "2024-03": {
      "monthly_PRENEI_Q": 0.0,
      "monthly_PRELIQ_Q": 46.9,
      "monthly_PE_Q": -0.8000000000000022
    },
    "2024-04": {
      "monthly_PRENEI_Q": 0.0,
      "monthly_PRELIQ_Q": 60.1,
      "monthly_PE_Q": -14.000000000000002
    },
    "2024-05": {
      "monthly_PRENEI_Q": 0.0,
      "monthly_PRELIQ_Q": 92.4,
      "monthly_PE_Q": 6.4
    },
    "2024-06": {
      "monthly_PRENEI_Q": 0.0,
      "monthly_PRELIQ_Q": 51.4,
      "monthly_PE_Q": -35.300000000000004
    },
    "2024-07": {
      "monthly_PRENEI_Q": 0.0,
      "monthly_PRELIQ_Q": 64.1,
      "monthly_PE_Q": -28.900000000000002
    },
    "2024-08": {
      "monthly_PRENEI_Q": 0.0,
      "monthly_PRELIQ_Q": 92.7,
      "monthly_PE_Q": 18.2
    },
    "2024-09": {
      "monthly_PRENEI_Q": 0.0,
      "monthly_PRELIQ_Q": 80.2,
      "monthly_PE_Q": 12.000000000000002
    },
    "2024-10": {
      "monthly_PRENEI_Q": 0.0,
      "monthly_PRELIQ_Q": 103.2,
      "monthly_PE_Q": 58.300000000000004
    },
    "2024-11": {
      "monthly_PRENEI_Q": 0.0,
      "monthly_PRELIQ_Q": 75.9,
      "monthly_PE_Q": 47.1
    },
    "2024-12": {
      "monthly_PRENEI_Q": 0.30000000000000004,
      "monthly_PRELIQ_Q": 118.8,
      "monthly_PE_Q": 91.5
    }
  }
}