{
  "years": {
    "2024": {
      "annual_PRENEI_Q": 4.4,
      "annual_PRELIQ_Q": 855.9,
      "annual_PE_Q": 175.20000000000002
    }
  },
  "months": {
    "2024-01": {
      "monthly_PRENEI_Q": 4.4,
      "monthly_PRELIQ_Q": 28.2,
      "monthly_PE_Q": 12.4
    },
    "2024-02": {
      "monthly_PRENEI_Q": 0.0,
      "monthly_PRELIQ_Q": 80.6,
      "monthly_PE_Q": 47.8
    },
    "2024-03": {
      "monthly_PRENEI_Q": 0.0,
      "monthly_PRELIQ_Q": 56.5,
      "monthly_PE_Q": -2.299999999999999
    },
    "2024-04": {
      "monthly_PRENEI_Q": 0.0,
      "monthly_PRELIQ_Q": 57.8,
      "monthly_PE_Q": -17.4
    },
    "2024-05": {
      "monthly_PRENEI_Q": 0.0,
      "monthly_PRELIQ_Q": 103.7,
      "monthly_PE_Q": 18.1
    },
    "2024-06": {
      "monthly_PRENEI_Q": 0.0,
      "monthly_PRELIQ_Q": 110.0,
      "monthly_PE_Q": 24.700000000000003
    },
    "2024-07": {
      "monthly_PRENEI_Q": 0.0,
      "monthly_PRELIQ_Q": 48.5,
      "monthly_PE_Q": -46.300000000000004
    },
    "2024-08": {
      "monthly_PRENEI_Q": 0.0,
      "monthly_PRELIQ_Q": 85.5,
      "monthly_PE_Q": 13.300000000000004
    },
    "2024-09": {
      "monthly_PRENEI_Q": 0.0,
      "monthly_PRELIQ_Q": 62.0,
      "monthly_PE_Q": 1.7999999999999987
    },
    "2024-10": {
      "monthly_PRENEI_Q": 0.0,
      "monthly_PRELIQ_Q": 118.9,
      "monthly_PE_Q": 76.10000000000001
    },
    "2024-11": {
      "monthly_PRENEI_Q": 0.0,
      "monthly_PRELIQ_Q": 51.7,
      "monthly_PE_Q": 14.199999999999998
    },
    "2024-12": {
      "monthly_PRENEI_Q": 0.0,
      "monthly_PRELIQ_Q": 52.5,
      "monthly_PE_Q": 32.8
    }
  }
}