{
  "years": {
    "2024": {
      "annual_PRENEI_Q": 5.3999999999999995,
      "annual_PRELIQ_Q": 982.0,
      "annual_PE_Q": 313.9
    }
  },
  "months": {
    "2024-01": {
      "monthly_PRENEI_Q": 5.3,
      "monthly_PRELIQ_Q": 27.6,
      "monthly_PE_Q": 21.9
    },
    "2024-02": {
      "monthly_PRENEI_Q": 0.0,
      "monthly_PRELIQ_Q": 122.1,
      "monthly_PE_Q": 100.8
    },
    "2024-03": {
      "monthly_PRENEI_Q": 0.0,
      "monthly_PRELIQ_Q": 106.4,
      "monthly_PE_Q": 57.2
    },
    "2024-04": {
      "monthly_PRENEI_Q": 0.0,
      "monthly_PRELIQ_Q": 72.39999999999999,
      "monthly_PE_Q": -9.299999999999999
    },
    "2024-05": {
      "monthly_PRENEI_Q": 0.0,
      "monthly_PRELIQ_Q": 150.1,
      "monthly_PE_Q": 59.9
    },
    "2024-06": {
      "monthly_PRENEI_Q": 0.0,
      "monthly_PRELIQ_Q": 104.3,
      "monthly_PE_Q": -17.700000000000003
    },
    "2024-07": {
      "monthly_PRENEI_Q": 0.0,
      "monthly_PRELIQ_Q": 33.800000000000004,
      "monthly_PE_Q": -70.6
    },
    "2024-08": {
      "monthly_PRENEI_Q": 0.0,
      "monthly_PRELIQ_Q": 21.299999999999997,
      "monthly_PE_Q": -22.7
    },
    "2024-09": {
      "monthly_PRENEI_Q": 0.0,
      "monthly_PRELIQ_Q": 110.1,
      "monthly_PE_Q": 54.400000000000006
    },
    "2024-10": {
      "monthly_PRENEI_Q": 0.0,
      "monthly_PRELIQ_Q": 115.0,
      "monthly_PE_Q": 65.8
    },
    "2024-11": {
      "monthly_PRENEI_Q": 0.0,
      "monthly_PRELIQ_Q": 55.0,
      "monthly_PE_Q": 27.099999999999998
    },
    "2024-12": {
      "monthly_PRENEI_Q": 0.1,
      "monthly_PRELIQ_Q": 63.9,
      "monthly_PE_Q": 47.1
    }
  }
}