{
  "years": {
    "2024": {
      "annual_PRENEI_Q": 1.8,
      "annual_PRELIQ_Q": 1125.5,
      "annual_PE_Q": 387.8
    }
  },
  "months": {
    "2024-01": {
      "monthly_PRENEI_Q": 0.5,
      "monthly_PRELIQ_Q": 44.6,
      "monthly_PE_Q": 31.700000000000003
    },
    "2024-02": {
      "monthly_PRENEI_Q": 0.2,
      "monthly_PRELIQ_Q": 117.1,
      "monthly_PE_Q": 95.0
    },
    "2024-03": {
      "monthly_PRENEI_Q": 0.4,
      "monthly_PRELIQ_Q": 108.10000000000001,
      "monthly_PE_Q": 57.0
    },
    "2024-04": {
      "monthly_PRENEI_Q": 0.0,
      "monthly_PRELIQ_Q": 94.3,
      "monthly_PE_Q": 7.900000000000002
    },
    "2024-05": {
      "monthly_PRENEI_Q": 0.0,
      "monthly_PRELIQ_Q": 168.4,
      "monthly_PE_Q": 73.2
    },
    "2024-06": {
      "monthly_PRENEI_Q": 0.0,
      "monthly_PRELIQ_Q": 104.3,
      "monthly_PE_Q": -18.9
    },
    "2024-07": {
      "monthly_PRENEI_Q": 0.0,
      "monthly_PRELIQ_Q": 55.599999999999994,
      "monthly_PE_Q": -68.3
    },
    "2024-08": {
      "monthly_PRENEI_Q": 0.0,
      "monthly_PRELIQ_Q": 18.1,
      "monthly_PE_Q": -38.5
    },
    "2024-09": {
      "monthly_PRENEI_Q": 0.0,
      "monthly_PRELIQ_Q": 137.1,
      "monthly_PE_Q": 75.39999999999999
    },
    "2024-10": {
      "monthly_PRENEI_Q": 0.0,
      "monthly_PRELIQ_Q": 147.0,
      "monthly_PE_Q": 91.00000000000001
    },
    "2024-11": {
      "monthly_PRENEI_Q": 0.1,
      "monthly_PRELIQ_Q": 56.9,
      "monthly_PE_Q": 25.099999999999998
    },
    "2024-12": {
      "monthly_PRENEI_Q": 0.6000000000000001,
      "monthly_PRELIQ_Q": 74.0,
      "monthly_PE_Q": 57.199999999999996
    }
  }
}