{
  "years": {
    "2024": {
      "annual_PRENEI_Q": 0.8999999999999999,
      "annual_PRELIQ_Q": 755.2,
      "annual_PE_Q": 222.8
    }
  },
  "months": {
    "2024-01": {
      "monthly_PRENEI_Q": 0.0,
      "monthly_PRELIQ_Q": 81.8,
      "monthly_PE_Q": 63.1
    },
    "2024-02": {
      "monthly_PRENEI_Q": 0.0,
      "monthly_PRELIQ_Q": 90.5,
      "monthly_PE_Q": 69.7
    },
    "2024-03": {
      "monthly_PRENEI_Q": 0.0,
      "monthly_PRELIQ_Q": 73.7,
      "monthly_PE_Q": 30.2
    },
    "2024-04": {
      "monthly_PRENEI_Q": 0.0,
      "monthly_PRELIQ_Q": 69.60000000000001,
      "monthly_PE_Q": 0.29999999999999805
    },
    "2024-05": {
      "monthly_PRENEI_Q": 0.0,
      "monthly_PRELIQ_Q": 61.3,
      "monthly_PE_Q": -25.700000000000003
    },
    "2024-06": {
      "monthly_PRENEI_Q": 0.0,
      "monthly_PRELIQ_Q": 31.0,
      "monthly_PE_Q": -49.4
    },
    "2024-07": {
      "monthly_PRENEI_Q": 0.0,
      "monthly_PRELIQ_Q": 42.7,
      "monthly_PE_Q": -20.0
    },
    "2024-08": {
      "monthly_PRENEI_Q": 0.0,
      "monthly_PRELIQ_Q": 44.9,
      "monthly_PE_Q": 0.9000000000000004
    },
    "2024-09": {
      "monthly_PRENEI_Q": 0.0,
      "monthly_PRELIQ_Q": 53.5,
      "monthly_PE_Q": 10.5
    },
    "2024-10": {
      "monthly_PRENEI_Q": 0.0,
      "monthly_PRELIQ_Q": 121.49999999999999,
      "monthly_PE_Q": 85.9
    },
    "2024-11": {
      "monthly_PRENEI_Q": 0.8999999999999999,
      "monthly_PRELIQ_Q": 47.9,
      "monthly_PE_Q": 33.5
    },
    "2024-12": {
      "monthly_PRENEI_Q": 0.0,
      "monthly_PRELIQ_Q": 36.800000000000004,
      "monthly_PE_Q": 23.8
    }
  }
}