{
  "years": {
    "2024": {
      "annual_PRENEI_Q": 15.4,
      "annual_PRELIQ_Q": 1752.9,
      "annual_PE_Q": 1037.6000000000001
    }
  },
  "months": {
    "2024-01": {
      "monthly_PRENEI_Q": 5.8999999999999995,
      "monthly_PRELIQ_Q": 115.69999999999999,
      "monthly_PE_Q": 105.3
    },
    "2024-02": {
      "monthly_PRENEI_Q": 1.8,
      "monthly_PRELIQ_Q": 170.4,
      "monthly_PE_Q": 145.5
    },
    "2024-03": {
      "monthly_PRENEI_Q": 7.6000000000000005,
      "monthly_PRELIQ_Q": 155.7,
      "monthly_PE_Q": 114.5
    },
    "2024-04": {
      "monthly_PRENEI_Q": 0.0,
      "monthly_PRELIQ_Q": 126.69999999999999,
      "monthly_PE_Q": 48.1
    },
    "2024-05": {
      "monthly_PRENEI_Q": 0.0,
      "monthly_PRELIQ_Q": 249.8,
      "monthly_PE_Q": 166.3
    },
    "2024-06": {
      "monthly_PRENEI_Q": 0.0,
      "monthly_PRELIQ_Q": 151.0,
      "monthly_PE_Q": 40.900000000000006
    },
    "2024-07": {
      "monthly_PRENEI_Q": 0.0,
      "monthly_PRELIQ_Q": 64.7,
      "monthly_PE_Q": -60.5
    },
    "2024-08": {
      "monthly_PRENEI_Q": 0.0,
      "monthly_PRELIQ_Q": 37.8,
      "monthly_PE_Q": -40.0
    },
    "2024-09": {
      "monthly_PRENEI_Q": 0.0,
      "monthly_PRELIQ_Q": 246.4,
      "monthly_PE_Q": 182.7
    },
    "2024-10": {
      "monthly_PRENEI_Q": 0.0,
      "monthly_PRELIQ_Q": 198.79999999999998,
      "monthly_PE_Q": 148.20000000000002
    },
    "2024-11": {
      "monthly_PRENEI_Q": 0.0,
      "monthly_PRELIQ_Q": 108.60000000000001,
      "monthly_PE_Q": 78.80000000000001
    },
    "2024-12": {
      "monthly_PRENEI_Q": 0.1,
      "monthly_PRELIQ_Q": 127.3,
      "monthly_PE_Q": 107.8
    }
  }
}