{
  "years": {
    "2024": {
      "annual_PRENEI_Q": 15.8,
      "annual_PRELIQ_Q": 1361.5,
      "annual_PE_Q": 668.7
    }
  },
  "months": {
    "2024-01": {
      "monthly_PRENEI_Q": 1.1,
      "monthly_PRELIQ_Q": 63.1,
      "monthly_PE_Q": 46.4
    },
    "2024-02": {
      "monthly_PRENEI_Q": 2.9,
      "monthly_PRELIQ_Q": 113.6,
      "monthly_PE_Q": 90.9
    },
    "2024-03": {
      "monthly_PRENEI_Q": 6.4,
      "monthly_PRELIQ_Q": 138.0,
      "monthly_PE_Q": 95.6
    },
    "2024-04": {
      "monthly_PRENEI_Q": 0.0,
      "monthly_PRELIQ_Q": 105.39999999999999,
      "monthly_PE_Q": 22.4
    },
    "2024-05": {
      "monthly_PRENEI_Q": 0.0,
      "monthly_PRELIQ_Q": 209.9,
      "monthly_PE_Q": 125.39999999999999
    },
    "2024-06": {
      "monthly_PRENEI_Q": 0.0,
      "monthly_PRELIQ_Q": 135.20000000000002,
      "monthly_PE_Q": 20.100000000000005
    },
    "2024-07": {
      "monthly_PRENEI_Q": 0.0,
      "monthly_PRELIQ_Q": 52.6,
      "monthly_PE_Q": -70.3
    },
    "2024-08": {
      "monthly_PRENEI_Q": 0.0,
      "monthly_PRELIQ_Q": 14.3,
      "monthly_PE_Q": -48.300000000000004
    },
    "2024-09": {
      "monthly_PRENEI_Q": 0.0,
      "monthly_PRELIQ_Q": 178.0,
      "monthly_PE_Q": 119.7
    },
    "2024-10": {
      "monthly_PRENEI_Q": 0.0,
      "monthly_PRELIQ_Q": 182.3,
      "monthly_PE_Q": 136.4
    },
    "2024-11": {
      "monthly_PRENEI_Q": 0.2,
      "monthly_PRELIQ_Q": 71.0,
      "monthly_PE_Q": 44.199999999999996
    },
    "2024-12": {
      "monthly_PRENEI_Q": 5.199999999999999,
      "monthly_PRELIQ_Q": 98.1,
      "monthly_PE_Q": 86.2
    }
  }
}