{
  "years": {
    "2024": {
      "annual_PRENEI_Q": 150.9,
      "annual_PRELIQ_Q": 582.0,
      "annual_PE_Q": 144.29999999999998
    }
  },
  "months": {
    "2024-01": {
      "monthly_PRENEI_Q": 13.7,
      "monthly_PRELIQ_Q": 4.8,
      "monthly_PE_Q": 7.3999999999999995
    },
    "2024-02": {
      "monthly_PRENEI_Q": 21.3,
      "monthly_PRELIQ_Q": 9.4,
      "monthly_PE_Q": 13.4
    },
    "2024-03": {
      "monthly_PRENEI_Q": 49.7,
      "monthly_PRELIQ_Q": 41.8,
      "monthly_PE_Q": 61.9
    },
    "2024-04": {
      "monthly_PRENEI_Q": 23.8,
      "monthly_PRELIQ_Q": 53.300000000000004,
      "monthly_PE_Q": 23.0
    },
    "2024-05": {
      "monthly_PRENEI_Q": 13.1,
      "monthly_PRELIQ_Q": 75.7,
      "monthly_PE_Q": 8.899999999999999
    },
    "2024-06": {
      "monthly_PRENEI_Q": 0.2,
      "monthly_PRELIQ_Q": 77.4,
      "monthly_PE_Q": -21.1
    },
    "2024-07": {
      "monthly_PRENEI_Q": 0.0,
      "monthly_PRELIQ_Q": 41.8,
      "monthly_PE_Q": -50.6
    },
    "2024-08": {
      "monthly_PRENEI_Q": 0.0,
      "monthly_PRELIQ_Q": 66.6,
      "monthly_PE_Q": -6.400000000000001
    },
    "2024-09": {
      "monthly_PRENEI_Q": 0.2,
      "monthly_PRELIQ_Q": 51.0,
      "monthly_PE_Q": 3.7999999999999985
    },
    "2024-10": {
      "monthly_PRENEI_Q": 2.5999999999999996,
      "monthly_PRELIQ_Q": 131.8,
      "monthly_PE_Q": 89.1
    },
    "2024-11": {
      "monthly_PRENEI_Q": 2.8,
      "monthly_PRELIQ_Q": 20.9,
      "monthly_PE_Q": -2.2
    },
    "2024-12": {
      "monthly_PRENEI_Q": 23.5,
      "monthly_PRELIQ_Q": 7.5,
      "monthly_PE_Q": 17.099999999999998
    }
  }
}