{
  "years": {
    "2024": {
      "annual_PRENEI_Q": 405.7,
      "annual_PRELIQ_Q": 540.2,
      "annual_PE_Q": 385.3
    }
  },
  "months": {
    "2024-01": {
      "monthly_PRENEI_Q": 18.1,
      "monthly_PRELIQ_Q": 1.1,
      "monthly_PE_Q": 14.8
    },
    "2024-02": {
      "monthly_PRENEI_Q": 33.6,
      "monthly_PRELIQ_Q": 0.30000000000000004,
      "monthly_PE_Q": 24.8
    },
    "2024-03": {
      "monthly_PRENEI_Q": 81.3,
      "monthly_PRELIQ_Q": 2.1,
      "monthly_PE_Q": 71.7
    },
    "2024-04": {
      "monthly_PRENEI_Q": 99.8,
      "monthly_PRELIQ_Q": 17.099999999999998,
      "monthly_PE_Q": 82.4
    },
    "2024-05": {
      "monthly_PRENEI_Q": 57.8,
      "monthly_PRELIQ_Q": 57.8,
      "monthly_PE_Q": 59.8
    },
    "2024-06": {
      "monthly_PRENEI_Q": 2.2,
      "monthly_PRELIQ_Q": 84.0,
      "monthly_PE_Q": -9.9
    },
    "2024-07": {
      "monthly_PRENEI_Q": 0.0,
      "monthly_PRELIQ_Q": 85.2,
      "monthly_PE_Q": -42.2
    },
    "2024-08": {
      "monthly_PRENEI_Q": 0.0,
      "monthly_PRELIQ_Q": 94.60000000000001,
      "monthly_PE_Q": -0.400000000000001
    },
    "2024-09": {
      "monthly_PRENEI_Q": 0.4,
      "monthly_PRELIQ_Q": 62.4,
      "monthly_PE_Q": 6.999999999999998
    },
    "2024-10": {
      "monthly_PRENEI_Q": 15.100000000000001,
      "monthly_PRELIQ_Q": 120.6,
      "monthly_PE_Q": 90.2
    },
    "2024-11": {
      "monthly_PRENEI_Q": 23.900000000000002,
      "monthly_PRELIQ_Q": 10.299999999999999,
      "monthly_PE_Q": 15.4
    },
    "2024-12": {
      "monthly_PRENEI_Q": 73.5,
      "monthly_PRELIQ_Q": 4.7,
      "monthly_PE_Q": 71.7
    }
  }
}