{
  "years": {
    "2024": {
      "annual_PRENEI_Q": 316.2,
      "annual_PRELIQ_Q": 813.9,
      "annual_PE_Q": 454.0
    }
  },
  "months": {
    "2024-01": {
      "monthly_PRENEI_Q": 52.0,
      "monthly_PRELIQ_Q": 14.799999999999999,
      "monthly_PE_Q": 56.300000000000004
    },
    "2024-02": {
      "monthly_PRENEI_Q": 83.5,
      "monthly_PRELIQ_Q": 35.5,
      "monthly_PE_Q": 97.5
    },
    "2024-03": {
      "monthly_PRENEI_Q": 40.7,
      "monthly_PRELIQ_Q": 38.6,
      "monthly_PE_Q": 50.5
    },
    "2024-04": {
      "monthly_PRENEI_Q": 10.899999999999999,
      "monthly_PRELIQ_Q": 83.4,
      "monthly_PE_Q": 28.0
    },
    "2024-05": {
      "monthly_PRENEI_Q": 8.4,
      "monthly_PRELIQ_Q": 119.6,
      "monthly_PE_Q": 47.0
    },
    "2024-06": {
      "monthly_PRENEI_Q": 0.0,
      "monthly_PRELIQ_Q": 72.69999999999999,
      "monthly_PE_Q": -38.6
    },
    "2024-07": {
      "monthly_PRENEI_Q": 0.0,
      "monthly_PRELIQ_Q": 61.2,
      "monthly_PE_Q": -54.099999999999994
    },
    "2024-08": {
      "monthly_PRENEI_Q": 0.0,
      "monthly_PRELIQ_Q": 72.3,
      "monthly_PE_Q": -11.2
    },
    "2024-09": {
      "monthly_PRENEI_Q": 0.0,
      "monthly_PRELIQ_Q": 89.1,
      "monthly_PE_Q": 23.7
    },
    "2024-10": {
      "monthly_PRENEI_Q": 0.0,
      "monthly_PRELIQ_Q": 111.89999999999999,
      "monthly_PE_Q": 58.300000000000004
    },
    "2024-11": {
      "monthly_PRENEI_Q": 1.2,
      "monthly_PRELIQ_Q": 64.7,
      "monthly_PE_Q": 36.9
    },
    "2024-12": {
      "monthly_PRENEI_Q": 119.5,
      "monthly_PRELIQ_Q": 50.1,
      "monthly_PE_Q": 159.70000000000002
    }
  }
}