{
  "years": {
    "2024": {
      "annual_PRENEI_Q": 144.3,
      "annual_PRELIQ_Q": 861.0,
      "annual_PE_Q": 326.4
    }
  },
  "months": {
    "2024-01": {
      "monthly_PRENEI_Q": 28.8,
      "monthly_PRELIQ_Q": 30.5,
      "monthly_PE_Q": 43.800000000000004
    },
    "2024-02": {
      "monthly_PRENEI_Q": 35.7,
      "monthly_PRELIQ_Q": 70.3,
      "monthly_PE_Q": 78.8
    },
    "2024-03": {
      "monthly_PRENEI_Q": 21.3,
      "monthly_PRELIQ_Q": 49.6,
      "monthly_PE_Q": 29.900000000000002
    },
    "2024-04": {
      "monthly_PRENEI_Q": 3.8,
      "monthly_PRELIQ_Q": 80.3,
      "monthly_PE_Q": 14.8
    },
    "2024-05": {
      "monthly_PRENEI_Q": 2.1,
      "monthly_PRELIQ_Q": 111.9,
      "monthly_PE_Q": 30.699999999999996
    },
    "2024-06": {
      "monthly_PRENEI_Q": 0.0,
      "monthly_PRELIQ_Q": 65.39999999999999,
      "monthly_PE_Q": -41.4
    },
    "2024-07": {
      "monthly_PRENEI_Q": 0.0,
      "monthly_PRELIQ_Q": 53.9,
      "monthly_PE_Q": -48.7
    },
    "2024-08": {
      "monthly_PRENEI_Q": 0.0,
      "monthly_PRELIQ_Q": 63.9,
      "monthly_PE_Q": -10.200000000000001
    },
    "2024-09": {
      "monthly_PRENEI_Q": 0.0,
      "monthly_PRELIQ_Q": 79.39999999999999,
      "monthly_PE_Q": 18.099999999999998
    },
    "2024-10": {
      "monthly_PRENEI_Q": 0.0,
      "monthly_PRELIQ_Q": 99.5,
      "monthly_PE_Q": 49.4
    },
    "2024-11": {
      "monthly_PRENEI_Q": 0.6,
      "monthly_PRELIQ_Q": 58.0,
      "monthly_PE_Q": 29.700000000000003
    },
    "2024-12": {
      "monthly_PRENEI_Q": 52.0,
      "monthly_PRELIQ_Q": 98.3,
      "monthly_PE_Q": 131.5
    }
  }
}