{
  "years": {
    "2024": {
      "annual_PRENEI_Q": 2.0,
      "annual_PRELIQ_Q": 920.4,
      "annual_PE_Q": 242.6
    }
  },
  "months": {
    "2024-01": {
      "monthly_PRENEI_Q": 1.9,
      "monthly_PRELIQ_Q": 43.199999999999996,
      "monthly_PE_Q": 22.6
    },
    "2024-02": {
      "monthly_PRENEI_Q": 0.0,
      "monthly_PRELIQ_Q": 101.0,
      "monthly_PE_Q": 68.89999999999999
    },
    "2024-03": {
      "monthly_PRENEI_Q": 0.0,
      "monthly_PRELIQ_Q": 46.300000000000004,
      "monthly_PE_Q": -2.999999999999999
    },
    "2024-04": {
      "monthly_PRENEI_Q": 0.0,
      "monthly_PRELIQ_Q": 59.5,
      "monthly_PE_Q": -15.200000000000001
    },
    "2024-05": {
      "monthly_PRENEI_Q": 0.0,
      "monthly_PRELIQ_Q": 91.3,
      "monthly_PE_Q": 5.0
    },
    "2024-06": {
      "monthly_PRENEI_Q": 0.0,
      "monthly_PRELIQ_Q": 50.699999999999996,
      "monthly_PE_Q": -33.5
    },
    "2024-07": {
      "monthly_PRENEI_Q": 0.0,
      "monthly_PRELIQ_Q": 63.300000000000004,
      "monthly_PE_Q": -25.5
    },
    "2024-08": {
      "monthly_PRENEI_Q": 0.0,
      "monthly_PRELIQ_Q": 91.4,
      "monthly_PE_Q": 18.2
    },
    "2024-09": {
      "monthly_PRENEI_Q": 0.0,
      "monthly_PRELIQ_Q": 79.4,
      "monthly_PE_Q": 11.4
    },
    "2024-10": {
      "monthly_PRENEI_Q": 0.0,
      "monthly_PRELIQ_Q": 102.1,
      "monthly_PE_Q": 56.9
    },
    "2024-11": {
      "monthly_PRENEI_Q": 0.0,
      "monthly_PRELIQ_Q": 74.8,
      "monthly_PE_Q": 45.6
    },
    "2024-12": {
      "monthly_PRENEI_Q": 0.1,
      "monthly_PRELIQ_Q": 117.39999999999999,
      "monthly_PE_Q": 91.2
    }
  }
}