{
  "years": {
    "2024": {
      "annual_PRENEI_Q": 1.4,
      "annual_PRELIQ_Q": 879.6,
      "annual_PE_Q": 202.0
    }
  },
  "months": {
    "2024-01": {
      "monthly_PRENEI_Q": 1.4,
      "monthly_PRELIQ_Q": 46.699999999999996,
      "monthly_PE_Q": 26.3
    },
    "2024-02": {
      "monthly_PRENEI_Q": 0.0,
      "monthly_PRELIQ_Q": 64.6,
      "monthly_PE_Q": 35.7
    },
    "2024-03": {
      "monthly_PRENEI_Q": 0.0,
      "monthly_PRELIQ_Q": 53.3,
      "monthly_PE_Q": -2.0000000000000018
    },
    "2024-04": {
      "monthly_PRENEI_Q": 0.0,
      "monthly_PRELIQ_Q": 63.1,
      "monthly_PE_Q": -8.399999999999999
    },
    "2024-05": {
      "monthly_PRENEI_Q": 0.0,
      "monthly_PRELIQ_Q": 114.1,
      "monthly_PE_Q": 24.400000000000002
    },
    "2024-06": {
      "monthly_PRENEI_Q": 0.0,
      "monthly_PRELIQ_Q": 121.4,
      "monthly_PE_Q": 32.099999999999994
    },
    "2024-07": {
      "monthly_PRENEI_Q": 0.0,
      "monthly_PRELIQ_Q": 42.7,
      "monthly_PE_Q": -51.4
    },
    "2024-08": {
      "monthly_PRENEI_Q": 0.0,
      "monthly_PRELIQ_Q": 76.8,
      "monthly_PE_Q": 7.900000000000005
    },
    "2024-09": {
      "monthly_PRENEI_Q": 0.0,
      "monthly_PRELIQ_Q": 59.099999999999994,
      "monthly_PE_Q": -2.500000000000001
    },
    "2024-10": {
      "monthly_PRENEI_Q": 0.0,
      "monthly_PRELIQ_Q": 120.8,
      "monthly_PE_Q": 82.5
    },
    "2024-11": {
      "monthly_PRENEI_Q": 0.0,
      "monthly_PRELIQ_Q": 57.9,
      "monthly_PE_Q": 22.9
    },
    "2024-12": {
      "monthly_PRENEI_Q": 0.0,
      "monthly_PRELIQ_Q": 59.1,
      "monthly_PE_Q": 34.5
    }
  }
}