{
  "years": {
    "2024": {
      "annual_PRENEI_Q": 1.2999999999999998,
      "annual_PRELIQ_Q": 673.3,
      "annual_PE_Q": 173.79999999999998
    }
  },
  "months": {
    "2024-01": {
      "monthly_PRENEI_Q": 0.2,
      "monthly_PRELIQ_Q": 77.0,
      "monthly_PE_Q": 57.9
    },
    "2024-02": {
      "monthly_PRENEI_Q": 0.0,
      "monthly_PRELIQ_Q": 78.7,
      "monthly_PE_Q": 53.5
    },
    "2024-03": {
      "monthly_PRENEI_Q": 0.0,
      "monthly_PRELIQ_Q": 58.2,
      "monthly_PE_Q": 15.299999999999997
    },
    "2024-04": {
      "monthly_PRENEI_Q": 0.0,
      "monthly_PRELIQ_Q": 50.0,
      "monthly_PE_Q": -12.8
    },
    "2024-05": {
      "monthly_PRENEI_Q": 0.0,
      "monthly_PRELIQ_Q": 34.7,
      "monthly_PE_Q": -35.6
    },
    "2024-06": {
      "monthly_PRENEI_Q": 0.0,
      "monthly_PRELIQ_Q": 28.4,
      "monthly_PE_Q": -38.199999999999996
    },
    "2024-07": {
      "monthly_PRENEI_Q": 0.0,
      "monthly_PRELIQ_Q": 37.4,
      "monthly_PE_Q": -15.500000000000002
    },
    "2024-08": {
      "monthly_PRENEI_Q": 0.0,
      "monthly_PRELIQ_Q": 42.5,
      "monthly_PE_Q": -5.099999999999999
    },
    "2024-09": {
      "monthly_PRENEI_Q": 0.0,
      "monthly_PRELIQ_Q": 75.0,
      "monthly_PE_Q": 26.799999999999997
    },
    "2024-10": {
      "monthly_PRENEI_Q": 0.0,
      "monthly_PRELIQ_Q": 82.5,
      "monthly_PE_Q": 49.00000000000001
    },
    "2024-11": {
      "monthly_PRENEI_Q": 1.1,
      "monthly_PRELIQ_Q": 63.2,
      "monthly_PE_Q": 47.6
    },
    "2024-12": {
      "monthly_PRENEI_Q": 0.0,
      "monthly_PRELIQ_Q": 45.7,
      "monthly_PE_Q": 30.9
    }
  }
}