{
  "years": {
    "2024": {
      "annual_PRENEI_Q": 4.1000000000000005,
      "annual_PRELIQ_Q": 1529.6,
      "annual_PE_Q": 890.1
    }
  },
  "months": {
    "2024-01": {
      "monthly_PRENEI_Q": 3.4,
      "monthly_PRELIQ_Q": 94.7,
      "monthly_PE_Q": 86.60000000000001
    },
    "2024-02": {
      "monthly_PRENEI_Q": 0.0,
      "monthly_PRELIQ_Q": 151.0,
      "monthly_PE_Q": 130.9
    },
    "2024-03": {
      "monthly_PRENEI_Q": 0.0,
      "monthly_PRELIQ_Q": 155.6,
      "monthly_PE_Q": 113.4
    },
    "2024-04": {
      "monthly_PRENEI_Q": 0.0,
      "monthly_PRELIQ_Q": 126.8,
      "monthly_PE_Q": 52.1
    },
    "2024-05": {
      "monthly_PRENEI_Q": 0.0,
      "monthly_PRELIQ_Q": 220.20000000000002,
      "monthly_PE_Q": 144.2
    },
    "2024-06": {
      "monthly_PRENEI_Q": 0.0,
      "monthly_PRELIQ_Q": 135.8,
      "monthly_PE_Q": 33.29999999999999
    },
    "2024-07": {
      "monthly_PRENEI_Q": 0.0,
      "monthly_PRELIQ_Q": 50.1,
      "monthly_PE_Q": -61.400000000000006
    },
    "2024-08": {
      "monthly_PRENEI_Q": 0.0,
      "monthly_PRELIQ_Q": 23.099999999999998,
      "monthly_PE_Q": -45.2
    },
    "2024-09": {
      "monthly_PRENEI_Q": 0.0,
      "monthly_PRELIQ_Q": 198.6,
      "monthly_PE_Q": 143.2
    },
    "2024-10": {
      "monthly_PRENEI_Q": 0.0,
      "monthly_PRELIQ_Q": 178.4,
      "monthly_PE_Q": 135.4
    },
    "2024-11": {
      "monthly_PRENEI_Q": 0.0,
      "monthly_PRELIQ_Q": 94.1,
      "monthly_PE_Q": 69.2
    },
    "2024-12": {
      "monthly_PRENEI_Q": 0.7000000000000001,
      "monthly_PRELIQ_Q": 101.2,
      "monthly_PE_Q": 88.4
    }
  }
}