{
  "years": {
    "2024": {
      "annual_PRENEI_Q": 4.1000000000000005,
      "annual_PRELIQ_Q": 1613.2,
      "annual_PE_Q": 989.2
    }
  },
  "months": {
    "2024-01": {
      "monthly_PRENEI_Q": 3.4000000000000004,
      "monthly_PRELIQ_Q": 100.0,
      "monthly_PE_Q": 93.0
    },
    "2024-02": {
      "monthly_PRENEI_Q": 0.0,
      "monthly_PRELIQ_Q": 159.3,
      "monthly_PE_Q": 139.6
    },
    "2024-03": {
      "monthly_PRENEI_Q": 0.0,
      "monthly_PRELIQ_Q": 163.7,
      "monthly_PE_Q": 123.2
    },
    "2024-04": {
      "monthly_PRENEI_Q": 0.0,
      "monthly_PRELIQ_Q": 133.8,
      "monthly_PE_Q": 62.6
    },
    "2024-05": {
      "monthly_PRENEI_Q": 0.0,
      "monthly_PRELIQ_Q": 232.2,
      "monthly_PE_Q": 158.8
    },
    "2024-06": {
      "monthly_PRENEI_Q": 0.0,
      "monthly_PRELIQ_Q": 143.5,
      "monthly_PE_Q": 43.199999999999996
    },
    "2024-07": {
      "monthly_PRENEI_Q": 0.0,
      "monthly_PRELIQ_Q": 52.699999999999996,
      "monthly_PE_Q": -56.300000000000004
    },
    "2024-08": {
      "monthly_PRENEI_Q": 0.0,
      "monthly_PRELIQ_Q": 24.4,
      "monthly_PE_Q": -45.4
    },
    "2024-09": {
      "monthly_PRENEI_Q": 0.0,
      "monthly_PRELIQ_Q": 209.29999999999998,
      "monthly_PE_Q": 155.5
    },
    "2024-10": {
      "monthly_PRENEI_Q": 0.0,
      "monthly_PRELIQ_Q": 188.20000000000002,
      "monthly_PE_Q": 146.3
    },
    "2024-11": {
      "monthly_PRENEI_Q": 0.0,
      "monthly_PRELIQ_Q": 99.2,
      "monthly_PE_Q": 75.6
    },
    "2024-12": {
      "monthly_PRENEI_Q": 0.7000000000000001,
      "monthly_PRELIQ_Q": 106.89999999999999,
      "monthly_PE_Q": 93.1
    }
  }
}