{
  "years": {
    "2024": {
      "annual_PRENEI_Q": 15.9,
      "annual_PRELIQ_Q": 1602.8,
      "annual_PE_Q": 962.0
    }
  },
  "months": {
    "2024-01": {
      "monthly_PRENEI_Q": 3.0,
      "monthly_PRELIQ_Q": 81.5,
      "monthly_PE_Q": 68.8
    },
    "2024-02": {
      "monthly_PRENEI_Q": 2.5999999999999996,
      "monthly_PRELIQ_Q": 158.9,
      "monthly_PE_Q": 137.29999999999998
    },
    "2024-03": {
      "monthly_PRENEI_Q": 1.6,
      "monthly_PRELIQ_Q": 170.7,
      "monthly_PE_Q": 129.4
    },
    "2024-04": {
      "monthly_PRENEI_Q": 0.1,
      "monthly_PRELIQ_Q": 125.30000000000001,
      "monthly_PE_Q": 53.3
    },
    "2024-05": {
      "monthly_PRENEI_Q": 0.0,
      "monthly_PRELIQ_Q": 218.4,
      "monthly_PE_Q": 142.5
    },
    "2024-06": {
      "monthly_PRENEI_Q": 0.0,
      "monthly_PRELIQ_Q": 152.8,
      "monthly_PE_Q": 50.4
    },
    "2024-07": {
      "monthly_PRENEI_Q": 0.0,
      "monthly_PRELIQ_Q": 59.6,
      "monthly_PE_Q": -54.8
    },
    "2024-08": {
      "monthly_PRENEI_Q": 0.0,
      "monthly_PRELIQ_Q": 26.2,
      "monthly_PE_Q": -42.800000000000004
    },
    "2024-09": {
      "monthly_PRENEI_Q": 0.0,
      "monthly_PRELIQ_Q": 193.29999999999998,
      "monthly_PE_Q": 141.5
    },
    "2024-10": {
      "monthly_PRENEI_Q": 0.0,
      "monthly_PRELIQ_Q": 234.79999999999998,
      "monthly_PE_Q": 191.6
    },
    "2024-11": {
      "monthly_PRENEI_Q": 0.0,
      "monthly_PRELIQ_Q": 79.5,
      "monthly_PE_Q": 52.300000000000004
    },
    "2024-12": {
      "monthly_PRENEI_Q": 8.6,
      "monthly_PRELIQ_Q": 101.8,
      "monthly_PE_Q": 92.5
    }
  }
}