{
  "years": {
    "2024": {
      "annual_PRENEI_Q": 27.0,
      "annual_PRELIQ_Q": 890.9,
      "annual_PE_Q": 388.1
    }
  },
  "months": {
    "2024-01": {
      "monthly_PRENEI_Q": 14.600000000000001,
      "monthly_PRELIQ_Q": 58.8,
      "monthly_PE_Q": 63.8
    },
    "2024-02": {
      "monthly_PRENEI_Q": 0.0,
      "monthly_PRELIQ_Q": 86.10000000000001,
      "monthly_PE_Q": 71.9
    },
    "2024-03": {
      "monthly_PRENEI_Q": 0.0,
      "monthly_PRELIQ_Q": 95.5,
      "monthly_PE_Q": 59.1
    },
    "2024-04": {
      "monthly_PRENEI_Q": 0.0,
      "monthly_PRELIQ_Q": 71.60000000000001,
      "monthly_PE_Q": 13.5
    },
    "2024-05": {
      "monthly_PRENEI_Q": 0.0,
      "monthly_PRELIQ_Q": 114.6,
      "monthly_PE_Q": 37.9
    },
    "2024-06": {
      "monthly_PRENEI_Q": 0.0,
      "monthly_PRELIQ_Q": 56.0,
      "monthly_PE_Q": -30.799999999999997
    },
    "2024-07": {
      "monthly_PRENEI_Q": 0.0,
      "monthly_PRELIQ_Q": 53.5,
      "monthly_PE_Q": -29.6
    },
    "2024-08": {
      "monthly_PRENEI_Q": 0.0,
      "monthly_PRELIQ_Q": 52.6,
      "monthly_PE_Q": -7.100000000000001
    },
    "2024-09": {
      "monthly_PRENEI_Q": 0.0,
      "monthly_PRELIQ_Q": 100.10000000000001,
      "monthly_PE_Q": 49.800000000000004
    },
    "2024-10": {
      "monthly_PRENEI_Q": 0.0,
      "monthly_PRELIQ_Q": 110.7,
      "monthly_PE_Q": 83.4
    },
    "2024-11": {
      "monthly_PRENEI_Q": 12.299999999999999,
      "monthly_PRELIQ_Q": 37.4,
      "monthly_PE_Q": 34.699999999999996
    },
    "2024-12": {
      "monthly_PRENEI_Q": 0.1,
      "monthly_PRELIQ_Q": 54.0,
      "monthly_PE_Q": 41.5
    }
  }
}