{
  "years": {
    "2024": {
      "annual_PRENEI_Q": 16.5,
      "annual_PRELIQ_Q": 838.2,
      "annual_PE_Q": 314.4
    }
  },
  "months": {
    "2024-01": {
      "monthly_PRENEI_Q": 16.3,
      "monthly_PRELIQ_Q": 55.0,
      "monthly_PE_Q": 58.5
    },
    "2024-02": {
      "monthly_PRENEI_Q": 0.0,
      "monthly_PRELIQ_Q": 89.2,
      "monthly_PE_Q": 72.0
    },
    "2024-03": {
      "monthly_PRENEI_Q": 0.0,
      "monthly_PRELIQ_Q": 61.0,
      "monthly_PE_Q": 22.200000000000003
    },
    "2024-04": {
      "monthly_PRENEI_Q": 0.0,
      "monthly_PRELIQ_Q": 66.1,
      "monthly_PE_Q": 5.900000000000002
    },
    "2024-05": {
      "monthly_PRENEI_Q": 0.0,
      "monthly_PRELIQ_Q": 78.3,
      "monthly_PE_Q": 5.6000000000000005
    },
    "2024-06": {
      "monthly_PRENEI_Q": 0.0,
      "monthly_PRELIQ_Q": 41.800000000000004,
      "monthly_PE_Q": -43.3
    },
    "2024-07": {
      "monthly_PRENEI_Q": 0.0,
      "monthly_PRELIQ_Q": 77.39999999999999,
      "monthly_PE_Q": 4.600000000000001
    },
    "2024-08": {
      "monthly_PRENEI_Q": 0.0,
      "monthly_PRELIQ_Q": 47.7,
      "monthly_PE_Q": -15.200000000000003
    },
    "2024-09": {
      "monthly_PRENEI_Q": 0.0,
      "monthly_PRELIQ_Q": 91.3,
      "monthly_PE_Q": 38.0
    },
    "2024-10": {
      "monthly_PRENEI_Q": 0.0,
      "monthly_PRELIQ_Q": 80.4,
      "monthly_PE_Q": 45.2
    },
    "2024-11": {
      "monthly_PRENEI_Q": 0.2,
      "monthly_PRELIQ_Q": 82.7,
      "monthly_PE_Q": 68.39999999999999
    },
    "2024-12": {
      "monthly_PRENEI_Q": 0.0,
      "monthly_PRELIQ_Q": 67.3,
      "monthly_PE_Q": 52.5
    }
  }
}