{
  "years": {
    "2024": {
      "annual_PRENEI_Q": 16.300000000000004,
      "annual_PRELIQ_Q": 833.5,
      "annual_PE_Q": 315.6
    }
  },
  "months": {
    "2024-01": {
      "monthly_PRENEI_Q": 16.200000000000003,
      "monthly_PRELIQ_Q": 54.7,
      "monthly_PE_Q": 59.800000000000004
    },
    "2024-02": {
      "monthly_PRENEI_Q": 0.0,
      "monthly_PRELIQ_Q": 88.9,
      "monthly_PE_Q": 73.60000000000001
    },
    "2024-03": {
      "monthly_PRENEI_Q": 0.0,
      "monthly_PRELIQ_Q": 60.5,
      "monthly_PE_Q": 22.3
    },
    "2024-04": {
      "monthly_PRENEI_Q": 0.0,
      "monthly_PRELIQ_Q": 65.8,
      "monthly_PE_Q": 5.900000000000001
    },
    "2024-05": {
      "monthly_PRENEI_Q": 0.0,
      "monthly_PRELIQ_Q": 77.9,
      "monthly_PE_Q": 4.8
    },
    "2024-06": {
      "monthly_PRENEI_Q": 0.0,
      "monthly_PRELIQ_Q": 41.6,
      "monthly_PE_Q": -45.2
    },
    "2024-07": {
      "monthly_PRENEI_Q": 0.0,
      "monthly_PRELIQ_Q": 76.8,
      "monthly_PE_Q": 3.5
    },
    "2024-08": {
      "monthly_PRENEI_Q": 0.0,
      "monthly_PRELIQ_Q": 47.199999999999996,
      "monthly_PE_Q": -15.700000000000003
    },
    "2024-09": {
      "monthly_PRENEI_Q": 0.0,
      "monthly_PRELIQ_Q": 90.8,
      "monthly_PE_Q": 38.599999999999994
    },
    "2024-10": {
      "monthly_PRENEI_Q": 0.0,
      "monthly_PRELIQ_Q": 79.89999999999999,
      "monthly_PE_Q": 44.5
    },
    "2024-11": {
      "monthly_PRENEI_Q": 0.1,
      "monthly_PRELIQ_Q": 82.2,
      "monthly_PE_Q": 68.8
    },
    "2024-12": {
      "monthly_PRENEI_Q": 0.0,
      "monthly_PRELIQ_Q": 67.2,
      "monthly_PE_Q": 54.699999999999996
    }
  }
}