{
  "years": {
    "2024": {
      "annual_PRENEI_Q": 4.499999999999999,
      "annual_PRELIQ_Q": 1159.2,
      "annual_PE_Q": 566.9
    }
  },
  "months": {
    "2024-01": {
      "monthly_PRENEI_Q": 4.499999999999999,
      "monthly_PRELIQ_Q": 101.3,
      "monthly_PE_Q": 88.4
    },
    "2024-02": {
      "monthly_PRENEI_Q": 0.0,
      "monthly_PRELIQ_Q": 178.2,
      "monthly_PE_Q": 154.1
    },
    "2024-03": {
      "monthly_PRENEI_Q": 0.0,
      "monthly_PRELIQ_Q": 68.0,
      "monthly_PE_Q": 31.7
    },
    "2024-04": {
      "monthly_PRENEI_Q": 0.0,
      "monthly_PRELIQ_Q": 93.8,
      "monthly_PE_Q": 34.599999999999994
    },
    "2024-05": {
      "monthly_PRENEI_Q": 0.0,
      "monthly_PRELIQ_Q": 99.1,
      "monthly_PE_Q": 27.400000000000002
    },
    "2024-06": {
      "monthly_PRENEI_Q": 0.0,
      "monthly_PRELIQ_Q": 45.9,
      "monthly_PE_Q": -45.9
    },
    "2024-07": {
      "monthly_PRENEI_Q": 0.0,
      "monthly_PRELIQ_Q": 104.0,
      "monthly_PE_Q": 19.300000000000004
    },
    "2024-08": {
      "monthly_PRENEI_Q": 0.0,
      "monthly_PRELIQ_Q": 42.6,
      "monthly_PE_Q": -43.800000000000004
    },
    "2024-09": {
      "monthly_PRENEI_Q": 0.0,
      "monthly_PRELIQ_Q": 166.5,
      "monthly_PE_Q": 112.39999999999999
    },
    "2024-10": {
      "monthly_PRENEI_Q": 0.0,
      "monthly_PRELIQ_Q": 72.2,
      "monthly_PE_Q": 36.199999999999996
    },
    "2024-11": {
      "monthly_PRENEI_Q": 0.0,
      "monthly_PRELIQ_Q": 101.6,
      "monthly_PE_Q": 83.5
    },
    "2024-12": {
      "monthly_PRENEI_Q": 0.0,
      "monthly_PRELIQ_Q": 86.0,
      "monthly_PE_Q": 69.0
    }
  }
}