{
  "years": {
    "2024": {
      "annual_PRENEI_Q": 67.6,
      "annual_PRELIQ_Q": 606.2,
      "annual_PE_Q": 71.8
    }
  },
  "months": {
    "2024-01": {
      "monthly_PRENEI_Q": 10.299999999999999,
      "monthly_PRELIQ_Q": 6.8,
      "monthly_PE_Q": 3.5
    },
    "2024-02": {
      "monthly_PRENEI_Q": 13.0,
      "monthly_PRELIQ_Q": 15.899999999999999,
      "monthly_PE_Q": 8.2
    },
    "2024-03": {
      "monthly_PRENEI_Q": 21.700000000000003,
      "monthly_PRELIQ_Q": 62.4,
      "monthly_PE_Q": 43.3
    },
    "2024-04": {
      "monthly_PRENEI_Q": 4.2,
      "monthly_PRELIQ_Q": 67.0,
      "monthly_PE_Q": 10.599999999999998
    },
    "2024-05": {
      "monthly_PRENEI_Q": 1.4000000000000001,
      "monthly_PRELIQ_Q": 80.0,
      "monthly_PE_Q": -3.999999999999999
    },
    "2024-06": {
      "monthly_PRENEI_Q": 0.0,
      "monthly_PRELIQ_Q": 71.3,
      "monthly_PE_Q": -22.1
    },
    "2024-07": {
      "monthly_PRENEI_Q": 0.0,
      "monthly_PRELIQ_Q": 38.099999999999994,
      "monthly_PE_Q": -44.0
    },
    "2024-08": {
      "monthly_PRENEI_Q": 0.0,
      "monthly_PRELIQ_Q": 61.8,
      "monthly_PE_Q": -7.499999999999998
    },
    "2024-09": {
      "monthly_PRENEI_Q": 0.0,
      "monthly_PRELIQ_Q": 47.3,
      "monthly_PE_Q": 1.9000000000000008
    },
    "2024-10": {
      "monthly_PRENEI_Q": 0.0,
      "monthly_PRELIQ_Q": 123.30000000000001,
      "monthly_PE_Q": 78.2
    },
    "2024-11": {
      "monthly_PRENEI_Q": 0.0,
      "monthly_PRELIQ_Q": 21.7,
      "monthly_PE_Q": -6.1000000000000005
    },
    "2024-12": {
      "monthly_PRENEI_Q": 17.0,
      "monthly_PRELIQ_Q": 10.6,
      "monthly_PE_Q": 9.8
    }
  }
}