{
  "years": {
    "2024": {
      "annual_PRENEI_Q": 107.1,
      "annual_PRELIQ_Q": 601.2,
      "annual_PE_Q": 97.89999999999999
    }
  },
  "months": {
    "2024-01": {
      "monthly_PRENEI_Q": 12.1,
      "monthly_PRELIQ_Q": 5.7,
      "monthly_PE_Q": 4.899999999999999
    },
    "2024-02": {
      "monthly_PRENEI_Q": 18.7,
      "monthly_PRELIQ_Q": 11.4,
      "monthly_PE_Q": 10.700000000000001
    },
    "2024-03": {
      "monthly_PRENEI_Q": 39.2,
      "monthly_PRELIQ_Q": 49.5,
      "monthly_PE_Q": 54.2
    },
    "2024-04": {
      "monthly_PRENEI_Q": 10.5,
      "monthly_PRELIQ_Q": 64.0,
      "monthly_PE_Q": 13.799999999999999
    },
    "2024-05": {
      "monthly_PRENEI_Q": 5.0,
      "monthly_PRELIQ_Q": 80.7,
      "monthly_PE_Q": 0.9999999999999991
    },
    "2024-06": {
      "monthly_PRENEI_Q": 0.0,
      "monthly_PRELIQ_Q": 75.0,
      "monthly_PE_Q": -24.299999999999997
    },
    "2024-07": {
      "monthly_PRENEI_Q": 0.0,
      "monthly_PRELIQ_Q": 40.5,
      "monthly_PE_Q": -50.4
    },
    "2024-08": {
      "monthly_PRENEI_Q": 0.0,
      "monthly_PRELIQ_Q": 64.7,
      "monthly_PE_Q": -7.600000000000001
    },
    "2024-09": {
      "monthly_PRENEI_Q": 0.1,
      "monthly_PRELIQ_Q": 49.3,
      "monthly_PE_Q": 2.2
    },
    "2024-10": {
      "monthly_PRENEI_Q": 0.0,
      "monthly_PRELIQ_Q": 129.6,
      "monthly_PE_Q": 83.89999999999999
    },
    "2024-11": {
      "monthly_PRENEI_Q": 0.7999999999999999,
      "monthly_PRELIQ_Q": 22.2,
      "monthly_PE_Q": -4.300000000000001
    },
    "2024-12": {
      "monthly_PRENEI_Q": 20.7,
      "monthly_PRELIQ_Q": 8.6,
      "monthly_PE_Q": 13.8
    }
  }
}