{
  "years": {
    "2024": {
      "annual_PRENEI_Q": 727.6999999999999,
      "annual_PRELIQ_Q": 633.7,
      "annual_PE_Q": 823.9
    }
  },
  "months": {
    "2024-01": {
      "monthly_PRENEI_Q": 74.2,
      "monthly_PRELIQ_Q": 6.5,
      "monthly_PE_Q": 77.2
    },
    "2024-02": {
      "monthly_PRENEI_Q": 137.3,
      "monthly_PRELIQ_Q": 6.4,
      "monthly_PE_Q": 137.29999999999998
    },
    "2024-03": {
      "monthly_PRENEI_Q": 87.3,
      "monthly_PRELIQ_Q": 8.0,
      "monthly_PE_Q": 89.6
    },
    "2024-04": {
      "monthly_PRENEI_Q": 94.1,
      "monthly_PRELIQ_Q": 19.400000000000002,
      "monthly_PE_Q": 87.3
    },
    "2024-05": {
      "monthly_PRENEI_Q": 75.1,
      "monthly_PRELIQ_Q": 79.1,
      "monthly_PE_Q": 100.1
    },
    "2024-06": {
      "monthly_PRENEI_Q": 2.4,
      "monthly_PRELIQ_Q": 84.9,
      "monthly_PE_Q": -14.899999999999995
    },
    "2024-07": {
      "monthly_PRENEI_Q": 0.0,
      "monthly_PRELIQ_Q": 73.9,
      "monthly_PE_Q": -37.699999999999996
    },
    "2024-08": {
      "monthly_PRENEI_Q": 0.0,
      "monthly_PRELIQ_Q": 87.3,
      "monthly_PE_Q": 2.2999999999999967
    },
    "2024-09": {
      "monthly_PRENEI_Q": 6.5,
      "monthly_PRELIQ_Q": 100.4,
      "monthly_PE_Q": 42.2
    },
    "2024-10": {
      "monthly_PRENEI_Q": 30.7,
      "monthly_PRELIQ_Q": 104.0,
      "monthly_PE_Q": 82.5
    },
    "2024-11": {
      "monthly_PRENEI_Q": 44.6,
      "monthly_PRELIQ_Q": 34.599999999999994,
      "monthly_PE_Q": 58.300000000000004
    },
    "2024-12": {
      "monthly_PRENEI_Q": 175.5,
      "monthly_PRELIQ_Q": 29.2,
      "monthly_PE_Q": 199.70000000000002
    }
  }
}