{
  "years": {
    "2024": {
      "annual_PRENEI_Q": 3.6,
      "annual_PRELIQ_Q": 674.4,
      "annual_PE_Q": 126.2
    }
  },
  "months": {
    "2024-01": {
      "monthly_PRENEI_Q": 3.1,
      "monthly_PRELIQ_Q": 39.0,
      "monthly_PE_Q": 21.099999999999998
    },
    "2024-02": {
      "monthly_PRENEI_Q": 0.0,
      "monthly_PRELIQ_Q": 71.9,
      "monthly_PE_Q": 43.800000000000004
    },
    "2024-03": {
      "monthly_PRENEI_Q": 0.5,
      "monthly_PRELIQ_Q": 36.4,
      "monthly_PE_Q": -11.1
    },
    "2024-04": {
      "monthly_PRENEI_Q": 0.0,
      "monthly_PRELIQ_Q": 56.199999999999996,
      "monthly_PE_Q": -9.0
    },
    "2024-05": {
      "monthly_PRENEI_Q": 0.0,
      "monthly_PRELIQ_Q": 101.5,
      "monthly_PE_Q": 15.400000000000002
    },
    "2024-06": {
      "monthly_PRENEI_Q": 0.0,
      "monthly_PRELIQ_Q": 44.900000000000006,
      "monthly_PE_Q": -30.9
    },
    "2024-07": {
      "monthly_PRENEI_Q": 0.0,
      "monthly_PRELIQ_Q": 32.800000000000004,
      "monthly_PE_Q": -24.1
    },
    "2024-08": {
      "monthly_PRENEI_Q": 0.0,
      "monthly_PRELIQ_Q": 45.1,
      "monthly_PE_Q": 0.399999999999998
    },
    "2024-09": {
      "monthly_PRENEI_Q": 0.0,
      "monthly_PRELIQ_Q": 47.0,
      "monthly_PE_Q": 1.399999999999999
    },
    "2024-10": {
      "monthly_PRENEI_Q": 0.0,
      "monthly_PRELIQ_Q": 95.4,
      "monthly_PE_Q": 61.6
    },
    "2024-11": {
      "monthly_PRENEI_Q": 0.0,
      "monthly_PRELIQ_Q": 43.4,
      "monthly_PE_Q": 16.7
    },
    "2024-12": {
      "monthly_PRENEI_Q": 0.0,
      "monthly_PRELIQ_Q": 60.8,
      "monthly_PE_Q": 40.9
    }
  }
}