{
  "years": {
    "2024": {
      "annual_PRENEI_Q": 4.1,
      "annual_PRELIQ_Q": 848.8,
      "annual_PE_Q": 157.70000000000002
    }
  },
  "months": {
    "2024-01": {
      "monthly_PRENEI_Q": 4.1,
      "monthly_PRELIQ_Q": 28.3,
      "monthly_PE_Q": 13.3
    },
    "2024-02": {
      "monthly_PRENEI_Q": 0.0,
      "monthly_PRELIQ_Q": 79.69999999999999,
      "monthly_PE_Q": 47.5
    },
    "2024-03": {
      "monthly_PRENEI_Q": 0.0,
      "monthly_PRELIQ_Q": 55.7,
      "monthly_PE_Q": -2.7
    },
    "2024-04": {
      "monthly_PRENEI_Q": 0.0,
      "monthly_PRELIQ_Q": 57.4,
      "monthly_PE_Q": -18.3
    },
    "2024-05": {
      "monthly_PRENEI_Q": 0.0,
      "monthly_PRELIQ_Q": 103.0,
      "monthly_PE_Q": 16.599999999999998
    },
    "2024-06": {
      "monthly_PRENEI_Q": 0.0,
      "monthly_PRELIQ_Q": 108.80000000000001,
      "monthly_PE_Q": 20.599999999999998
    },
    "2024-07": {
      "monthly_PRENEI_Q": 0.0,
      "monthly_PRELIQ_Q": 48.1,
      "monthly_PE_Q": -51.0
    },
    "2024-08": {
      "monthly_PRENEI_Q": 0.0,
      "monthly_PRELIQ_Q": 84.9,
      "monthly_PE_Q": 9.100000000000003
    },
    "2024-09": {
      "monthly_PRENEI_Q": 0.0,
      "monthly_PRELIQ_Q": 61.5,
      "monthly_PE_Q": 0.10000000000000075
    },
    "2024-10": {
      "monthly_PRENEI_Q": 0.0,
      "monthly_PRELIQ_Q": 118.19999999999999,
      "monthly_PE_Q": 74.9
    },
    "2024-11": {
      "monthly_PRENEI_Q": 0.0,
      "monthly_PRELIQ_Q": 51.300000000000004,
      "monthly_PE_Q": 15.100000000000001
    },
    "2024-12": {
      "monthly_PRENEI_Q": 0.0,
      "monthly_PRELIQ_Q": 51.9,
      "monthly_PE_Q": 32.5
    }
  }
}