{
  "years": {
    "2024": {
      "annual_PRENEI_Q": 3.4000000000000004,
      "annual_PRELIQ_Q": 997.4,
      "annual_PE_Q": 344.8
    }
  },
  "months": {
    "2024-01": {
      "monthly_PRENEI_Q": 2.7,
      "monthly_PRELIQ_Q": 25.8,
      "monthly_PE_Q": 14.200000000000001
    },
    "2024-02": {
      "monthly_PRENEI_Q": 0.0,
      "monthly_PRELIQ_Q": 100.89999999999999,
      "monthly_PE_Q": 77.7
    },
    "2024-03": {
      "monthly_PRENEI_Q": 0.0,
      "monthly_PRELIQ_Q": 85.7,
      "monthly_PE_Q": 37.800000000000004
    },
    "2024-04": {
      "monthly_PRENEI_Q": 0.0,
      "monthly_PRELIQ_Q": 114.4,
      "monthly_PE_Q": 39.4
    },
    "2024-05": {
      "monthly_PRENEI_Q": 0.0,
      "monthly_PRELIQ_Q": 159.9,
      "monthly_PE_Q": 84.7
    },
    "2024-06": {
      "monthly_PRENEI_Q": 0.0,
      "monthly_PRELIQ_Q": 88.39999999999999,
      "monthly_PE_Q": -14.399999999999997
    },
    "2024-07": {
      "monthly_PRENEI_Q": 0.0,
      "monthly_PRELIQ_Q": 36.0,
      "monthly_PE_Q": -70.1
    },
    "2024-08": {
      "monthly_PRENEI_Q": 0.0,
      "monthly_PRELIQ_Q": 39.9,
      "monthly_PE_Q": -20.7
    },
    "2024-09": {
      "monthly_PRENEI_Q": 0.0,
      "monthly_PRELIQ_Q": 124.89999999999999,
      "monthly_PE_Q": 68.8
    },
    "2024-10": {
      "monthly_PRENEI_Q": 0.0,
      "monthly_PRELIQ_Q": 116.2,
      "monthly_PE_Q": 68.4
    },
    "2024-11": {
      "monthly_PRENEI_Q": 0.1,
      "monthly_PRELIQ_Q": 48.4,
      "monthly_PE_Q": 17.6
    },
    "2024-12": {
      "monthly_PRENEI_Q": 0.6000000000000001,
      "monthly_PRELIQ_Q": 56.9,
      "monthly_PE_Q": 41.4
    }
  }
}