{
  "years": {
    "2024": {
      "annual_PRENEI_Q": 6.3,
      "annual_PRELIQ_Q": 1026.0,
      "annual_PE_Q": 373.0
    }
  },
  "months": {
    "2024-01": {
      "monthly_PRENEI_Q": 4.0,
      "monthly_PRELIQ_Q": 25.0,
      "monthly_PE_Q": 15.700000000000001
    },
    "2024-02": {
      "monthly_PRENEI_Q": 1.4,
      "monthly_PRELIQ_Q": 102.7,
      "monthly_PE_Q": 81.6
    },
    "2024-03": {
      "monthly_PRENEI_Q": 0.0,
      "monthly_PRELIQ_Q": 88.4,
      "monthly_PE_Q": 42.1
    },
    "2024-04": {
      "monthly_PRENEI_Q": 0.0,
      "monthly_PRELIQ_Q": 118.1,
      "monthly_PE_Q": 43.699999999999996
    },
    "2024-05": {
      "monthly_PRENEI_Q": 0.0,
      "monthly_PRELIQ_Q": 165.29999999999998,
      "monthly_PE_Q": 89.9
    },
    "2024-06": {
      "monthly_PRENEI_Q": 0.0,
      "monthly_PRELIQ_Q": 91.30000000000001,
      "monthly_PE_Q": -11.400000000000002
    },
    "2024-07": {
      "monthly_PRENEI_Q": 0.0,
      "monthly_PRELIQ_Q": 37.1,
      "monthly_PE_Q": -73.5
    },
    "2024-08": {
      "monthly_PRENEI_Q": 0.0,
      "monthly_PRELIQ_Q": 41.199999999999996,
      "monthly_PE_Q": -22.700000000000003
    },
    "2024-09": {
      "monthly_PRENEI_Q": 0.0,
      "monthly_PRELIQ_Q": 128.9,
      "monthly_PE_Q": 72.3
    },
    "2024-10": {
      "monthly_PRENEI_Q": 0.0,
      "monthly_PRELIQ_Q": 120.0,
      "monthly_PE_Q": 72.3
    },
    "2024-11": {
      "monthly_PRENEI_Q": 0.1,
      "monthly_PRELIQ_Q": 49.8,
      "monthly_PE_Q": 20.0
    },
    "2024-12": {
      "monthly_PRENEI_Q": 0.8,
      "monthly_PRELIQ_Q": 58.199999999999996,
      "monthly_PE_Q": 43.0
    }
  }
}