{
  "years": {
    "2024": {
      "annual_PRENEI_Q": 45.8,
      "annual_PRELIQ_Q": 1465.1,
      "annual_PE_Q": 783.8000000000001
    }
  },
  "months": {
    "2024-01": {
      "monthly_PRENEI_Q": 6.7,
      "monthly_PRELIQ_Q": 76.0,
      "monthly_PE_Q": 61.7
    },
    "2024-02": {
      "monthly_PRENEI_Q": 5.800000000000001,
      "monthly_PRELIQ_Q": 128.0,
      "monthly_PE_Q": 101.19999999999999
    },
    "2024-03": {
      "monthly_PRENEI_Q": 20.599999999999998,
      "monthly_PRELIQ_Q": 128.0,
      "monthly_PE_Q": 99.2
    },
    "2024-04": {
      "monthly_PRENEI_Q": 0.6000000000000001,
      "monthly_PRELIQ_Q": 106.0,
      "monthly_PE_Q": 31.7
    },
    "2024-05": {
      "monthly_PRENEI_Q": 0.0,
      "monthly_PRELIQ_Q": 223.3,
      "monthly_PE_Q": 140.8
    },
    "2024-06": {
      "monthly_PRENEI_Q": 0.0,
      "monthly_PRELIQ_Q": 154.3,
      "monthly_PE_Q": 49.099999999999994
    },
    "2024-07": {
      "monthly_PRENEI_Q": 0.0,
      "monthly_PRELIQ_Q": 63.400000000000006,
      "monthly_PE_Q": -57.6
    },
    "2024-08": {
      "monthly_PRENEI_Q": 0.0,
      "monthly_PRELIQ_Q": 34.1,
      "monthly_PE_Q": -43.0
    },
    "2024-09": {
      "monthly_PRENEI_Q": 0.0,
      "monthly_PRELIQ_Q": 177.7,
      "monthly_PE_Q": 117.1
    },
    "2024-10": {
      "monthly_PRENEI_Q": 0.0,
      "monthly_PRELIQ_Q": 179.20000000000002,
      "monthly_PE_Q": 128.6
    },
    "2024-11": {
      "monthly_PRENEI_Q": 0.0,
      "monthly_PRELIQ_Q": 84.2,
      "monthly_PE_Q": 53.800000000000004
    },
    "2024-12": {
      "monthly_PRENEI_Q": 12.1,
      "monthly_PRELIQ_Q": 110.9,
      "monthly_PE_Q": 101.2
    }
  }
}