{
  "years": {
    "2024": {
      "annual_PRENEI_Q": 23.599999999999998,
      "annual_PRELIQ_Q": 1247.9,
      "annual_PE_Q": 576.2
    }
  },
  "months": {
    "2024-01": {
      "monthly_PRENEI_Q": 4.9,
      "monthly_PRELIQ_Q": 47.7,
      "monthly_PE_Q": 34.2
    },
    "2024-02": {
      "monthly_PRENEI_Q": 2.6,
      "monthly_PRELIQ_Q": 85.10000000000001,
      "monthly_PE_Q": 61.3
    },
    "2024-03": {
      "monthly_PRENEI_Q": 15.1,
      "monthly_PRELIQ_Q": 105.7,
      "monthly_PE_Q": 74.4
    },
    "2024-04": {
      "monthly_PRENEI_Q": 0.3,
      "monthly_PRELIQ_Q": 86.2,
      "monthly_PE_Q": 12.4
    },
    "2024-05": {
      "monthly_PRENEI_Q": 0.0,
      "monthly_PRELIQ_Q": 188.3,
      "monthly_PE_Q": 108.6
    },
    "2024-06": {
      "monthly_PRENEI_Q": 0.0,
      "monthly_PRELIQ_Q": 140.8,
      "monthly_PE_Q": 33.3
    },
    "2024-07": {
      "monthly_PRENEI_Q": 0.0,
      "monthly_PRELIQ_Q": 65.5,
      "monthly_PE_Q": -54.199999999999996
    },
    "2024-08": {
      "monthly_PRENEI_Q": 0.0,
      "monthly_PRELIQ_Q": 31.4,
      "monthly_PE_Q": -40.800000000000004
    },
    "2024-09": {
      "monthly_PRENEI_Q": 0.0,
      "monthly_PRELIQ_Q": 166.1,
      "monthly_PE_Q": 106.9
    },
    "2024-10": {
      "monthly_PRENEI_Q": 0.0,
      "monthly_PRELIQ_Q": 162.29999999999998,
      "monthly_PE_Q": 116.0
    },
    "2024-11": {
      "monthly_PRENEI_Q": 0.1,
      "monthly_PRELIQ_Q": 63.199999999999996,
      "monthly_PE_Q": 36.4
    },
    "2024-12": {
      "monthly_PRENEI_Q": 0.6,
      "monthly_PRELIQ_Q": 105.60000000000001,
      "monthly_PE_Q": 87.7
    }
  }
}