{
  "years": {
    "2024": {
      "annual_PRENEI_Q": 5.8999999999999995,
      "annual_PRELIQ_Q": 936.8,
      "annual_PE_Q": 394.2
    }
  },
  "months": {
    "2024-01": {
      "monthly_PRENEI_Q": 0.1,
      "monthly_PRELIQ_Q": 52.800000000000004,
      "monthly_PE_Q": 42.3
    },
    "2024-02": {
      "monthly_PRENEI_Q": 0.0,
      "monthly_PRELIQ_Q": 75.5,
      "monthly_PE_Q": 58.8
    },
    "2024-03": {
      "monthly_PRENEI_Q": 0.0,
      "monthly_PRELIQ_Q": 101.2,
      "monthly_PE_Q": 62.800000000000004
    },
    "2024-04": {
      "monthly_PRENEI_Q": 0.0,
      "monthly_PRELIQ_Q": 62.699999999999996,
      "monthly_PE_Q": 0.3000000000000007
    },
    "2024-05": {
      "monthly_PRENEI_Q": 0.0,
      "monthly_PRELIQ_Q": 138.9,
      "monthly_PE_Q": 65.3
    },
    "2024-06": {
      "monthly_PRENEI_Q": 0.0,
      "monthly_PRELIQ_Q": 115.10000000000001,
      "monthly_PE_Q": 27.100000000000005
    },
    "2024-07": {
      "monthly_PRENEI_Q": 0.0,
      "monthly_PRELIQ_Q": 52.5,
      "monthly_PE_Q": -41.5
    },
    "2024-08": {
      "monthly_PRENEI_Q": 0.0,
      "monthly_PRELIQ_Q": 26.4,
      "monthly_PE_Q": -34.7
    },
    "2024-09": {
      "monthly_PRENEI_Q": 0.0,
      "monthly_PRELIQ_Q": 111.8,
      "monthly_PE_Q": 65.1
    },
    "2024-10": {
      "monthly_PRENEI_Q": 0.0,
      "monthly_PRELIQ_Q": 90.7,
      "monthly_PE_Q": 59.4
    },
    "2024-11": {
      "monthly_PRENEI_Q": 5.799999999999999,
      "monthly_PRELIQ_Q": 51.6,
      "monthly_PE_Q": 41.6
    },
    "2024-12": {
      "monthly_PRENEI_Q": 0.0,
      "monthly_PRELIQ_Q": 57.6,
      "monthly_PE_Q": 47.7
    }
  }
}