{
  "years": {
    "2024": {
      "annual_PRENEI_Q": 274.4,
      "annual_PRELIQ_Q": 536.0,
      "annual_PE_Q": 243.7
    }
  },
  "months": {
    "2024-01": {
      "monthly_PRENEI_Q": 17.1,
      "monthly_PRELIQ_Q": 2.9,
      "monthly_PE_Q": 11.1
    },
    "2024-02": {
      "monthly_PRENEI_Q": 31.1,
      "monthly_PRELIQ_Q": 2.0,
      "monthly_PE_Q": 19.5
    },
    "2024-03": {
      "monthly_PRENEI_Q": 83.9,
      "monthly_PRELIQ_Q": 17.5,
      "monthly_PE_Q": 82.4
    },
    "2024-04": {
      "monthly_PRENEI_Q": 49.8,
      "monthly_PRELIQ_Q": 35.4,
      "monthly_PE_Q": 38.699999999999996
    },
    "2024-05": {
      "monthly_PRENEI_Q": 37.0,
      "monthly_PRELIQ_Q": 61.6,
      "monthly_PE_Q": 30.599999999999998
    },
    "2024-06": {
      "monthly_PRENEI_Q": 2.5999999999999996,
      "monthly_PRELIQ_Q": 83.1,
      "monthly_PE_Q": -13.7
    },
    "2024-07": {
      "monthly_PRENEI_Q": 0.0,
      "monthly_PRELIQ_Q": 46.699999999999996,
      "monthly_PE_Q": -55.5
    },
    "2024-08": {
      "monthly_PRENEI_Q": 0.0,
      "monthly_PRELIQ_Q": 73.5,
      "monthly_PE_Q": -8.399999999999997
    },
    "2024-09": {
      "monthly_PRENEI_Q": 0.4,
      "monthly_PRELIQ_Q": 55.8,
      "monthly_PE_Q": 5.799999999999999
    },
    "2024-10": {
      "monthly_PRENEI_Q": 14.600000000000001,
      "monthly_PRELIQ_Q": 134.4,
      "monthly_PE_Q": 105.3
    },
    "2024-11": {
      "monthly_PRENEI_Q": 7.4,
      "monthly_PRELIQ_Q": 18.4,
      "monthly_PE_Q": 2.5999999999999996
    },
    "2024-12": {
      "monthly_PRENEI_Q": 30.5,
      "monthly_PRELIQ_Q": 4.7,
      "monthly_PE_Q": 25.3
    }
  }
}