{
  "years": {
    "2024": {
      "annual_PRENEI_Q": 145.8,
      "annual_PRELIQ_Q": 652.2,
      "annual_PE_Q": 130.5
    }
  },
  "months": {
    "2024-01": {
      "monthly_PRENEI_Q": 12.299999999999999,
      "monthly_PRELIQ_Q": 3.6,
      "monthly_PE_Q": 2.0999999999999996
    },
    "2024-02": {
      "monthly_PRENEI_Q": 22.0,
      "monthly_PRELIQ_Q": 6.7,
      "monthly_PE_Q": 9.7
    },
    "2024-03": {
      "monthly_PRENEI_Q": 33.9,
      "monthly_PRELIQ_Q": 36.7,
      "monthly_PE_Q": 33.9
    },
    "2024-04": {
      "monthly_PRENEI_Q": 14.6,
      "monthly_PRELIQ_Q": 83.6,
      "monthly_PE_Q": 36.800000000000004
    },
    "2024-05": {
      "monthly_PRENEI_Q": 5.0,
      "monthly_PRELIQ_Q": 92.2,
      "monthly_PE_Q": 12.600000000000001
    },
    "2024-06": {
      "monthly_PRENEI_Q": 0.0,
      "monthly_PRELIQ_Q": 72.89999999999999,
      "monthly_PE_Q": -31.2
    },
    "2024-07": {
      "monthly_PRENEI_Q": 0.0,
      "monthly_PRELIQ_Q": 71.5,
      "monthly_PE_Q": -45.4
    },
    "2024-08": {
      "monthly_PRENEI_Q": 0.0,
      "monthly_PRELIQ_Q": 79.2,
      "monthly_PE_Q": -8.7
    },
    "2024-09": {
      "monthly_PRENEI_Q": 0.0,
      "monthly_PRELIQ_Q": 53.7,
      "monthly_PE_Q": 2.2999999999999994
    },
    "2024-10": {
      "monthly_PRENEI_Q": 0.0,
      "monthly_PRELIQ_Q": 114.6,
      "monthly_PE_Q": 64.89999999999999
    },
    "2024-11": {
      "monthly_PRENEI_Q": 0.8,
      "monthly_PRELIQ_Q": 28.1,
      "monthly_PE_Q": -0.30000000000000016
    },
    "2024-12": {
      "monthly_PRENEI_Q": 57.2,
      "monthly_PRELIQ_Q": 9.4,
      "monthly_PE_Q": 53.8
    }
  }
}