{
  "years": {
    "2024": {
      "annual_PRENEI_Q": 163.4,
      "annual_PRELIQ_Q": 663.3,
      "annual_PE_Q": 163.6
    }
  },
  "months": {
    "2024-01": {
      "monthly_PRENEI_Q": 16.1,
      "monthly_PRELIQ_Q": 11.5,
      "monthly_PE_Q": 9.2
    },
    "2024-02": {
      "monthly_PRENEI_Q": 40.699999999999996,
      "monthly_PRELIQ_Q": 29.2,
      "monthly_PE_Q": 41.8
    },
    "2024-03": {
      "monthly_PRENEI_Q": 21.0,
      "monthly_PRELIQ_Q": 41.8,
      "monthly_PE_Q": 19.1
    },
    "2024-04": {
      "monthly_PRENEI_Q": 13.8,
      "monthly_PRELIQ_Q": 68.89999999999999,
      "monthly_PE_Q": 15.200000000000001
    },
    "2024-05": {
      "monthly_PRENEI_Q": 5.5,
      "monthly_PRELIQ_Q": 100.4,
      "monthly_PE_Q": 20.300000000000004
    },
    "2024-06": {
      "monthly_PRENEI_Q": 0.0,
      "monthly_PRELIQ_Q": 48.3,
      "monthly_PE_Q": -48.2
    },
    "2024-07": {
      "monthly_PRENEI_Q": 0.0,
      "monthly_PRELIQ_Q": 57.699999999999996,
      "monthly_PE_Q": -32.300000000000004
    },
    "2024-08": {
      "monthly_PRENEI_Q": 0.0,
      "monthly_PRELIQ_Q": 65.7,
      "monthly_PE_Q": -4.2
    },
    "2024-09": {
      "monthly_PRENEI_Q": 0.0,
      "monthly_PRELIQ_Q": 61.3,
      "monthly_PE_Q": 5.0
    },
    "2024-10": {
      "monthly_PRENEI_Q": 0.0,
      "monthly_PRELIQ_Q": 103.39999999999999,
      "monthly_PE_Q": 49.800000000000004
    },
    "2024-11": {
      "monthly_PRENEI_Q": 1.6,
      "monthly_PRELIQ_Q": 43.2,
      "monthly_PE_Q": 12.399999999999999
    },
    "2024-12": {
      "monthly_PRENEI_Q": 64.7,
      "monthly_PRELIQ_Q": 31.9,
      "monthly_PE_Q": 75.5
    }
  }
}