{
  "years": {
    "2024": {
      "annual_PRENEI_Q": 1.9,
      "annual_PRELIQ_Q": 765.9,
      "annual_PE_Q": 115.3
    }
  },
  "months": {
    "2024-01": {
      "monthly_PRENEI_Q": 1.9,
      "monthly_PRELIQ_Q": 36.3,
      "monthly_PE_Q": 11.8
    },
    "2024-02": {
      "monthly_PRENEI_Q": 0.0,
      "monthly_PRELIQ_Q": 85.0,
      "monthly_PE_Q": 46.599999999999994
    },
    "2024-03": {
      "monthly_PRENEI_Q": 0.0,
      "monthly_PRELIQ_Q": 42.6,
      "monthly_PE_Q": -12.000000000000002
    },
    "2024-04": {
      "monthly_PRENEI_Q": 0.0,
      "monthly_PRELIQ_Q": 69.39999999999999,
      "monthly_PE_Q": 0.8999999999999986
    },
    "2024-05": {
      "monthly_PRENEI_Q": 0.0,
      "monthly_PRELIQ_Q": 97.2,
      "monthly_PE_Q": -0.7000000000000011
    },
    "2024-06": {
      "monthly_PRENEI_Q": 0.0,
      "monthly_PRELIQ_Q": 32.7,
      "monthly_PE_Q": -44.2
    },
    "2024-07": {
      "monthly_PRENEI_Q": 0.0,
      "monthly_PRELIQ_Q": 44.7,
      "monthly_PE_Q": -24.1
    },
    "2024-08": {
      "monthly_PRENEI_Q": 0.0,
      "monthly_PRELIQ_Q": 34.3,
      "monthly_PE_Q": -14.0
    },
    "2024-09": {
      "monthly_PRENEI_Q": 0.0,
      "monthly_PRELIQ_Q": 62.9,
      "monthly_PE_Q": 5.199999999999997
    },
    "2024-10": {
      "monthly_PRENEI_Q": 0.0,
      "monthly_PRELIQ_Q": 109.10000000000001,
      "monthly_PE_Q": 64.30000000000001
    },
    "2024-11": {
      "monthly_PRENEI_Q": 0.0,
      "monthly_PRELIQ_Q": 52.9,
      "monthly_PE_Q": 18.700000000000003
    },
    "2024-12": {
      "monthly_PRENEI_Q": 0.0,
      "monthly_PRELIQ_Q": 98.8,
      "monthly_PE_Q": 62.8
    }
  }
}