{
  "years": {
    "2024": {
      "annual_PRENEI_Q": 1.6,
      "annual_PRELIQ_Q": 627.9,
      "annual_PE_Q": 89.9
    }
  },
  "months": {
    "2024-01": {
      "monthly_PRENEI_Q": 1.6,
      "monthly_PRELIQ_Q": 37.800000000000004,
      "monthly_PE_Q": 15.299999999999999
    },
    "2024-02": {
      "monthly_PRENEI_Q": 0.0,
      "monthly_PRELIQ_Q": 66.9,
      "monthly_PE_Q": 37.3
    },
    "2024-03": {
      "monthly_PRENEI_Q": 0.0,
      "monthly_PRELIQ_Q": 34.2,
      "monthly_PE_Q": -16.7
    },
    "2024-04": {
      "monthly_PRENEI_Q": 0.0,
      "monthly_PRELIQ_Q": 52.0,
      "monthly_PE_Q": -12.600000000000001
    },
    "2024-05": {
      "monthly_PRENEI_Q": 0.0,
      "monthly_PRELIQ_Q": 94.0,
      "monthly_PE_Q": 5.100000000000001
    },
    "2024-06": {
      "monthly_PRENEI_Q": 0.0,
      "monthly_PRELIQ_Q": 41.800000000000004,
      "monthly_PE_Q": -27.2
    },
    "2024-07": {
      "monthly_PRENEI_Q": 0.0,
      "monthly_PRELIQ_Q": 30.400000000000002,
      "monthly_PE_Q": -18.0
    },
    "2024-08": {
      "monthly_PRENEI_Q": 0.0,
      "monthly_PRELIQ_Q": 41.2,
      "monthly_PE_Q": 2.200000000000001
    },
    "2024-09": {
      "monthly_PRENEI_Q": 0.0,
      "monthly_PRELIQ_Q": 43.8,
      "monthly_PE_Q": 2.600000000000001
    },
    "2024-10": {
      "monthly_PRENEI_Q": 0.0,
      "monthly_PRELIQ_Q": 88.8,
      "monthly_PE_Q": 55.4
    },
    "2024-11": {
      "monthly_PRENEI_Q": 0.0,
      "monthly_PRELIQ_Q": 40.2,
      "monthly_PE_Q": 10.8
    },
    "2024-12": {
      "monthly_PRENEI_Q": 0.0,
      "monthly_PRELIQ_Q": 56.8,
      "monthly_PE_Q": 35.7
    }
  }
}