{
  "years": {
    "2024": {
      "annual_PRENEI_Q": 10.0,
      "annual_PRELIQ_Q": 984.2,
      "annual_PE_Q": 272.09999999999997
    }
  },
  "months": {
    "2024-01": {
      "monthly_PRENEI_Q": 8.899999999999999,
      "monthly_PRELIQ_Q": 30.9,
      "monthly_PE_Q": 24.099999999999998
    },
    "2024-02": {
      "monthly_PRENEI_Q": 0.0,
      "monthly_PRELIQ_Q": 94.1,
      "monthly_PE_Q": 67.9
    },
    "2024-03": {
      "monthly_PRENEI_Q": 0.0,
      "monthly_PRELIQ_Q": 84.4,
      "monthly_PE_Q": 31.9
    },
    "2024-04": {
      "monthly_PRENEI_Q": 0.1,
      "monthly_PRELIQ_Q": 91.1,
      "monthly_PE_Q": 12.199999999999998
    },
    "2024-05": {
      "monthly_PRENEI_Q": 0.0,
      "monthly_PRELIQ_Q": 138.7,
      "monthly_PE_Q": 54.1
    },
    "2024-06": {
      "monthly_PRENEI_Q": 0.0,
      "monthly_PRELIQ_Q": 95.3,
      "monthly_PE_Q": -11.900000000000002
    },
    "2024-07": {
      "monthly_PRENEI_Q": 0.0,
      "monthly_PRELIQ_Q": 88.19999999999999,
      "monthly_PE_Q": -43.300000000000004
    },
    "2024-08": {
      "monthly_PRENEI_Q": 0.0,
      "monthly_PRELIQ_Q": 44.6,
      "monthly_PE_Q": -30.800000000000004
    },
    "2024-09": {
      "monthly_PRENEI_Q": 0.0,
      "monthly_PRELIQ_Q": 98.5,
      "monthly_PE_Q": 38.9
    },
    "2024-10": {
      "monthly_PRENEI_Q": 0.0,
      "monthly_PRELIQ_Q": 115.39999999999999,
      "monthly_PE_Q": 70.4
    },
    "2024-11": {
      "monthly_PRENEI_Q": 0.1,
      "monthly_PRELIQ_Q": 51.3,
      "monthly_PE_Q": 21.400000000000002
    },
    "2024-12": {
      "monthly_PRENEI_Q": 0.9,
      "monthly_PRELIQ_Q": 51.7,
      "monthly_PE_Q": 37.2
    }
  }
}