{
  "years": {
    "2024": {
      "annual_PRENEI_Q": 9.899999999999999,
      "annual_PRELIQ_Q": 1652.3,
      "annual_PE_Q": 953.1
    }
  },
  "months": {
    "2024-01": {
      "monthly_PRENEI_Q": 5.1,
      "monthly_PRELIQ_Q": 96.7,
      "monthly_PE_Q": 88.1
    },
    "2024-02": {
      "monthly_PRENEI_Q": 0.4,
      "monthly_PRELIQ_Q": 173.9,
      "monthly_PE_Q": 151.6
    },
    "2024-03": {
      "monthly_PRENEI_Q": 2.4,
      "monthly_PRELIQ_Q": 144.3,
      "monthly_PE_Q": 101.8
    },
    "2024-04": {
      "monthly_PRENEI_Q": 0.0,
      "monthly_PRELIQ_Q": 108.2,
      "monthly_PE_Q": 32.599999999999994
    },
    "2024-05": {
      "monthly_PRENEI_Q": 0.0,
      "monthly_PRELIQ_Q": 254.0,
      "monthly_PE_Q": 174.3
    },
    "2024-06": {
      "monthly_PRENEI_Q": 0.0,
      "monthly_PRELIQ_Q": 169.5,
      "monthly_PE_Q": 67.3
    },
    "2024-07": {
      "monthly_PRENEI_Q": 0.0,
      "monthly_PRELIQ_Q": 66.5,
      "monthly_PE_Q": -58.800000000000004
    },
    "2024-08": {
      "monthly_PRENEI_Q": 0.0,
      "monthly_PRELIQ_Q": 57.99999999999999,
      "monthly_PE_Q": -33.2
    },
    "2024-09": {
      "monthly_PRENEI_Q": 0.0,
      "monthly_PRELIQ_Q": 195.8,
      "monthly_PE_Q": 133.9
    },
    "2024-10": {
      "monthly_PRENEI_Q": 0.0,
      "monthly_PRELIQ_Q": 163.20000000000002,
      "monthly_PE_Q": 115.1
    },
    "2024-11": {
      "monthly_PRENEI_Q": 0.0,
      "monthly_PRELIQ_Q": 109.60000000000001,
      "monthly_PE_Q": 81.0
    },
    "2024-12": {
      "monthly_PRENEI_Q": 2.0,
      "monthly_PRELIQ_Q": 112.6,
      "monthly_PE_Q": 99.39999999999999
    }
  }
}