{
  "years": {
    "2024": {
      "annual_PRENEI_Q": 4.7,
      "annual_PRELIQ_Q": 1139.4,
      "annual_PE_Q": 404.8
    }
  },
  "months": {
    "2024-01": {
      "monthly_PRENEI_Q": 2.7,
      "monthly_PRELIQ_Q": 46.0,
      "monthly_PE_Q": 34.0
    },
    "2024-02": {
      "monthly_PRENEI_Q": 0.0,
      "monthly_PRELIQ_Q": 66.9,
      "monthly_PE_Q": 44.0
    },
    "2024-03": {
      "monthly_PRENEI_Q": 1.3,
      "monthly_PRELIQ_Q": 113.7,
      "monthly_PE_Q": 66.1
    },
    "2024-04": {
      "monthly_PRENEI_Q": 0.0,
      "monthly_PRELIQ_Q": 76.2,
      "monthly_PE_Q": -4.499999999999998
    },
    "2024-05": {
      "monthly_PRENEI_Q": 0.0,
      "monthly_PRELIQ_Q": 163.6,
      "monthly_PE_Q": 76.7
    },
    "2024-06": {
      "monthly_PRENEI_Q": 0.0,
      "monthly_PRELIQ_Q": 149.20000000000002,
      "monthly_PE_Q": 31.39999999999999
    },
    "2024-07": {
      "monthly_PRENEI_Q": 0.0,
      "monthly_PRELIQ_Q": 93.4,
      "monthly_PE_Q": -38.0
    },
    "2024-08": {
      "monthly_PRENEI_Q": 0.0,
      "monthly_PRELIQ_Q": 17.7,
      "monthly_PE_Q": -72.4
    },
    "2024-09": {
      "monthly_PRENEI_Q": 0.0,
      "monthly_PRELIQ_Q": 145.20000000000002,
      "monthly_PE_Q": 85.80000000000001
    },
    "2024-10": {
      "monthly_PRENEI_Q": 0.0,
      "monthly_PRELIQ_Q": 141.1,
      "monthly_PE_Q": 95.30000000000001
    },
    "2024-11": {
      "monthly_PRENEI_Q": 0.0,
      "monthly_PRELIQ_Q": 51.4,
      "monthly_PE_Q": 25.199999999999996
    },
    "2024-12": {
      "monthly_PRENEI_Q": 0.7,
      "monthly_PRELIQ_Q": 75.0,
      "monthly_PE_Q": 61.199999999999996
    }
  }
}