{
  "years": {
    "2024": {
      "annual_PRENEI_Q": 1.1,
      "annual_PRELIQ_Q": 966.1,
      "annual_PE_Q": 376.5
    }
  },
  "months": {
    "2024-01": {
      "monthly_PRENEI_Q": 0.8,
      "monthly_PRELIQ_Q": 39.5,
      "monthly_PE_Q": 25.2
    },
    "2024-02": {
      "monthly_PRENEI_Q": 0.0,
      "monthly_PRELIQ_Q": 62.8,
      "monthly_PE_Q": 47.4
    },
    "2024-03": {
      "monthly_PRENEI_Q": 0.0,
      "monthly_PRELIQ_Q": 113.6,
      "monthly_PE_Q": 76.30000000000001
    },
    "2024-04": {
      "monthly_PRENEI_Q": 0.0,
      "monthly_PRELIQ_Q": 77.30000000000001,
      "monthly_PE_Q": 12.200000000000001
    },
    "2024-05": {
      "monthly_PRENEI_Q": 0.0,
      "monthly_PRELIQ_Q": 131.2,
      "monthly_PE_Q": 56.3
    },
    "2024-06": {
      "monthly_PRENEI_Q": 0.0,
      "monthly_PRELIQ_Q": 111.0,
      "monthly_PE_Q": 13.100000000000005
    },
    "2024-07": {
      "monthly_PRENEI_Q": 0.0,
      "monthly_PRELIQ_Q": 61.400000000000006,
      "monthly_PE_Q": -45.1
    },
    "2024-08": {
      "monthly_PRENEI_Q": 0.0,
      "monthly_PRELIQ_Q": 14.799999999999999,
      "monthly_PE_Q": -48.6
    },
    "2024-09": {
      "monthly_PRENEI_Q": 0.0,
      "monthly_PRELIQ_Q": 138.9,
      "monthly_PE_Q": 86.1
    },
    "2024-10": {
      "monthly_PRENEI_Q": 0.0,
      "monthly_PRELIQ_Q": 107.3,
      "monthly_PE_Q": 74.8
    },
    "2024-11": {
      "monthly_PRENEI_Q": 0.3,
      "monthly_PRELIQ_Q": 57.300000000000004,
      "monthly_PE_Q": 38.800000000000004
    },
    "2024-12": {
      "monthly_PRENEI_Q": 0.0,
      "monthly_PRELIQ_Q": 51.0,
      "monthly_PE_Q": 40.0
    }
  }
}