{
  "years": {
    "2024": {
      "annual_PRENEI_Q": 0.0,
      "annual_PRELIQ_Q": 863.7,
      "annual_PE_Q": 290.7
    }
  },
  "months": {
    "2024-01": {
      "monthly_PRENEI_Q": 0.0,
      "monthly_PRELIQ_Q": 63.800000000000004,
      "monthly_PE_Q": 38.9
    },
    "2024-02": {
      "monthly_PRENEI_Q": 0.0,
      "monthly_PRELIQ_Q": 109.3,
      "monthly_PE_Q": 82.6
    },
    "2024-03": {
      "monthly_PRENEI_Q": 0.0,
      "monthly_PRELIQ_Q": 52.6,
      "monthly_PE_Q": 9.700000000000001
    },
    "2024-04": {
      "monthly_PRENEI_Q": 0.0,
      "monthly_PRELIQ_Q": 64.5,
      "monthly_PE_Q": 1.5000000000000016
    },
    "2024-05": {
      "monthly_PRENEI_Q": 0.0,
      "monthly_PRELIQ_Q": 66.1,
      "monthly_PE_Q": -4.800000000000001
    },
    "2024-06": {
      "monthly_PRENEI_Q": 0.0,
      "monthly_PRELIQ_Q": 36.6,
      "monthly_PE_Q": -43.6
    },
    "2024-07": {
      "monthly_PRENEI_Q": 0.0,
      "monthly_PRELIQ_Q": 94.4,
      "monthly_PE_Q": 28.200000000000003
    },
    "2024-08": {
      "monthly_PRENEI_Q": 0.0,
      "monthly_PRELIQ_Q": 36.199999999999996,
      "monthly_PE_Q": -28.4
    },
    "2024-09": {
      "monthly_PRENEI_Q": 0.0,
      "monthly_PRELIQ_Q": 159.0,
      "monthly_PE_Q": 107.7
    },
    "2024-10": {
      "monthly_PRENEI_Q": 0.0,
      "monthly_PRELIQ_Q": 58.4,
      "monthly_PE_Q": 20.5
    },
    "2024-11": {
      "monthly_PRENEI_Q": 0.0,
      "monthly_PRELIQ_Q": 68.2,
      "monthly_PE_Q": 44.2
    },
    "2024-12": {
      "monthly_PRENEI_Q": 0.0,
      "monthly_PRELIQ_Q": 54.599999999999994,
      "monthly_PE_Q": 34.199999999999996
    }
  }
}