{
  "years": {
    "2024": {
      "annual_PRENEI_Q": 123.89999999999999,
      "annual_PRELIQ_Q": 569.7,
      "annual_PE_Q": 141.2
    }
  },
  "months": {
    "2024-01": {
      "monthly_PRENEI_Q": 9.0,
      "monthly_PRELIQ_Q": 2.8,
      "monthly_PE_Q": -3.5999999999999996
    },
    "2024-02": {
      "monthly_PRENEI_Q": 31.9,
      "monthly_PRELIQ_Q": 16.3,
      "monthly_PE_Q": 29.400000000000002
    },
    "2024-03": {
      "monthly_PRENEI_Q": 19.4,
      "monthly_PRELIQ_Q": 35.6,
      "monthly_PE_Q": 16.200000000000003
    },
    "2024-04": {
      "monthly_PRENEI_Q": 8.3,
      "monthly_PRELIQ_Q": 88.30000000000001,
      "monthly_PE_Q": 46.7
    },
    "2024-05": {
      "monthly_PRENEI_Q": 2.1,
      "monthly_PRELIQ_Q": 100.9,
      "monthly_PE_Q": 15.199999999999998
    },
    "2024-06": {
      "monthly_PRENEI_Q": 0.0,
      "monthly_PRELIQ_Q": 36.0,
      "monthly_PE_Q": -45.1
    },
    "2024-07": {
      "monthly_PRENEI_Q": 0.0,
      "monthly_PRELIQ_Q": 36.1,
      "monthly_PE_Q": -40.2
    },
    "2024-08": {
      "monthly_PRENEI_Q": 0.0,
      "monthly_PRELIQ_Q": 43.7,
      "monthly_PE_Q": -8.700000000000001
    },
    "2024-09": {
      "monthly_PRENEI_Q": 0.0,
      "monthly_PRELIQ_Q": 42.5,
      "monthly_PE_Q": 3.800000000000001
    },
    "2024-10": {
      "monthly_PRENEI_Q": 0.0,
      "monthly_PRELIQ_Q": 125.6,
      "monthly_PE_Q": 78.2
    },
    "2024-11": {
      "monthly_PRENEI_Q": 1.4000000000000001,
      "monthly_PRELIQ_Q": 29.4,
      "monthly_PE_Q": 0.8000000000000012
    },
    "2024-12": {
      "monthly_PRENEI_Q": 51.8,
      "monthly_PRELIQ_Q": 12.5,
      "monthly_PE_Q": 48.5
    }
  }
}