{
  "years": {
    "2024": {
      "annual_PRENEI_Q": 0.9000000000000001,
      "annual_PRELIQ_Q": 734.3,
      "annual_PE_Q": 107.4
    }
  },
  "months": {
    "2024-01": {
      "monthly_PRENEI_Q": 0.9000000000000001,
      "monthly_PRELIQ_Q": 35.8,
      "monthly_PE_Q": 10.600000000000001
    },
    "2024-02": {
      "monthly_PRENEI_Q": 0.0,
      "monthly_PRELIQ_Q": 81.2,
      "monthly_PE_Q": 45.0
    },
    "2024-03": {
      "monthly_PRENEI_Q": 0.0,
      "monthly_PRELIQ_Q": 41.0,
      "monthly_PE_Q": -13.6
    },
    "2024-04": {
      "monthly_PRENEI_Q": 0.0,
      "monthly_PRELIQ_Q": 66.5,
      "monthly_PE_Q": 0.29999999999999893
    },
    "2024-05": {
      "monthly_PRENEI_Q": 0.0,
      "monthly_PRELIQ_Q": 92.7,
      "monthly_PE_Q": -4.700000000000001
    },
    "2024-06": {
      "monthly_PRENEI_Q": 0.0,
      "monthly_PRELIQ_Q": 31.5,
      "monthly_PE_Q": -43.4
    },
    "2024-07": {
      "monthly_PRENEI_Q": 0.0,
      "monthly_PRELIQ_Q": 42.699999999999996,
      "monthly_PE_Q": -23.7
    },
    "2024-08": {
      "monthly_PRENEI_Q": 0.0,
      "monthly_PRELIQ_Q": 32.9,
      "monthly_PE_Q": -6.9
    },
    "2024-09": {
      "monthly_PRENEI_Q": 0.0,
      "monthly_PRELIQ_Q": 60.1,
      "monthly_PE_Q": 5.0
    },
    "2024-10": {
      "monthly_PRENEI_Q": 0.0,
      "monthly_PRELIQ_Q": 104.5,
      "monthly_PE_Q": 61.00000000000001
    },
    "2024-11": {
      "monthly_PRENEI_Q": 0.0,
      "monthly_PRELIQ_Q": 50.7,
      "monthly_PE_Q": 16.5
    },
    "2024-12": {
      "monthly_PRENEI_Q": 0.0,
      "monthly_PRELIQ_Q": 94.7,
      "monthly_PE_Q": 61.300000000000004
    }
  }
}