{
  "years": {
    "2024": {
      "annual_PRENEI_Q": 2.0,
      "annual_PRELIQ_Q": 638.8,
      "annual_PE_Q": 134.9
    }
  },
  "months": {
    "2024-01": {
      "monthly_PRENEI_Q": 2.0,
      "monthly_PRELIQ_Q": 38.1,
      "monthly_PE_Q": 20.4
    },
    "2024-02": {
      "monthly_PRENEI_Q": 0.0,
      "monthly_PRELIQ_Q": 68.2,
      "monthly_PE_Q": 42.6
    },
    "2024-03": {
      "monthly_PRENEI_Q": 0.0,
      "monthly_PRELIQ_Q": 34.7,
      "monthly_PE_Q": -8.0
    },
    "2024-04": {
      "monthly_PRENEI_Q": 0.0,
      "monthly_PRELIQ_Q": 52.9,
      "monthly_PE_Q": 2.299999999999999
    },
    "2024-05": {
      "monthly_PRENEI_Q": 0.0,
      "monthly_PRELIQ_Q": 95.89999999999999,
      "monthly_PE_Q": 19.600000000000005
    },
    "2024-06": {
      "monthly_PRENEI_Q": 0.0,
      "monthly_PRELIQ_Q": 42.5,
      "monthly_PE_Q": -25.2
    },
    "2024-07": {
      "monthly_PRENEI_Q": 0.0,
      "monthly_PRELIQ_Q": 31.1,
      "monthly_PE_Q": -29.0
    },
    "2024-08": {
      "monthly_PRENEI_Q": 0.0,
      "monthly_PRELIQ_Q": 42.099999999999994,
      "monthly_PE_Q": -3.999999999999997
    },
    "2024-09": {
      "monthly_PRENEI_Q": 0.0,
      "monthly_PRELIQ_Q": 44.4,
      "monthly_PE_Q": 2.8000000000000007
    },
    "2024-10": {
      "monthly_PRENEI_Q": 0.0,
      "monthly_PRELIQ_Q": 90.3,
      "monthly_PE_Q": 59.300000000000004
    },
    "2024-11": {
      "monthly_PRENEI_Q": 0.0,
      "monthly_PRELIQ_Q": 40.9,
      "monthly_PE_Q": 15.700000000000001
    },
    "2024-12": {
      "monthly_PRENEI_Q": 0.0,
      "monthly_PRELIQ_Q": 57.7,
      "monthly_PE_Q": 38.4
    }
  }
}