{
  "years": {
    "2024": {
      "annual_PRENEI_Q": 9.9,
      "annual_PRELIQ_Q": 905.3000000000001,
      "annual_PE_Q": 181.29999999999998
    }
  },
  "months": {
    "2024-01": {
      "monthly_PRENEI_Q": 7.7,
      "monthly_PRELIQ_Q": 26.6,
      "monthly_PE_Q": 16.8
    },
    "2024-02": {
      "monthly_PRENEI_Q": 0.0,
      "monthly_PRELIQ_Q": 86.10000000000001,
      "monthly_PE_Q": 54.5
    },
    "2024-03": {
      "monthly_PRENEI_Q": 2.2,
      "monthly_PRELIQ_Q": 57.7,
      "monthly_PE_Q": 3.6
    },
    "2024-04": {
      "monthly_PRENEI_Q": 0.0,
      "monthly_PRELIQ_Q": 61.400000000000006,
      "monthly_PE_Q": -15.399999999999999
    },
    "2024-05": {
      "monthly_PRENEI_Q": 0.0,
      "monthly_PRELIQ_Q": 110.4,
      "monthly_PE_Q": 26.499999999999996
    },
    "2024-06": {
      "monthly_PRENEI_Q": 0.0,
      "monthly_PRELIQ_Q": 117.0,
      "monthly_PE_Q": 17.099999999999998
    },
    "2024-07": {
      "monthly_PRENEI_Q": 0.0,
      "monthly_PRELIQ_Q": 51.4,
      "monthly_PE_Q": -64.0
    },
    "2024-08": {
      "monthly_PRENEI_Q": 0.0,
      "monthly_PRELIQ_Q": 91.4,
      "monthly_PE_Q": 2.8000000000000016
    },
    "2024-09": {
      "monthly_PRENEI_Q": 0.0,
      "monthly_PRELIQ_Q": 65.8,
      "monthly_PE_Q": 2.0999999999999988
    },
    "2024-10": {
      "monthly_PRENEI_Q": 0.0,
      "monthly_PRELIQ_Q": 126.9,
      "monthly_PE_Q": 82.0
    },
    "2024-11": {
      "monthly_PRENEI_Q": 0.0,
      "monthly_PRELIQ_Q": 54.8,
      "monthly_PE_Q": 19.700000000000003
    },
    "2024-12": {
      "monthly_PRENEI_Q": 0.0,
      "monthly_PRELIQ_Q": 55.8,
      "monthly_PE_Q": 35.6
    }
  }
}