{
  "years": {
    "2024": {
      "annual_PRENEI_Q": 5.0,
      "annual_PRELIQ_Q": 865.1,
      "annual_PE_Q": 189.6
    }
  },
  "months": {
    "2024-01": {
      "monthly_PRENEI_Q": 5.0,
      "monthly_PRELIQ_Q": 27.900000000000002,
      "monthly_PE_Q": 14.8
    },
    "2024-02": {
      "monthly_PRENEI_Q": 0.0,
      "monthly_PRELIQ_Q": 81.6,
      "monthly_PE_Q": 50.5
    },
    "2024-03": {
      "monthly_PRENEI_Q": 0.0,
      "monthly_PRELIQ_Q": 57.0,
      "monthly_PE_Q": 8.881784197001252e-16
    },
    "2024-04": {
      "monthly_PRENEI_Q": 0.0,
      "monthly_PRELIQ_Q": 58.400000000000006,
      "monthly_PE_Q": -16.4
    },
    "2024-05": {
      "monthly_PRENEI_Q": 0.0,
      "monthly_PRELIQ_Q": 104.9,
      "monthly_PE_Q": 21.299999999999997
    },
    "2024-06": {
      "monthly_PRENEI_Q": 0.0,
      "monthly_PRELIQ_Q": 111.1,
      "monthly_PE_Q": 24.400000000000006
    },
    "2024-07": {
      "monthly_PRENEI_Q": 0.0,
      "monthly_PRELIQ_Q": 49.0,
      "monthly_PE_Q": -49.4
    },
    "2024-08": {
      "monthly_PRENEI_Q": 0.0,
      "monthly_PRELIQ_Q": 86.9,
      "monthly_PE_Q": 11.299999999999999
    },
    "2024-09": {
      "monthly_PRENEI_Q": 0.0,
      "monthly_PRELIQ_Q": 62.7,
      "monthly_PE_Q": 2.3999999999999995
    },
    "2024-10": {
      "monthly_PRENEI_Q": 0.0,
      "monthly_PRELIQ_Q": 120.3,
      "monthly_PE_Q": 78.39999999999999
    },
    "2024-11": {
      "monthly_PRENEI_Q": 0.0,
      "monthly_PRELIQ_Q": 52.199999999999996,
      "monthly_PE_Q": 17.5
    },
    "2024-12": {
      "monthly_PRENEI_Q": 0.0,
      "monthly_PRELIQ_Q": 53.1,
      "monthly_PE_Q": 34.8
    }
  }
}