{
  "years": {
    "2024": {
      "annual_PRENEI_Q": 26.4,
      "annual_PRELIQ_Q": 955.3,
      "annual_PE_Q": 269.3
    }
  },
  "months": {
    "2024-01": {
      "monthly_PRENEI_Q": 16.3,
      "monthly_PRELIQ_Q": 37.4,
      "monthly_PE_Q": 37.2
    },
    "2024-02": {
      "monthly_PRENEI_Q": 5.299999999999999,
      "monthly_PRELIQ_Q": 102.1,
      "monthly_PE_Q": 81.1
    },
    "2024-03": {
      "monthly_PRENEI_Q": 0.5,
      "monthly_PRELIQ_Q": 88.0,
      "monthly_PE_Q": 30.599999999999998
    },
    "2024-04": {
      "monthly_PRENEI_Q": 0.0,
      "monthly_PRELIQ_Q": 86.0,
      "monthly_PE_Q": 7.399999999999999
    },
    "2024-05": {
      "monthly_PRENEI_Q": 0.0,
      "monthly_PRELIQ_Q": 121.1,
      "monthly_PE_Q": 43.400000000000006
    },
    "2024-06": {
      "monthly_PRENEI_Q": 0.0,
      "monthly_PRELIQ_Q": 81.9,
      "monthly_PE_Q": -26.699999999999996
    },
    "2024-07": {
      "monthly_PRENEI_Q": 0.0,
      "monthly_PRELIQ_Q": 69.9,
      "monthly_PE_Q": -53.2
    },
    "2024-08": {
      "monthly_PRENEI_Q": 0.0,
      "monthly_PRELIQ_Q": 37.5,
      "monthly_PE_Q": -28.8
    },
    "2024-09": {
      "monthly_PRENEI_Q": 0.0,
      "monthly_PRELIQ_Q": 103.3,
      "monthly_PE_Q": 46.099999999999994
    },
    "2024-10": {
      "monthly_PRENEI_Q": 0.0,
      "monthly_PRELIQ_Q": 112.4,
      "monthly_PE_Q": 60.599999999999994
    },
    "2024-11": {
      "monthly_PRENEI_Q": 0.0,
      "monthly_PRELIQ_Q": 49.8,
      "monthly_PE_Q": 19.599999999999998
    },
    "2024-12": {
      "monthly_PRENEI_Q": 4.3,
      "monthly_PRELIQ_Q": 65.9,
      "monthly_PE_Q": 52.0
    }
  }
}