{
  "years": {
    "2024": {
      "annual_PRENEI_Q": 1.1,
      "annual_PRELIQ_Q": 957.4,
      "annual_PE_Q": 393.6
    }
  },
  "months": {
    "2024-01": {
      "monthly_PRENEI_Q": 0.8,
      "monthly_PRELIQ_Q": 39.1,
      "monthly_PE_Q": 25.599999999999998
    },
    "2024-02": {
      "monthly_PRENEI_Q": 0.0,
      "monthly_PRELIQ_Q": 62.2,
      "monthly_PE_Q": 47.7
    },
    "2024-03": {
      "monthly_PRENEI_Q": 0.0,
      "monthly_PRELIQ_Q": 112.7,
      "monthly_PE_Q": 75.80000000000001
    },
    "2024-04": {
      "monthly_PRENEI_Q": 0.0,
      "monthly_PRELIQ_Q": 76.6,
      "monthly_PE_Q": 13.199999999999998
    },
    "2024-05": {
      "monthly_PRENEI_Q": 0.0,
      "monthly_PRELIQ_Q": 130.0,
      "monthly_PE_Q": 58.9
    },
    "2024-06": {
      "monthly_PRENEI_Q": 0.0,
      "monthly_PRELIQ_Q": 109.89999999999999,
      "monthly_PE_Q": 15.899999999999995
    },
    "2024-07": {
      "monthly_PRENEI_Q": 0.0,
      "monthly_PRELIQ_Q": 60.7,
      "monthly_PE_Q": -39.199999999999996
    },
    "2024-08": {
      "monthly_PRENEI_Q": 0.0,
      "monthly_PRELIQ_Q": 14.7,
      "monthly_PE_Q": -43.8
    },
    "2024-09": {
      "monthly_PRENEI_Q": 0.0,
      "monthly_PRELIQ_Q": 137.6,
      "monthly_PE_Q": 86.9
    },
    "2024-10": {
      "monthly_PRENEI_Q": 0.0,
      "monthly_PRELIQ_Q": 106.5,
      "monthly_PE_Q": 73.89999999999999
    },
    "2024-11": {
      "monthly_PRENEI_Q": 0.3,
      "monthly_PRELIQ_Q": 56.900000000000006,
      "monthly_PE_Q": 38.199999999999996
    },
    "2024-12": {
      "monthly_PRENEI_Q": 0.0,
      "monthly_PRELIQ_Q": 50.5,
      "monthly_PE_Q": 40.5
    }
  }
}