{
  "years": {
    "2024": {
      "annual_PRENEI_Q": 11.700000000000001,
      "annual_PRELIQ_Q": 864.2,
      "annual_PE_Q": 391.5
    }
  },
  "months": {
    "2024-01": {
      "monthly_PRENEI_Q": 5.8,
      "monthly_PRELIQ_Q": 60.00000000000001,
      "monthly_PE_Q": 55.4
    },
    "2024-02": {
      "monthly_PRENEI_Q": 0.0,
      "monthly_PRELIQ_Q": 78.89999999999999,
      "monthly_PE_Q": 64.39999999999999
    },
    "2024-03": {
      "monthly_PRENEI_Q": 0.0,
      "monthly_PRELIQ_Q": 82.89999999999999,
      "monthly_PE_Q": 49.0
    },
    "2024-04": {
      "monthly_PRENEI_Q": 0.0,
      "monthly_PRELIQ_Q": 50.2,
      "monthly_PE_Q": -3.799999999999999
    },
    "2024-05": {
      "monthly_PRENEI_Q": 0.0,
      "monthly_PRELIQ_Q": 85.6,
      "monthly_PE_Q": 19.299999999999997
    },
    "2024-06": {
      "monthly_PRENEI_Q": 0.0,
      "monthly_PRELIQ_Q": 39.0,
      "monthly_PE_Q": -34.8
    },
    "2024-07": {
      "monthly_PRENEI_Q": 0.0,
      "monthly_PRELIQ_Q": 64.0,
      "monthly_PE_Q": 1.6000000000000014
    },
    "2024-08": {
      "monthly_PRENEI_Q": 0.0,
      "monthly_PRELIQ_Q": 68.9,
      "monthly_PE_Q": -1.5000000000000007
    },
    "2024-09": {
      "monthly_PRENEI_Q": 0.0,
      "monthly_PRELIQ_Q": 101.6,
      "monthly_PE_Q": 55.5
    },
    "2024-10": {
      "monthly_PRENEI_Q": 0.0,
      "monthly_PRELIQ_Q": 145.9,
      "monthly_PE_Q": 118.1
    },
    "2024-11": {
      "monthly_PRENEI_Q": 5.9,
      "monthly_PRELIQ_Q": 39.1,
      "monthly_PE_Q": 31.099999999999998
    },
    "2024-12": {
      "monthly_PRENEI_Q": 0.0,
      "monthly_PRELIQ_Q": 48.1,
      "monthly_PE_Q": 37.2
    }
  }
}