{
  "years": {
    "2024": {
      "annual_PRENEI_Q": 19.2,
      "annual_PRELIQ_Q": 926.9,
      "annual_PE_Q": 452.7
    }
  },
  "months": {
    "2024-01": {
      "monthly_PRENEI_Q": 13.299999999999999,
      "monthly_PRELIQ_Q": 55.800000000000004,
      "monthly_PE_Q": 61.2
    },
    "2024-02": {
      "monthly_PRENEI_Q": 0.0,
      "monthly_PRELIQ_Q": 88.0,
      "monthly_PE_Q": 79.39999999999999
    },
    "2024-03": {
      "monthly_PRENEI_Q": 0.3,
      "monthly_PRELIQ_Q": 89.3,
      "monthly_PE_Q": 59.2
    },
    "2024-04": {
      "monthly_PRENEI_Q": 0.0,
      "monthly_PRELIQ_Q": 76.0,
      "monthly_PE_Q": 24.5
    },
    "2024-05": {
      "monthly_PRENEI_Q": 0.0,
      "monthly_PRELIQ_Q": 122.10000000000001,
      "monthly_PE_Q": 52.3
    },
    "2024-06": {
      "monthly_PRENEI_Q": 0.0,
      "monthly_PRELIQ_Q": 54.099999999999994,
      "monthly_PE_Q": -28.2
    },
    "2024-07": {
      "monthly_PRENEI_Q": 0.0,
      "monthly_PRELIQ_Q": 74.60000000000001,
      "monthly_PE_Q": -7.4
    },
    "2024-08": {
      "monthly_PRENEI_Q": 0.0,
      "monthly_PRELIQ_Q": 57.4,
      "monthly_PE_Q": -6.399999999999997
    },
    "2024-09": {
      "monthly_PRENEI_Q": 0.0,
      "monthly_PRELIQ_Q": 111.5,
      "monthly_PE_Q": 61.1
    },
    "2024-10": {
      "monthly_PRENEI_Q": 0.0,
      "monthly_PRELIQ_Q": 96.4,
      "monthly_PE_Q": 72.1
    },
    "2024-11": {
      "monthly_PRENEI_Q": 5.6000000000000005,
      "monthly_PRELIQ_Q": 47.7,
      "monthly_PE_Q": 40.7
    },
    "2024-12": {
      "monthly_PRENEI_Q": 0.0,
      "monthly_PRELIQ_Q": 54.0,
      "monthly_PE_Q": 44.2
    }
  }
}