{
  "years": {
    "2024": {
      "annual_PRENEI_Q": 0.7,
      "annual_PRELIQ_Q": 1034.0,
      "annual_PE_Q": 426.4
    }
  },
  "months": {
    "2024-01": {
      "monthly_PRENEI_Q": 0.7,
      "monthly_PRELIQ_Q": 104.89999999999999,
      "monthly_PE_Q": 88.5
    },
    "2024-02": {
      "monthly_PRENEI_Q": 0.0,
      "monthly_PRELIQ_Q": 117.0,
      "monthly_PE_Q": 93.4
    },
    "2024-03": {
      "monthly_PRENEI_Q": 0.0,
      "monthly_PRELIQ_Q": 102.2,
      "monthly_PE_Q": 56.6
    },
    "2024-04": {
      "monthly_PRENEI_Q": 0.0,
      "monthly_PRELIQ_Q": 85.1,
      "monthly_PE_Q": 7.5
    },
    "2024-05": {
      "monthly_PRENEI_Q": 0.0,
      "monthly_PRELIQ_Q": 82.0,
      "monthly_PE_Q": -6.300000000000003
    },
    "2024-06": {
      "monthly_PRENEI_Q": 0.0,
      "monthly_PRELIQ_Q": 96.7,
      "monthly_PE_Q": 6.900000000000004
    },
    "2024-07": {
      "monthly_PRENEI_Q": 0.0,
      "monthly_PRELIQ_Q": 62.7,
      "monthly_PE_Q": -20.700000000000003
    },
    "2024-08": {
      "monthly_PRENEI_Q": 0.0,
      "monthly_PRELIQ_Q": 47.5,
      "monthly_PE_Q": -17.0
    },
    "2024-09": {
      "monthly_PRENEI_Q": 0.0,
      "monthly_PRELIQ_Q": 87.3,
      "monthly_PE_Q": 35.4
    },
    "2024-10": {
      "monthly_PRENEI_Q": 0.0,
      "monthly_PRELIQ_Q": 137.4,
      "monthly_PE_Q": 102.89999999999999
    },
    "2024-11": {
      "monthly_PRENEI_Q": 0.0,
      "monthly_PRELIQ_Q": 74.39999999999999,
      "monthly_PE_Q": 57.800000000000004
    },
    "2024-12": {
      "monthly_PRENEI_Q": 0.0,
      "monthly_PRELIQ_Q": 36.8,
      "monthly_PE_Q": 21.400000000000002
    }
  }
}