{
  "years": {
    "2024": {
      "annual_PRENEI_Q": 1.8,
      "annual_PRELIQ_Q": 630.9,
      "annual_PE_Q": 101.4
    }
  },
  "months": {
    "2024-01": {
      "monthly_PRENEI_Q": 1.8,
      "monthly_PRELIQ_Q": 37.9,
      "monthly_PE_Q": 20.0
    },
    "2024-02": {
      "monthly_PRENEI_Q": 0.0,
      "monthly_PRELIQ_Q": 67.0,
      "monthly_PE_Q": 39.6
    },
    "2024-03": {
      "monthly_PRENEI_Q": 0.0,
      "monthly_PRELIQ_Q": 34.3,
      "monthly_PE_Q": -11.799999999999999
    },
    "2024-04": {
      "monthly_PRENEI_Q": 0.0,
      "monthly_PRELIQ_Q": 52.3,
      "monthly_PE_Q": -5.9
    },
    "2024-05": {
      "monthly_PRENEI_Q": 0.0,
      "monthly_PRELIQ_Q": 94.4,
      "monthly_PE_Q": 11.8
    },
    "2024-06": {
      "monthly_PRENEI_Q": 0.0,
      "monthly_PRELIQ_Q": 41.900000000000006,
      "monthly_PE_Q": -28.2
    },
    "2024-07": {
      "monthly_PRENEI_Q": 0.0,
      "monthly_PRELIQ_Q": 30.6,
      "monthly_PE_Q": -29.799999999999997
    },
    "2024-08": {
      "monthly_PRENEI_Q": 0.0,
      "monthly_PRELIQ_Q": 41.599999999999994,
      "monthly_PE_Q": -7.100000000000001
    },
    "2024-09": {
      "monthly_PRENEI_Q": 0.0,
      "monthly_PRELIQ_Q": 44.0,
      "monthly_PE_Q": 2.1000000000000005
    },
    "2024-10": {
      "monthly_PRENEI_Q": 0.0,
      "monthly_PRELIQ_Q": 89.2,
      "monthly_PE_Q": 57.9
    },
    "2024-11": {
      "monthly_PRENEI_Q": 0.0,
      "monthly_PRELIQ_Q": 40.5,
      "monthly_PE_Q": 15.799999999999997
    },
    "2024-12": {
      "monthly_PRENEI_Q": 0.0,
      "monthly_PRELIQ_Q": 57.199999999999996,
      "monthly_PE_Q": 37.0
    }
  }
}