{
  "years": {
    "2024": {
      "annual_PRENEI_Q": 4.6,
      "annual_PRELIQ_Q": 858.2,
      "annual_PE_Q": 156.1
    }
  },
  "months": {
    "2024-01": {
      "monthly_PRENEI_Q": 4.6,
      "monthly_PRELIQ_Q": 28.0,
      "monthly_PE_Q": 14.799999999999999
    },
    "2024-02": {
      "monthly_PRENEI_Q": 0.0,
      "monthly_PRELIQ_Q": 80.8,
      "monthly_PE_Q": 50.0
    },
    "2024-03": {
      "monthly_PRENEI_Q": 0.0,
      "monthly_PRELIQ_Q": 56.5,
      "monthly_PE_Q": 0.19999999999999973
    },
    "2024-04": {
      "monthly_PRENEI_Q": 0.0,
      "monthly_PRELIQ_Q": 57.8,
      "monthly_PE_Q": -18.0
    },
    "2024-05": {
      "monthly_PRENEI_Q": 0.0,
      "monthly_PRELIQ_Q": 104.1,
      "monthly_PE_Q": 18.900000000000002
    },
    "2024-06": {
      "monthly_PRENEI_Q": 0.0,
      "monthly_PRELIQ_Q": 110.19999999999999,
      "monthly_PE_Q": 16.099999999999998
    },
    "2024-07": {
      "monthly_PRENEI_Q": 0.0,
      "monthly_PRELIQ_Q": 48.7,
      "monthly_PE_Q": -57.699999999999996
    },
    "2024-08": {
      "monthly_PRENEI_Q": 0.0,
      "monthly_PRELIQ_Q": 85.9,
      "monthly_PE_Q": 4.499999999999997
    },
    "2024-09": {
      "monthly_PRENEI_Q": 0.0,
      "monthly_PRELIQ_Q": 62.3,
      "monthly_PE_Q": 0.10000000000000031
    },
    "2024-10": {
      "monthly_PRENEI_Q": 0.0,
      "monthly_PRELIQ_Q": 119.5,
      "monthly_PE_Q": 75.8
    },
    "2024-11": {
      "monthly_PRENEI_Q": 0.0,
      "monthly_PRELIQ_Q": 51.8,
      "monthly_PE_Q": 17.5
    },
    "2024-12": {
      "monthly_PRENEI_Q": 0.0,
      "monthly_PRELIQ_Q": 52.6,
      "monthly_PE_Q": 33.9
    }
  }
}