{
  "years": {
    "2024": {
      "annual_PRENEI_Q": 9.5,
      "annual_PRELIQ_Q": 830.1,
      "annual_PE_Q": 172.5
    }
  },
  "months": {
    "2024-01": {
      "monthly_PRENEI_Q": 9.4,
      "monthly_PRELIQ_Q": 23.2,
      "monthly_PE_Q": 17.8
    },
    "2024-02": {
      "monthly_PRENEI_Q": 0.0,
      "monthly_PRELIQ_Q": 93.5,
      "monthly_PE_Q": 66.4
    },
    "2024-03": {
      "monthly_PRENEI_Q": 0.0,
      "monthly_PRELIQ_Q": 67.0,
      "monthly_PE_Q": 15.7
    },
    "2024-04": {
      "monthly_PRENEI_Q": 0.0,
      "monthly_PRELIQ_Q": 66.2,
      "monthly_PE_Q": -10.299999999999999
    },
    "2024-05": {
      "monthly_PRENEI_Q": 0.0,
      "monthly_PRELIQ_Q": 124.7,
      "monthly_PE_Q": 43.900000000000006
    },
    "2024-06": {
      "monthly_PRENEI_Q": 0.0,
      "monthly_PRELIQ_Q": 90.8,
      "monthly_PE_Q": -13.0
    },
    "2024-07": {
      "monthly_PRENEI_Q": 0.0,
      "monthly_PRELIQ_Q": 60.5,
      "monthly_PE_Q": -49.699999999999996
    },
    "2024-08": {
      "monthly_PRENEI_Q": 0.0,
      "monthly_PRELIQ_Q": 42.099999999999994,
      "monthly_PE_Q": -21.200000000000003
    },
    "2024-09": {
      "monthly_PRENEI_Q": 0.0,
      "monthly_PRELIQ_Q": 72.0,
      "monthly_PE_Q": 15.599999999999998
    },
    "2024-10": {
      "monthly_PRENEI_Q": 0.0,
      "monthly_PRELIQ_Q": 107.80000000000001,
      "monthly_PE_Q": 66.6
    },
    "2024-11": {
      "monthly_PRENEI_Q": 0.0,
      "monthly_PRELIQ_Q": 38.5,
      "monthly_PE_Q": 9.899999999999999
    },
    "2024-12": {
      "monthly_PRENEI_Q": 0.1,
      "monthly_PRELIQ_Q": 43.8,
      "monthly_PE_Q": 30.8
    }
  }
}