{
  "years": {
    "2024": {
      "annual_PRENEI_Q": 17.799999999999997,
      "annual_PRELIQ_Q": 929.8,
      "annual_PE_Q": 239.29999999999998
    }
  },
  "months": {
    "2024-01": {
      "monthly_PRENEI_Q": 11.5,
      "monthly_PRELIQ_Q": 40.5,
      "monthly_PE_Q": 34.3
    },
    "2024-02": {
      "monthly_PRENEI_Q": 3.5,
      "monthly_PRELIQ_Q": 100.1,
      "monthly_PE_Q": 77.1
    },
    "2024-03": {
      "monthly_PRENEI_Q": 0.0,
      "monthly_PRELIQ_Q": 85.4,
      "monthly_PE_Q": 27.299999999999997
    },
    "2024-04": {
      "monthly_PRENEI_Q": 0.0,
      "monthly_PRELIQ_Q": 83.10000000000001,
      "monthly_PE_Q": 3.6000000000000005
    },
    "2024-05": {
      "monthly_PRENEI_Q": 0.0,
      "monthly_PRELIQ_Q": 116.9,
      "monthly_PE_Q": 39.2
    },
    "2024-06": {
      "monthly_PRENEI_Q": 0.0,
      "monthly_PRELIQ_Q": 78.9,
      "monthly_PE_Q": -28.999999999999996
    },
    "2024-07": {
      "monthly_PRENEI_Q": 0.0,
      "monthly_PRELIQ_Q": 67.2,
      "monthly_PE_Q": -51.9
    },
    "2024-08": {
      "monthly_PRENEI_Q": 0.0,
      "monthly_PRELIQ_Q": 36.2,
      "monthly_PE_Q": -27.6
    },
    "2024-09": {
      "monthly_PRENEI_Q": 0.0,
      "monthly_PRELIQ_Q": 99.8,
      "monthly_PE_Q": 43.2
    },
    "2024-10": {
      "monthly_PRENEI_Q": 0.0,
      "monthly_PRELIQ_Q": 108.39999999999999,
      "monthly_PE_Q": 56.699999999999996
    },
    "2024-11": {
      "monthly_PRENEI_Q": 0.0,
      "monthly_PRELIQ_Q": 48.0,
      "monthly_PE_Q": 17.3
    },
    "2024-12": {
      "monthly_PRENEI_Q": 2.8,
      "monthly_PRELIQ_Q": 65.3,
      "monthly_PE_Q": 49.1
    }
  }
}