{
  "years": {
    "2024": {
      "annual_PRENEI_Q": 6.9,
      "annual_PRELIQ_Q": 1304.7,
      "annual_PE_Q": 590.6
    }
  },
  "months": {
    "2024-01": {
      "monthly_PRENEI_Q": 5.300000000000001,
      "monthly_PRELIQ_Q": 79.4,
      "monthly_PE_Q": 68.9
    },
    "2024-02": {
      "monthly_PRENEI_Q": 0.9,
      "monthly_PRELIQ_Q": 148.2,
      "monthly_PE_Q": 122.6
    },
    "2024-03": {
      "monthly_PRENEI_Q": 0.1,
      "monthly_PRELIQ_Q": 114.7,
      "monthly_PE_Q": 63.099999999999994
    },
    "2024-04": {
      "monthly_PRENEI_Q": 0.0,
      "monthly_PRELIQ_Q": 120.2,
      "monthly_PE_Q": 39.5
    },
    "2024-05": {
      "monthly_PRENEI_Q": 0.0,
      "monthly_PRELIQ_Q": 182.0,
      "monthly_PE_Q": 101.69999999999999
    },
    "2024-06": {
      "monthly_PRENEI_Q": 0.0,
      "monthly_PRELIQ_Q": 119.6,
      "monthly_PE_Q": 16.999999999999996
    },
    "2024-07": {
      "monthly_PRENEI_Q": 0.0,
      "monthly_PRELIQ_Q": 68.0,
      "monthly_PE_Q": -62.7
    },
    "2024-08": {
      "monthly_PRENEI_Q": 0.0,
      "monthly_PRELIQ_Q": 32.599999999999994,
      "monthly_PE_Q": -35.5
    },
    "2024-09": {
      "monthly_PRENEI_Q": 0.0,
      "monthly_PRELIQ_Q": 169.5,
      "monthly_PE_Q": 106.0
    },
    "2024-10": {
      "monthly_PRENEI_Q": 0.0,
      "monthly_PRELIQ_Q": 101.9,
      "monthly_PE_Q": 51.300000000000004
    },
    "2024-11": {
      "monthly_PRENEI_Q": 0.0,
      "monthly_PRELIQ_Q": 78.3,
      "monthly_PE_Q": 46.7
    },
    "2024-12": {
      "monthly_PRENEI_Q": 0.6000000000000001,
      "monthly_PRELIQ_Q": 90.3,
      "monthly_PE_Q": 72.0
    }
  }
}