{
  "years": {
    "2024": {
      "annual_PRENEI_Q": 11.500000000000002,
      "annual_PRELIQ_Q": 1319.9,
      "annual_PE_Q": 602.4
    }
  },
  "months": {
    "2024-01": {
      "monthly_PRENEI_Q": 5.500000000000001,
      "monthly_PRELIQ_Q": 81.5,
      "monthly_PE_Q": 68.2
    },
    "2024-02": {
      "monthly_PRENEI_Q": 1.0,
      "monthly_PRELIQ_Q": 120.0,
      "monthly_PE_Q": 91.5
    },
    "2024-03": {
      "monthly_PRENEI_Q": 4.7,
      "monthly_PRELIQ_Q": 134.8,
      "monthly_PE_Q": 89.1
    },
    "2024-04": {
      "monthly_PRENEI_Q": 0.0,
      "monthly_PRELIQ_Q": 86.8,
      "monthly_PE_Q": 9.900000000000002
    },
    "2024-05": {
      "monthly_PRENEI_Q": 0.0,
      "monthly_PRELIQ_Q": 184.79999999999998,
      "monthly_PE_Q": 100.7
    },
    "2024-06": {
      "monthly_PRENEI_Q": 0.0,
      "monthly_PRELIQ_Q": 130.79999999999998,
      "monthly_PE_Q": 22.900000000000006
    },
    "2024-07": {
      "monthly_PRENEI_Q": 0.0,
      "monthly_PRELIQ_Q": 52.4,
      "monthly_PE_Q": -68.1
    },
    "2024-08": {
      "monthly_PRENEI_Q": 0.0,
      "monthly_PRELIQ_Q": 36.0,
      "monthly_PE_Q": -37.2
    },
    "2024-09": {
      "monthly_PRENEI_Q": 0.0,
      "monthly_PRELIQ_Q": 192.9,
      "monthly_PE_Q": 128.0
    },
    "2024-10": {
      "monthly_PRENEI_Q": 0.0,
      "monthly_PRELIQ_Q": 139.7,
      "monthly_PE_Q": 87.1
    },
    "2024-11": {
      "monthly_PRENEI_Q": 0.0,
      "monthly_PRELIQ_Q": 82.7,
      "monthly_PE_Q": 53.2
    },
    "2024-12": {
      "monthly_PRENEI_Q": 0.30000000000000004,
      "monthly_PRELIQ_Q": 77.5,
      "monthly_PE_Q": 57.1
    }
  }
}