{
  "years": {
    "2024": {
      "annual_PRENEI_Q": 7.299999999999999,
      "annual_PRELIQ_Q": 833.0,
      "annual_PE_Q": 339.6
    }
  },
  "months": {
    "2024-01": {
      "monthly_PRENEI_Q": 1.0,
      "monthly_PRELIQ_Q": 48.300000000000004,
      "monthly_PE_Q": 41.9
    },
    "2024-02": {
      "monthly_PRENEI_Q": 0.0,
      "monthly_PRELIQ_Q": 64.4,
      "monthly_PE_Q": 48.800000000000004
    },
    "2024-03": {
      "monthly_PRENEI_Q": 0.0,
      "monthly_PRELIQ_Q": 95.0,
      "monthly_PE_Q": 54.9
    },
    "2024-04": {
      "monthly_PRENEI_Q": 0.0,
      "monthly_PRELIQ_Q": 51.0,
      "monthly_PE_Q": -6.200000000000001
    },
    "2024-05": {
      "monthly_PRENEI_Q": 0.0,
      "monthly_PRELIQ_Q": 134.1,
      "monthly_PE_Q": 65.3
    },
    "2024-06": {
      "monthly_PRENEI_Q": 0.0,
      "monthly_PRELIQ_Q": 74.6,
      "monthly_PE_Q": -10.700000000000001
    },
    "2024-07": {
      "monthly_PRENEI_Q": 0.0,
      "monthly_PRELIQ_Q": 48.9,
      "monthly_PE_Q": -25.2
    },
    "2024-08": {
      "monthly_PRENEI_Q": 0.0,
      "monthly_PRELIQ_Q": 38.7,
      "monthly_PE_Q": -15.6
    },
    "2024-09": {
      "monthly_PRENEI_Q": 0.0,
      "monthly_PRELIQ_Q": 98.5,
      "monthly_PE_Q": 51.800000000000004
    },
    "2024-10": {
      "monthly_PRENEI_Q": 0.0,
      "monthly_PRELIQ_Q": 96.9,
      "monthly_PE_Q": 68.39999999999999
    },
    "2024-11": {
      "monthly_PRENEI_Q": 6.299999999999999,
      "monthly_PRELIQ_Q": 44.099999999999994,
      "monthly_PE_Q": 37.0
    },
    "2024-12": {
      "monthly_PRENEI_Q": 0.0,
      "monthly_PRELIQ_Q": 38.5,
      "monthly_PE_Q": 29.2
    }
  }
}