{
  "years": {
    "2024": {
      "annual_PRENEI_Q": 8.8,
      "annual_PRELIQ_Q": 891.5,
      "annual_PE_Q": 389.6
    }
  },
  "months": {
    "2024-01": {
      "monthly_PRENEI_Q": 6.1,
      "monthly_PRELIQ_Q": 50.1,
      "monthly_PE_Q": 46.4
    },
    "2024-02": {
      "monthly_PRENEI_Q": 0.0,
      "monthly_PRELIQ_Q": 78.3,
      "monthly_PE_Q": 63.0
    },
    "2024-03": {
      "monthly_PRENEI_Q": 0.0,
      "monthly_PRELIQ_Q": 88.7,
      "monthly_PE_Q": 53.5
    },
    "2024-04": {
      "monthly_PRENEI_Q": 0.0,
      "monthly_PRELIQ_Q": 54.6,
      "monthly_PE_Q": 0.29999999999999993
    },
    "2024-05": {
      "monthly_PRENEI_Q": 0.0,
      "monthly_PRELIQ_Q": 106.80000000000001,
      "monthly_PE_Q": 38.3
    },
    "2024-06": {
      "monthly_PRENEI_Q": 0.0,
      "monthly_PRELIQ_Q": 54.9,
      "monthly_PE_Q": -26.7
    },
    "2024-07": {
      "monthly_PRENEI_Q": 0.0,
      "monthly_PRELIQ_Q": 71.39999999999999,
      "monthly_PE_Q": -9.200000000000001
    },
    "2024-08": {
      "monthly_PRENEI_Q": 0.0,
      "monthly_PRELIQ_Q": 67.6,
      "monthly_PE_Q": -5.699999999999997
    },
    "2024-09": {
      "monthly_PRENEI_Q": 0.0,
      "monthly_PRELIQ_Q": 112.39999999999999,
      "monthly_PE_Q": 70.6
    },
    "2024-10": {
      "monthly_PRENEI_Q": 0.0,
      "monthly_PRELIQ_Q": 113.0,
      "monthly_PE_Q": 85.60000000000001
    },
    "2024-11": {
      "monthly_PRENEI_Q": 2.6999999999999997,
      "monthly_PRELIQ_Q": 49.800000000000004,
      "monthly_PE_Q": 38.6
    },
    "2024-12": {
      "monthly_PRENEI_Q": 0.0,
      "monthly_PRELIQ_Q": 43.9,
      "monthly_PE_Q": 34.9
    }
  }
}