{
  "years": {
    "2024": {
      "annual_PRENEI_Q": 12.700000000000001,
      "annual_PRELIQ_Q": 789.4,
      "annual_PE_Q": 261.3
    }
  },
  "months": {
    "2024-01": {
      "monthly_PRENEI_Q": 11.3,
      "monthly_PRELIQ_Q": 49.800000000000004,
      "monthly_PE_Q": 48.7
    },
    "2024-02": {
      "monthly_PRENEI_Q": 0.0,
      "monthly_PRELIQ_Q": 72.3,
      "monthly_PE_Q": 56.699999999999996
    },
    "2024-03": {
      "monthly_PRENEI_Q": 0.0,
      "monthly_PRELIQ_Q": 79.5,
      "monthly_PE_Q": 42.0
    },
    "2024-04": {
      "monthly_PRENEI_Q": 0.0,
      "monthly_PRELIQ_Q": 58.1,
      "monthly_PE_Q": -2.599999999999998
    },
    "2024-05": {
      "monthly_PRENEI_Q": 0.0,
      "monthly_PRELIQ_Q": 87.0,
      "monthly_PE_Q": 13.099999999999998
    },
    "2024-06": {
      "monthly_PRENEI_Q": 0.0,
      "monthly_PRELIQ_Q": 50.7,
      "monthly_PE_Q": -35.2
    },
    "2024-07": {
      "monthly_PRENEI_Q": 0.0,
      "monthly_PRELIQ_Q": 84.6,
      "monthly_PE_Q": 2.6000000000000023
    },
    "2024-08": {
      "monthly_PRENEI_Q": 0.0,
      "monthly_PRELIQ_Q": 37.099999999999994,
      "monthly_PE_Q": -23.5
    },
    "2024-09": {
      "monthly_PRENEI_Q": 0.0,
      "monthly_PRELIQ_Q": 85.3,
      "monthly_PE_Q": 35.6
    },
    "2024-10": {
      "monthly_PRENEI_Q": 0.0,
      "monthly_PRELIQ_Q": 71.5,
      "monthly_PE_Q": 39.699999999999996
    },
    "2024-11": {
      "monthly_PRENEI_Q": 1.4,
      "monthly_PRELIQ_Q": 59.099999999999994,
      "monthly_PE_Q": 42.5
    },
    "2024-12": {
      "monthly_PRENEI_Q": 0.0,
      "monthly_PRELIQ_Q": 54.4,
      "monthly_PE_Q": 41.7
    }
  }
}