{
  "years": {
    "2024": {
      "annual_PRENEI_Q": 15.499999999999998,
      "annual_PRELIQ_Q": 994.4,
      "annual_PE_Q": 436.2
    }
  },
  "months": {
    "2024-01": {
      "monthly_PRENEI_Q": 15.399999999999999,
      "monthly_PRELIQ_Q": 62.6,
      "monthly_PE_Q": 66.3
    },
    "2024-02": {
      "monthly_PRENEI_Q": 0.0,
      "monthly_PRELIQ_Q": 144.0,
      "monthly_PE_Q": 125.39999999999999
    },
    "2024-03": {
      "monthly_PRENEI_Q": 0.0,
      "monthly_PRELIQ_Q": 93.3,
      "monthly_PE_Q": 56.0
    },
    "2024-04": {
      "monthly_PRENEI_Q": 0.0,
      "monthly_PRELIQ_Q": 92.6,
      "monthly_PE_Q": 27.599999999999998
    },
    "2024-05": {
      "monthly_PRENEI_Q": 0.0,
      "monthly_PRELIQ_Q": 82.2,
      "monthly_PE_Q": 8.599999999999998
    },
    "2024-06": {
      "monthly_PRENEI_Q": 0.0,
      "monthly_PRELIQ_Q": 47.800000000000004,
      "monthly_PE_Q": -46.800000000000004
    },
    "2024-07": {
      "monthly_PRENEI_Q": 0.0,
      "monthly_PRELIQ_Q": 93.3,
      "monthly_PE_Q": 4.799999999999999
    },
    "2024-08": {
      "monthly_PRENEI_Q": 0.0,
      "monthly_PRELIQ_Q": 51.4,
      "monthly_PE_Q": -17.7
    },
    "2024-09": {
      "monthly_PRENEI_Q": 0.0,
      "monthly_PRELIQ_Q": 97.1,
      "monthly_PE_Q": 46.900000000000006
    },
    "2024-10": {
      "monthly_PRENEI_Q": 0.0,
      "monthly_PRELIQ_Q": 76.1,
      "monthly_PE_Q": 41.9
    },
    "2024-11": {
      "monthly_PRENEI_Q": 0.1,
      "monthly_PRELIQ_Q": 72.7,
      "monthly_PE_Q": 55.3
    },
    "2024-12": {
      "monthly_PRENEI_Q": 0.0,
      "monthly_PRELIQ_Q": 81.3,
      "monthly_PE_Q": 67.9
    }
  }
}