{
  "years": {
    "2024": {
      "annual_PRENEI_Q": 1.3,
      "annual_PRELIQ_Q": 774.6,
      "annual_PE_Q": 255.9
    }
  },
  "months": {
    "2024-01": {
      "monthly_PRENEI_Q": 1.3,
      "monthly_PRELIQ_Q": 57.1,
      "monthly_PE_Q": 44.9
    },
    "2024-02": {
      "monthly_PRENEI_Q": 0.0,
      "monthly_PRELIQ_Q": 88.7,
      "monthly_PE_Q": 70.9
    },
    "2024-03": {
      "monthly_PRENEI_Q": 0.0,
      "monthly_PRELIQ_Q": 67.2,
      "monthly_PE_Q": 35.699999999999996
    },
    "2024-04": {
      "monthly_PRENEI_Q": 0.0,
      "monthly_PRELIQ_Q": 67.10000000000001,
      "monthly_PE_Q": 10.1
    },
    "2024-05": {
      "monthly_PRENEI_Q": 0.0,
      "monthly_PRELIQ_Q": 83.89999999999999,
      "monthly_PE_Q": 15.299999999999997
    },
    "2024-06": {
      "monthly_PRENEI_Q": 0.0,
      "monthly_PRELIQ_Q": 37.1,
      "monthly_PE_Q": -43.4
    },
    "2024-07": {
      "monthly_PRENEI_Q": 0.0,
      "monthly_PRELIQ_Q": 72.8,
      "monthly_PE_Q": 0.9000000000000021
    },
    "2024-08": {
      "monthly_PRENEI_Q": 0.0,
      "monthly_PRELIQ_Q": 38.6,
      "monthly_PE_Q": -29.400000000000002
    },
    "2024-09": {
      "monthly_PRENEI_Q": 0.0,
      "monthly_PRELIQ_Q": 106.2,
      "monthly_PE_Q": 54.5
    },
    "2024-10": {
      "monthly_PRENEI_Q": 0.0,
      "monthly_PRELIQ_Q": 60.300000000000004,
      "monthly_PE_Q": 27.8
    },
    "2024-11": {
      "monthly_PRENEI_Q": 0.0,
      "monthly_PRELIQ_Q": 55.800000000000004,
      "monthly_PE_Q": 40.900000000000006
    },
    "2024-12": {
      "monthly_PRENEI_Q": 0.0,
      "monthly_PRELIQ_Q": 39.8,
      "monthly_PE_Q": 27.7
    }
  }
}