{
  "years": {
    "2024": {
      "annual_PRENEI_Q": 26.1,
      "annual_PRELIQ_Q": 754.4,
      "annual_PE_Q": 220.5
    }
  },
  "months": {
    "2024-01": {
      "monthly_PRENEI_Q": 2.0,
      "monthly_PRELIQ_Q": 15.799999999999999,
      "monthly_PE_Q": -2.500000000000001
    },
    "2024-02": {
      "monthly_PRENEI_Q": 7.9,
      "monthly_PRELIQ_Q": 74.0,
      "monthly_PE_Q": 54.8
    },
    "2024-03": {
      "monthly_PRENEI_Q": 2.3,
      "monthly_PRELIQ_Q": 40.9,
      "monthly_PE_Q": -11.0
    },
    "2024-04": {
      "monthly_PRENEI_Q": 0.0,
      "monthly_PRELIQ_Q": 78.9,
      "monthly_PE_Q": 26.299999999999997
    },
    "2024-05": {
      "monthly_PRENEI_Q": 0.0,
      "monthly_PRELIQ_Q": 110.10000000000001,
      "monthly_PE_Q": 19.900000000000002
    },
    "2024-06": {
      "monthly_PRENEI_Q": 0.0,
      "monthly_PRELIQ_Q": 23.1,
      "monthly_PE_Q": -45.5
    },
    "2024-07": {
      "monthly_PRENEI_Q": 0.0,
      "monthly_PRELIQ_Q": 40.9,
      "monthly_PE_Q": -25.6
    },
    "2024-08": {
      "monthly_PRENEI_Q": 0.0,
      "monthly_PRELIQ_Q": 20.8,
      "monthly_PE_Q": -20.3
    },
    "2024-09": {
      "monthly_PRENEI_Q": 0.0,
      "monthly_PRELIQ_Q": 32.800000000000004,
      "monthly_PE_Q": 0.40000000000000036
    },
    "2024-10": {
      "monthly_PRENEI_Q": 0.0,
      "monthly_PRELIQ_Q": 145.5,
      "monthly_PE_Q": 107.8
    },
    "2024-11": {
      "monthly_PRENEI_Q": 0.0,
      "monthly_PRELIQ_Q": 46.2,
      "monthly_PE_Q": 14.100000000000001
    },
    "2024-12": {
      "monthly_PRENEI_Q": 13.9,
      "monthly_PRELIQ_Q": 125.4,
      "monthly_PE_Q": 102.1
    }
  }
}