{
  "years": {
    "2024": {
      "annual_PRENEI_Q": 2.9,
      "annual_PRELIQ_Q": 790.5,
      "annual_PE_Q": 127.2
    }
  },
  "months": {
    "2024-01": {
      "monthly_PRENEI_Q": 2.8,
      "monthly_PRELIQ_Q": 36.800000000000004,
      "monthly_PE_Q": 13.2
    },
    "2024-02": {
      "monthly_PRENEI_Q": 0.0,
      "monthly_PRELIQ_Q": 87.9,
      "monthly_PE_Q": 48.49999999999999
    },
    "2024-03": {
      "monthly_PRENEI_Q": 0.0,
      "monthly_PRELIQ_Q": 44.2,
      "monthly_PE_Q": -11.799999999999999
    },
    "2024-04": {
      "monthly_PRENEI_Q": 0.0,
      "monthly_PRELIQ_Q": 71.7,
      "monthly_PE_Q": 0.9999999999999991
    },
    "2024-05": {
      "monthly_PRENEI_Q": 0.0,
      "monthly_PRELIQ_Q": 100.39999999999999,
      "monthly_PE_Q": 5.400000000000003
    },
    "2024-06": {
      "monthly_PRENEI_Q": 0.0,
      "monthly_PRELIQ_Q": 33.9,
      "monthly_PE_Q": -50.2
    },
    "2024-07": {
      "monthly_PRENEI_Q": 0.0,
      "monthly_PRELIQ_Q": 46.2,
      "monthly_PE_Q": -28.0
    },
    "2024-08": {
      "monthly_PRENEI_Q": 0.0,
      "monthly_PRELIQ_Q": 35.4,
      "monthly_PE_Q": -12.5
    },
    "2024-09": {
      "monthly_PRENEI_Q": 0.0,
      "monthly_PRELIQ_Q": 64.7,
      "monthly_PE_Q": 6.500000000000001
    },
    "2024-10": {
      "monthly_PRENEI_Q": 0.0,
      "monthly_PRELIQ_Q": 112.80000000000001,
      "monthly_PE_Q": 67.8
    },
    "2024-11": {
      "monthly_PRENEI_Q": 0.0,
      "monthly_PRELIQ_Q": 54.5,
      "monthly_PE_Q": 21.1
    },
    "2024-12": {
      "monthly_PRENEI_Q": 0.1,
      "monthly_PRELIQ_Q": 102.0,
      "monthly_PE_Q": 66.2
    }
  }
}