{
  "years": {
    "2024": {
      "annual_PRENEI_Q": 5.0,
      "annual_PRELIQ_Q": 693.0,
      "annual_PE_Q": 105.5
    }
  },
  "months": {
    "2024-01": {
      "monthly_PRENEI_Q": 3.6,
      "monthly_PRELIQ_Q": 40.0,
      "monthly_PE_Q": 23.1
    },
    "2024-02": {
      "monthly_PRENEI_Q": 0.0,
      "monthly_PRELIQ_Q": 73.8,
      "monthly_PE_Q": 42.3
    },
    "2024-03": {
      "monthly_PRENEI_Q": 1.4,
      "monthly_PRELIQ_Q": 36.6,
      "monthly_PE_Q": -10.799999999999999
    },
    "2024-04": {
      "monthly_PRENEI_Q": 0.0,
      "monthly_PRELIQ_Q": 58.0,
      "monthly_PE_Q": -6.199999999999999
    },
    "2024-05": {
      "monthly_PRENEI_Q": 0.0,
      "monthly_PRELIQ_Q": 104.6,
      "monthly_PE_Q": 17.8
    },
    "2024-06": {
      "monthly_PRENEI_Q": 0.0,
      "monthly_PRELIQ_Q": 46.0,
      "monthly_PE_Q": -37.300000000000004
    },
    "2024-07": {
      "monthly_PRENEI_Q": 0.0,
      "monthly_PRELIQ_Q": 33.9,
      "monthly_PE_Q": -35.4
    },
    "2024-08": {
      "monthly_PRENEI_Q": 0.0,
      "monthly_PRELIQ_Q": 46.5,
      "monthly_PE_Q": -9.499999999999998
    },
    "2024-09": {
      "monthly_PRENEI_Q": 0.0,
      "monthly_PRELIQ_Q": 48.199999999999996,
      "monthly_PE_Q": 3.6999999999999993
    },
    "2024-10": {
      "monthly_PRENEI_Q": 0.0,
      "monthly_PRELIQ_Q": 98.2,
      "monthly_PE_Q": 63.3
    },
    "2024-11": {
      "monthly_PRENEI_Q": 0.0,
      "monthly_PRELIQ_Q": 44.699999999999996,
      "monthly_PE_Q": 18.2
    },
    "2024-12": {
      "monthly_PRENEI_Q": 0.0,
      "monthly_PRELIQ_Q": 62.5,
      "monthly_PE_Q": 36.300000000000004
    }
  }
}