{
  "years": {
    "2024": {
      "annual_PRENEI_Q": 13.8,
      "annual_PRELIQ_Q": 1309.5,
      "annual_PE_Q": 569.1
    }
  },
  "months": {
    "2024-01": {
      "monthly_PRENEI_Q": 1.2000000000000002,
      "monthly_PRELIQ_Q": 93.4,
      "monthly_PE_Q": 76.7
    },
    "2024-02": {
      "monthly_PRENEI_Q": 0.1,
      "monthly_PRELIQ_Q": 121.4,
      "monthly_PE_Q": 95.19999999999999
    },
    "2024-03": {
      "monthly_PRENEI_Q": 9.4,
      "monthly_PRELIQ_Q": 122.5,
      "monthly_PE_Q": 80.7
    },
    "2024-04": {
      "monthly_PRENEI_Q": 0.0,
      "monthly_PRELIQ_Q": 97.0,
      "monthly_PE_Q": 17.7
    },
    "2024-05": {
      "monthly_PRENEI_Q": 0.0,
      "monthly_PRELIQ_Q": 185.9,
      "monthly_PE_Q": 97.39999999999999
    },
    "2024-06": {
      "monthly_PRENEI_Q": 0.0,
      "monthly_PRELIQ_Q": 137.6,
      "monthly_PE_Q": 30.39999999999999
    },
    "2024-07": {
      "monthly_PRENEI_Q": 0.0,
      "monthly_PRELIQ_Q": 69.8,
      "monthly_PE_Q": -61.3
    },
    "2024-08": {
      "monthly_PRENEI_Q": 0.0,
      "monthly_PRELIQ_Q": 38.7,
      "monthly_PE_Q": -45.50000000000001
    },
    "2024-09": {
      "monthly_PRENEI_Q": 0.0,
      "monthly_PRELIQ_Q": 195.20000000000002,
      "monthly_PE_Q": 130.4
    },
    "2024-10": {
      "monthly_PRENEI_Q": 0.0,
      "monthly_PRELIQ_Q": 103.4,
      "monthly_PE_Q": 48.699999999999996
    },
    "2024-11": {
      "monthly_PRENEI_Q": 0.0,
      "monthly_PRELIQ_Q": 72.60000000000001,
      "monthly_PE_Q": 41.8
    },
    "2024-12": {
      "monthly_PRENEI_Q": 3.1,
      "monthly_PRELIQ_Q": 72.0,
      "monthly_PE_Q": 56.9
    }
  }
}