{
  "years": {
    "2024": {
      "annual_PRENEI_Q": 4.2,
      "annual_PRELIQ_Q": 1018.5,
      "annual_PE_Q": 316.9
    }
  },
  "months": {
    "2024-01": {
      "monthly_PRENEI_Q": 3.0999999999999996,
      "monthly_PRELIQ_Q": 44.1,
      "monthly_PE_Q": 33.1
    },
    "2024-02": {
      "monthly_PRENEI_Q": 0.1,
      "monthly_PRELIQ_Q": 64.6,
      "monthly_PE_Q": 44.3
    },
    "2024-03": {
      "monthly_PRENEI_Q": 0.4,
      "monthly_PRELIQ_Q": 110.8,
      "monthly_PE_Q": 60.8
    },
    "2024-04": {
      "monthly_PRENEI_Q": 0.0,
      "monthly_PRELIQ_Q": 71.8,
      "monthly_PE_Q": -8.0
    },
    "2024-05": {
      "monthly_PRENEI_Q": 0.0,
      "monthly_PRELIQ_Q": 130.9,
      "monthly_PE_Q": 42.5
    },
    "2024-06": {
      "monthly_PRENEI_Q": 0.0,
      "monthly_PRELIQ_Q": 132.29999999999998,
      "monthly_PE_Q": 17.299999999999997
    },
    "2024-07": {
      "monthly_PRENEI_Q": 0.0,
      "monthly_PRELIQ_Q": 89.80000000000001,
      "monthly_PE_Q": -36.5
    },
    "2024-08": {
      "monthly_PRENEI_Q": 0.0,
      "monthly_PRELIQ_Q": 9.799999999999999,
      "monthly_PE_Q": -63.8
    },
    "2024-09": {
      "monthly_PRENEI_Q": 0.0,
      "monthly_PRELIQ_Q": 121.8,
      "monthly_PE_Q": 64.3
    },
    "2024-10": {
      "monthly_PRENEI_Q": 0.0,
      "monthly_PRELIQ_Q": 121.10000000000001,
      "monthly_PE_Q": 79.3
    },
    "2024-11": {
      "monthly_PRENEI_Q": 0.3,
      "monthly_PRELIQ_Q": 55.50000000000001,
      "monthly_PE_Q": 33.8
    },
    "2024-12": {
      "monthly_PRENEI_Q": 0.30000000000000004,
      "monthly_PRELIQ_Q": 66.0,
      "monthly_PE_Q": 49.8
    }
  }
}