{
  "years": {
    "2024": {
      "annual_PRENEI_Q": 4.3,
      "annual_PRELIQ_Q": 1079.9,
      "annual_PE_Q": 421.40000000000003
    }
  },
  "months": {
    "2024-01": {
      "monthly_PRENEI_Q": 3.6999999999999997,
      "monthly_PRELIQ_Q": 36.3,
      "monthly_PE_Q": 26.4
    },
    "2024-02": {
      "monthly_PRENEI_Q": 0.0,
      "monthly_PRELIQ_Q": 64.9,
      "monthly_PE_Q": 46.2
    },
    "2024-03": {
      "monthly_PRENEI_Q": 0.0,
      "monthly_PRELIQ_Q": 129.2,
      "monthly_PE_Q": 82.8
    },
    "2024-04": {
      "monthly_PRENEI_Q": 0.1,
      "monthly_PRELIQ_Q": 69.1,
      "monthly_PE_Q": -2.9999999999999987
    },
    "2024-05": {
      "monthly_PRENEI_Q": 0.0,
      "monthly_PRELIQ_Q": 135.4,
      "monthly_PE_Q": 55.3
    },
    "2024-06": {
      "monthly_PRENEI_Q": 0.0,
      "monthly_PRELIQ_Q": 170.3,
      "monthly_PE_Q": 65.69999999999999
    },
    "2024-07": {
      "monthly_PRENEI_Q": 0.0,
      "monthly_PRELIQ_Q": 100.60000000000001,
      "monthly_PE_Q": -21.300000000000004
    },
    "2024-08": {
      "monthly_PRENEI_Q": 0.0,
      "monthly_PRELIQ_Q": 5.3999999999999995,
      "monthly_PE_Q": -79.9
    },
    "2024-09": {
      "monthly_PRENEI_Q": 0.0,
      "monthly_PRELIQ_Q": 125.0,
      "monthly_PE_Q": 72.8
    },
    "2024-10": {
      "monthly_PRENEI_Q": 0.0,
      "monthly_PRELIQ_Q": 138.29999999999998,
      "monthly_PE_Q": 101.9
    },
    "2024-11": {
      "monthly_PRENEI_Q": 0.5,
      "monthly_PRELIQ_Q": 55.199999999999996,
      "monthly_PE_Q": 35.7
    },
    "2024-12": {
      "monthly_PRENEI_Q": 0.0,
      "monthly_PRELIQ_Q": 50.2,
      "monthly_PE_Q": 38.8
    }
  }
}