{
  "years": {
    "2024": {
      "annual_PRENEI_Q": 8.899999999999999,
      "annual_PRELIQ_Q": 967.9,
      "annual_PE_Q": 411.7
    }
  },
  "months": {
    "2024-01": {
      "monthly_PRENEI_Q": 0.30000000000000004,
      "monthly_PRELIQ_Q": 54.4,
      "monthly_PE_Q": 43.800000000000004
    },
    "2024-02": {
      "monthly_PRENEI_Q": 0.0,
      "monthly_PRELIQ_Q": 78.3,
      "monthly_PE_Q": 60.6
    },
    "2024-03": {
      "monthly_PRENEI_Q": 0.0,
      "monthly_PRELIQ_Q": 104.8,
      "monthly_PE_Q": 67.1
    },
    "2024-04": {
      "monthly_PRENEI_Q": 0.0,
      "monthly_PRELIQ_Q": 64.9,
      "monthly_PE_Q": 2.9000000000000012
    },
    "2024-05": {
      "monthly_PRENEI_Q": 0.0,
      "monthly_PRELIQ_Q": 143.7,
      "monthly_PE_Q": 70.0
    },
    "2024-06": {
      "monthly_PRENEI_Q": 0.0,
      "monthly_PRELIQ_Q": 118.89999999999999,
      "monthly_PE_Q": 29.4
    },
    "2024-07": {
      "monthly_PRENEI_Q": 0.0,
      "monthly_PRELIQ_Q": 54.699999999999996,
      "monthly_PE_Q": -43.3
    },
    "2024-08": {
      "monthly_PRENEI_Q": 0.0,
      "monthly_PRELIQ_Q": 27.300000000000004,
      "monthly_PE_Q": -42.300000000000004
    },
    "2024-09": {
      "monthly_PRENEI_Q": 0.0,
      "monthly_PRELIQ_Q": 115.7,
      "monthly_PE_Q": 67.0
    },
    "2024-10": {
      "monthly_PRENEI_Q": 0.0,
      "monthly_PRELIQ_Q": 94.2,
      "monthly_PE_Q": 63.4
    },
    "2024-11": {
      "monthly_PRENEI_Q": 8.5,
      "monthly_PRELIQ_Q": 51.3,
      "monthly_PE_Q": 44.2
    },
    "2024-12": {
      "monthly_PRENEI_Q": 0.1,
      "monthly_PRELIQ_Q": 59.7,
      "monthly_PE_Q": 48.9
    }
  }
}