{
  "years": {
    "2024": {
      "annual_PRENEI_Q": 5.699999999999999,
      "annual_PRELIQ_Q": 855.9,
      "annual_PE_Q": 232.29999999999998
    }
  },
  "months": {
    "2024-01": {
      "monthly_PRENEI_Q": 1.0,
      "monthly_PRELIQ_Q": 45.9,
      "monthly_PE_Q": 37.199999999999996
    },
    "2024-02": {
      "monthly_PRENEI_Q": 0.0,
      "monthly_PRELIQ_Q": 63.2,
      "monthly_PE_Q": 40.9
    },
    "2024-03": {
      "monthly_PRENEI_Q": 0.0,
      "monthly_PRELIQ_Q": 86.6,
      "monthly_PE_Q": 37.5
    },
    "2024-04": {
      "monthly_PRENEI_Q": 0.0,
      "monthly_PRELIQ_Q": 57.5,
      "monthly_PE_Q": -12.3
    },
    "2024-05": {
      "monthly_PRENEI_Q": 0.0,
      "monthly_PRELIQ_Q": 109.2,
      "monthly_PE_Q": 29.500000000000004
    },
    "2024-06": {
      "monthly_PRENEI_Q": 0.0,
      "monthly_PRELIQ_Q": 97.4,
      "monthly_PE_Q": -9.599999999999998
    },
    "2024-07": {
      "monthly_PRENEI_Q": 0.0,
      "monthly_PRELIQ_Q": 92.5,
      "monthly_PE_Q": -11.100000000000001
    },
    "2024-08": {
      "monthly_PRENEI_Q": 0.0,
      "monthly_PRELIQ_Q": 39.6,
      "monthly_PE_Q": -30.3
    },
    "2024-09": {
      "monthly_PRENEI_Q": 0.0,
      "monthly_PRELIQ_Q": 86.1,
      "monthly_PE_Q": 38.5
    },
    "2024-10": {
      "monthly_PRENEI_Q": 0.0,
      "monthly_PRELIQ_Q": 79.4,
      "monthly_PE_Q": 41.6
    },
    "2024-11": {
      "monthly_PRENEI_Q": 4.499999999999999,
      "monthly_PRELIQ_Q": 58.5,
      "monthly_PE_Q": 45.099999999999994
    },
    "2024-12": {
      "monthly_PRENEI_Q": 0.2,
      "monthly_PRELIQ_Q": 40.0,
      "monthly_PE_Q": 25.3
    }
  }
}