{
  "years": {
    "2024": {
      "annual_PRENEI_Q": 8.6,
      "annual_PRELIQ_Q": 890.0,
      "annual_PE_Q": 385.2
    }
  },
  "months": {
    "2024-01": {
      "monthly_PRENEI_Q": 5.9,
      "monthly_PRELIQ_Q": 50.1,
      "monthly_PE_Q": 45.599999999999994
    },
    "2024-02": {
      "monthly_PRENEI_Q": 0.0,
      "monthly_PRELIQ_Q": 78.1,
      "monthly_PE_Q": 62.699999999999996
    },
    "2024-03": {
      "monthly_PRENEI_Q": 0.0,
      "monthly_PRELIQ_Q": 88.5,
      "monthly_PE_Q": 52.599999999999994
    },
    "2024-04": {
      "monthly_PRENEI_Q": 0.0,
      "monthly_PRELIQ_Q": 54.5,
      "monthly_PE_Q": -0.40000000000000013
    },
    "2024-05": {
      "monthly_PRENEI_Q": 0.0,
      "monthly_PRELIQ_Q": 106.7,
      "monthly_PE_Q": 38.2
    },
    "2024-06": {
      "monthly_PRENEI_Q": 0.0,
      "monthly_PRELIQ_Q": 54.7,
      "monthly_PE_Q": -25.8
    },
    "2024-07": {
      "monthly_PRENEI_Q": 0.0,
      "monthly_PRELIQ_Q": 71.3,
      "monthly_PE_Q": -8.5
    },
    "2024-08": {
      "monthly_PRENEI_Q": 0.0,
      "monthly_PRELIQ_Q": 67.4,
      "monthly_PE_Q": -5.3999999999999995
    },
    "2024-09": {
      "monthly_PRENEI_Q": 0.0,
      "monthly_PRELIQ_Q": 112.2,
      "monthly_PE_Q": 69.2
    },
    "2024-10": {
      "monthly_PRENEI_Q": 0.0,
      "monthly_PRELIQ_Q": 112.89999999999999,
      "monthly_PE_Q": 85.0
    },
    "2024-11": {
      "monthly_PRENEI_Q": 2.6999999999999997,
      "monthly_PRELIQ_Q": 49.800000000000004,
      "monthly_PE_Q": 37.6
    },
    "2024-12": {
      "monthly_PRENEI_Q": 0.0,
      "monthly_PRELIQ_Q": 43.8,
      "monthly_PE_Q": 34.4
    }
  }
}