{
  "years": {
    "2024": {
      "annual_PRENEI_Q": 7.3999999999999995,
      "annual_PRELIQ_Q": 838.8,
      "annual_PE_Q": 357.8
    }
  },
  "months": {
    "2024-01": {
      "monthly_PRENEI_Q": 3.9,
      "monthly_PRELIQ_Q": 59.6,
      "monthly_PE_Q": 49.800000000000004
    },
    "2024-02": {
      "monthly_PRENEI_Q": 0.0,
      "monthly_PRELIQ_Q": 75.9,
      "monthly_PE_Q": 58.4
    },
    "2024-03": {
      "monthly_PRENEI_Q": 0.0,
      "monthly_PRELIQ_Q": 80.1,
      "monthly_PE_Q": 42.800000000000004
    },
    "2024-04": {
      "monthly_PRENEI_Q": 0.0,
      "monthly_PRELIQ_Q": 48.6,
      "monthly_PE_Q": -5.000000000000001
    },
    "2024-05": {
      "monthly_PRENEI_Q": 0.0,
      "monthly_PRELIQ_Q": 82.2,
      "monthly_PE_Q": 18.299999999999997
    },
    "2024-06": {
      "monthly_PRENEI_Q": 0.0,
      "monthly_PRELIQ_Q": 37.7,
      "monthly_PE_Q": -30.7
    },
    "2024-07": {
      "monthly_PRENEI_Q": 0.0,
      "monthly_PRELIQ_Q": 62.1,
      "monthly_PE_Q": 4.300000000000001
    },
    "2024-08": {
      "monthly_PRENEI_Q": 0.0,
      "monthly_PRELIQ_Q": 66.4,
      "monthly_PE_Q": -4.8000000000000025
    },
    "2024-09": {
      "monthly_PRENEI_Q": 0.0,
      "monthly_PRELIQ_Q": 98.2,
      "monthly_PE_Q": 49.4
    },
    "2024-10": {
      "monthly_PRENEI_Q": 0.0,
      "monthly_PRELIQ_Q": 141.20000000000002,
      "monthly_PE_Q": 110.69999999999999
    },
    "2024-11": {
      "monthly_PRENEI_Q": 3.5,
      "monthly_PRELIQ_Q": 40.0,
      "monthly_PE_Q": 28.7
    },
    "2024-12": {
      "monthly_PRENEI_Q": 0.0,
      "monthly_PRELIQ_Q": 46.800000000000004,
      "monthly_PE_Q": 35.9
    }
  }
}