{
  "years": {
    "2024": {
      "annual_PRENEI_Q": 9.100000000000001,
      "annual_PRELIQ_Q": 830.4,
      "annual_PE_Q": 360.7
    }
  },
  "months": {
    "2024-01": {
      "monthly_PRENEI_Q": 7.300000000000001,
      "monthly_PRELIQ_Q": 49.3,
      "monthly_PE_Q": 45.2
    },
    "2024-02": {
      "monthly_PRENEI_Q": 0.0,
      "monthly_PRELIQ_Q": 88.5,
      "monthly_PE_Q": 72.1
    },
    "2024-03": {
      "monthly_PRENEI_Q": 0.0,
      "monthly_PRELIQ_Q": 101.3,
      "monthly_PE_Q": 67.5
    },
    "2024-04": {
      "monthly_PRENEI_Q": 0.0,
      "monthly_PRELIQ_Q": 50.5,
      "monthly_PE_Q": 1.3999999999999997
    },
    "2024-05": {
      "monthly_PRENEI_Q": 0.0,
      "monthly_PRELIQ_Q": 93.1,
      "monthly_PE_Q": 31.4
    },
    "2024-06": {
      "monthly_PRENEI_Q": 0.0,
      "monthly_PRELIQ_Q": 36.2,
      "monthly_PE_Q": -39.4
    },
    "2024-07": {
      "monthly_PRENEI_Q": 0.0,
      "monthly_PRELIQ_Q": 55.2,
      "monthly_PE_Q": -12.999999999999998
    },
    "2024-08": {
      "monthly_PRENEI_Q": 0.0,
      "monthly_PRELIQ_Q": 39.900000000000006,
      "monthly_PE_Q": -15.2
    },
    "2024-09": {
      "monthly_PRENEI_Q": 0.0,
      "monthly_PRELIQ_Q": 107.7,
      "monthly_PE_Q": 59.6
    },
    "2024-10": {
      "monthly_PRENEI_Q": 0.0,
      "monthly_PRELIQ_Q": 104.60000000000001,
      "monthly_PE_Q": 77.60000000000001
    },
    "2024-11": {
      "monthly_PRENEI_Q": 1.8000000000000003,
      "monthly_PRELIQ_Q": 50.8,
      "monthly_PE_Q": 37.1
    },
    "2024-12": {
      "monthly_PRENEI_Q": 0.0,
      "monthly_PRELIQ_Q": 53.3,
      "monthly_PE_Q": 36.4
    }
  }
}