{
  "years": {
    "2024": {
      "annual_PRENEI_Q": 15.899999999999999,
      "annual_PRELIQ_Q": 922.1,
      "annual_PE_Q": 393.3
    }
  },
  "months": {
    "2024-01": {
      "monthly_PRENEI_Q": 15.7,
      "monthly_PRELIQ_Q": 61.0,
      "monthly_PE_Q": 65.3
    },
    "2024-02": {
      "monthly_PRENEI_Q": 0.0,
      "monthly_PRELIQ_Q": 120.8,
      "monthly_PE_Q": 102.9
    },
    "2024-03": {
      "monthly_PRENEI_Q": 0.0,
      "monthly_PRELIQ_Q": 76.3,
      "monthly_PE_Q": 44.9
    },
    "2024-04": {
      "monthly_PRENEI_Q": 0.0,
      "monthly_PRELIQ_Q": 69.0,
      "monthly_PE_Q": 11.499999999999998
    },
    "2024-05": {
      "monthly_PRENEI_Q": 0.0,
      "monthly_PRELIQ_Q": 88.9,
      "monthly_PE_Q": 19.0
    },
    "2024-06": {
      "monthly_PRENEI_Q": 0.0,
      "monthly_PRELIQ_Q": 45.4,
      "monthly_PE_Q": -41.300000000000004
    },
    "2024-07": {
      "monthly_PRENEI_Q": 0.0,
      "monthly_PRELIQ_Q": 93.3,
      "monthly_PE_Q": 12.1
    },
    "2024-08": {
      "monthly_PRENEI_Q": 0.0,
      "monthly_PRELIQ_Q": 51.599999999999994,
      "monthly_PE_Q": -25.099999999999998
    },
    "2024-09": {
      "monthly_PRENEI_Q": 0.0,
      "monthly_PRELIQ_Q": 106.10000000000001,
      "monthly_PE_Q": 54.7
    },
    "2024-10": {
      "monthly_PRENEI_Q": 0.0,
      "monthly_PRELIQ_Q": 72.9,
      "monthly_PE_Q": 42.199999999999996
    },
    "2024-11": {
      "monthly_PRENEI_Q": 0.2,
      "monthly_PRELIQ_Q": 63.800000000000004,
      "monthly_PE_Q": 47.1
    },
    "2024-12": {
      "monthly_PRENEI_Q": 0.0,
      "monthly_PRELIQ_Q": 73.0,
      "monthly_PE_Q": 60.0
    }
  }
}