{
  "years": {
    "2024": {
      "annual_PRENEI_Q": 0.1,
      "annual_PRELIQ_Q": 612.7,
      "annual_PE_Q": 125.50000000000001
    }
  },
  "months": {
    "2024-01": {
      "monthly_PRENEI_Q": 0.1,
      "monthly_PRELIQ_Q": 4.6000000000000005,
      "monthly_PE_Q": -1.7000000000000002
    },
    "2024-02": {
      "monthly_PRENEI_Q": 0.0,
      "monthly_PRELIQ_Q": 37.0,
      "monthly_PE_Q": 24.2
    },
    "2024-03": {
      "monthly_PRENEI_Q": 0.0,
      "monthly_PRELIQ_Q": 46.2,
      "monthly_PE_Q": 0.9000000000000019
    },
    "2024-04": {
      "monthly_PRENEI_Q": 0.0,
      "monthly_PRELIQ_Q": 107.8,
      "monthly_PE_Q": 75.9
    },
    "2024-05": {
      "monthly_PRENEI_Q": 0.0,
      "monthly_PRELIQ_Q": 102.10000000000001,
      "monthly_PE_Q": 4.8
    },
    "2024-06": {
      "monthly_PRENEI_Q": 0.0,
      "monthly_PRELIQ_Q": 24.6,
      "monthly_PE_Q": -44.4
    },
    "2024-07": {
      "monthly_PRENEI_Q": 0.0,
      "monthly_PRELIQ_Q": 38.800000000000004,
      "monthly_PE_Q": -28.1
    },
    "2024-08": {
      "monthly_PRENEI_Q": 0.0,
      "monthly_PRELIQ_Q": 12.4,
      "monthly_PE_Q": -14.6
    },
    "2024-09": {
      "monthly_PRENEI_Q": 0.0,
      "monthly_PRELIQ_Q": 38.0,
      "monthly_PE_Q": 2.9000000000000012
    },
    "2024-10": {
      "monthly_PRENEI_Q": 0.0,
      "monthly_PRELIQ_Q": 132.8,
      "monthly_PE_Q": 93.60000000000001
    },
    "2024-11": {
      "monthly_PRENEI_Q": 0.0,
      "monthly_PRELIQ_Q": 18.1,
      "monthly_PE_Q": -9.2
    },
    "2024-12": {
      "monthly_PRENEI_Q": 0.0,
      "monthly_PRELIQ_Q": 50.3,
      "monthly_PE_Q": 21.200000000000003
    }
  }
}