{
  "years": {
    "2024": {
      "annual_PRENEI_Q": 0.8,
      "annual_PRELIQ_Q": 746.6,
      "annual_PE_Q": 179.5
    }
  },
  "months": {
    "2024-01": {
      "monthly_PRENEI_Q": 0.8,
      "monthly_PRELIQ_Q": 39.3,
      "monthly_PE_Q": 16.599999999999998
    },
    "2024-02": {
      "monthly_PRENEI_Q": 0.0,
      "monthly_PRELIQ_Q": 85.7,
      "monthly_PE_Q": 47.5
    },
    "2024-03": {
      "monthly_PRENEI_Q": 0.0,
      "monthly_PRELIQ_Q": 47.9,
      "monthly_PE_Q": -5.499999999999999
    },
    "2024-04": {
      "monthly_PRENEI_Q": 0.0,
      "monthly_PRELIQ_Q": 82.4,
      "monthly_PE_Q": 21.3
    },
    "2024-05": {
      "monthly_PRENEI_Q": 0.0,
      "monthly_PRELIQ_Q": 88.80000000000001,
      "monthly_PE_Q": -3.0999999999999988
    },
    "2024-06": {
      "monthly_PRENEI_Q": 0.0,
      "monthly_PRELIQ_Q": 22.7,
      "monthly_PE_Q": -47.0
    },
    "2024-07": {
      "monthly_PRENEI_Q": 0.0,
      "monthly_PRELIQ_Q": 25.700000000000003,
      "monthly_PE_Q": -26.700000000000003
    },
    "2024-08": {
      "monthly_PRENEI_Q": 0.0,
      "monthly_PRELIQ_Q": 20.7,
      "monthly_PE_Q": -24.8
    },
    "2024-09": {
      "monthly_PRENEI_Q": 0.0,
      "monthly_PRELIQ_Q": 34.4,
      "monthly_PE_Q": 0.10000000000000009
    },
    "2024-10": {
      "monthly_PRENEI_Q": 0.0,
      "monthly_PRELIQ_Q": 137.3,
      "monthly_PE_Q": 100.7
    },
    "2024-11": {
      "monthly_PRENEI_Q": 0.0,
      "monthly_PRELIQ_Q": 51.1,
      "monthly_PE_Q": 23.000000000000004
    },
    "2024-12": {
      "monthly_PRENEI_Q": 0.0,
      "monthly_PRELIQ_Q": 110.60000000000001,
      "monthly_PE_Q": 77.4
    }
  }
}