{
  "years": {
    "2024": {
      "annual_PRENEI_Q": 21.0,
      "annual_PRELIQ_Q": 1053.2,
      "annual_PE_Q": 364.7
    }
  },
  "months": {
    "2024-01": {
      "monthly_PRENEI_Q": 20.400000000000002,
      "monthly_PRELIQ_Q": 25.900000000000002,
      "monthly_PE_Q": 27.5
    },
    "2024-02": {
      "monthly_PRENEI_Q": 0.0,
      "monthly_PRELIQ_Q": 132.3,
      "monthly_PE_Q": 97.30000000000001
    },
    "2024-03": {
      "monthly_PRENEI_Q": 0.6,
      "monthly_PRELIQ_Q": 115.39999999999999,
      "monthly_PE_Q": 54.0
    },
    "2024-04": {
      "monthly_PRENEI_Q": 0.0,
      "monthly_PRELIQ_Q": 107.0,
      "monthly_PE_Q": 23.499999999999996
    },
    "2024-05": {
      "monthly_PRENEI_Q": 0.0,
      "monthly_PRELIQ_Q": 133.70000000000002,
      "monthly_PE_Q": 44.1
    },
    "2024-06": {
      "monthly_PRENEI_Q": 0.0,
      "monthly_PRELIQ_Q": 58.7,
      "monthly_PE_Q": -40.2
    },
    "2024-07": {
      "monthly_PRENEI_Q": 0.0,
      "monthly_PRELIQ_Q": 46.099999999999994,
      "monthly_PE_Q": -55.6
    },
    "2024-08": {
      "monthly_PRENEI_Q": 0.0,
      "monthly_PRELIQ_Q": 39.199999999999996,
      "monthly_PE_Q": -13.500000000000002
    },
    "2024-09": {
      "monthly_PRENEI_Q": 0.0,
      "monthly_PRELIQ_Q": 77.7,
      "monthly_PE_Q": 18.3
    },
    "2024-10": {
      "monthly_PRENEI_Q": 0.0,
      "monthly_PRELIQ_Q": 156.8,
      "monthly_PE_Q": 108.7
    },
    "2024-11": {
      "monthly_PRENEI_Q": 0.0,
      "monthly_PRELIQ_Q": 58.7,
      "monthly_PE_Q": 25.4
    },
    "2024-12": {
      "monthly_PRENEI_Q": 0.0,
      "monthly_PRELIQ_Q": 101.7,
      "monthly_PE_Q": 75.2
    }
  }
}