{
  "years": {
    "2024": {
      "annual_PRENEI_Q": 49.0,
      "annual_PRELIQ_Q": 1102.7,
      "annual_PE_Q": 456.3
    }
  },
  "months": {
    "2024-01": {
      "monthly_PRENEI_Q": 24.8,
      "monthly_PRELIQ_Q": 24.6,
      "monthly_PE_Q": 30.7
    },
    "2024-02": {
      "monthly_PRENEI_Q": 6.3,
      "monthly_PRELIQ_Q": 135.29999999999998,
      "monthly_PE_Q": 107.89999999999999
    },
    "2024-03": {
      "monthly_PRENEI_Q": 5.1,
      "monthly_PRELIQ_Q": 119.5,
      "monthly_PE_Q": 65.0
    },
    "2024-04": {
      "monthly_PRENEI_Q": 0.5,
      "monthly_PRELIQ_Q": 115.0,
      "monthly_PE_Q": 36.0
    },
    "2024-05": {
      "monthly_PRENEI_Q": 0.0,
      "monthly_PRELIQ_Q": 142.8,
      "monthly_PE_Q": 56.3
    },
    "2024-06": {
      "monthly_PRENEI_Q": 0.0,
      "monthly_PRELIQ_Q": 62.900000000000006,
      "monthly_PE_Q": -32.3
    },
    "2024-07": {
      "monthly_PRENEI_Q": 0.0,
      "monthly_PRELIQ_Q": 49.4,
      "monthly_PE_Q": -53.4
    },
    "2024-08": {
      "monthly_PRENEI_Q": 0.0,
      "monthly_PRELIQ_Q": 42.0,
      "monthly_PE_Q": -11.899999999999999
    },
    "2024-09": {
      "monthly_PRENEI_Q": 0.0,
      "monthly_PRELIQ_Q": 83.8,
      "monthly_PE_Q": 24.299999999999997
    },
    "2024-10": {
      "monthly_PRENEI_Q": 0.0,
      "monthly_PRELIQ_Q": 167.8,
      "monthly_PE_Q": 120.89999999999999
    },
    "2024-11": {
      "monthly_PRENEI_Q": 0.0,
      "monthly_PRELIQ_Q": 63.0,
      "monthly_PE_Q": 28.700000000000003
    },
    "2024-12": {
      "monthly_PRENEI_Q": 12.3,
      "monthly_PRELIQ_Q": 96.60000000000001,
      "monthly_PE_Q": 84.1
    }
  }
}