{
  "years": {
    "2024": {
      "annual_PRENEI_Q": 2.8,
      "annual_PRELIQ_Q": 1287.9,
      "annual_PE_Q": 566.9
    }
  },
  "months": {
    "2024-01": {
      "monthly_PRENEI_Q": 0.2,
      "monthly_PRELIQ_Q": 64.2,
      "monthly_PE_Q": 51.49999999999999
    },
    "2024-02": {
      "monthly_PRENEI_Q": 2.3,
      "monthly_PRELIQ_Q": 123.0,
      "monthly_PE_Q": 102.3
    },
    "2024-03": {
      "monthly_PRENEI_Q": 0.0,
      "monthly_PRELIQ_Q": 101.7,
      "monthly_PE_Q": 53.2
    },
    "2024-04": {
      "monthly_PRENEI_Q": 0.0,
      "monthly_PRELIQ_Q": 103.9,
      "monthly_PE_Q": 28.799999999999997
    },
    "2024-05": {
      "monthly_PRENEI_Q": 0.0,
      "monthly_PRELIQ_Q": 172.3,
      "monthly_PE_Q": 100.60000000000001
    },
    "2024-06": {
      "monthly_PRENEI_Q": 0.0,
      "monthly_PRELIQ_Q": 137.79999999999998,
      "monthly_PE_Q": 38.9
    },
    "2024-07": {
      "monthly_PRENEI_Q": 0.0,
      "monthly_PRELIQ_Q": 89.10000000000001,
      "monthly_PE_Q": -38.8
    },
    "2024-08": {
      "monthly_PRENEI_Q": 0.0,
      "monthly_PRELIQ_Q": 80.5,
      "monthly_PE_Q": -28.599999999999998
    },
    "2024-09": {
      "monthly_PRENEI_Q": 0.0,
      "monthly_PRELIQ_Q": 145.4,
      "monthly_PE_Q": 84.7
    },
    "2024-10": {
      "monthly_PRENEI_Q": 0.0,
      "monthly_PRELIQ_Q": 117.2,
      "monthly_PE_Q": 67.7
    },
    "2024-11": {
      "monthly_PRENEI_Q": 0.0,
      "monthly_PRELIQ_Q": 64.7,
      "monthly_PE_Q": 35.49999999999999
    },
    "2024-12": {
      "monthly_PRENEI_Q": 0.30000000000000004,
      "monthly_PRELIQ_Q": 88.1,
      "monthly_PE_Q": 71.1
    }
  }
}