{
  "years": {
    "2024": {
      "annual_PRENEI_Q": 36.1,
      "annual_PRELIQ_Q": 1415.3,
      "annual_PE_Q": 740.1
    }
  },
  "months": {
    "2024-01": {
      "monthly_PRENEI_Q": 17.900000000000002,
      "monthly_PRELIQ_Q": 75.2,
      "monthly_PE_Q": 80.39999999999999
    },
    "2024-02": {
      "monthly_PRENEI_Q": 9.0,
      "monthly_PRELIQ_Q": 156.4,
      "monthly_PE_Q": 140.6
    },
    "2024-03": {
      "monthly_PRENEI_Q": 4.2,
      "monthly_PRELIQ_Q": 122.7,
      "monthly_PE_Q": 79.1
    },
    "2024-04": {
      "monthly_PRENEI_Q": 0.1,
      "monthly_PRELIQ_Q": 133.5,
      "monthly_PE_Q": 57.7
    },
    "2024-05": {
      "monthly_PRENEI_Q": 0.0,
      "monthly_PRELIQ_Q": 200.79999999999998,
      "monthly_PE_Q": 122.5
    },
    "2024-06": {
      "monthly_PRENEI_Q": 0.0,
      "monthly_PRELIQ_Q": 132.79999999999998,
      "monthly_PE_Q": 31.999999999999996
    },
    "2024-07": {
      "monthly_PRENEI_Q": 0.0,
      "monthly_PRELIQ_Q": 75.1,
      "monthly_PE_Q": -56.800000000000004
    },
    "2024-08": {
      "monthly_PRENEI_Q": 0.0,
      "monthly_PRELIQ_Q": 36.3,
      "monthly_PE_Q": -46.0
    },
    "2024-09": {
      "monthly_PRENEI_Q": 0.0,
      "monthly_PRELIQ_Q": 188.0,
      "monthly_PE_Q": 126.6
    },
    "2024-10": {
      "monthly_PRENEI_Q": 0.0,
      "monthly_PRELIQ_Q": 112.60000000000001,
      "monthly_PE_Q": 63.1
    },
    "2024-11": {
      "monthly_PRENEI_Q": 0.1,
      "monthly_PRELIQ_Q": 86.6,
      "monthly_PE_Q": 58.4
    },
    "2024-12": {
      "monthly_PRENEI_Q": 4.800000000000001,
      "monthly_PRELIQ_Q": 95.3,
      "monthly_PE_Q": 82.5
    }
  }
}