{
  "years": {
    "2024": {
      "annual_PRENEI_Q": 108.3,
      "annual_PRELIQ_Q": 1991.7,
      "annual_PE_Q": 1374.2
    }
  },
  "months": {
    "2024-01": {
      "monthly_PRENEI_Q": 16.0,
      "monthly_PRELIQ_Q": 166.4,
      "monthly_PE_Q": 167.3
    },
    "2024-02": {
      "monthly_PRENEI_Q": 30.6,
      "monthly_PRELIQ_Q": 175.8,
      "monthly_PE_Q": 181.79999999999998
    },
    "2024-03": {
      "monthly_PRENEI_Q": 12.8,
      "monthly_PRELIQ_Q": 191.8,
      "monthly_PE_Q": 155.70000000000002
    },
    "2024-04": {
      "monthly_PRENEI_Q": 0.7000000000000001,
      "monthly_PRELIQ_Q": 168.9,
      "monthly_PE_Q": 94.19999999999999
    },
    "2024-05": {
      "monthly_PRENEI_Q": 0.0,
      "monthly_PRELIQ_Q": 268.0,
      "monthly_PE_Q": 190.3
    },
    "2024-06": {
      "monthly_PRENEI_Q": 0.0,
      "monthly_PRELIQ_Q": 131.7,
      "monthly_PE_Q": 36.599999999999994
    },
    "2024-07": {
      "monthly_PRENEI_Q": 0.0,
      "monthly_PRELIQ_Q": 107.2,
      "monthly_PE_Q": -19.3
    },
    "2024-08": {
      "monthly_PRENEI_Q": 0.0,
      "monthly_PRELIQ_Q": 43.199999999999996,
      "monthly_PE_Q": -59.699999999999996
    },
    "2024-09": {
      "monthly_PRENEI_Q": 0.0,
      "monthly_PRELIQ_Q": 289.5,
      "monthly_PE_Q": 228.9
    },
    "2024-10": {
      "monthly_PRENEI_Q": 0.0,
      "monthly_PRELIQ_Q": 178.7,
      "monthly_PE_Q": 125.3
    },
    "2024-11": {
      "monthly_PRENEI_Q": 1.4,
      "monthly_PRELIQ_Q": 144.6,
      "monthly_PE_Q": 116.69999999999999
    },
    "2024-12": {
      "monthly_PRENEI_Q": 46.8,
      "monthly_PRELIQ_Q": 125.9,
      "monthly_PE_Q": 156.4
    }
  }
}