{
  "years": {
    "2024": {
      "annual_PRENEI_Q": 47.199999999999996,
      "annual_PRELIQ_Q": 1371.0,
      "annual_PE_Q": 712.0
    }
  },
  "months": {
    "2024-01": {
      "monthly_PRENEI_Q": 8.7,
      "monthly_PRELIQ_Q": 83.3,
      "monthly_PE_Q": 74.9
    },
    "2024-02": {
      "monthly_PRENEI_Q": 11.1,
      "monthly_PRELIQ_Q": 118.0,
      "monthly_PE_Q": 100.2
    },
    "2024-03": {
      "monthly_PRENEI_Q": 15.799999999999999,
      "monthly_PRELIQ_Q": 132.5,
      "monthly_PE_Q": 100.6
    },
    "2024-04": {
      "monthly_PRENEI_Q": 0.4,
      "monthly_PRELIQ_Q": 92.3,
      "monthly_PE_Q": 19.599999999999998
    },
    "2024-05": {
      "monthly_PRENEI_Q": 0.0,
      "monthly_PRELIQ_Q": 197.0,
      "monthly_PE_Q": 116.3
    },
    "2024-06": {
      "monthly_PRENEI_Q": 0.0,
      "monthly_PRELIQ_Q": 139.6,
      "monthly_PE_Q": 36.400000000000006
    },
    "2024-07": {
      "monthly_PRENEI_Q": 0.0,
      "monthly_PRELIQ_Q": 55.9,
      "monthly_PE_Q": -60.5
    },
    "2024-08": {
      "monthly_PRENEI_Q": 0.0,
      "monthly_PRELIQ_Q": 38.400000000000006,
      "monthly_PE_Q": -35.400000000000006
    },
    "2024-09": {
      "monthly_PRENEI_Q": 0.0,
      "monthly_PRELIQ_Q": 205.4,
      "monthly_PE_Q": 141.7
    },
    "2024-10": {
      "monthly_PRENEI_Q": 0.0,
      "monthly_PRELIQ_Q": 148.9,
      "monthly_PE_Q": 97.6
    },
    "2024-11": {
      "monthly_PRENEI_Q": 0.0,
      "monthly_PRELIQ_Q": 88.2,
      "monthly_PE_Q": 58.800000000000004
    },
    "2024-12": {
      "monthly_PRENEI_Q": 11.2,
      "monthly_PRELIQ_Q": 71.5,
      "monthly_PE_Q": 61.8
    }
  }
}