{
  "years": {
    "2024": {
      "annual_PRENEI_Q": 4.3,
      "annual_PRELIQ_Q": 1080.5,
      "annual_PE_Q": 443.2
    }
  },
  "months": {
    "2024-01": {
      "monthly_PRENEI_Q": 3.6999999999999997,
      "monthly_PRELIQ_Q": 36.3,
      "monthly_PE_Q": 26.599999999999998
    },
    "2024-02": {
      "monthly_PRENEI_Q": 0.0,
      "monthly_PRELIQ_Q": 64.9,
      "monthly_PE_Q": 46.5
    },
    "2024-03": {
      "monthly_PRENEI_Q": 0.0,
      "monthly_PRELIQ_Q": 129.2,
      "monthly_PE_Q": 82.7
    },
    "2024-04": {
      "monthly_PRENEI_Q": 0.1,
      "monthly_PRELIQ_Q": 69.1,
      "monthly_PE_Q": -1.4000000000000004
    },
    "2024-05": {
      "monthly_PRENEI_Q": 0.0,
      "monthly_PRELIQ_Q": 135.5,
      "monthly_PE_Q": 57.6
    },
    "2024-06": {
      "monthly_PRENEI_Q": 0.0,
      "monthly_PRELIQ_Q": 170.3,
      "monthly_PE_Q": 68.3
    },
    "2024-07": {
      "monthly_PRENEI_Q": 0.0,
      "monthly_PRELIQ_Q": 100.7,
      "monthly_PE_Q": -15.900000000000006
    },
    "2024-08": {
      "monthly_PRENEI_Q": 0.0,
      "monthly_PRELIQ_Q": 5.3999999999999995,
      "monthly_PE_Q": -71.4
    },
    "2024-09": {
      "monthly_PRENEI_Q": 0.0,
      "monthly_PRELIQ_Q": 125.2,
      "monthly_PE_Q": 73.5
    },
    "2024-10": {
      "monthly_PRENEI_Q": 0.0,
      "monthly_PRELIQ_Q": 138.5,
      "monthly_PE_Q": 102.3
    },
    "2024-11": {
      "monthly_PRENEI_Q": 0.5,
      "monthly_PRELIQ_Q": 55.199999999999996,
      "monthly_PE_Q": 35.599999999999994
    },
    "2024-12": {
      "monthly_PRENEI_Q": 0.0,
      "monthly_PRELIQ_Q": 50.2,
      "monthly_PE_Q": 38.8
    }
  }
}