{
  "years": {
    "2024": {
      "annual_PRENEI_Q": 10.6,
      "annual_PRELIQ_Q": 942.1,
      "annual_PE_Q": 374.6
    }
  },
  "months": {
    "2024-01": {
      "monthly_PRENEI_Q": 4.8999999999999995,
      "monthly_PRELIQ_Q": 48.4,
      "monthly_PE_Q": 43.3
    },
    "2024-02": {
      "monthly_PRENEI_Q": 0.0,
      "monthly_PRELIQ_Q": 90.2,
      "monthly_PE_Q": 70.5
    },
    "2024-03": {
      "monthly_PRENEI_Q": 0.0,
      "monthly_PRELIQ_Q": 81.0,
      "monthly_PE_Q": 39.699999999999996
    },
    "2024-04": {
      "monthly_PRENEI_Q": 0.0,
      "monthly_PRELIQ_Q": 60.5,
      "monthly_PE_Q": -2.8999999999999986
    },
    "2024-05": {
      "monthly_PRENEI_Q": 0.0,
      "monthly_PRELIQ_Q": 87.5,
      "monthly_PE_Q": 16.5
    },
    "2024-06": {
      "monthly_PRENEI_Q": 0.0,
      "monthly_PRELIQ_Q": 64.8,
      "monthly_PE_Q": -30.300000000000004
    },
    "2024-07": {
      "monthly_PRENEI_Q": 0.0,
      "monthly_PRELIQ_Q": 101.7,
      "monthly_PE_Q": 11.900000000000002
    },
    "2024-08": {
      "monthly_PRENEI_Q": 0.0,
      "monthly_PRELIQ_Q": 82.6,
      "monthly_PE_Q": -0.8000000000000014
    },
    "2024-09": {
      "monthly_PRENEI_Q": 0.0,
      "monthly_PRELIQ_Q": 108.89999999999999,
      "monthly_PE_Q": 62.400000000000006
    },
    "2024-10": {
      "monthly_PRENEI_Q": 0.0,
      "monthly_PRELIQ_Q": 96.0,
      "monthly_PE_Q": 63.5
    },
    "2024-11": {
      "monthly_PRENEI_Q": 5.1,
      "monthly_PRELIQ_Q": 62.6,
      "monthly_PE_Q": 52.7
    },
    "2024-12": {
      "monthly_PRENEI_Q": 0.6,
      "monthly_PRELIQ_Q": 57.9,
      "monthly_PE_Q": 48.1
    }
  }
}