{
  "years": {
    "2024": {
      "annual_PRENEI_Q": 13.200000000000001,
      "annual_PRELIQ_Q": 965.8,
      "annual_PE_Q": 395.1
    }
  },
  "months": {
    "2024-01": {
      "monthly_PRENEI_Q": 6.6000000000000005,
      "monthly_PRELIQ_Q": 56.199999999999996,
      "monthly_PE_Q": 51.1
    },
    "2024-02": {
      "monthly_PRENEI_Q": 0.0,
      "monthly_PRELIQ_Q": 85.9,
      "monthly_PE_Q": 67.5
    },
    "2024-03": {
      "monthly_PRENEI_Q": 0.0,
      "monthly_PRELIQ_Q": 86.0,
      "monthly_PE_Q": 45.8
    },
    "2024-04": {
      "monthly_PRENEI_Q": 0.0,
      "monthly_PRELIQ_Q": 56.7,
      "monthly_PE_Q": -4.3999999999999995
    },
    "2024-05": {
      "monthly_PRENEI_Q": 0.0,
      "monthly_PRELIQ_Q": 120.8,
      "monthly_PE_Q": 48.4
    },
    "2024-06": {
      "monthly_PRENEI_Q": 0.0,
      "monthly_PRELIQ_Q": 52.8,
      "monthly_PE_Q": -44.7
    },
    "2024-07": {
      "monthly_PRENEI_Q": 0.0,
      "monthly_PRELIQ_Q": 98.8,
      "monthly_PE_Q": 9.899999999999999
    },
    "2024-08": {
      "monthly_PRENEI_Q": 0.0,
      "monthly_PRELIQ_Q": 66.5,
      "monthly_PE_Q": -17.400000000000002
    },
    "2024-09": {
      "monthly_PRENEI_Q": 0.0,
      "monthly_PRELIQ_Q": 121.3,
      "monthly_PE_Q": 71.89999999999999
    },
    "2024-10": {
      "monthly_PRENEI_Q": 0.0,
      "monthly_PRELIQ_Q": 97.60000000000001,
      "monthly_PE_Q": 66.7
    },
    "2024-11": {
      "monthly_PRENEI_Q": 6.5,
      "monthly_PRELIQ_Q": 65.0,
      "monthly_PE_Q": 55.0
    },
    "2024-12": {
      "monthly_PRENEI_Q": 0.1,
      "monthly_PRELIQ_Q": 58.2,
      "monthly_PE_Q": 45.3
    }
  }
}