{
  "years": {
    "2024": {
      "annual_PRENEI_Q": 8.0,
      "annual_PRELIQ_Q": 842.6,
      "annual_PE_Q": 357.6
    }
  },
  "months": {
    "2024-01": {
      "monthly_PRENEI_Q": 4.2,
      "monthly_PRELIQ_Q": 59.7,
      "monthly_PE_Q": 51.800000000000004
    },
    "2024-02": {
      "monthly_PRENEI_Q": 0.0,
      "monthly_PRELIQ_Q": 76.3,
      "monthly_PE_Q": 59.7
    },
    "2024-03": {
      "monthly_PRENEI_Q": 0.0,
      "monthly_PRELIQ_Q": 80.6,
      "monthly_PE_Q": 45.8
    },
    "2024-04": {
      "monthly_PRENEI_Q": 0.0,
      "monthly_PRELIQ_Q": 48.8,
      "monthly_PE_Q": -5.699999999999999
    },
    "2024-05": {
      "monthly_PRENEI_Q": 0.0,
      "monthly_PRELIQ_Q": 82.7,
      "monthly_PE_Q": 16.6
    },
    "2024-06": {
      "monthly_PRENEI_Q": 0.0,
      "monthly_PRELIQ_Q": 37.9,
      "monthly_PE_Q": -35.9
    },
    "2024-07": {
      "monthly_PRENEI_Q": 0.0,
      "monthly_PRELIQ_Q": 62.3,
      "monthly_PE_Q": -1.9000000000000004
    },
    "2024-08": {
      "monthly_PRENEI_Q": 0.0,
      "monthly_PRELIQ_Q": 66.89999999999999,
      "monthly_PE_Q": -4.699999999999997
    },
    "2024-09": {
      "monthly_PRENEI_Q": 0.0,
      "monthly_PRELIQ_Q": 98.9,
      "monthly_PE_Q": 52.4
    },
    "2024-10": {
      "monthly_PRENEI_Q": 0.0,
      "monthly_PRELIQ_Q": 141.9,
      "monthly_PE_Q": 113.60000000000001
    },
    "2024-11": {
      "monthly_PRENEI_Q": 3.8000000000000003,
      "monthly_PRELIQ_Q": 39.7,
      "monthly_PE_Q": 29.6
    },
    "2024-12": {
      "monthly_PRENEI_Q": 0.0,
      "monthly_PRELIQ_Q": 46.9,
      "monthly_PE_Q": 36.300000000000004
    }
  }
}