{
  "years": {
    "2024": {
      "annual_PRENEI_Q": 11.8,
      "annual_PRELIQ_Q": 838.1,
      "annual_PE_Q": 372.2
    }
  },
  "months": {
    "2024-01": {
      "monthly_PRENEI_Q": 10.8,
      "monthly_PRELIQ_Q": 53.0,
      "monthly_PE_Q": 54.300000000000004
    },
    "2024-02": {
      "monthly_PRENEI_Q": 0.0,
      "monthly_PRELIQ_Q": 77.7,
      "monthly_PE_Q": 67.5
    },
    "2024-03": {
      "monthly_PRENEI_Q": 0.0,
      "monthly_PRELIQ_Q": 93.2,
      "monthly_PE_Q": 62.5
    },
    "2024-04": {
      "monthly_PRENEI_Q": 0.0,
      "monthly_PRELIQ_Q": 57.800000000000004,
      "monthly_PE_Q": 10.099999999999998
    },
    "2024-05": {
      "monthly_PRENEI_Q": 0.0,
      "monthly_PRELIQ_Q": 97.2,
      "monthly_PE_Q": 35.6
    },
    "2024-06": {
      "monthly_PRENEI_Q": 0.0,
      "monthly_PRELIQ_Q": 43.6,
      "monthly_PE_Q": -35.6
    },
    "2024-07": {
      "monthly_PRENEI_Q": 0.0,
      "monthly_PRELIQ_Q": 80.4,
      "monthly_PE_Q": 2.4999999999999996
    },
    "2024-08": {
      "monthly_PRENEI_Q": 0.0,
      "monthly_PRELIQ_Q": 39.5,
      "monthly_PE_Q": -21.000000000000004
    },
    "2024-09": {
      "monthly_PRENEI_Q": 0.0,
      "monthly_PRELIQ_Q": 88.89999999999999,
      "monthly_PE_Q": 43.699999999999996
    },
    "2024-10": {
      "monthly_PRENEI_Q": 0.0,
      "monthly_PRELIQ_Q": 113.3,
      "monthly_PE_Q": 88.3
    },
    "2024-11": {
      "monthly_PRENEI_Q": 1.0,
      "monthly_PRELIQ_Q": 41.4,
      "monthly_PE_Q": 27.900000000000002
    },
    "2024-12": {
      "monthly_PRENEI_Q": 0.0,
      "monthly_PRELIQ_Q": 52.1,
      "monthly_PE_Q": 36.4
    }
  }
}