{
  "years": {
    "2024": {
      "annual_PRENEI_Q": 1.4000000000000001,
      "annual_PRELIQ_Q": 932.7,
      "annual_PE_Q": 219.79999999999998
    }
  },
  "months": {
    "2024-01": {
      "monthly_PRENEI_Q": 1.3,
      "monthly_PRELIQ_Q": 5.9,
      "monthly_PE_Q": -5.5
    },
    "2024-02": {
      "monthly_PRENEI_Q": 0.1,
      "monthly_PRELIQ_Q": 36.6,
      "monthly_PE_Q": 19.4
    },
    "2024-03": {
      "monthly_PRENEI_Q": 0.0,
      "monthly_PRELIQ_Q": 102.5,
      "monthly_PE_Q": 47.6
    },
    "2024-04": {
      "monthly_PRENEI_Q": 0.0,
      "monthly_PRELIQ_Q": 127.5,
      "monthly_PE_Q": 70.5
    },
    "2024-05": {
      "monthly_PRENEI_Q": 0.0,
      "monthly_PRELIQ_Q": 189.3,
      "monthly_PE_Q": 85.9
    },
    "2024-06": {
      "monthly_PRENEI_Q": 0.0,
      "monthly_PRELIQ_Q": 51.3,
      "monthly_PE_Q": -63.099999999999994
    },
    "2024-07": {
      "monthly_PRENEI_Q": 0.0,
      "monthly_PRELIQ_Q": 96.4,
      "monthly_PE_Q": -31.7
    },
    "2024-08": {
      "monthly_PRENEI_Q": 0.0,
      "monthly_PRELIQ_Q": 24.0,
      "monthly_PE_Q": -39.800000000000004
    },
    "2024-09": {
      "monthly_PRENEI_Q": 0.0,
      "monthly_PRELIQ_Q": 80.7,
      "monthly_PE_Q": 15.299999999999999
    },
    "2024-10": {
      "monthly_PRENEI_Q": 0.0,
      "monthly_PRELIQ_Q": 147.0,
      "monthly_PE_Q": 101.1
    },
    "2024-11": {
      "monthly_PRENEI_Q": 0.0,
      "monthly_PRELIQ_Q": 31.8,
      "monthly_PE_Q": 1.7000000000000004
    },
    "2024-12": {
      "monthly_PRENEI_Q": 0.0,
      "monthly_PRELIQ_Q": 39.699999999999996,
      "monthly_PE_Q": 18.400000000000002
    }
  }
}