{
  "years": {
    "2024": {
      "annual_PRENEI_Q": 0.0,
      "annual_PRELIQ_Q": 526.2,
      "annual_PE_Q": 77.39999999999999
    }
  },
  "months": {
    "2024-01": {
      "monthly_PRENEI_Q": 0.0,
      "monthly_PRELIQ_Q": 31.6,
      "monthly_PE_Q": 14.1
    },
    "2024-02": {
      "monthly_PRENEI_Q": 0.0,
      "monthly_PRELIQ_Q": 45.6,
      "monthly_PE_Q": 18.0
    },
    "2024-03": {
      "monthly_PRENEI_Q": 0.0,
      "monthly_PRELIQ_Q": 46.5,
      "monthly_PE_Q": 4.8999999999999995
    },
    "2024-04": {
      "monthly_PRENEI_Q": 0.0,
      "monthly_PRELIQ_Q": 74.5,
      "monthly_PE_Q": 31.200000000000003
    },
    "2024-05": {
      "monthly_PRENEI_Q": 0.0,
      "monthly_PRELIQ_Q": 66.1,
      "monthly_PE_Q": -18.700000000000003
    },
    "2024-06": {
      "monthly_PRENEI_Q": 0.0,
      "monthly_PRELIQ_Q": 12.9,
      "monthly_PE_Q": -23.3
    },
    "2024-07": {
      "monthly_PRENEI_Q": 0.0,
      "monthly_PRELIQ_Q": 25.3,
      "monthly_PE_Q": -15.4
    },
    "2024-08": {
      "monthly_PRENEI_Q": 0.0,
      "monthly_PRELIQ_Q": 30.7,
      "monthly_PE_Q": -8.800000000000002
    },
    "2024-09": {
      "monthly_PRENEI_Q": 0.0,
      "monthly_PRELIQ_Q": 31.299999999999997,
      "monthly_PE_Q": 2.3000000000000003
    },
    "2024-10": {
      "monthly_PRENEI_Q": 0.0,
      "monthly_PRELIQ_Q": 90.10000000000001,
      "monthly_PE_Q": 53.5
    },
    "2024-11": {
      "monthly_PRENEI_Q": 0.0,
      "monthly_PRELIQ_Q": 31.6,
      "monthly_PE_Q": 4.3999999999999995
    },
    "2024-12": {
      "monthly_PRENEI_Q": 0.0,
      "monthly_PRELIQ_Q": 40.0,
      "monthly_PE_Q": 15.200000000000001
    }
  }
}