{
  "years": {
    "2024": {
      "annual_PRENEI_Q": 87.2,
      "annual_PRELIQ_Q": 1126.2,
      "annual_PE_Q": 566.3000000000001
    }
  },
  "months": {
    "2024-01": {
      "monthly_PRENEI_Q": 28.9,
      "monthly_PRELIQ_Q": 23.0,
      "monthly_PE_Q": 36.699999999999996
    },
    "2024-02": {
      "monthly_PRENEI_Q": 15.5,
      "monthly_PRELIQ_Q": 133.6,
      "monthly_PE_Q": 120.2
    },
    "2024-03": {
      "monthly_PRENEI_Q": 11.4,
      "monthly_PRELIQ_Q": 119.60000000000001,
      "monthly_PE_Q": 80.0
    },
    "2024-04": {
      "monthly_PRENEI_Q": 1.3,
      "monthly_PRELIQ_Q": 120.30000000000001,
      "monthly_PE_Q": 50.3
    },
    "2024-05": {
      "monthly_PRENEI_Q": 0.0,
      "monthly_PRELIQ_Q": 150.7,
      "monthly_PE_Q": 69.89999999999999
    },
    "2024-06": {
      "monthly_PRENEI_Q": 0.0,
      "monthly_PRELIQ_Q": 66.5,
      "monthly_PE_Q": -25.799999999999997
    },
    "2024-07": {
      "monthly_PRENEI_Q": 0.0,
      "monthly_PRELIQ_Q": 52.1,
      "monthly_PE_Q": -51.1
    },
    "2024-08": {
      "monthly_PRENEI_Q": 0.0,
      "monthly_PRELIQ_Q": 44.5,
      "monthly_PE_Q": -14.099999999999998
    },
    "2024-09": {
      "monthly_PRENEI_Q": 0.0,
      "monthly_PRELIQ_Q": 88.0,
      "monthly_PE_Q": 31.300000000000004
    },
    "2024-10": {
      "monthly_PRENEI_Q": 0.0,
      "monthly_PRELIQ_Q": 177.1,
      "monthly_PE_Q": 136.1
    },
    "2024-11": {
      "monthly_PRENEI_Q": 0.1,
      "monthly_PRELIQ_Q": 66.3,
      "monthly_PE_Q": 36.9
    },
    "2024-12": {
      "monthly_PRENEI_Q": 30.0,
      "monthly_PRELIQ_Q": 84.5,
      "monthly_PE_Q": 95.9
    }
  }
}