{
  "years": {
    "2024": {
      "annual_PRENEI_Q": 38.2,
      "annual_PRELIQ_Q": 1356.0,
      "annual_PE_Q": 667.6
    }
  },
  "months": {
    "2024-01": {
      "monthly_PRENEI_Q": 5.300000000000001,
      "monthly_PRELIQ_Q": 94.2,
      "monthly_PE_Q": 82.1
    },
    "2024-02": {
      "monthly_PRENEI_Q": 7.6,
      "monthly_PRELIQ_Q": 120.2,
      "monthly_PE_Q": 101.2
    },
    "2024-03": {
      "monthly_PRENEI_Q": 16.1,
      "monthly_PRELIQ_Q": 123.4,
      "monthly_PE_Q": 90.1
    },
    "2024-04": {
      "monthly_PRENEI_Q": 0.0,
      "monthly_PRELIQ_Q": 102.10000000000001,
      "monthly_PE_Q": 28.400000000000002
    },
    "2024-05": {
      "monthly_PRENEI_Q": 0.0,
      "monthly_PRELIQ_Q": 195.5,
      "monthly_PE_Q": 110.9
    },
    "2024-06": {
      "monthly_PRENEI_Q": 0.0,
      "monthly_PRELIQ_Q": 144.7,
      "monthly_PE_Q": 43.2
    },
    "2024-07": {
      "monthly_PRENEI_Q": 0.0,
      "monthly_PRELIQ_Q": 73.60000000000001,
      "monthly_PE_Q": -51.199999999999996
    },
    "2024-08": {
      "monthly_PRENEI_Q": 0.0,
      "monthly_PRELIQ_Q": 40.699999999999996,
      "monthly_PE_Q": -41.9
    },
    "2024-09": {
      "monthly_PRENEI_Q": 0.0,
      "monthly_PRELIQ_Q": 205.9,
      "monthly_PE_Q": 142.79999999999998
    },
    "2024-10": {
      "monthly_PRENEI_Q": 0.0,
      "monthly_PRELIQ_Q": 109.2,
      "monthly_PE_Q": 55.8
    },
    "2024-11": {
      "monthly_PRENEI_Q": 0.0,
      "monthly_PRELIQ_Q": 76.8,
      "monthly_PE_Q": 46.2
    },
    "2024-12": {
      "monthly_PRENEI_Q": 9.200000000000001,
      "monthly_PRELIQ_Q": 69.7,
      "monthly_PE_Q": 60.0
    }
  }
}