{
  "years": {
    "2024": {
      "annual_PRENEI_Q": 29.3,
      "annual_PRELIQ_Q": 978.5,
      "annual_PE_Q": 321.0
    }
  },
  "months": {
    "2024-01": {
      "monthly_PRENEI_Q": 10.3,
      "monthly_PRELIQ_Q": 35.300000000000004,
      "monthly_PE_Q": 29.0
    },
    "2024-02": {
      "monthly_PRENEI_Q": 0.7000000000000001,
      "monthly_PRELIQ_Q": 51.5,
      "monthly_PE_Q": 30.0
    },
    "2024-03": {
      "monthly_PRENEI_Q": 10.1,
      "monthly_PRELIQ_Q": 80.8,
      "monthly_PE_Q": 45.3
    },
    "2024-04": {
      "monthly_PRENEI_Q": 1.2,
      "monthly_PRELIQ_Q": 68.0,
      "monthly_PE_Q": -2.8999999999999986
    },
    "2024-05": {
      "monthly_PRENEI_Q": 0.0,
      "monthly_PRELIQ_Q": 149.2,
      "monthly_PE_Q": 68.6
    },
    "2024-06": {
      "monthly_PRENEI_Q": 0.0,
      "monthly_PRELIQ_Q": 124.6,
      "monthly_PE_Q": 25.900000000000002
    },
    "2024-07": {
      "monthly_PRENEI_Q": 0.0,
      "monthly_PRELIQ_Q": 70.4,
      "monthly_PE_Q": -51.0
    },
    "2024-08": {
      "monthly_PRENEI_Q": 0.0,
      "monthly_PRELIQ_Q": 43.5,
      "monthly_PE_Q": -46.6
    },
    "2024-09": {
      "monthly_PRENEI_Q": 0.0,
      "monthly_PRELIQ_Q": 123.5,
      "monthly_PE_Q": 68.10000000000001
    },
    "2024-10": {
      "monthly_PRENEI_Q": 0.0,
      "monthly_PRELIQ_Q": 105.7,
      "monthly_PE_Q": 62.699999999999996
    },
    "2024-11": {
      "monthly_PRENEI_Q": 0.1,
      "monthly_PRELIQ_Q": 52.699999999999996,
      "monthly_PE_Q": 27.099999999999998
    },
    "2024-12": {
      "monthly_PRENEI_Q": 6.9,
      "monthly_PRELIQ_Q": 73.3,
      "monthly_PE_Q": 64.8
    }
  }
}