{
  "years": {
    "2024": {
      "annual_PRENEI_Q": 1.5999999999999999,
      "annual_PRELIQ_Q": 864.0,
      "annual_PE_Q": 178.20000000000002
    }
  },
  "months": {
    "2024-01": {
      "monthly_PRENEI_Q": 1.5,
      "monthly_PRELIQ_Q": 31.2,
      "monthly_PE_Q": 17.400000000000002
    },
    "2024-02": {
      "monthly_PRENEI_Q": 0.0,
      "monthly_PRELIQ_Q": 43.1,
      "monthly_PE_Q": 22.6
    },
    "2024-03": {
      "monthly_PRENEI_Q": 0.0,
      "monthly_PRELIQ_Q": 95.2,
      "monthly_PE_Q": 43.7
    },
    "2024-04": {
      "monthly_PRENEI_Q": 0.0,
      "monthly_PRELIQ_Q": 42.9,
      "monthly_PE_Q": -38.1
    },
    "2024-05": {
      "monthly_PRENEI_Q": 0.0,
      "monthly_PRELIQ_Q": 133.4,
      "monthly_PE_Q": 43.8
    },
    "2024-06": {
      "monthly_PRENEI_Q": 0.0,
      "monthly_PRELIQ_Q": 80.89999999999999,
      "monthly_PE_Q": -31.8
    },
    "2024-07": {
      "monthly_PRENEI_Q": 0.0,
      "monthly_PRELIQ_Q": 112.10000000000001,
      "monthly_PE_Q": 0.6000000000000041
    },
    "2024-08": {
      "monthly_PRENEI_Q": 0.0,
      "monthly_PRELIQ_Q": 8.3,
      "monthly_PE_Q": -52.4
    },
    "2024-09": {
      "monthly_PRENEI_Q": 0.0,
      "monthly_PRELIQ_Q": 94.60000000000001,
      "monthly_PE_Q": 35.9
    },
    "2024-10": {
      "monthly_PRENEI_Q": 0.0,
      "monthly_PRELIQ_Q": 128.4,
      "monthly_PE_Q": 83.60000000000001
    },
    "2024-11": {
      "monthly_PRENEI_Q": 0.0,
      "monthly_PRELIQ_Q": 42.699999999999996,
      "monthly_PE_Q": 18.700000000000003
    },
    "2024-12": {
      "monthly_PRENEI_Q": 0.1,
      "monthly_PRELIQ_Q": 51.2,
      "monthly_PE_Q": 34.2
    }
  }
}