{
  "years": {
    "2024": {
      "annual_PRENEI_Q": 8.5,
      "annual_PRELIQ_Q": 853.7,
      "annual_PE_Q": 272.0
    }
  },
  "months": {
    "2024-01": {
      "monthly_PRENEI_Q": 0.9,
      "monthly_PRELIQ_Q": 52.1,
      "monthly_PE_Q": 44.300000000000004
    },
    "2024-02": {
      "monthly_PRENEI_Q": 0.0,
      "monthly_PRELIQ_Q": 54.4,
      "monthly_PE_Q": 36.400000000000006
    },
    "2024-03": {
      "monthly_PRENEI_Q": 0.0,
      "monthly_PRELIQ_Q": 107.0,
      "monthly_PE_Q": 64.10000000000001
    },
    "2024-04": {
      "monthly_PRENEI_Q": 0.0,
      "monthly_PRELIQ_Q": 61.7,
      "monthly_PE_Q": -6.8000000000000025
    },
    "2024-05": {
      "monthly_PRENEI_Q": 0.0,
      "monthly_PRELIQ_Q": 130.2,
      "monthly_PE_Q": 52.60000000000001
    },
    "2024-06": {
      "monthly_PRENEI_Q": 0.0,
      "monthly_PRELIQ_Q": 98.8,
      "monthly_PE_Q": -4.100000000000002
    },
    "2024-07": {
      "monthly_PRENEI_Q": 0.0,
      "monthly_PRELIQ_Q": 60.6,
      "monthly_PE_Q": -45.3
    },
    "2024-08": {
      "monthly_PRENEI_Q": 0.0,
      "monthly_PRELIQ_Q": 25.3,
      "monthly_PE_Q": -34.4
    },
    "2024-09": {
      "monthly_PRENEI_Q": 0.0,
      "monthly_PRELIQ_Q": 83.1,
      "monthly_PE_Q": 36.1
    },
    "2024-10": {
      "monthly_PRENEI_Q": 0.0,
      "monthly_PRELIQ_Q": 73.7,
      "monthly_PE_Q": 42.199999999999996
    },
    "2024-11": {
      "monthly_PRENEI_Q": 7.3,
      "monthly_PRELIQ_Q": 53.7,
      "monthly_PE_Q": 47.3
    },
    "2024-12": {
      "monthly_PRENEI_Q": 0.30000000000000004,
      "monthly_PRELIQ_Q": 53.1,
      "monthly_PE_Q": 39.6
    }
  }
}