{
  "years": {
    "2024": {
      "annual_PRENEI_Q": 8.8,
      "annual_PRELIQ_Q": 885.2,
      "annual_PE_Q": 324.4
    }
  },
  "months": {
    "2024-01": {
      "monthly_PRENEI_Q": 0.4,
      "monthly_PRELIQ_Q": 52.300000000000004,
      "monthly_PE_Q": 44.7
    },
    "2024-02": {
      "monthly_PRENEI_Q": 0.0,
      "monthly_PRELIQ_Q": 72.5,
      "monthly_PE_Q": 54.099999999999994
    },
    "2024-03": {
      "monthly_PRENEI_Q": 0.3,
      "monthly_PRELIQ_Q": 104.2,
      "monthly_PE_Q": 62.2
    },
    "2024-04": {
      "monthly_PRENEI_Q": 0.0,
      "monthly_PRELIQ_Q": 61.5,
      "monthly_PE_Q": 0.200000000000001
    },
    "2024-05": {
      "monthly_PRENEI_Q": 0.0,
      "monthly_PRELIQ_Q": 121.8,
      "monthly_PE_Q": 47.3
    },
    "2024-06": {
      "monthly_PRENEI_Q": 0.0,
      "monthly_PRELIQ_Q": 98.39999999999999,
      "monthly_PE_Q": 0.0999999999999992
    },
    "2024-07": {
      "monthly_PRENEI_Q": 0.0,
      "monthly_PRELIQ_Q": 48.4,
      "monthly_PE_Q": -42.6
    },
    "2024-08": {
      "monthly_PRENEI_Q": 0.0,
      "monthly_PRELIQ_Q": 41.2,
      "monthly_PE_Q": -23.700000000000003
    },
    "2024-09": {
      "monthly_PRENEI_Q": 0.0,
      "monthly_PRELIQ_Q": 105.3,
      "monthly_PE_Q": 52.4
    },
    "2024-10": {
      "monthly_PRENEI_Q": 0.0,
      "monthly_PRELIQ_Q": 81.3,
      "monthly_PE_Q": 49.800000000000004
    },
    "2024-11": {
      "monthly_PRENEI_Q": 7.8,
      "monthly_PRELIQ_Q": 51.6,
      "monthly_PE_Q": 46.0
    },
    "2024-12": {
      "monthly_PRENEI_Q": 0.30000000000000004,
      "monthly_PRELIQ_Q": 46.7,
      "monthly_PE_Q": 33.9
    }
  }
}