{
  "years": {
    "2024": {
      "annual_PRENEI_Q": 5.8,
      "annual_PRELIQ_Q": 858.5,
      "annual_PE_Q": 247.79999999999998
    }
  },
  "months": {
    "2024-01": {
      "monthly_PRENEI_Q": 1.0,
      "monthly_PRELIQ_Q": 46.0,
      "monthly_PE_Q": 38.4
    },
    "2024-02": {
      "monthly_PRENEI_Q": 0.0,
      "monthly_PRELIQ_Q": 63.5,
      "monthly_PE_Q": 42.8
    },
    "2024-03": {
      "monthly_PRENEI_Q": 0.0,
      "monthly_PRELIQ_Q": 86.7,
      "monthly_PE_Q": 41.699999999999996
    },
    "2024-04": {
      "monthly_PRENEI_Q": 0.0,
      "monthly_PRELIQ_Q": 57.599999999999994,
      "monthly_PE_Q": -8.400000000000002
    },
    "2024-05": {
      "monthly_PRENEI_Q": 0.0,
      "monthly_PRELIQ_Q": 109.7,
      "monthly_PE_Q": 31.0
    },
    "2024-06": {
      "monthly_PRENEI_Q": 0.0,
      "monthly_PRELIQ_Q": 97.8,
      "monthly_PE_Q": -8.099999999999998
    },
    "2024-07": {
      "monthly_PRENEI_Q": 0.0,
      "monthly_PRELIQ_Q": 92.9,
      "monthly_PE_Q": -11.3
    },
    "2024-08": {
      "monthly_PRENEI_Q": 0.0,
      "monthly_PRELIQ_Q": 39.800000000000004,
      "monthly_PE_Q": -36.8
    },
    "2024-09": {
      "monthly_PRENEI_Q": 0.0,
      "monthly_PRELIQ_Q": 86.2,
      "monthly_PE_Q": 38.699999999999996
    },
    "2024-10": {
      "monthly_PRENEI_Q": 0.0,
      "monthly_PRELIQ_Q": 79.8,
      "monthly_PE_Q": 45.199999999999996
    },
    "2024-11": {
      "monthly_PRENEI_Q": 4.6,
      "monthly_PRELIQ_Q": 58.5,
      "monthly_PE_Q": 47.6
    },
    "2024-12": {
      "monthly_PRENEI_Q": 0.2,
      "monthly_PRELIQ_Q": 40.0,
      "monthly_PE_Q": 27.0
    }
  }
}