{
  "years": {
    "2024": {
      "annual_PRENEI_Q": 2.4,
      "annual_PRELIQ_Q": 860.8,
      "annual_PE_Q": 278.0
    }
  },
  "months": {
    "2024-01": {
      "monthly_PRENEI_Q": 0.8999999999999999,
      "monthly_PRELIQ_Q": 82.5,
      "monthly_PE_Q": 66.0
    },
    "2024-02": {
      "monthly_PRENEI_Q": 0.0,
      "monthly_PRELIQ_Q": 87.9,
      "monthly_PE_Q": 64.6
    },
    "2024-03": {
      "monthly_PRENEI_Q": 0.0,
      "monthly_PRELIQ_Q": 91.5,
      "monthly_PE_Q": 45.5
    },
    "2024-04": {
      "monthly_PRENEI_Q": 0.0,
      "monthly_PRELIQ_Q": 71.3,
      "monthly_PE_Q": -2.9999999999999987
    },
    "2024-05": {
      "monthly_PRENEI_Q": 0.0,
      "monthly_PRELIQ_Q": 71.7,
      "monthly_PE_Q": -18.0
    },
    "2024-06": {
      "monthly_PRENEI_Q": 0.0,
      "monthly_PRELIQ_Q": 80.39999999999999,
      "monthly_PE_Q": -6.600000000000001
    },
    "2024-07": {
      "monthly_PRENEI_Q": 0.0,
      "monthly_PRELIQ_Q": 46.6,
      "monthly_PE_Q": -34.400000000000006
    },
    "2024-08": {
      "monthly_PRENEI_Q": 0.0,
      "monthly_PRELIQ_Q": 40.0,
      "monthly_PE_Q": -12.200000000000001
    },
    "2024-09": {
      "monthly_PRENEI_Q": 0.0,
      "monthly_PRELIQ_Q": 82.2,
      "monthly_PE_Q": 31.900000000000002
    },
    "2024-10": {
      "monthly_PRENEI_Q": 0.0,
      "monthly_PRELIQ_Q": 119.6,
      "monthly_PE_Q": 85.0
    },
    "2024-11": {
      "monthly_PRENEI_Q": 1.5,
      "monthly_PRELIQ_Q": 52.0,
      "monthly_PE_Q": 38.199999999999996
    },
    "2024-12": {
      "monthly_PRENEI_Q": 0.0,
      "monthly_PRELIQ_Q": 35.1,
      "monthly_PE_Q": 21.0
    }
  }
}