{
  "years": {
    "2024": {
      "annual_PRENEI_Q": 2.3,
      "annual_PRELIQ_Q": 859.4,
      "annual_PE_Q": 276.8
    }
  },
  "months": {
    "2024-01": {
      "monthly_PRENEI_Q": 0.8999999999999999,
      "monthly_PRELIQ_Q": 82.5,
      "monthly_PE_Q": 65.8
    },
    "2024-02": {
      "monthly_PRENEI_Q": 0.0,
      "monthly_PRELIQ_Q": 87.6,
      "monthly_PE_Q": 64.6
    },
    "2024-03": {
      "monthly_PRENEI_Q": 0.0,
      "monthly_PRELIQ_Q": 91.3,
      "monthly_PE_Q": 45.199999999999996
    },
    "2024-04": {
      "monthly_PRENEI_Q": 0.0,
      "monthly_PRELIQ_Q": 70.9,
      "monthly_PE_Q": -3.7000000000000015
    },
    "2024-05": {
      "monthly_PRENEI_Q": 0.0,
      "monthly_PRELIQ_Q": 71.7,
      "monthly_PE_Q": -18.200000000000003
    },
    "2024-06": {
      "monthly_PRENEI_Q": 0.0,
      "monthly_PRELIQ_Q": 80.2,
      "monthly_PE_Q": -7.100000000000001
    },
    "2024-07": {
      "monthly_PRENEI_Q": 0.0,
      "monthly_PRELIQ_Q": 46.6,
      "monthly_PE_Q": -34.1
    },
    "2024-08": {
      "monthly_PRENEI_Q": 0.0,
      "monthly_PRELIQ_Q": 39.9,
      "monthly_PE_Q": -12.900000000000002
    },
    "2024-09": {
      "monthly_PRENEI_Q": 0.0,
      "monthly_PRELIQ_Q": 82.1,
      "monthly_PE_Q": 32.1
    },
    "2024-10": {
      "monthly_PRENEI_Q": 0.0,
      "monthly_PRELIQ_Q": 119.6,
      "monthly_PE_Q": 85.60000000000001
    },
    "2024-11": {
      "monthly_PRENEI_Q": 1.4,
      "monthly_PRELIQ_Q": 51.9,
      "monthly_PE_Q": 38.199999999999996
    },
    "2024-12": {
      "monthly_PRENEI_Q": 0.0,
      "monthly_PRELIQ_Q": 35.1,
      "monthly_PE_Q": 21.3
    }
  }
}