{
  "years": {
    "2024": {
      "annual_PRENEI_Q": 15.899999999999999,
      "annual_PRELIQ_Q": 923.7,
      "annual_PE_Q": 389.3
    }
  },
  "months": {
    "2024-01": {
      "monthly_PRENEI_Q": 15.7,
      "monthly_PRELIQ_Q": 61.2,
      "monthly_PE_Q": 65.2
    },
    "2024-02": {
      "monthly_PRENEI_Q": 0.0,
      "monthly_PRELIQ_Q": 120.8,
      "monthly_PE_Q": 102.89999999999999
    },
    "2024-03": {
      "monthly_PRENEI_Q": 0.0,
      "monthly_PRELIQ_Q": 76.4,
      "monthly_PE_Q": 44.0
    },
    "2024-04": {
      "monthly_PRENEI_Q": 0.0,
      "monthly_PRELIQ_Q": 69.3,
      "monthly_PE_Q": 10.299999999999999
    },
    "2024-05": {
      "monthly_PRENEI_Q": 0.0,
      "monthly_PRELIQ_Q": 89.1,
      "monthly_PE_Q": 19.5
    },
    "2024-06": {
      "monthly_PRENEI_Q": 0.0,
      "monthly_PRELIQ_Q": 45.4,
      "monthly_PE_Q": -41.400000000000006
    },
    "2024-07": {
      "monthly_PRENEI_Q": 0.0,
      "monthly_PRELIQ_Q": 93.4,
      "monthly_PE_Q": 12.2
    },
    "2024-08": {
      "monthly_PRENEI_Q": 0.0,
      "monthly_PRELIQ_Q": 51.699999999999996,
      "monthly_PE_Q": -23.400000000000002
    },
    "2024-09": {
      "monthly_PRENEI_Q": 0.0,
      "monthly_PRELIQ_Q": 106.2,
      "monthly_PE_Q": 53.6
    },
    "2024-10": {
      "monthly_PRENEI_Q": 0.0,
      "monthly_PRELIQ_Q": 73.1,
      "monthly_PE_Q": 40.199999999999996
    },
    "2024-11": {
      "monthly_PRENEI_Q": 0.2,
      "monthly_PRELIQ_Q": 64.0,
      "monthly_PE_Q": 46.0
    },
    "2024-12": {
      "monthly_PRENEI_Q": 0.0,
      "monthly_PRELIQ_Q": 73.1,
      "monthly_PE_Q": 60.199999999999996
    }
  }
}