{
  "years": {
    "2024": {
      "annual_PRENEI_Q": 1.2,
      "annual_PRELIQ_Q": 772.0,
      "annual_PE_Q": 239.6
    }
  },
  "months": {
    "2024-01": {
      "monthly_PRENEI_Q": 1.2,
      "monthly_PRELIQ_Q": 56.800000000000004,
      "monthly_PE_Q": 42.4
    },
    "2024-02": {
      "monthly_PRENEI_Q": 0.0,
      "monthly_PRELIQ_Q": 88.3,
      "monthly_PE_Q": 68.3
    },
    "2024-03": {
      "monthly_PRENEI_Q": 0.0,
      "monthly_PRELIQ_Q": 67.0,
      "monthly_PE_Q": 34.1
    },
    "2024-04": {
      "monthly_PRENEI_Q": 0.0,
      "monthly_PRELIQ_Q": 66.7,
      "monthly_PE_Q": 8.899999999999999
    },
    "2024-05": {
      "monthly_PRENEI_Q": 0.0,
      "monthly_PRELIQ_Q": 83.8,
      "monthly_PE_Q": 13.2
    },
    "2024-06": {
      "monthly_PRENEI_Q": 0.0,
      "monthly_PRELIQ_Q": 37.0,
      "monthly_PE_Q": -48.4
    },
    "2024-07": {
      "monthly_PRENEI_Q": 0.0,
      "monthly_PRELIQ_Q": 72.69999999999999,
      "monthly_PE_Q": -0.1999999999999993
    },
    "2024-08": {
      "monthly_PRENEI_Q": 0.0,
      "monthly_PRELIQ_Q": 38.4,
      "monthly_PE_Q": -26.2
    },
    "2024-09": {
      "monthly_PRENEI_Q": 0.0,
      "monthly_PRELIQ_Q": 106.0,
      "monthly_PE_Q": 54.300000000000004
    },
    "2024-10": {
      "monthly_PRENEI_Q": 0.0,
      "monthly_PRELIQ_Q": 60.0,
      "monthly_PE_Q": 27.299999999999997
    },
    "2024-11": {
      "monthly_PRENEI_Q": 0.0,
      "monthly_PRELIQ_Q": 55.7,
      "monthly_PE_Q": 40.300000000000004
    },
    "2024-12": {
      "monthly_PRENEI_Q": 0.0,
      "monthly_PRELIQ_Q": 39.6,
      "monthly_PE_Q": 25.599999999999998
    }
  }
}