{
  "years": {
    "2024": {
      "annual_PRENEI_Q": 88.2,
      "annual_PRELIQ_Q": 1235.2,
      "annual_PE_Q": 694.2
    }
  },
  "months": {
    "2024-01": {
      "monthly_PRENEI_Q": 55.099999999999994,
      "monthly_PRELIQ_Q": 23.400000000000002,
      "monthly_PE_Q": 60.300000000000004
    },
    "2024-02": {
      "monthly_PRENEI_Q": 7.1000000000000005,
      "monthly_PRELIQ_Q": 94.9,
      "monthly_PE_Q": 69.8
    },
    "2024-03": {
      "monthly_PRENEI_Q": 10.2,
      "monthly_PRELIQ_Q": 206.70000000000002,
      "monthly_PE_Q": 162.4
    },
    "2024-04": {
      "monthly_PRENEI_Q": 1.3,
      "monthly_PRELIQ_Q": 182.5,
      "monthly_PE_Q": 109.3
    },
    "2024-05": {
      "monthly_PRENEI_Q": 0.0,
      "monthly_PRELIQ_Q": 125.8,
      "monthly_PE_Q": 33.5
    },
    "2024-06": {
      "monthly_PRENEI_Q": 0.0,
      "monthly_PRELIQ_Q": 35.7,
      "monthly_PE_Q": -52.2
    },
    "2024-07": {
      "monthly_PRENEI_Q": 0.0,
      "monthly_PRELIQ_Q": 28.3,
      "monthly_PE_Q": -41.199999999999996
    },
    "2024-08": {
      "monthly_PRENEI_Q": 0.0,
      "monthly_PRELIQ_Q": 25.200000000000003,
      "monthly_PE_Q": -13.9
    },
    "2024-09": {
      "monthly_PRENEI_Q": 0.0,
      "monthly_PRELIQ_Q": 115.1,
      "monthly_PE_Q": 56.5
    },
    "2024-10": {
      "monthly_PRENEI_Q": 0.0,
      "monthly_PRELIQ_Q": 233.7,
      "monthly_PE_Q": 187.2
    },
    "2024-11": {
      "monthly_PRENEI_Q": 0.0,
      "monthly_PRELIQ_Q": 95.3,
      "monthly_PE_Q": 64.5
    },
    "2024-12": {
      "monthly_PRENEI_Q": 14.5,
      "monthly_PRELIQ_Q": 68.6,
      "monthly_PE_Q": 58.0
    }
  }
}