{
  "years": {
    "2024": {
      "annual_PRENEI_Q": 6.5,
      "annual_PRELIQ_Q": 1359.4,
      "annual_PE_Q": 666.4
    }
  },
  "months": {
    "2024-01": {
      "monthly_PRENEI_Q": 0.4,
      "monthly_PRELIQ_Q": 67.60000000000001,
      "monthly_PE_Q": 56.3
    },
    "2024-02": {
      "monthly_PRENEI_Q": 5.5,
      "monthly_PRELIQ_Q": 127.39999999999999,
      "monthly_PE_Q": 110.9
    },
    "2024-03": {
      "monthly_PRENEI_Q": 0.0,
      "monthly_PRELIQ_Q": 107.2,
      "monthly_PE_Q": 62.099999999999994
    },
    "2024-04": {
      "monthly_PRENEI_Q": 0.0,
      "monthly_PRELIQ_Q": 110.10000000000001,
      "monthly_PE_Q": 40.1
    },
    "2024-05": {
      "monthly_PRENEI_Q": 0.0,
      "monthly_PRELIQ_Q": 182.4,
      "monthly_PE_Q": 111.9
    },
    "2024-06": {
      "monthly_PRENEI_Q": 0.0,
      "monthly_PRELIQ_Q": 145.9,
      "monthly_PE_Q": 48.89999999999999
    },
    "2024-07": {
      "monthly_PRENEI_Q": 0.0,
      "monthly_PRELIQ_Q": 94.30000000000001,
      "monthly_PE_Q": -31.9
    },
    "2024-08": {
      "monthly_PRENEI_Q": 0.0,
      "monthly_PRELIQ_Q": 85.1,
      "monthly_PE_Q": -19.000000000000004
    },
    "2024-09": {
      "monthly_PRENEI_Q": 0.0,
      "monthly_PRELIQ_Q": 153.79999999999998,
      "monthly_PE_Q": 93.5
    },
    "2024-10": {
      "monthly_PRENEI_Q": 0.0,
      "monthly_PRELIQ_Q": 124.30000000000001,
      "monthly_PE_Q": 76.49999999999999
    },
    "2024-11": {
      "monthly_PRENEI_Q": 0.0,
      "monthly_PRELIQ_Q": 68.4,
      "monthly_PE_Q": 41.5
    },
    "2024-12": {
      "monthly_PRENEI_Q": 0.6,
      "monthly_PRELIQ_Q": 92.89999999999999,
      "monthly_PE_Q": 75.6
    }
  }
}