{
  "years": {
    "2024": {
      "annual_PRENEI_Q": 36.5,
      "annual_PRELIQ_Q": 1374.0,
      "annual_PE_Q": 687.9
    }
  },
  "months": {
    "2024-01": {
      "monthly_PRENEI_Q": 10.7,
      "monthly_PRELIQ_Q": 66.3,
      "monthly_PE_Q": 61.4
    },
    "2024-02": {
      "monthly_PRENEI_Q": 11.4,
      "monthly_PRELIQ_Q": 120.7,
      "monthly_PE_Q": 105.10000000000001
    },
    "2024-03": {
      "monthly_PRENEI_Q": 7.6,
      "monthly_PRELIQ_Q": 121.89999999999999,
      "monthly_PE_Q": 75.1
    },
    "2024-04": {
      "monthly_PRENEI_Q": 0.1,
      "monthly_PRELIQ_Q": 112.1,
      "monthly_PE_Q": 37.00000000000001
    },
    "2024-05": {
      "monthly_PRENEI_Q": 0.0,
      "monthly_PRELIQ_Q": 163.0,
      "monthly_PE_Q": 86.0
    },
    "2024-06": {
      "monthly_PRENEI_Q": 0.0,
      "monthly_PRELIQ_Q": 106.8,
      "monthly_PE_Q": 10.099999999999996
    },
    "2024-07": {
      "monthly_PRENEI_Q": 0.0,
      "monthly_PRELIQ_Q": 106.10000000000001,
      "monthly_PE_Q": -16.800000000000004
    },
    "2024-08": {
      "monthly_PRENEI_Q": 0.0,
      "monthly_PRELIQ_Q": 59.6,
      "monthly_PE_Q": -37.4
    },
    "2024-09": {
      "monthly_PRENEI_Q": 0.0,
      "monthly_PRELIQ_Q": 182.29999999999998,
      "monthly_PE_Q": 123.0
    },
    "2024-10": {
      "monthly_PRENEI_Q": 0.0,
      "monthly_PRELIQ_Q": 148.4,
      "monthly_PE_Q": 97.10000000000001
    },
    "2024-11": {
      "monthly_PRENEI_Q": 0.0,
      "monthly_PRELIQ_Q": 97.1,
      "monthly_PE_Q": 69.2
    },
    "2024-12": {
      "monthly_PRENEI_Q": 6.7,
      "monthly_PRELIQ_Q": 89.7,
      "monthly_PE_Q": 78.1
    }
  }
}