{
  "years": {
    "2024": {
      "annual_PRENEI_Q": 287.1,
      "annual_PRELIQ_Q": 1979.8,
      "annual_PE_Q": 1574.0
    }
  },
  "months": {
    "2024-01": {
      "monthly_PRENEI_Q": 21.6,
      "monthly_PRELIQ_Q": 175.6,
      "monthly_PE_Q": 183.0
    },
    "2024-02": {
      "monthly_PRENEI_Q": 84.7,
      "monthly_PRELIQ_Q": 138.5,
      "monthly_PE_Q": 203.6
    },
    "2024-03": {
      "monthly_PRENEI_Q": 71.8,
      "monthly_PRELIQ_Q": 149.0,
      "monthly_PE_Q": 182.1
    },
    "2024-04": {
      "monthly_PRENEI_Q": 14.4,
      "monthly_PRELIQ_Q": 168.10000000000002,
      "monthly_PE_Q": 115.8
    },
    "2024-05": {
      "monthly_PRENEI_Q": 0.0,
      "monthly_PRELIQ_Q": 289.3,
      "monthly_PE_Q": 212.7
    },
    "2024-06": {
      "monthly_PRENEI_Q": 0.0,
      "monthly_PRELIQ_Q": 141.8,
      "monthly_PE_Q": 47.900000000000006
    },
    "2024-07": {
      "monthly_PRENEI_Q": 0.0,
      "monthly_PRELIQ_Q": 115.5,
      "monthly_PE_Q": -14.499999999999996
    },
    "2024-08": {
      "monthly_PRENEI_Q": 0.0,
      "monthly_PRELIQ_Q": 46.6,
      "monthly_PE_Q": -58.8
    },
    "2024-09": {
      "monthly_PRENEI_Q": 0.0,
      "monthly_PRELIQ_Q": 312.8,
      "monthly_PE_Q": 251.6
    },
    "2024-10": {
      "monthly_PRENEI_Q": 0.0,
      "monthly_PRELIQ_Q": 193.0,
      "monthly_PE_Q": 142.8
    },
    "2024-11": {
      "monthly_PRENEI_Q": 12.700000000000001,
      "monthly_PRELIQ_Q": 145.2,
      "monthly_PE_Q": 132.4
    },
    "2024-12": {
      "monthly_PRENEI_Q": 81.89999999999999,
      "monthly_PRELIQ_Q": 104.39999999999999,
      "monthly_PE_Q": 175.4
    }
  }
}