{
  "years": {
    "2024": {
      "annual_PRENEI_Q": 237.0,
      "annual_PRELIQ_Q": 1328.2,
      "annual_PE_Q": 882.9
    }
  },
  "months": {
    "2024-01": {
      "monthly_PRENEI_Q": 16.5,
      "monthly_PRELIQ_Q": 108.4,
      "monthly_PE_Q": 112.10000000000001
    },
    "2024-02": {
      "monthly_PRENEI_Q": 45.800000000000004,
      "monthly_PRELIQ_Q": 61.7,
      "monthly_PE_Q": 85.7
    },
    "2024-03": {
      "monthly_PRENEI_Q": 96.3,
      "monthly_PRELIQ_Q": 63.8,
      "monthly_PE_Q": 127.7
    },
    "2024-04": {
      "monthly_PRENEI_Q": 14.8,
      "monthly_PRELIQ_Q": 106.4,
      "monthly_PE_Q": 58.7
    },
    "2024-05": {
      "monthly_PRENEI_Q": 5.0,
      "monthly_PRELIQ_Q": 196.1,
      "monthly_PE_Q": 120.89999999999999
    },
    "2024-06": {
      "monthly_PRENEI_Q": 0.0,
      "monthly_PRELIQ_Q": 110.6,
      "monthly_PE_Q": 9.200000000000006
    },
    "2024-07": {
      "monthly_PRENEI_Q": 0.0,
      "monthly_PRELIQ_Q": 94.9,
      "monthly_PE_Q": -35.699999999999996
    },
    "2024-08": {
      "monthly_PRENEI_Q": 0.0,
      "monthly_PRELIQ_Q": 52.900000000000006,
      "monthly_PE_Q": -43.3
    },
    "2024-09": {
      "monthly_PRENEI_Q": 0.0,
      "monthly_PRELIQ_Q": 225.4,
      "monthly_PE_Q": 167.5
    },
    "2024-10": {
      "monthly_PRENEI_Q": 0.0,
      "monthly_PRELIQ_Q": 144.6,
      "monthly_PE_Q": 93.60000000000001
    },
    "2024-11": {
      "monthly_PRENEI_Q": 2.0,
      "monthly_PRELIQ_Q": 99.39999999999999,
      "monthly_PE_Q": 74.7
    },
    "2024-12": {
      "monthly_PRENEI_Q": 56.6,
      "monthly_PRELIQ_Q": 64.0,
      "monthly_PE_Q": 111.8
    }
  }
}