{
  "years": {
    "2024": {
      "annual_PRENEI_Q": 2.6,
      "annual_PRELIQ_Q": 970.5,
      "annual_PE_Q": 363.40000000000003
    }
  },
  "months": {
    "2024-01": {
      "monthly_PRENEI_Q": 1.2,
      "monthly_PRELIQ_Q": 34.0,
      "monthly_PE_Q": 23.4
    },
    "2024-02": {
      "monthly_PRENEI_Q": 0.0,
      "monthly_PRELIQ_Q": 55.8,
      "monthly_PE_Q": 41.3
    },
    "2024-03": {
      "monthly_PRENEI_Q": 0.0,
      "monthly_PRELIQ_Q": 143.9,
      "monthly_PE_Q": 103.10000000000001
    },
    "2024-04": {
      "monthly_PRENEI_Q": 0.0,
      "monthly_PRELIQ_Q": 45.2,
      "monthly_PE_Q": -19.3
    },
    "2024-05": {
      "monthly_PRENEI_Q": 0.0,
      "monthly_PRELIQ_Q": 106.0,
      "monthly_PE_Q": 27.1
    },
    "2024-06": {
      "monthly_PRENEI_Q": 0.0,
      "monthly_PRELIQ_Q": 145.4,
      "monthly_PE_Q": 51.2
    },
    "2024-07": {
      "monthly_PRENEI_Q": 0.0,
      "monthly_PRELIQ_Q": 83.2,
      "monthly_PE_Q": -25.999999999999996
    },
    "2024-08": {
      "monthly_PRENEI_Q": 0.0,
      "monthly_PRELIQ_Q": 6.2,
      "monthly_PE_Q": -72.5
    },
    "2024-09": {
      "monthly_PRENEI_Q": 0.0,
      "monthly_PRELIQ_Q": 118.60000000000001,
      "monthly_PE_Q": 67.10000000000001
    },
    "2024-10": {
      "monthly_PRENEI_Q": 0.0,
      "monthly_PRELIQ_Q": 115.39999999999999,
      "monthly_PE_Q": 78.89999999999999
    },
    "2024-11": {
      "monthly_PRENEI_Q": 1.3,
      "monthly_PRELIQ_Q": 57.699999999999996,
      "monthly_PE_Q": 41.0
    },
    "2024-12": {
      "monthly_PRENEI_Q": 0.1,
      "monthly_PRELIQ_Q": 59.1,
      "monthly_PE_Q": 48.1
    }
  }
}