{
  "years": {
    "2024": {
      "annual_PRENEI_Q": 6.8999999999999995,
      "annual_PRELIQ_Q": 867.0,
      "annual_PE_Q": 238.4
    }
  },
  "months": {
    "2024-01": {
      "monthly_PRENEI_Q": 1.0,
      "monthly_PRELIQ_Q": 46.4,
      "monthly_PE_Q": 37.8
    },
    "2024-02": {
      "monthly_PRENEI_Q": 0.0,
      "monthly_PRELIQ_Q": 64.2,
      "monthly_PE_Q": 43.199999999999996
    },
    "2024-03": {
      "monthly_PRENEI_Q": 0.0,
      "monthly_PRELIQ_Q": 87.6,
      "monthly_PE_Q": 45.5
    },
    "2024-04": {
      "monthly_PRENEI_Q": 0.0,
      "monthly_PRELIQ_Q": 58.5,
      "monthly_PE_Q": -6.200000000000001
    },
    "2024-05": {
      "monthly_PRENEI_Q": 0.0,
      "monthly_PRELIQ_Q": 110.5,
      "monthly_PE_Q": 32.0
    },
    "2024-06": {
      "monthly_PRENEI_Q": 0.0,
      "monthly_PRELIQ_Q": 98.7,
      "monthly_PE_Q": -9.0
    },
    "2024-07": {
      "monthly_PRENEI_Q": 0.0,
      "monthly_PRELIQ_Q": 93.80000000000001,
      "monthly_PE_Q": -17.5
    },
    "2024-08": {
      "monthly_PRENEI_Q": 0.0,
      "monthly_PRELIQ_Q": 40.3,
      "monthly_PE_Q": -45.199999999999996
    },
    "2024-09": {
      "monthly_PRENEI_Q": 0.0,
      "monthly_PRELIQ_Q": 87.39999999999999,
      "monthly_PE_Q": 37.3
    },
    "2024-10": {
      "monthly_PRENEI_Q": 0.0,
      "monthly_PRELIQ_Q": 80.5,
      "monthly_PE_Q": 45.5
    },
    "2024-11": {
      "monthly_PRENEI_Q": 5.7,
      "monthly_PRELIQ_Q": 58.300000000000004,
      "monthly_PE_Q": 48.2
    },
    "2024-12": {
      "monthly_PRENEI_Q": 0.2,
      "monthly_PRELIQ_Q": 40.800000000000004,
      "monthly_PE_Q": 26.8
    }
  }
}