{
  "years": {
    "2024": {
      "annual_PRENEI_Q": 5.2,
      "annual_PRELIQ_Q": 827.9,
      "annual_PE_Q": 283.0
    }
  },
  "months": {
    "2024-01": {
      "monthly_PRENEI_Q": 1.4,
      "monthly_PRELIQ_Q": 43.8,
      "monthly_PE_Q": 35.9
    },
    "2024-02": {
      "monthly_PRENEI_Q": 0.0,
      "monthly_PRELIQ_Q": 76.3,
      "monthly_PE_Q": 55.699999999999996
    },
    "2024-03": {
      "monthly_PRENEI_Q": 0.0,
      "monthly_PRELIQ_Q": 88.0,
      "monthly_PE_Q": 43.300000000000004
    },
    "2024-04": {
      "monthly_PRENEI_Q": 0.0,
      "monthly_PRELIQ_Q": 55.8,
      "monthly_PE_Q": -6.1
    },
    "2024-05": {
      "monthly_PRENEI_Q": 0.0,
      "monthly_PRELIQ_Q": 89.1,
      "monthly_PE_Q": 19.900000000000002
    },
    "2024-06": {
      "monthly_PRENEI_Q": 0.0,
      "monthly_PRELIQ_Q": 85.3,
      "monthly_PE_Q": -8.100000000000001
    },
    "2024-07": {
      "monthly_PRENEI_Q": 0.0,
      "monthly_PRELIQ_Q": 73.0,
      "monthly_PE_Q": -8.8
    },
    "2024-08": {
      "monthly_PRENEI_Q": 0.0,
      "monthly_PRELIQ_Q": 46.2,
      "monthly_PE_Q": -23.6
    },
    "2024-09": {
      "monthly_PRENEI_Q": 0.0,
      "monthly_PRELIQ_Q": 97.5,
      "monthly_PE_Q": 55.800000000000004
    },
    "2024-10": {
      "monthly_PRENEI_Q": 0.0,
      "monthly_PRELIQ_Q": 76.39999999999999,
      "monthly_PE_Q": 45.199999999999996
    },
    "2024-11": {
      "monthly_PRENEI_Q": 3.8000000000000003,
      "monthly_PRELIQ_Q": 55.099999999999994,
      "monthly_PE_Q": 43.5
    },
    "2024-12": {
      "monthly_PRENEI_Q": 0.0,
      "monthly_PRELIQ_Q": 41.4,
      "monthly_PE_Q": 30.3
    }
  }
}