{
  "years": {
    "2024": {
      "annual_PRENEI_Q": 10.1,
      "annual_PRELIQ_Q": 937.1,
      "annual_PE_Q": 349.4
    }
  },
  "months": {
    "2024-01": {
      "monthly_PRENEI_Q": 4.8999999999999995,
      "monthly_PRELIQ_Q": 48.1,
      "monthly_PE_Q": 41.0
    },
    "2024-02": {
      "monthly_PRENEI_Q": 0.0,
      "monthly_PRELIQ_Q": 89.6,
      "monthly_PE_Q": 67.6
    },
    "2024-03": {
      "monthly_PRENEI_Q": 0.0,
      "monthly_PRELIQ_Q": 80.60000000000001,
      "monthly_PE_Q": 38.099999999999994
    },
    "2024-04": {
      "monthly_PRENEI_Q": 0.0,
      "monthly_PRELIQ_Q": 60.2,
      "monthly_PE_Q": -3.9000000000000004
    },
    "2024-05": {
      "monthly_PRENEI_Q": 0.0,
      "monthly_PRELIQ_Q": 87.0,
      "monthly_PE_Q": 15.6
    },
    "2024-06": {
      "monthly_PRENEI_Q": 0.0,
      "monthly_PRELIQ_Q": 64.3,
      "monthly_PE_Q": -30.400000000000002
    },
    "2024-07": {
      "monthly_PRENEI_Q": 0.0,
      "monthly_PRELIQ_Q": 101.2,
      "monthly_PE_Q": 7.099999999999996
    },
    "2024-08": {
      "monthly_PRENEI_Q": 0.0,
      "monthly_PRELIQ_Q": 82.3,
      "monthly_PE_Q": -6.8
    },
    "2024-09": {
      "monthly_PRENEI_Q": 0.0,
      "monthly_PRELIQ_Q": 108.10000000000001,
      "monthly_PE_Q": 59.599999999999994
    },
    "2024-10": {
      "monthly_PRENEI_Q": 0.0,
      "monthly_PRELIQ_Q": 95.4,
      "monthly_PE_Q": 62.5
    },
    "2024-11": {
      "monthly_PRENEI_Q": 4.7,
      "monthly_PRELIQ_Q": 62.5,
      "monthly_PE_Q": 51.9
    },
    "2024-12": {
      "monthly_PRENEI_Q": 0.5,
      "monthly_PRELIQ_Q": 57.8,
      "monthly_PE_Q": 47.1
    }
  }
}