{
  "years": {
    "2024": {
      "annual_PRENEI_Q": 9.2,
      "annual_PRELIQ_Q": 930.8,
      "annual_PE_Q": 335.8
    }
  },
  "months": {
    "2024-01": {
      "monthly_PRENEI_Q": 4.8,
      "monthly_PRELIQ_Q": 47.9,
      "monthly_PE_Q": 40.599999999999994
    },
    "2024-02": {
      "monthly_PRENEI_Q": 0.0,
      "monthly_PRELIQ_Q": 88.9,
      "monthly_PE_Q": 67.3
    },
    "2024-03": {
      "monthly_PRENEI_Q": 0.0,
      "monthly_PRELIQ_Q": 80.10000000000001,
      "monthly_PE_Q": 39.0
    },
    "2024-04": {
      "monthly_PRENEI_Q": 0.0,
      "monthly_PRELIQ_Q": 59.9,
      "monthly_PE_Q": -3.700000000000001
    },
    "2024-05": {
      "monthly_PRENEI_Q": 0.0,
      "monthly_PRELIQ_Q": 86.4,
      "monthly_PE_Q": 13.999999999999996
    },
    "2024-06": {
      "monthly_PRENEI_Q": 0.0,
      "monthly_PRELIQ_Q": 63.8,
      "monthly_PE_Q": -32.1
    },
    "2024-07": {
      "monthly_PRENEI_Q": 0.0,
      "monthly_PRELIQ_Q": 100.2,
      "monthly_PE_Q": 5.900000000000002
    },
    "2024-08": {
      "monthly_PRENEI_Q": 0.0,
      "monthly_PRELIQ_Q": 81.5,
      "monthly_PE_Q": -10.299999999999999
    },
    "2024-09": {
      "monthly_PRENEI_Q": 0.0,
      "monthly_PRELIQ_Q": 107.39999999999999,
      "monthly_PE_Q": 57.199999999999996
    },
    "2024-10": {
      "monthly_PRENEI_Q": 0.0,
      "monthly_PRELIQ_Q": 94.6,
      "monthly_PE_Q": 60.9
    },
    "2024-11": {
      "monthly_PRENEI_Q": 4.0,
      "monthly_PRELIQ_Q": 62.6,
      "monthly_PE_Q": 50.699999999999996
    },
    "2024-12": {
      "monthly_PRENEI_Q": 0.4,
      "monthly_PRELIQ_Q": 57.5,
      "monthly_PE_Q": 46.3
    }
  }
}