{
  "years": {
    "2024": {
      "annual_PRENEI_Q": 13.6,
      "annual_PRELIQ_Q": 968.5,
      "annual_PE_Q": 410.1
    }
  },
  "months": {
    "2024-01": {
      "monthly_PRENEI_Q": 6.7,
      "monthly_PRELIQ_Q": 56.0,
      "monthly_PE_Q": 51.1
    },
    "2024-02": {
      "monthly_PRENEI_Q": 0.0,
      "monthly_PRELIQ_Q": 86.39999999999999,
      "monthly_PE_Q": 68.0
    },
    "2024-03": {
      "monthly_PRENEI_Q": 0.0,
      "monthly_PRELIQ_Q": 86.2,
      "monthly_PE_Q": 45.0
    },
    "2024-04": {
      "monthly_PRENEI_Q": 0.0,
      "monthly_PRELIQ_Q": 56.8,
      "monthly_PE_Q": -3.9000000000000012
    },
    "2024-05": {
      "monthly_PRENEI_Q": 0.0,
      "monthly_PRELIQ_Q": 121.1,
      "monthly_PE_Q": 49.8
    },
    "2024-06": {
      "monthly_PRENEI_Q": 0.0,
      "monthly_PRELIQ_Q": 52.8,
      "monthly_PE_Q": -42.9
    },
    "2024-07": {
      "monthly_PRENEI_Q": 0.0,
      "monthly_PRELIQ_Q": 99.3,
      "monthly_PE_Q": 14.100000000000003
    },
    "2024-08": {
      "monthly_PRENEI_Q": 0.0,
      "monthly_PRELIQ_Q": 66.7,
      "monthly_PE_Q": -11.000000000000002
    },
    "2024-09": {
      "monthly_PRENEI_Q": 0.0,
      "monthly_PRELIQ_Q": 121.89999999999999,
      "monthly_PE_Q": 73.39999999999999
    },
    "2024-10": {
      "monthly_PRENEI_Q": 0.0,
      "monthly_PRELIQ_Q": 97.9,
      "monthly_PE_Q": 66.10000000000001
    },
    "2024-11": {
      "monthly_PRENEI_Q": 6.7,
      "monthly_PRELIQ_Q": 65.0,
      "monthly_PE_Q": 54.300000000000004
    },
    "2024-12": {
      "monthly_PRENEI_Q": 0.2,
      "monthly_PRELIQ_Q": 58.4,
      "monthly_PE_Q": 46.1
    }
  }
}