{
  "years": {
    "2024": {
      "annual_PRENEI_Q": 14.8,
      "annual_PRELIQ_Q": 868.5,
      "annual_PE_Q": 314.8
    }
  },
  "months": {
    "2024-01": {
      "monthly_PRENEI_Q": 13.5,
      "monthly_PRELIQ_Q": 49.900000000000006,
      "monthly_PE_Q": 50.5
    },
    "2024-02": {
      "monthly_PRENEI_Q": 0.0,
      "monthly_PRELIQ_Q": 85.10000000000001,
      "monthly_PE_Q": 68.2
    },
    "2024-03": {
      "monthly_PRENEI_Q": 0.4,
      "monthly_PRELIQ_Q": 96.1,
      "monthly_PE_Q": 59.300000000000004
    },
    "2024-04": {
      "monthly_PRENEI_Q": 0.0,
      "monthly_PRELIQ_Q": 67.1,
      "monthly_PE_Q": 5.300000000000002
    },
    "2024-05": {
      "monthly_PRENEI_Q": 0.0,
      "monthly_PRELIQ_Q": 112.9,
      "monthly_PE_Q": 43.099999999999994
    },
    "2024-06": {
      "monthly_PRENEI_Q": 0.0,
      "monthly_PRELIQ_Q": 65.6,
      "monthly_PE_Q": -23.0
    },
    "2024-07": {
      "monthly_PRENEI_Q": 0.0,
      "monthly_PRELIQ_Q": 78.0,
      "monthly_PE_Q": -13.499999999999996
    },
    "2024-08": {
      "monthly_PRENEI_Q": 0.0,
      "monthly_PRELIQ_Q": 33.8,
      "monthly_PE_Q": -40.4
    },
    "2024-09": {
      "monthly_PRENEI_Q": 0.0,
      "monthly_PRELIQ_Q": 84.7,
      "monthly_PE_Q": 33.800000000000004
    },
    "2024-10": {
      "monthly_PRENEI_Q": 0.0,
      "monthly_PRELIQ_Q": 75.9,
      "monthly_PE_Q": 43.800000000000004
    },
    "2024-11": {
      "monthly_PRENEI_Q": 0.7,
      "monthly_PRELIQ_Q": 54.50000000000001,
      "monthly_PE_Q": 37.199999999999996
    },
    "2024-12": {
      "monthly_PRENEI_Q": 0.2,
      "monthly_PRELIQ_Q": 64.9,
      "monthly_PE_Q": 50.5
    }
  }
}