{
  "years": {
    "2024": {
      "annual_PRENEI_Q": 0.2,
      "annual_PRELIQ_Q": 1876.4,
      "annual_PE_Q": 1132.8
    }
  },
  "months": {
    "2024-01": {
      "monthly_PRENEI_Q": 0.2,
      "monthly_PRELIQ_Q": 108.5,
      "monthly_PE_Q": 86.89999999999999
    },
    "2024-02": {
      "monthly_PRENEI_Q": 0.0,
      "monthly_PRELIQ_Q": 225.0,
      "monthly_PE_Q": 190.8
    },
    "2024-03": {
      "monthly_PRENEI_Q": 0.0,
      "monthly_PRELIQ_Q": 197.39999999999998,
      "monthly_PE_Q": 143.8
    },
    "2024-04": {
      "monthly_PRENEI_Q": 0.0,
      "monthly_PRELIQ_Q": 87.3,
      "monthly_PE_Q": 2.6000000000000005
    },
    "2024-05": {
      "monthly_PRENEI_Q": 0.0,
      "monthly_PRELIQ_Q": 156.8,
      "monthly_PE_Q": 76.5
    },
    "2024-06": {
      "monthly_PRENEI_Q": 0.0,
      "monthly_PRELIQ_Q": 114.3,
      "monthly_PE_Q": 12.3
    },
    "2024-07": {
      "monthly_PRENEI_Q": 0.0,
      "monthly_PRELIQ_Q": 39.7,
      "monthly_PE_Q": -63.5
    },
    "2024-08": {
      "monthly_PRENEI_Q": 0.0,
      "monthly_PRELIQ_Q": 86.1,
      "monthly_PE_Q": 2.5000000000000036
    },
    "2024-09": {
      "monthly_PRENEI_Q": 0.0,
      "monthly_PRELIQ_Q": 223.60000000000002,
      "monthly_PE_Q": 155.29999999999998
    },
    "2024-10": {
      "monthly_PRENEI_Q": 0.0,
      "monthly_PRELIQ_Q": 284.3,
      "monthly_PE_Q": 231.5
    },
    "2024-11": {
      "monthly_PRENEI_Q": 0.0,
      "monthly_PRELIQ_Q": 154.4,
      "monthly_PE_Q": 116.89999999999999
    },
    "2024-12": {
      "monthly_PRENEI_Q": 0.0,
      "monthly_PRELIQ_Q": 199.0,
      "monthly_PE_Q": 177.2
    }
  }
}