{
  "years": {
    "2024": {
      "annual_PRENEI_Q": 36.5,
      "annual_PRELIQ_Q": 1374.0,
      "annual_PE_Q": 674.9
    }
  },
  "months": {
    "2024-01": {
      "monthly_PRENEI_Q": 10.7,
      "monthly_PRELIQ_Q": 66.3,
      "monthly_PE_Q": 61.5
    },
    "2024-02": {
      "monthly_PRENEI_Q": 11.4,
      "monthly_PRELIQ_Q": 120.7,
      "monthly_PE_Q": 105.89999999999999
    },
    "2024-03": {
      "monthly_PRENEI_Q": 7.6,
      "monthly_PRELIQ_Q": 121.89999999999999,
      "monthly_PE_Q": 75.0
    },
    "2024-04": {
      "monthly_PRENEI_Q": 0.1,
      "monthly_PRELIQ_Q": 112.1,
      "monthly_PE_Q": 34.800000000000004
    },
    "2024-05": {
      "monthly_PRENEI_Q": 0.0,
      "monthly_PRELIQ_Q": 163.0,
      "monthly_PE_Q": 84.39999999999999
    },
    "2024-06": {
      "monthly_PRENEI_Q": 0.0,
      "monthly_PRELIQ_Q": 106.8,
      "monthly_PE_Q": 8.100000000000001
    },
    "2024-07": {
      "monthly_PRENEI_Q": 0.0,
      "monthly_PRELIQ_Q": 106.10000000000001,
      "monthly_PE_Q": -19.5
    },
    "2024-08": {
      "monthly_PRENEI_Q": 0.0,
      "monthly_PRELIQ_Q": 59.6,
      "monthly_PE_Q": -41.300000000000004
    },
    "2024-09": {
      "monthly_PRENEI_Q": 0.0,
      "monthly_PRELIQ_Q": 182.29999999999998,
      "monthly_PE_Q": 122.60000000000001
    },
    "2024-10": {
      "monthly_PRENEI_Q": 0.0,
      "monthly_PRELIQ_Q": 148.4,
      "monthly_PE_Q": 96.2
    },
    "2024-11": {
      "monthly_PRENEI_Q": 0.0,
      "monthly_PRELIQ_Q": 97.1,
      "monthly_PE_Q": 68.8
    },
    "2024-12": {
      "monthly_PRENEI_Q": 6.7,
      "monthly_PRELIQ_Q": 89.7,
      "monthly_PE_Q": 78.4
    }
  }
}