{
  "years": {
    "2024": {
      "annual_PRENEI_Q": 78.0,
      "annual_PRELIQ_Q": 1430.9,
      "annual_PE_Q": 776.6
    }
  },
  "months": {
    "2024-01": {
      "monthly_PRENEI_Q": 12.899999999999999,
      "monthly_PRELIQ_Q": 69.4,
      "monthly_PE_Q": 65.3
    },
    "2024-02": {
      "monthly_PRENEI_Q": 27.0,
      "monthly_PRELIQ_Q": 114.2,
      "monthly_PE_Q": 114.0
    },
    "2024-03": {
      "monthly_PRENEI_Q": 19.3,
      "monthly_PRELIQ_Q": 119.5,
      "monthly_PE_Q": 85.4
    },
    "2024-04": {
      "monthly_PRENEI_Q": 0.6000000000000001,
      "monthly_PRELIQ_Q": 119.3,
      "monthly_PE_Q": 46.4
    },
    "2024-05": {
      "monthly_PRENEI_Q": 0.0,
      "monthly_PRELIQ_Q": 174.29999999999998,
      "monthly_PE_Q": 97.1
    },
    "2024-06": {
      "monthly_PRENEI_Q": 0.0,
      "monthly_PRELIQ_Q": 114.3,
      "monthly_PE_Q": 18.900000000000002
    },
    "2024-07": {
      "monthly_PRENEI_Q": 0.0,
      "monthly_PRELIQ_Q": 113.3,
      "monthly_PE_Q": -9.700000000000001
    },
    "2024-08": {
      "monthly_PRENEI_Q": 0.0,
      "monthly_PRELIQ_Q": 63.8,
      "monthly_PE_Q": -39.49999999999999
    },
    "2024-09": {
      "monthly_PRENEI_Q": 0.0,
      "monthly_PRELIQ_Q": 195.20000000000002,
      "monthly_PE_Q": 134.5
    },
    "2024-10": {
      "monthly_PRENEI_Q": 0.0,
      "monthly_PRELIQ_Q": 159.2,
      "monthly_PE_Q": 104.4
    },
    "2024-11": {
      "monthly_PRENEI_Q": 0.3,
      "monthly_PRELIQ_Q": 103.7,
      "monthly_PE_Q": 74.4
    },
    "2024-12": {
      "monthly_PRENEI_Q": 17.9,
      "monthly_PRELIQ_Q": 84.7,
      "monthly_PE_Q": 85.4
    }
  }
}