{
  "years": {
    "2024": {
      "annual_PRENEI_Q": 161.70000000000002,
      "annual_PRELIQ_Q": 1987.9,
      "annual_PE_Q": 1439.6
    }
  },
  "months": {
    "2024-01": {
      "monthly_PRENEI_Q": 17.6,
      "monthly_PRELIQ_Q": 169.1,
      "monthly_PE_Q": 170.79999999999998
    },
    "2024-02": {
      "monthly_PRENEI_Q": 46.800000000000004,
      "monthly_PRELIQ_Q": 164.6,
      "monthly_PE_Q": 186.8
    },
    "2024-03": {
      "monthly_PRENEI_Q": 30.4,
      "monthly_PRELIQ_Q": 179.0,
      "monthly_PE_Q": 161.2
    },
    "2024-04": {
      "monthly_PRENEI_Q": 4.9,
      "monthly_PRELIQ_Q": 168.5,
      "monthly_PE_Q": 100.6
    },
    "2024-05": {
      "monthly_PRENEI_Q": 0.0,
      "monthly_PRELIQ_Q": 274.40000000000003,
      "monthly_PE_Q": 197.79999999999998
    },
    "2024-06": {
      "monthly_PRENEI_Q": 0.0,
      "monthly_PRELIQ_Q": 134.8,
      "monthly_PE_Q": 42.8
    },
    "2024-07": {
      "monthly_PRENEI_Q": 0.0,
      "monthly_PRELIQ_Q": 109.6,
      "monthly_PE_Q": -13.999999999999996
    },
    "2024-08": {
      "monthly_PRENEI_Q": 0.0,
      "monthly_PRELIQ_Q": 44.2,
      "monthly_PE_Q": -54.5
    },
    "2024-09": {
      "monthly_PRENEI_Q": 0.0,
      "monthly_PRELIQ_Q": 296.3,
      "monthly_PE_Q": 235.9
    },
    "2024-10": {
      "monthly_PRENEI_Q": 0.0,
      "monthly_PRELIQ_Q": 183.1,
      "monthly_PE_Q": 130.8
    },
    "2024-11": {
      "monthly_PRENEI_Q": 4.8,
      "monthly_PRELIQ_Q": 144.7,
      "monthly_PE_Q": 121.3
    },
    "2024-12": {
      "monthly_PRENEI_Q": 57.2,
      "monthly_PRELIQ_Q": 119.6,
      "monthly_PE_Q": 160.1
    }
  }
}