{
  "years": {
    "2024": {
      "annual_PRENEI_Q": 18.8,
      "annual_PRELIQ_Q": 975.5,
      "annual_PE_Q": 294.59999999999997
    }
  },
  "months": {
    "2024-01": {
      "monthly_PRENEI_Q": 9.5,
      "monthly_PRELIQ_Q": 35.5,
      "monthly_PE_Q": 26.799999999999997
    },
    "2024-02": {
      "monthly_PRENEI_Q": 0.0,
      "monthly_PRELIQ_Q": 51.699999999999996,
      "monthly_PE_Q": 27.599999999999998
    },
    "2024-03": {
      "monthly_PRENEI_Q": 7.6,
      "monthly_PRELIQ_Q": 82.0,
      "monthly_PE_Q": 42.2
    },
    "2024-04": {
      "monthly_PRENEI_Q": 0.0,
      "monthly_PRELIQ_Q": 68.8,
      "monthly_PE_Q": -5.200000000000001
    },
    "2024-05": {
      "monthly_PRENEI_Q": 0.0,
      "monthly_PRELIQ_Q": 146.8,
      "monthly_PE_Q": 64.8
    },
    "2024-06": {
      "monthly_PRENEI_Q": 0.0,
      "monthly_PRELIQ_Q": 122.9,
      "monthly_PE_Q": 22.900000000000002
    },
    "2024-07": {
      "monthly_PRENEI_Q": 0.0,
      "monthly_PRELIQ_Q": 69.3,
      "monthly_PE_Q": -52.5
    },
    "2024-08": {
      "monthly_PRENEI_Q": 0.0,
      "monthly_PRELIQ_Q": 42.800000000000004,
      "monthly_PE_Q": -45.5
    },
    "2024-09": {
      "monthly_PRENEI_Q": 0.0,
      "monthly_PRELIQ_Q": 121.6,
      "monthly_PE_Q": 64.7
    },
    "2024-10": {
      "monthly_PRENEI_Q": 0.0,
      "monthly_PRELIQ_Q": 104.3,
      "monthly_PE_Q": 60.0
    },
    "2024-11": {
      "monthly_PRENEI_Q": 0.1,
      "monthly_PRELIQ_Q": 52.099999999999994,
      "monthly_PE_Q": 25.7
    },
    "2024-12": {
      "monthly_PRENEI_Q": 1.6,
      "monthly_PRELIQ_Q": 77.7,
      "monthly_PE_Q": 63.1
    }
  }
}