{
  "years": {
    "2024": {
      "annual_PRENEI_Q": 4.3,
      "annual_PRELIQ_Q": 889.9,
      "annual_PE_Q": 363.5
    }
  },
  "months": {
    "2024-01": {
      "monthly_PRENEI_Q": 0.1,
      "monthly_PRELIQ_Q": 31.1,
      "monthly_PE_Q": 20.799999999999997
    },
    "2024-02": {
      "monthly_PRENEI_Q": 0.0,
      "monthly_PRELIQ_Q": 56.4,
      "monthly_PE_Q": 43.7
    },
    "2024-03": {
      "monthly_PRENEI_Q": 0.0,
      "monthly_PRELIQ_Q": 122.0,
      "monthly_PE_Q": 86.3
    },
    "2024-04": {
      "monthly_PRENEI_Q": 0.0,
      "monthly_PRELIQ_Q": 51.099999999999994,
      "monthly_PE_Q": -8.1
    },
    "2024-05": {
      "monthly_PRENEI_Q": 0.0,
      "monthly_PRELIQ_Q": 105.4,
      "monthly_PE_Q": 37.4
    },
    "2024-06": {
      "monthly_PRENEI_Q": 0.0,
      "monthly_PRELIQ_Q": 126.39999999999999,
      "monthly_PE_Q": 41.300000000000004
    },
    "2024-07": {
      "monthly_PRENEI_Q": 0.0,
      "monthly_PRELIQ_Q": 85.2,
      "monthly_PE_Q": -8.700000000000003
    },
    "2024-08": {
      "monthly_PRENEI_Q": 0.0,
      "monthly_PRELIQ_Q": 8.299999999999999,
      "monthly_PE_Q": -52.6
    },
    "2024-09": {
      "monthly_PRENEI_Q": 0.0,
      "monthly_PRELIQ_Q": 116.8,
      "monthly_PE_Q": 69.3
    },
    "2024-10": {
      "monthly_PRENEI_Q": 0.0,
      "monthly_PRELIQ_Q": 93.4,
      "monthly_PE_Q": 62.2
    },
    "2024-11": {
      "monthly_PRENEI_Q": 4.199999999999999,
      "monthly_PRELIQ_Q": 44.5,
      "monthly_PE_Q": 32.6
    },
    "2024-12": {
      "monthly_PRENEI_Q": 0.0,
      "monthly_PRELIQ_Q": 49.3,
      "monthly_PE_Q": 39.300000000000004
    }
  }
}