{
  "years": {
    "2024": {
      "annual_PRENEI_Q": 7.5,
      "annual_PRELIQ_Q": 845.9,
      "annual_PE_Q": 276.2
    }
  },
  "months": {
    "2024-01": {
      "monthly_PRENEI_Q": 0.7999999999999999,
      "monthly_PRELIQ_Q": 51.6,
      "monthly_PE_Q": 44.0
    },
    "2024-02": {
      "monthly_PRENEI_Q": 0.0,
      "monthly_PRELIQ_Q": 53.8,
      "monthly_PE_Q": 36.0
    },
    "2024-03": {
      "monthly_PRENEI_Q": 0.0,
      "monthly_PRELIQ_Q": 105.9,
      "monthly_PE_Q": 63.4
    },
    "2024-04": {
      "monthly_PRENEI_Q": 0.0,
      "monthly_PRELIQ_Q": 61.300000000000004,
      "monthly_PE_Q": -6.999999999999999
    },
    "2024-05": {
      "monthly_PRENEI_Q": 0.0,
      "monthly_PRELIQ_Q": 128.9,
      "monthly_PE_Q": 51.4
    },
    "2024-06": {
      "monthly_PRENEI_Q": 0.0,
      "monthly_PRELIQ_Q": 98.1,
      "monthly_PE_Q": -3.1000000000000005
    },
    "2024-07": {
      "monthly_PRENEI_Q": 0.0,
      "monthly_PRELIQ_Q": 59.89999999999999,
      "monthly_PE_Q": -41.4
    },
    "2024-08": {
      "monthly_PRENEI_Q": 0.0,
      "monthly_PRELIQ_Q": 25.099999999999998,
      "monthly_PE_Q": -32.1
    },
    "2024-09": {
      "monthly_PRENEI_Q": 0.0,
      "monthly_PRELIQ_Q": 82.0,
      "monthly_PE_Q": 36.199999999999996
    },
    "2024-10": {
      "monthly_PRENEI_Q": 0.0,
      "monthly_PRELIQ_Q": 72.89999999999999,
      "monthly_PE_Q": 41.9
    },
    "2024-11": {
      "monthly_PRENEI_Q": 6.4,
      "monthly_PRELIQ_Q": 53.900000000000006,
      "monthly_PE_Q": 47.8
    },
    "2024-12": {
      "monthly_PRENEI_Q": 0.30000000000000004,
      "monthly_PRELIQ_Q": 52.5,
      "monthly_PE_Q": 39.1
    }
  }
}