{
  "years": {
    "2024": {
      "annual_PRENEI_Q": 7.5,
      "annual_PRELIQ_Q": 846.3,
      "annual_PE_Q": 270.29999999999995
    }
  },
  "months": {
    "2024-01": {
      "monthly_PRENEI_Q": 0.7999999999999999,
      "monthly_PRELIQ_Q": 51.7,
      "monthly_PE_Q": 44.2
    },
    "2024-02": {
      "monthly_PRENEI_Q": 0.0,
      "monthly_PRELIQ_Q": 53.9,
      "monthly_PE_Q": 35.9
    },
    "2024-03": {
      "monthly_PRENEI_Q": 0.0,
      "monthly_PRELIQ_Q": 105.9,
      "monthly_PE_Q": 62.8
    },
    "2024-04": {
      "monthly_PRENEI_Q": 0.0,
      "monthly_PRELIQ_Q": 61.400000000000006,
      "monthly_PE_Q": -6.800000000000001
    },
    "2024-05": {
      "monthly_PRENEI_Q": 0.0,
      "monthly_PRELIQ_Q": 128.9,
      "monthly_PE_Q": 51.3
    },
    "2024-06": {
      "monthly_PRENEI_Q": 0.0,
      "monthly_PRELIQ_Q": 98.1,
      "monthly_PE_Q": -3.7
    },
    "2024-07": {
      "monthly_PRENEI_Q": 0.0,
      "monthly_PRELIQ_Q": 59.89999999999999,
      "monthly_PE_Q": -43.9
    },
    "2024-08": {
      "monthly_PRENEI_Q": 0.0,
      "monthly_PRELIQ_Q": 25.099999999999998,
      "monthly_PE_Q": -31.5
    },
    "2024-09": {
      "monthly_PRENEI_Q": 0.0,
      "monthly_PRELIQ_Q": 82.0,
      "monthly_PE_Q": 35.4
    },
    "2024-10": {
      "monthly_PRENEI_Q": 0.0,
      "monthly_PRELIQ_Q": 73.0,
      "monthly_PE_Q": 40.8
    },
    "2024-11": {
      "monthly_PRENEI_Q": 6.4,
      "monthly_PRELIQ_Q": 53.900000000000006,
      "monthly_PE_Q": 46.9
    },
    "2024-12": {
      "monthly_PRENEI_Q": 0.30000000000000004,
      "monthly_PRELIQ_Q": 52.5,
      "monthly_PE_Q": 38.9
    }
  }
}