{
  "years": {
    "2024": {
      "annual_PRENEI_Q": 10.6,
      "annual_PRELIQ_Q": 944.0,
      "annual_PE_Q": 373.79999999999995
    }
  },
  "months": {
    "2024-01": {
      "monthly_PRENEI_Q": 4.8999999999999995,
      "monthly_PRELIQ_Q": 48.5,
      "monthly_PE_Q": 43.0
    },
    "2024-02": {
      "monthly_PRENEI_Q": 0.0,
      "monthly_PRELIQ_Q": 90.2,
      "monthly_PE_Q": 70.3
    },
    "2024-03": {
      "monthly_PRENEI_Q": 0.0,
      "monthly_PRELIQ_Q": 81.4,
      "monthly_PE_Q": 41.5
    },
    "2024-04": {
      "monthly_PRENEI_Q": 0.0,
      "monthly_PRELIQ_Q": 60.6,
      "monthly_PE_Q": -1.7000000000000013
    },
    "2024-05": {
      "monthly_PRENEI_Q": 0.0,
      "monthly_PRELIQ_Q": 87.8,
      "monthly_PE_Q": 17.1
    },
    "2024-06": {
      "monthly_PRENEI_Q": 0.0,
      "monthly_PRELIQ_Q": 64.9,
      "monthly_PE_Q": -30.300000000000004
    },
    "2024-07": {
      "monthly_PRENEI_Q": 0.0,
      "monthly_PRELIQ_Q": 101.9,
      "monthly_PE_Q": 11.299999999999997
    },
    "2024-08": {
      "monthly_PRENEI_Q": 0.0,
      "monthly_PRELIQ_Q": 82.89999999999999,
      "monthly_PE_Q": -3.0999999999999988
    },
    "2024-09": {
      "monthly_PRENEI_Q": 0.0,
      "monthly_PRELIQ_Q": 109.0,
      "monthly_PE_Q": 61.6
    },
    "2024-10": {
      "monthly_PRENEI_Q": 0.0,
      "monthly_PRELIQ_Q": 96.1,
      "monthly_PE_Q": 63.8
    },
    "2024-11": {
      "monthly_PRENEI_Q": 5.1,
      "monthly_PRELIQ_Q": 62.5,
      "monthly_PE_Q": 52.599999999999994
    },
    "2024-12": {
      "monthly_PRENEI_Q": 0.6,
      "monthly_PRELIQ_Q": 58.2,
      "monthly_PE_Q": 47.699999999999996
    }
  }
}