{
  "years": {
    "2024": {
      "annual_PRENEI_Q": 10.1,
      "annual_PRELIQ_Q": 937.9,
      "annual_PE_Q": 340.7
    }
  },
  "months": {
    "2024-01": {
      "monthly_PRENEI_Q": 4.8999999999999995,
      "monthly_PRELIQ_Q": 48.2,
      "monthly_PE_Q": 41.300000000000004
    },
    "2024-02": {
      "monthly_PRENEI_Q": 0.0,
      "monthly_PRELIQ_Q": 89.7,
      "monthly_PE_Q": 68.2
    },
    "2024-03": {
      "monthly_PRENEI_Q": 0.0,
      "monthly_PRELIQ_Q": 80.60000000000001,
      "monthly_PE_Q": 38.8
    },
    "2024-04": {
      "monthly_PRENEI_Q": 0.0,
      "monthly_PRELIQ_Q": 60.2,
      "monthly_PE_Q": -5.000000000000002
    },
    "2024-05": {
      "monthly_PRENEI_Q": 0.0,
      "monthly_PRELIQ_Q": 87.2,
      "monthly_PE_Q": 13.700000000000001
    },
    "2024-06": {
      "monthly_PRENEI_Q": 0.0,
      "monthly_PRELIQ_Q": 64.4,
      "monthly_PE_Q": -33.9
    },
    "2024-07": {
      "monthly_PRENEI_Q": 0.0,
      "monthly_PRELIQ_Q": 101.2,
      "monthly_PE_Q": 5.600000000000005
    },
    "2024-08": {
      "monthly_PRENEI_Q": 0.0,
      "monthly_PRELIQ_Q": 82.3,
      "monthly_PE_Q": -8.099999999999998
    },
    "2024-09": {
      "monthly_PRENEI_Q": 0.0,
      "monthly_PRELIQ_Q": 108.2,
      "monthly_PE_Q": 59.2
    },
    "2024-10": {
      "monthly_PRENEI_Q": 0.0,
      "monthly_PRELIQ_Q": 95.5,
      "monthly_PE_Q": 62.0
    },
    "2024-11": {
      "monthly_PRENEI_Q": 4.7,
      "monthly_PRELIQ_Q": 62.6,
      "monthly_PE_Q": 51.900000000000006
    },
    "2024-12": {
      "monthly_PRENEI_Q": 0.5,
      "monthly_PRELIQ_Q": 57.8,
      "monthly_PE_Q": 47.0
    }
  }
}