{
  "years": {
    "2024": {
      "annual_PRENEI_Q": 16.3,
      "annual_PRELIQ_Q": 1007.4,
      "annual_PE_Q": 541.5
    }
  },
  "months": {
    "2024-01": {
      "monthly_PRENEI_Q": 5.5,
      "monthly_PRELIQ_Q": 57.599999999999994,
      "monthly_PE_Q": 58.0
    },
    "2024-02": {
      "monthly_PRENEI_Q": 0.0,
      "monthly_PRELIQ_Q": 98.5,
      "monthly_PE_Q": 86.8
    },
    "2024-03": {
      "monthly_PRENEI_Q": 0.0,
      "monthly_PRELIQ_Q": 96.5,
      "monthly_PE_Q": 67.9
    },
    "2024-04": {
      "monthly_PRENEI_Q": 0.0,
      "monthly_PRELIQ_Q": 72.60000000000001,
      "monthly_PE_Q": 26.499999999999996
    },
    "2024-05": {
      "monthly_PRENEI_Q": 0.0,
      "monthly_PRELIQ_Q": 167.70000000000002,
      "monthly_PE_Q": 105.8
    },
    "2024-06": {
      "monthly_PRENEI_Q": 0.0,
      "monthly_PRELIQ_Q": 38.9,
      "monthly_PE_Q": -44.7
    },
    "2024-07": {
      "monthly_PRENEI_Q": 0.0,
      "monthly_PRELIQ_Q": 82.39999999999999,
      "monthly_PE_Q": 4.6
    },
    "2024-08": {
      "monthly_PRENEI_Q": 0.0,
      "monthly_PRELIQ_Q": 60.699999999999996,
      "monthly_PE_Q": -16.400000000000002
    },
    "2024-09": {
      "monthly_PRENEI_Q": 0.0,
      "monthly_PRELIQ_Q": 129.20000000000002,
      "monthly_PE_Q": 83.4
    },
    "2024-10": {
      "monthly_PRENEI_Q": 0.0,
      "monthly_PRELIQ_Q": 97.89999999999999,
      "monthly_PE_Q": 74.0
    },
    "2024-11": {
      "monthly_PRENEI_Q": 10.299999999999999,
      "monthly_PRELIQ_Q": 47.4,
      "monthly_PE_Q": 46.0
    },
    "2024-12": {
      "monthly_PRENEI_Q": 0.5,
      "monthly_PRELIQ_Q": 58.0,
      "monthly_PE_Q": 49.6
    }
  }
}