{
  "years": {
    "2024": {
      "annual_PRENEI_Q": 11.899999999999999,
      "annual_PRELIQ_Q": 757.4,
      "annual_PE_Q": 273.6
    }
  },
  "months": {
    "2024-01": {
      "monthly_PRENEI_Q": 9.7,
      "monthly_PRELIQ_Q": 43.3,
      "monthly_PE_Q": 40.199999999999996
    },
    "2024-02": {
      "monthly_PRENEI_Q": 0.0,
      "monthly_PRELIQ_Q": 77.60000000000001,
      "monthly_PE_Q": 62.5
    },
    "2024-03": {
      "monthly_PRENEI_Q": 0.0,
      "monthly_PRELIQ_Q": 100.7,
      "monthly_PE_Q": 69.3
    },
    "2024-04": {
      "monthly_PRENEI_Q": 0.0,
      "monthly_PRELIQ_Q": 47.4,
      "monthly_PE_Q": -4.3999999999999995
    },
    "2024-05": {
      "monthly_PRENEI_Q": 0.0,
      "monthly_PRELIQ_Q": 98.0,
      "monthly_PE_Q": 33.699999999999996
    },
    "2024-06": {
      "monthly_PRENEI_Q": 0.0,
      "monthly_PRELIQ_Q": 33.8,
      "monthly_PE_Q": -44.9
    },
    "2024-07": {
      "monthly_PRENEI_Q": 0.0,
      "monthly_PRELIQ_Q": 55.8,
      "monthly_PE_Q": -26.6
    },
    "2024-08": {
      "monthly_PRENEI_Q": 0.0,
      "monthly_PRELIQ_Q": 34.199999999999996,
      "monthly_PE_Q": -19.7
    },
    "2024-09": {
      "monthly_PRENEI_Q": 0.0,
      "monthly_PRELIQ_Q": 71.3,
      "monthly_PE_Q": 26.7
    },
    "2024-10": {
      "monthly_PRENEI_Q": 0.0,
      "monthly_PRELIQ_Q": 99.39999999999999,
      "monthly_PE_Q": 71.4
    },
    "2024-11": {
      "monthly_PRENEI_Q": 2.2,
      "monthly_PRELIQ_Q": 38.699999999999996,
      "monthly_PE_Q": 24.200000000000003
    },
    "2024-12": {
      "monthly_PRENEI_Q": 0.0,
      "monthly_PRELIQ_Q": 57.2,
      "monthly_PE_Q": 41.2
    }
  }
}