{
  "years": {
    "2024": {
      "annual_PRENEI_Q": 14.5,
      "annual_PRELIQ_Q": 862.9,
      "annual_PE_Q": 311.59999999999997
    }
  },
  "months": {
    "2024-01": {
      "monthly_PRENEI_Q": 13.3,
      "monthly_PRELIQ_Q": 49.699999999999996,
      "monthly_PE_Q": 50.8
    },
    "2024-02": {
      "monthly_PRENEI_Q": 0.0,
      "monthly_PRELIQ_Q": 84.5,
      "monthly_PE_Q": 68.10000000000001
    },
    "2024-03": {
      "monthly_PRENEI_Q": 0.4,
      "monthly_PRELIQ_Q": 95.39999999999999,
      "monthly_PE_Q": 59.199999999999996
    },
    "2024-04": {
      "monthly_PRENEI_Q": 0.0,
      "monthly_PRELIQ_Q": 66.8,
      "monthly_PE_Q": 6.500000000000001
    },
    "2024-05": {
      "monthly_PRENEI_Q": 0.0,
      "monthly_PRELIQ_Q": 112.0,
      "monthly_PE_Q": 42.8
    },
    "2024-06": {
      "monthly_PRENEI_Q": 0.0,
      "monthly_PRELIQ_Q": 65.3,
      "monthly_PE_Q": -22.9
    },
    "2024-07": {
      "monthly_PRENEI_Q": 0.0,
      "monthly_PRELIQ_Q": 77.39999999999999,
      "monthly_PE_Q": -14.700000000000001
    },
    "2024-08": {
      "monthly_PRENEI_Q": 0.0,
      "monthly_PRELIQ_Q": 33.6,
      "monthly_PE_Q": -43.4
    },
    "2024-09": {
      "monthly_PRENEI_Q": 0.0,
      "monthly_PRELIQ_Q": 84.2,
      "monthly_PE_Q": 33.2
    },
    "2024-10": {
      "monthly_PRENEI_Q": 0.0,
      "monthly_PRELIQ_Q": 75.4,
      "monthly_PE_Q": 44.4
    },
    "2024-11": {
      "monthly_PRENEI_Q": 0.6,
      "monthly_PRELIQ_Q": 54.300000000000004,
      "monthly_PE_Q": 37.4
    },
    "2024-12": {
      "monthly_PRENEI_Q": 0.2,
      "monthly_PRELIQ_Q": 64.3,
      "monthly_PE_Q": 50.199999999999996
    }
  }
}