{
  "years": {
    "2024": {
      "annual_PRENEI_Q": 3.6999999999999997,
      "annual_PRELIQ_Q": 820.2,
      "annual_PE_Q": 276.2
    }
  },
  "months": {
    "2024-01": {
      "monthly_PRENEI_Q": 3.6999999999999997,
      "monthly_PRELIQ_Q": 60.5,
      "monthly_PE_Q": 50.2
    },
    "2024-02": {
      "monthly_PRENEI_Q": 0.0,
      "monthly_PRELIQ_Q": 101.3,
      "monthly_PE_Q": 81.39999999999999
    },
    "2024-03": {
      "monthly_PRENEI_Q": 0.0,
      "monthly_PRELIQ_Q": 61.1,
      "monthly_PE_Q": 28.4
    },
    "2024-04": {
      "monthly_PRENEI_Q": 0.0,
      "monthly_PRELIQ_Q": 69.89999999999999,
      "monthly_PE_Q": 9.399999999999999
    },
    "2024-05": {
      "monthly_PRENEI_Q": 0.0,
      "monthly_PRELIQ_Q": 82.6,
      "monthly_PE_Q": 12.5
    },
    "2024-06": {
      "monthly_PRENEI_Q": 0.0,
      "monthly_PRELIQ_Q": 39.2,
      "monthly_PE_Q": -46.9
    },
    "2024-07": {
      "monthly_PRENEI_Q": 0.0,
      "monthly_PRELIQ_Q": 95.9,
      "monthly_PE_Q": 18.400000000000006
    },
    "2024-08": {
      "monthly_PRENEI_Q": 0.0,
      "monthly_PRELIQ_Q": 29.599999999999998,
      "monthly_PE_Q": -43.4
    },
    "2024-09": {
      "monthly_PRENEI_Q": 0.0,
      "monthly_PRELIQ_Q": 103.2,
      "monthly_PE_Q": 49.7
    },
    "2024-10": {
      "monthly_PRENEI_Q": 0.0,
      "monthly_PRELIQ_Q": 54.199999999999996,
      "monthly_PE_Q": 21.299999999999997
    },
    "2024-11": {
      "monthly_PRENEI_Q": 0.0,
      "monthly_PRELIQ_Q": 67.2,
      "monthly_PE_Q": 51.800000000000004
    },
    "2024-12": {
      "monthly_PRENEI_Q": 0.0,
      "monthly_PRELIQ_Q": 55.5,
      "monthly_PE_Q": 43.4
    }
  }
}