{
  "years": {
    "2024": {
      "annual_PRENEI_Q": 33.2,
      "annual_PRELIQ_Q": 1143.7,
      "annual_PE_Q": 477.8
    }
  },
  "months": {
    "2024-01": {
      "monthly_PRENEI_Q": 32.900000000000006,
      "monthly_PRELIQ_Q": 36.8,
      "monthly_PE_Q": 49.199999999999996
    },
    "2024-02": {
      "monthly_PRENEI_Q": 0.0,
      "monthly_PRELIQ_Q": 90.60000000000001,
      "monthly_PE_Q": 52.900000000000006
    },
    "2024-03": {
      "monthly_PRENEI_Q": 0.3,
      "monthly_PRELIQ_Q": 192.70000000000002,
      "monthly_PE_Q": 128.3
    },
    "2024-04": {
      "monthly_PRENEI_Q": 0.0,
      "monthly_PRELIQ_Q": 163.2,
      "monthly_PE_Q": 79.10000000000001
    },
    "2024-05": {
      "monthly_PRENEI_Q": 0.0,
      "monthly_PRELIQ_Q": 111.89999999999999,
      "monthly_PE_Q": 13.399999999999999
    },
    "2024-06": {
      "monthly_PRENEI_Q": 0.0,
      "monthly_PRELIQ_Q": 32.0,
      "monthly_PE_Q": -64.6
    },
    "2024-07": {
      "monthly_PRENEI_Q": 0.0,
      "monthly_PRELIQ_Q": 25.2,
      "monthly_PE_Q": -54.199999999999996
    },
    "2024-08": {
      "monthly_PRENEI_Q": 0.0,
      "monthly_PRELIQ_Q": 22.299999999999997,
      "monthly_PE_Q": -22.7
    },
    "2024-09": {
      "monthly_PRENEI_Q": 0.0,
      "monthly_PRELIQ_Q": 102.3,
      "monthly_PE_Q": 45.0
    },
    "2024-10": {
      "monthly_PRENEI_Q": 0.0,
      "monthly_PRELIQ_Q": 208.1,
      "monthly_PE_Q": 158.2
    },
    "2024-11": {
      "monthly_PRENEI_Q": 0.0,
      "monthly_PRELIQ_Q": 84.8,
      "monthly_PE_Q": 51.1
    },
    "2024-12": {
      "monthly_PRENEI_Q": 0.0,
      "monthly_PRELIQ_Q": 73.8,
      "monthly_PE_Q": 42.1
    }
  }
}