{
  "years": {
    "2024": {
      "annual_PRENEI_Q": 13.5,
      "annual_PRELIQ_Q": 1335.6,
      "annual_PE_Q": 604.3
    }
  },
  "months": {
    "2024-01": {
      "monthly_PRENEI_Q": 9.299999999999999,
      "monthly_PRELIQ_Q": 64.6,
      "monthly_PE_Q": 57.1
    },
    "2024-02": {
      "monthly_PRENEI_Q": 2.6,
      "monthly_PRELIQ_Q": 123.8,
      "monthly_PE_Q": 99.0
    },
    "2024-03": {
      "monthly_PRENEI_Q": 1.4000000000000001,
      "monthly_PRELIQ_Q": 122.3,
      "monthly_PE_Q": 66.0
    },
    "2024-04": {
      "monthly_PRENEI_Q": 0.1,
      "monthly_PRELIQ_Q": 107.1,
      "monthly_PE_Q": 27.699999999999996
    },
    "2024-05": {
      "monthly_PRENEI_Q": 0.0,
      "monthly_PRELIQ_Q": 155.7,
      "monthly_PE_Q": 76.0
    },
    "2024-06": {
      "monthly_PRENEI_Q": 0.0,
      "monthly_PRELIQ_Q": 101.9,
      "monthly_PE_Q": 2.299999999999997
    },
    "2024-07": {
      "monthly_PRENEI_Q": 0.0,
      "monthly_PRELIQ_Q": 101.60000000000001,
      "monthly_PE_Q": -23.400000000000006
    },
    "2024-08": {
      "monthly_PRENEI_Q": 0.0,
      "monthly_PRELIQ_Q": 57.099999999999994,
      "monthly_PE_Q": -38.7
    },
    "2024-09": {
      "monthly_PRENEI_Q": 0.0,
      "monthly_PRELIQ_Q": 174.1,
      "monthly_PE_Q": 112.69999999999999
    },
    "2024-10": {
      "monthly_PRENEI_Q": 0.0,
      "monthly_PRELIQ_Q": 142.0,
      "monthly_PE_Q": 89.2
    },
    "2024-11": {
      "monthly_PRENEI_Q": 0.0,
      "monthly_PRELIQ_Q": 93.0,
      "monthly_PE_Q": 63.39999999999999
    },
    "2024-12": {
      "monthly_PRENEI_Q": 0.1,
      "monthly_PRELIQ_Q": 92.4,
      "monthly_PE_Q": 73.0
    }
  }
}