{
  "years": {
    "2024": {
      "annual_PRENEI_Q": 160.79999999999998,
      "annual_PRELIQ_Q": 1333.2,
      "annual_PE_Q": 772.9
    }
  },
  "months": {
    "2024-01": {
      "monthly_PRENEI_Q": 12.799999999999999,
      "monthly_PRELIQ_Q": 106.8,
      "monthly_PE_Q": 102.8
    },
    "2024-02": {
      "monthly_PRENEI_Q": 29.8,
      "monthly_PRELIQ_Q": 72.8,
      "monthly_PE_Q": 73.5
    },
    "2024-03": {
      "monthly_PRENEI_Q": 64.4,
      "monthly_PRELIQ_Q": 88.8,
      "monthly_PE_Q": 106.6
    },
    "2024-04": {
      "monthly_PRENEI_Q": 6.6,
      "monthly_PRELIQ_Q": 109.4,
      "monthly_PE_Q": 45.0
    },
    "2024-05": {
      "monthly_PRENEI_Q": 0.0,
      "monthly_PRELIQ_Q": 191.79999999999998,
      "monthly_PE_Q": 109.60000000000001
    },
    "2024-06": {
      "monthly_PRENEI_Q": 0.0,
      "monthly_PRELIQ_Q": 105.7,
      "monthly_PE_Q": 6.500000000000001
    },
    "2024-07": {
      "monthly_PRENEI_Q": 0.0,
      "monthly_PRELIQ_Q": 90.4,
      "monthly_PE_Q": -33.9
    },
    "2024-08": {
      "monthly_PRENEI_Q": 0.0,
      "monthly_PRELIQ_Q": 50.599999999999994,
      "monthly_PE_Q": -40.5
    },
    "2024-09": {
      "monthly_PRENEI_Q": 0.0,
      "monthly_PRELIQ_Q": 214.9,
      "monthly_PE_Q": 155.4
    },
    "2024-10": {
      "monthly_PRENEI_Q": 0.0,
      "monthly_PRELIQ_Q": 137.70000000000002,
      "monthly_PE_Q": 82.9
    },
    "2024-11": {
      "monthly_PRENEI_Q": 1.0,
      "monthly_PRELIQ_Q": 95.5,
      "monthly_PE_Q": 65.5
    },
    "2024-12": {
      "monthly_PRENEI_Q": 46.199999999999996,
      "monthly_PRELIQ_Q": 68.8,
      "monthly_PE_Q": 99.5
    }
  }
}