{
  "years": {
    "2024": {
      "annual_PRENEI_Q": 245.1,
      "annual_PRELIQ_Q": 1338.7,
      "annual_PE_Q": 883.3
    }
  },
  "months": {
    "2024-01": {
      "monthly_PRENEI_Q": 15.200000000000001,
      "monthly_PRELIQ_Q": 116.10000000000001,
      "monthly_PE_Q": 119.89999999999999
    },
    "2024-02": {
      "monthly_PRENEI_Q": 38.3,
      "monthly_PRELIQ_Q": 72.6,
      "monthly_PE_Q": 90.4
    },
    "2024-03": {
      "monthly_PRENEI_Q": 80.5,
      "monthly_PRELIQ_Q": 55.3,
      "monthly_PE_Q": 103.1
    },
    "2024-04": {
      "monthly_PRENEI_Q": 17.4,
      "monthly_PRELIQ_Q": 111.7,
      "monthly_PE_Q": 65.89999999999999
    },
    "2024-05": {
      "monthly_PRENEI_Q": 2.0,
      "monthly_PRELIQ_Q": 209.8,
      "monthly_PE_Q": 132.4
    },
    "2024-06": {
      "monthly_PRENEI_Q": 0.0,
      "monthly_PRELIQ_Q": 120.7,
      "monthly_PE_Q": 15.299999999999999
    },
    "2024-07": {
      "monthly_PRENEI_Q": 0.0,
      "monthly_PRELIQ_Q": 93.8,
      "monthly_PE_Q": -44.3
    },
    "2024-08": {
      "monthly_PRENEI_Q": 0.0,
      "monthly_PRELIQ_Q": 60.1,
      "monthly_PE_Q": -49.699999999999996
    },
    "2024-09": {
      "monthly_PRENEI_Q": 0.0,
      "monthly_PRELIQ_Q": 204.6,
      "monthly_PE_Q": 148.79999999999998
    },
    "2024-10": {
      "monthly_PRENEI_Q": 0.0,
      "monthly_PRELIQ_Q": 128.6,
      "monthly_PE_Q": 76.3
    },
    "2024-11": {
      "monthly_PRENEI_Q": 2.8000000000000003,
      "monthly_PRELIQ_Q": 106.80000000000001,
      "monthly_PE_Q": 83.2
    },
    "2024-12": {
      "monthly_PRENEI_Q": 88.9,
      "monthly_PRELIQ_Q": 58.6,
      "monthly_PE_Q": 142.0
    }
  }
}