{
  "years": {
    "2024": {
      "annual_PRENEI_Q": 196.7,
      "annual_PRELIQ_Q": 1329.6,
      "annual_PE_Q": 804.4
    }
  },
  "months": {
    "2024-01": {
      "monthly_PRENEI_Q": 13.5,
      "monthly_PRELIQ_Q": 89.9,
      "monthly_PE_Q": 82.39999999999999
    },
    "2024-02": {
      "monthly_PRENEI_Q": 22.3,
      "monthly_PRELIQ_Q": 82.9,
      "monthly_PE_Q": 75.1
    },
    "2024-03": {
      "monthly_PRENEI_Q": 56.6,
      "monthly_PRELIQ_Q": 85.4,
      "monthly_PE_Q": 93.8
    },
    "2024-04": {
      "monthly_PRENEI_Q": 13.1,
      "monthly_PRELIQ_Q": 116.39999999999999,
      "monthly_PE_Q": 61.800000000000004
    },
    "2024-05": {
      "monthly_PRENEI_Q": 0.0,
      "monthly_PRELIQ_Q": 191.8,
      "monthly_PE_Q": 112.3
    },
    "2024-06": {
      "monthly_PRENEI_Q": 0.0,
      "monthly_PRELIQ_Q": 113.69999999999999,
      "monthly_PE_Q": 20.8
    },
    "2024-07": {
      "monthly_PRENEI_Q": 0.0,
      "monthly_PRELIQ_Q": 110.5,
      "monthly_PE_Q": -8.100000000000005
    },
    "2024-08": {
      "monthly_PRENEI_Q": 0.0,
      "monthly_PRELIQ_Q": 67.3,
      "monthly_PE_Q": -38.199999999999996
    },
    "2024-09": {
      "monthly_PRENEI_Q": 0.0,
      "monthly_PRELIQ_Q": 188.5,
      "monthly_PE_Q": 128.79999999999998
    },
    "2024-10": {
      "monthly_PRENEI_Q": 0.0,
      "monthly_PRELIQ_Q": 139.7,
      "monthly_PE_Q": 87.2
    },
    "2024-11": {
      "monthly_PRENEI_Q": 1.6,
      "monthly_PRELIQ_Q": 101.5,
      "monthly_PE_Q": 70.9
    },
    "2024-12": {
      "monthly_PRENEI_Q": 89.6,
      "monthly_PRELIQ_Q": 42.0,
      "monthly_PE_Q": 117.6
    }
  }
}