{
  "years": {
    "2024": {
      "annual_PRENEI_Q": 12.8,
      "annual_PRELIQ_Q": 942.2,
      "annual_PE_Q": 239.8
    }
  },
  "months": {
    "2024-01": {
      "monthly_PRENEI_Q": 6.800000000000001,
      "monthly_PRELIQ_Q": 36.300000000000004,
      "monthly_PE_Q": 24.900000000000002
    },
    "2024-02": {
      "monthly_PRENEI_Q": 0.0,
      "monthly_PRELIQ_Q": 49.6,
      "monthly_PE_Q": 25.9
    },
    "2024-03": {
      "monthly_PRENEI_Q": 4.800000000000001,
      "monthly_PRELIQ_Q": 81.3,
      "monthly_PE_Q": 37.2
    },
    "2024-04": {
      "monthly_PRENEI_Q": 0.0,
      "monthly_PRELIQ_Q": 65.8,
      "monthly_PE_Q": -11.700000000000001
    },
    "2024-05": {
      "monthly_PRENEI_Q": 0.0,
      "monthly_PRELIQ_Q": 140.8,
      "monthly_PE_Q": 56.699999999999996
    },
    "2024-06": {
      "monthly_PRENEI_Q": 0.0,
      "monthly_PRELIQ_Q": 118.1,
      "monthly_PE_Q": 14.7
    },
    "2024-07": {
      "monthly_PRENEI_Q": 0.0,
      "monthly_PRELIQ_Q": 66.7,
      "monthly_PE_Q": -59.2
    },
    "2024-08": {
      "monthly_PRENEI_Q": 0.0,
      "monthly_PRELIQ_Q": 41.1,
      "monthly_PE_Q": -45.4
    },
    "2024-09": {
      "monthly_PRENEI_Q": 0.0,
      "monthly_PRELIQ_Q": 116.7,
      "monthly_PE_Q": 58.800000000000004
    },
    "2024-10": {
      "monthly_PRENEI_Q": 0.0,
      "monthly_PRELIQ_Q": 100.2,
      "monthly_PE_Q": 55.2
    },
    "2024-11": {
      "monthly_PRENEI_Q": 0.1,
      "monthly_PRELIQ_Q": 50.199999999999996,
      "monthly_PE_Q": 22.900000000000002
    },
    "2024-12": {
      "monthly_PRENEI_Q": 1.1,
      "monthly_PRELIQ_Q": 75.39999999999999,
      "monthly_PE_Q": 59.8
    }
  }
}