{
  "years": {
    "2024": {
      "annual_PRENEI_Q": 7.5,
      "annual_PRELIQ_Q": 845.6,
      "annual_PE_Q": 283.3
    }
  },
  "months": {
    "2024-01": {
      "monthly_PRENEI_Q": 0.7999999999999999,
      "monthly_PRELIQ_Q": 51.6,
      "monthly_PE_Q": 43.6
    },
    "2024-02": {
      "monthly_PRENEI_Q": 0.0,
      "monthly_PRELIQ_Q": 53.8,
      "monthly_PE_Q": 35.1
    },
    "2024-03": {
      "monthly_PRENEI_Q": 0.0,
      "monthly_PRELIQ_Q": 105.8,
      "monthly_PE_Q": 62.1
    },
    "2024-04": {
      "monthly_PRENEI_Q": 0.0,
      "monthly_PRELIQ_Q": 61.300000000000004,
      "monthly_PE_Q": -7.800000000000001
    },
    "2024-05": {
      "monthly_PRENEI_Q": 0.0,
      "monthly_PRELIQ_Q": 128.8,
      "monthly_PE_Q": 51.5
    },
    "2024-06": {
      "monthly_PRENEI_Q": 0.0,
      "monthly_PRELIQ_Q": 97.9,
      "monthly_PE_Q": -3.400000000000003
    },
    "2024-07": {
      "monthly_PRENEI_Q": 0.0,
      "monthly_PRELIQ_Q": 59.89999999999999,
      "monthly_PE_Q": -37.099999999999994
    },
    "2024-08": {
      "monthly_PRENEI_Q": 0.0,
      "monthly_PRELIQ_Q": 25.099999999999998,
      "monthly_PE_Q": -26.0
    },
    "2024-09": {
      "monthly_PRENEI_Q": 0.0,
      "monthly_PRELIQ_Q": 82.0,
      "monthly_PE_Q": 38.3
    },
    "2024-10": {
      "monthly_PRENEI_Q": 0.0,
      "monthly_PRELIQ_Q": 72.89999999999999,
      "monthly_PE_Q": 41.4
    },
    "2024-11": {
      "monthly_PRENEI_Q": 6.4,
      "monthly_PRELIQ_Q": 54.0,
      "monthly_PE_Q": 47.1
    },
    "2024-12": {
      "monthly_PRENEI_Q": 0.30000000000000004,
      "monthly_PRELIQ_Q": 52.5,
      "monthly_PE_Q": 38.5
    }
  }
}