{
  "years": {
    "2024": {
      "annual_PRENEI_Q": 9.4,
      "annual_PRELIQ_Q": 931.3,
      "annual_PE_Q": 357.6
    }
  },
  "months": {
    "2024-01": {
      "monthly_PRENEI_Q": 4.8,
      "monthly_PRELIQ_Q": 47.9,
      "monthly_PE_Q": 41.3
    },
    "2024-02": {
      "monthly_PRENEI_Q": 0.0,
      "monthly_PRELIQ_Q": 88.9,
      "monthly_PE_Q": 68.0
    },
    "2024-03": {
      "monthly_PRENEI_Q": 0.0,
      "monthly_PRELIQ_Q": 80.10000000000001,
      "monthly_PE_Q": 37.8
    },
    "2024-04": {
      "monthly_PRENEI_Q": 0.0,
      "monthly_PRELIQ_Q": 59.9,
      "monthly_PE_Q": -3.8000000000000007
    },
    "2024-05": {
      "monthly_PRENEI_Q": 0.0,
      "monthly_PRELIQ_Q": 86.5,
      "monthly_PE_Q": 16.199999999999996
    },
    "2024-06": {
      "monthly_PRENEI_Q": 0.0,
      "monthly_PRELIQ_Q": 63.8,
      "monthly_PE_Q": -29.3
    },
    "2024-07": {
      "monthly_PRENEI_Q": 0.0,
      "monthly_PRELIQ_Q": 100.30000000000001,
      "monthly_PE_Q": 10.800000000000002
    },
    "2024-08": {
      "monthly_PRENEI_Q": 0.0,
      "monthly_PRELIQ_Q": 81.7,
      "monthly_PE_Q": -2.599999999999997
    },
    "2024-09": {
      "monthly_PRENEI_Q": 0.0,
      "monthly_PRELIQ_Q": 107.5,
      "monthly_PE_Q": 60.300000000000004
    },
    "2024-10": {
      "monthly_PRENEI_Q": 0.0,
      "monthly_PRELIQ_Q": 94.7,
      "monthly_PE_Q": 61.2
    },
    "2024-11": {
      "monthly_PRENEI_Q": 4.2,
      "monthly_PRELIQ_Q": 62.5,
      "monthly_PE_Q": 50.9
    },
    "2024-12": {
      "monthly_PRENEI_Q": 0.4,
      "monthly_PRELIQ_Q": 57.5,
      "monthly_PE_Q": 46.800000000000004
    }
  }
}