{
  "years": {
    "2024": {
      "annual_PRENEI_Q": 16.299999999999997,
      "annual_PRELIQ_Q": 973.1,
      "annual_PE_Q": 406.5
    }
  },
  "months": {
    "2024-01": {
      "monthly_PRENEI_Q": 5.4,
      "monthly_PRELIQ_Q": 63.6,
      "monthly_PE_Q": 54.6
    },
    "2024-02": {
      "monthly_PRENEI_Q": 0.0,
      "monthly_PRELIQ_Q": 103.1,
      "monthly_PE_Q": 84.9
    },
    "2024-03": {
      "monthly_PRENEI_Q": 0.0,
      "monthly_PRELIQ_Q": 83.60000000000001,
      "monthly_PE_Q": 39.0
    },
    "2024-04": {
      "monthly_PRENEI_Q": 0.0,
      "monthly_PRELIQ_Q": 59.5,
      "monthly_PE_Q": 1.1102230246251565e-15
    },
    "2024-05": {
      "monthly_PRENEI_Q": 0.0,
      "monthly_PRELIQ_Q": 96.5,
      "monthly_PE_Q": 23.9
    },
    "2024-06": {
      "monthly_PRENEI_Q": 0.0,
      "monthly_PRELIQ_Q": 58.9,
      "monthly_PE_Q": -30.200000000000003
    },
    "2024-07": {
      "monthly_PRENEI_Q": 0.0,
      "monthly_PRELIQ_Q": 112.39999999999999,
      "monthly_PE_Q": 24.700000000000003
    },
    "2024-08": {
      "monthly_PRENEI_Q": 0.0,
      "monthly_PRELIQ_Q": 62.300000000000004,
      "monthly_PE_Q": -14.399999999999999
    },
    "2024-09": {
      "monthly_PRENEI_Q": 0.0,
      "monthly_PRELIQ_Q": 135.3,
      "monthly_PE_Q": 82.7
    },
    "2024-10": {
      "monthly_PRENEI_Q": 0.0,
      "monthly_PRELIQ_Q": 87.7,
      "monthly_PE_Q": 54.199999999999996
    },
    "2024-11": {
      "monthly_PRENEI_Q": 10.8,
      "monthly_PRELIQ_Q": 42.800000000000004,
      "monthly_PE_Q": 35.3
    },
    "2024-12": {
      "monthly_PRENEI_Q": 0.1,
      "monthly_PRELIQ_Q": 67.4,
      "monthly_PE_Q": 51.800000000000004
    }
  }
}