{
  "years": {
    "2024": {
      "annual_PRENEI_Q": 7.0,
      "annual_PRELIQ_Q": 809.4,
      "annual_PE_Q": 298.7
    }
  },
  "months": {
    "2024-01": {
      "monthly_PRENEI_Q": 6.6,
      "monthly_PRELIQ_Q": 55.300000000000004,
      "monthly_PE_Q": 50.800000000000004
    },
    "2024-02": {
      "monthly_PRENEI_Q": 0.0,
      "monthly_PRELIQ_Q": 69.9,
      "monthly_PE_Q": 54.7
    },
    "2024-03": {
      "monthly_PRENEI_Q": 0.0,
      "monthly_PRELIQ_Q": 81.9,
      "monthly_PE_Q": 51.800000000000004
    },
    "2024-04": {
      "monthly_PRENEI_Q": 0.0,
      "monthly_PRELIQ_Q": 68.60000000000001,
      "monthly_PE_Q": 11.1
    },
    "2024-05": {
      "monthly_PRENEI_Q": 0.0,
      "monthly_PRELIQ_Q": 109.60000000000001,
      "monthly_PE_Q": 40.300000000000004
    },
    "2024-06": {
      "monthly_PRENEI_Q": 0.0,
      "monthly_PRELIQ_Q": 63.2,
      "monthly_PE_Q": -18.6
    },
    "2024-07": {
      "monthly_PRENEI_Q": 0.0,
      "monthly_PRELIQ_Q": 77.6,
      "monthly_PE_Q": -6.300000000000001
    },
    "2024-08": {
      "monthly_PRENEI_Q": 0.0,
      "monthly_PRELIQ_Q": 32.3,
      "monthly_PE_Q": -37.6
    },
    "2024-09": {
      "monthly_PRENEI_Q": 0.0,
      "monthly_PRELIQ_Q": 78.5,
      "monthly_PE_Q": 35.6
    },
    "2024-10": {
      "monthly_PRENEI_Q": 0.0,
      "monthly_PRELIQ_Q": 73.4,
      "monthly_PE_Q": 42.3
    },
    "2024-11": {
      "monthly_PRENEI_Q": 0.39999999999999997,
      "monthly_PRELIQ_Q": 51.9,
      "monthly_PE_Q": 37.800000000000004
    },
    "2024-12": {
      "monthly_PRENEI_Q": 0.0,
      "monthly_PRELIQ_Q": 47.2,
      "monthly_PE_Q": 36.8
    }
  }
}