{
  "years": {
    "2024": {
      "annual_PRENEI_Q": 159.7,
      "annual_PRELIQ_Q": 1332.6,
      "annual_PE_Q": 773.1
    }
  },
  "months": {
    "2024-01": {
      "monthly_PRENEI_Q": 12.799999999999999,
      "monthly_PRELIQ_Q": 106.6,
      "monthly_PE_Q": 103.3
    },
    "2024-02": {
      "monthly_PRENEI_Q": 29.6,
      "monthly_PRELIQ_Q": 73.0,
      "monthly_PE_Q": 74.2
    },
    "2024-03": {
      "monthly_PRENEI_Q": 63.8,
      "monthly_PRELIQ_Q": 89.0,
      "monthly_PE_Q": 107.4
    },
    "2024-04": {
      "monthly_PRENEI_Q": 6.4,
      "monthly_PRELIQ_Q": 109.4,
      "monthly_PE_Q": 45.300000000000004
    },
    "2024-05": {
      "monthly_PRENEI_Q": 0.0,
      "monthly_PRELIQ_Q": 191.7,
      "monthly_PE_Q": 108.89999999999999
    },
    "2024-06": {
      "monthly_PRENEI_Q": 0.0,
      "monthly_PRELIQ_Q": 105.7,
      "monthly_PE_Q": 4.8
    },
    "2024-07": {
      "monthly_PRENEI_Q": 0.0,
      "monthly_PRELIQ_Q": 90.3,
      "monthly_PE_Q": -35.099999999999994
    },
    "2024-08": {
      "monthly_PRENEI_Q": 0.0,
      "monthly_PRELIQ_Q": 50.599999999999994,
      "monthly_PE_Q": -38.800000000000004
    },
    "2024-09": {
      "monthly_PRENEI_Q": 0.0,
      "monthly_PRELIQ_Q": 214.6,
      "monthly_PE_Q": 155.10000000000002
    },
    "2024-10": {
      "monthly_PRENEI_Q": 0.0,
      "monthly_PRELIQ_Q": 137.5,
      "monthly_PE_Q": 82.60000000000001
    },
    "2024-11": {
      "monthly_PRENEI_Q": 1.0,
      "monthly_PRELIQ_Q": 95.2,
      "monthly_PE_Q": 65.7
    },
    "2024-12": {
      "monthly_PRENEI_Q": 46.099999999999994,
      "monthly_PRELIQ_Q": 69.0,
      "monthly_PE_Q": 99.7
    }
  }
}