{
  "years": {
    "2024": {
      "annual_PRENEI_Q": 12.9,
      "annual_PRELIQ_Q": 912.8,
      "annual_PE_Q": 312.9
    }
  },
  "months": {
    "2024-01": {
      "monthly_PRENEI_Q": 5.800000000000001,
      "monthly_PRELIQ_Q": 30.599999999999998,
      "monthly_PE_Q": 28.099999999999998
    },
    "2024-02": {
      "monthly_PRENEI_Q": 0.0,
      "monthly_PRELIQ_Q": 43.3,
      "monthly_PE_Q": 30.8
    },
    "2024-03": {
      "monthly_PRENEI_Q": 5.5,
      "monthly_PRELIQ_Q": 80.7,
      "monthly_PE_Q": 49.099999999999994
    },
    "2024-04": {
      "monthly_PRENEI_Q": 0.1,
      "monthly_PRELIQ_Q": 52.0,
      "monthly_PE_Q": -15.8
    },
    "2024-05": {
      "monthly_PRENEI_Q": 0.0,
      "monthly_PRELIQ_Q": 160.3,
      "monthly_PE_Q": 79.7
    },
    "2024-06": {
      "monthly_PRENEI_Q": 0.0,
      "monthly_PRELIQ_Q": 113.8,
      "monthly_PE_Q": 15.999999999999998
    },
    "2024-07": {
      "monthly_PRENEI_Q": 0.0,
      "monthly_PRELIQ_Q": 64.8,
      "monthly_PE_Q": -52.8
    },
    "2024-08": {
      "monthly_PRENEI_Q": 0.0,
      "monthly_PRELIQ_Q": 16.099999999999998,
      "monthly_PE_Q": -56.199999999999996
    },
    "2024-09": {
      "monthly_PRENEI_Q": 0.0,
      "monthly_PRELIQ_Q": 116.8,
      "monthly_PE_Q": 68.3
    },
    "2024-10": {
      "monthly_PRENEI_Q": 0.0,
      "monthly_PRELIQ_Q": 116.6,
      "monthly_PE_Q": 77.2
    },
    "2024-11": {
      "monthly_PRENEI_Q": 0.5,
      "monthly_PRELIQ_Q": 52.9,
      "monthly_PE_Q": 35.7
    },
    "2024-12": {
      "monthly_PRENEI_Q": 1.0,
      "monthly_PRELIQ_Q": 64.89999999999999,
      "monthly_PE_Q": 52.8
    }
  }
}