{
  "years": {
    "2024": {
      "annual_PRENEI_Q": 3.6999999999999997,
      "annual_PRELIQ_Q": 903.6,
      "annual_PE_Q": 281.2
    }
  },
  "months": {
    "2024-01": {
      "monthly_PRENEI_Q": 3.5999999999999996,
      "monthly_PRELIQ_Q": 29.9,
      "monthly_PE_Q": 22.5
    },
    "2024-02": {
      "monthly_PRENEI_Q": 0.0,
      "monthly_PRELIQ_Q": 46.3,
      "monthly_PE_Q": 32.699999999999996
    },
    "2024-03": {
      "monthly_PRENEI_Q": 0.0,
      "monthly_PRELIQ_Q": 127.5,
      "monthly_PE_Q": 84.2
    },
    "2024-04": {
      "monthly_PRENEI_Q": 0.0,
      "monthly_PRELIQ_Q": 42.3,
      "monthly_PE_Q": -28.2
    },
    "2024-05": {
      "monthly_PRENEI_Q": 0.0,
      "monthly_PRELIQ_Q": 122.39999999999999,
      "monthly_PE_Q": 39.6
    },
    "2024-06": {
      "monthly_PRENEI_Q": 0.0,
      "monthly_PRELIQ_Q": 102.60000000000001,
      "monthly_PE_Q": 1.0999999999999943
    },
    "2024-07": {
      "monthly_PRENEI_Q": 0.0,
      "monthly_PRELIQ_Q": 77.7,
      "monthly_PE_Q": -36.400000000000006
    },
    "2024-08": {
      "monthly_PRENEI_Q": 0.0,
      "monthly_PRELIQ_Q": 9.200000000000001,
      "monthly_PE_Q": -62.3
    },
    "2024-09": {
      "monthly_PRENEI_Q": 0.0,
      "monthly_PRELIQ_Q": 113.7,
      "monthly_PE_Q": 63.5
    },
    "2024-10": {
      "monthly_PRENEI_Q": 0.0,
      "monthly_PRELIQ_Q": 119.8,
      "monthly_PE_Q": 81.1
    },
    "2024-11": {
      "monthly_PRENEI_Q": 0.1,
      "monthly_PRELIQ_Q": 52.4,
      "monthly_PE_Q": 35.3
    },
    "2024-12": {
      "monthly_PRENEI_Q": 0.0,
      "monthly_PRELIQ_Q": 59.800000000000004,
      "monthly_PE_Q": 48.1
    }
  }
}