{
  "years": {
    "2024": {
      "annual_PRENEI_Q": 7.499999999999999,
      "annual_PRELIQ_Q": 874.1,
      "annual_PE_Q": 286.5
    }
  },
  "months": {
    "2024-01": {
      "monthly_PRENEI_Q": 1.0,
      "monthly_PRELIQ_Q": 46.8,
      "monthly_PE_Q": 40.2
    },
    "2024-02": {
      "monthly_PRENEI_Q": 0.0,
      "monthly_PRELIQ_Q": 64.5,
      "monthly_PE_Q": 45.0
    },
    "2024-03": {
      "monthly_PRENEI_Q": 0.0,
      "monthly_PRELIQ_Q": 88.10000000000001,
      "monthly_PE_Q": 44.5
    },
    "2024-04": {
      "monthly_PRENEI_Q": 0.0,
      "monthly_PRELIQ_Q": 59.0,
      "monthly_PE_Q": -5.299999999999999
    },
    "2024-05": {
      "monthly_PRENEI_Q": 0.0,
      "monthly_PRELIQ_Q": 112.0,
      "monthly_PE_Q": 36.2
    },
    "2024-06": {
      "monthly_PRENEI_Q": 0.0,
      "monthly_PRELIQ_Q": 99.7,
      "monthly_PE_Q": -2.0999999999999956
    },
    "2024-07": {
      "monthly_PRENEI_Q": 0.0,
      "monthly_PRELIQ_Q": 94.6,
      "monthly_PE_Q": -4.400000000000005
    },
    "2024-08": {
      "monthly_PRENEI_Q": 0.0,
      "monthly_PRELIQ_Q": 40.699999999999996,
      "monthly_PE_Q": -32.9
    },
    "2024-09": {
      "monthly_PRENEI_Q": 0.0,
      "monthly_PRELIQ_Q": 88.1,
      "monthly_PE_Q": 41.4
    },
    "2024-10": {
      "monthly_PRENEI_Q": 0.0,
      "monthly_PRELIQ_Q": 81.1,
      "monthly_PE_Q": 46.5
    },
    "2024-11": {
      "monthly_PRENEI_Q": 6.3,
      "monthly_PRELIQ_Q": 58.199999999999996,
      "monthly_PE_Q": 49.400000000000006
    },
    "2024-12": {
      "monthly_PRENEI_Q": 0.2,
      "monthly_PRELIQ_Q": 41.3,
      "monthly_PE_Q": 28.0
    }
  }
}