{
  "years": {
    "2024": {
      "annual_PRENEI_Q": 1.9,
      "annual_PRELIQ_Q": 765.6,
      "annual_PE_Q": 259.2
    }
  },
  "months": {
    "2024-01": {
      "monthly_PRENEI_Q": 0.1,
      "monthly_PRELIQ_Q": 67.8,
      "monthly_PE_Q": 50.0
    },
    "2024-02": {
      "monthly_PRENEI_Q": 0.0,
      "monthly_PRELIQ_Q": 75.5,
      "monthly_PE_Q": 51.0
    },
    "2024-03": {
      "monthly_PRENEI_Q": 0.0,
      "monthly_PRELIQ_Q": 68.1,
      "monthly_PE_Q": 21.900000000000002
    },
    "2024-04": {
      "monthly_PRENEI_Q": 0.0,
      "monthly_PRELIQ_Q": 60.900000000000006,
      "monthly_PE_Q": -0.09999999999999876
    },
    "2024-05": {
      "monthly_PRENEI_Q": 0.0,
      "monthly_PRELIQ_Q": 82.5,
      "monthly_PE_Q": -0.6000000000000014
    },
    "2024-06": {
      "monthly_PRENEI_Q": 0.0,
      "monthly_PRELIQ_Q": 58.300000000000004,
      "monthly_PE_Q": -7.100000000000001
    },
    "2024-07": {
      "monthly_PRENEI_Q": 0.0,
      "monthly_PRELIQ_Q": 36.900000000000006,
      "monthly_PE_Q": -20.6
    },
    "2024-08": {
      "monthly_PRENEI_Q": 0.0,
      "monthly_PRELIQ_Q": 36.4,
      "monthly_PE_Q": -2.9999999999999996
    },
    "2024-09": {
      "monthly_PRENEI_Q": 0.0,
      "monthly_PRELIQ_Q": 69.89999999999999,
      "monthly_PE_Q": 22.2
    },
    "2024-10": {
      "monthly_PRENEI_Q": 0.0,
      "monthly_PRELIQ_Q": 127.7,
      "monthly_PE_Q": 92.3
    },
    "2024-11": {
      "monthly_PRENEI_Q": 1.8,
      "monthly_PRELIQ_Q": 44.5,
      "monthly_PE_Q": 30.0
    },
    "2024-12": {
      "monthly_PRENEI_Q": 0.0,
      "monthly_PRELIQ_Q": 37.1,
      "monthly_PE_Q": 23.2
    }
  }
}