{
  "years": {
    "2024": {
      "annual_PRENEI_Q": 6.9,
      "annual_PRELIQ_Q": 964.3,
      "annual_PE_Q": 338.1
    }
  },
  "months": {
    "2024-01": {
      "monthly_PRENEI_Q": 2.1999999999999997,
      "monthly_PRELIQ_Q": 58.8,
      "monthly_PE_Q": 47.2
    },
    "2024-02": {
      "monthly_PRENEI_Q": 0.0,
      "monthly_PRELIQ_Q": 78.6,
      "monthly_PE_Q": 56.5
    },
    "2024-03": {
      "monthly_PRENEI_Q": 0.0,
      "monthly_PRELIQ_Q": 91.7,
      "monthly_PE_Q": 44.5
    },
    "2024-04": {
      "monthly_PRENEI_Q": 0.0,
      "monthly_PRELIQ_Q": 53.3,
      "monthly_PE_Q": -13.200000000000001
    },
    "2024-05": {
      "monthly_PRENEI_Q": 0.0,
      "monthly_PRELIQ_Q": 118.6,
      "monthly_PE_Q": 35.300000000000004
    },
    "2024-06": {
      "monthly_PRENEI_Q": 0.0,
      "monthly_PRELIQ_Q": 97.4,
      "monthly_PE_Q": -6.499999999999998
    },
    "2024-07": {
      "monthly_PRENEI_Q": 0.0,
      "monthly_PRELIQ_Q": 82.89999999999999,
      "monthly_PE_Q": -17.799999999999997
    },
    "2024-08": {
      "monthly_PRENEI_Q": 0.0,
      "monthly_PRELIQ_Q": 64.5,
      "monthly_PE_Q": -12.100000000000001
    },
    "2024-09": {
      "monthly_PRENEI_Q": 0.0,
      "monthly_PRELIQ_Q": 129.0,
      "monthly_PE_Q": 74.0
    },
    "2024-10": {
      "monthly_PRENEI_Q": 0.0,
      "monthly_PRELIQ_Q": 68.8,
      "monthly_PE_Q": 33.6
    },
    "2024-11": {
      "monthly_PRENEI_Q": 3.9000000000000004,
      "monthly_PRELIQ_Q": 67.2,
      "monthly_PE_Q": 54.5
    },
    "2024-12": {
      "monthly_PRENEI_Q": 0.8,
      "monthly_PRELIQ_Q": 53.5,
      "monthly_PE_Q": 42.1
    }
  }
}