{
  "years": {
    "2024": {
      "annual_PRENEI_Q": 9.0,
      "annual_PRELIQ_Q": 1013.7,
      "annual_PE_Q": 363.1
    }
  },
  "months": {
    "2024-01": {
      "monthly_PRENEI_Q": 1.7000000000000002,
      "monthly_PRELIQ_Q": 61.2,
      "monthly_PE_Q": 48.1
    },
    "2024-02": {
      "monthly_PRENEI_Q": 0.0,
      "monthly_PRELIQ_Q": 100.2,
      "monthly_PE_Q": 77.2
    },
    "2024-03": {
      "monthly_PRENEI_Q": 0.0,
      "monthly_PRELIQ_Q": 74.2,
      "monthly_PE_Q": 27.099999999999998
    },
    "2024-04": {
      "monthly_PRENEI_Q": 0.0,
      "monthly_PRELIQ_Q": 57.8,
      "monthly_PE_Q": -10.1
    },
    "2024-05": {
      "monthly_PRENEI_Q": 0.0,
      "monthly_PRELIQ_Q": 99.3,
      "monthly_PE_Q": 17.099999999999998
    },
    "2024-06": {
      "monthly_PRENEI_Q": 0.0,
      "monthly_PRELIQ_Q": 73.2,
      "monthly_PE_Q": -30.7
    },
    "2024-07": {
      "monthly_PRENEI_Q": 0.0,
      "monthly_PRELIQ_Q": 116.8,
      "monthly_PE_Q": 13.499999999999996
    },
    "2024-08": {
      "monthly_PRENEI_Q": 0.0,
      "monthly_PRELIQ_Q": 86.89999999999999,
      "monthly_PE_Q": -0.30000000000000604
    },
    "2024-09": {
      "monthly_PRENEI_Q": 0.0,
      "monthly_PRELIQ_Q": 131.9,
      "monthly_PE_Q": 73.69999999999999
    },
    "2024-10": {
      "monthly_PRENEI_Q": 0.0,
      "monthly_PRELIQ_Q": 89.6,
      "monthly_PE_Q": 51.2
    },
    "2024-11": {
      "monthly_PRENEI_Q": 7.199999999999999,
      "monthly_PRELIQ_Q": 57.0,
      "monthly_PE_Q": 44.8
    },
    "2024-12": {
      "monthly_PRENEI_Q": 0.1,
      "monthly_PRELIQ_Q": 65.6,
      "monthly_PE_Q": 51.5
    }
  }
}