{
  "years": {
    "2024": {
      "annual_PRENEI_Q": 15.5,
      "annual_PRELIQ_Q": 876.8,
      "annual_PE_Q": 341.9
    }
  },
  "months": {
    "2024-01": {
      "monthly_PRENEI_Q": 13.9,
      "monthly_PRELIQ_Q": 50.099999999999994,
      "monthly_PE_Q": 52.599999999999994
    },
    "2024-02": {
      "monthly_PRENEI_Q": 0.0,
      "monthly_PRELIQ_Q": 85.9,
      "monthly_PE_Q": 69.6
    },
    "2024-03": {
      "monthly_PRENEI_Q": 0.5,
      "monthly_PRELIQ_Q": 96.8,
      "monthly_PE_Q": 62.6
    },
    "2024-04": {
      "monthly_PRENEI_Q": 0.0,
      "monthly_PRELIQ_Q": 67.9,
      "monthly_PE_Q": 8.599999999999998
    },
    "2024-05": {
      "monthly_PRENEI_Q": 0.0,
      "monthly_PRELIQ_Q": 114.0,
      "monthly_PE_Q": 44.8
    },
    "2024-06": {
      "monthly_PRENEI_Q": 0.0,
      "monthly_PRELIQ_Q": 66.10000000000001,
      "monthly_PE_Q": -20.0
    },
    "2024-07": {
      "monthly_PRENEI_Q": 0.0,
      "monthly_PRELIQ_Q": 79.0,
      "monthly_PE_Q": -9.099999999999998
    },
    "2024-08": {
      "monthly_PRENEI_Q": 0.0,
      "monthly_PRELIQ_Q": 34.199999999999996,
      "monthly_PE_Q": -36.4
    },
    "2024-09": {
      "monthly_PRENEI_Q": 0.0,
      "monthly_PRELIQ_Q": 85.5,
      "monthly_PE_Q": 35.2
    },
    "2024-10": {
      "monthly_PRENEI_Q": 0.0,
      "monthly_PRELIQ_Q": 76.7,
      "monthly_PE_Q": 45.300000000000004
    },
    "2024-11": {
      "monthly_PRENEI_Q": 0.9000000000000001,
      "monthly_PRELIQ_Q": 55.1,
      "monthly_PE_Q": 37.8
    },
    "2024-12": {
      "monthly_PRENEI_Q": 0.2,
      "monthly_PRELIQ_Q": 65.5,
      "monthly_PE_Q": 50.9
    }
  }
}