{
  "years": {
    "2024": {
      "annual_PRENEI_Q": 8.3,
      "annual_PRELIQ_Q": 860.5,
      "annual_PE_Q": 273.8
    }
  },
  "months": {
    "2024-01": {
      "monthly_PRENEI_Q": 1.1,
      "monthly_PRELIQ_Q": 82.5,
      "monthly_PE_Q": 66.1
    },
    "2024-02": {
      "monthly_PRENEI_Q": 0.0,
      "monthly_PRELIQ_Q": 87.1,
      "monthly_PE_Q": 59.699999999999996
    },
    "2024-03": {
      "monthly_PRENEI_Q": 0.0,
      "monthly_PRELIQ_Q": 54.0,
      "monthly_PE_Q": 9.200000000000001
    },
    "2024-04": {
      "monthly_PRENEI_Q": 0.0,
      "monthly_PRELIQ_Q": 62.8,
      "monthly_PE_Q": -6.699999999999998
    },
    "2024-05": {
      "monthly_PRENEI_Q": 0.0,
      "monthly_PRELIQ_Q": 76.4,
      "monthly_PE_Q": -12.200000000000001
    },
    "2024-06": {
      "monthly_PRENEI_Q": 0.0,
      "monthly_PRELIQ_Q": 22.599999999999998,
      "monthly_PE_Q": -63.6
    },
    "2024-07": {
      "monthly_PRENEI_Q": 0.0,
      "monthly_PRELIQ_Q": 46.5,
      "monthly_PE_Q": -19.1
    },
    "2024-08": {
      "monthly_PRENEI_Q": 0.0,
      "monthly_PRELIQ_Q": 58.699999999999996,
      "monthly_PE_Q": 1.0000000000000007
    },
    "2024-09": {
      "monthly_PRENEI_Q": 0.0,
      "monthly_PRELIQ_Q": 137.8,
      "monthly_PE_Q": 79.3
    },
    "2024-10": {
      "monthly_PRENEI_Q": 0.0,
      "monthly_PRELIQ_Q": 115.7,
      "monthly_PE_Q": 74.60000000000001
    },
    "2024-11": {
      "monthly_PRENEI_Q": 7.2,
      "monthly_PRELIQ_Q": 63.4,
      "monthly_PE_Q": 49.9
    },
    "2024-12": {
      "monthly_PRENEI_Q": 0.0,
      "monthly_PRELIQ_Q": 53.0,
      "monthly_PE_Q": 35.6
    }
  }
}