{
  "years": {
    "2024": {
      "annual_PRENEI_Q": 238.1,
      "annual_PRELIQ_Q": 1089.5,
      "annual_PE_Q": 654.1999999999999
    }
  },
  "months": {
    "2024-01": {
      "monthly_PRENEI_Q": 14.799999999999999,
      "monthly_PRELIQ_Q": 55.0,
      "monthly_PE_Q": 59.7
    },
    "2024-02": {
      "monthly_PRENEI_Q": 58.300000000000004,
      "monthly_PRELIQ_Q": 45.0,
      "monthly_PE_Q": 87.5
    },
    "2024-03": {
      "monthly_PRENEI_Q": 97.3,
      "monthly_PRELIQ_Q": 68.3,
      "monthly_PE_Q": 136.3
    },
    "2024-04": {
      "monthly_PRENEI_Q": 13.8,
      "monthly_PRELIQ_Q": 95.5,
      "monthly_PE_Q": 49.199999999999996
    },
    "2024-05": {
      "monthly_PRENEI_Q": 8.0,
      "monthly_PRELIQ_Q": 128.5,
      "monthly_PE_Q": 53.8
    },
    "2024-06": {
      "monthly_PRENEI_Q": 0.0,
      "monthly_PRELIQ_Q": 79.39999999999999,
      "monthly_PE_Q": -24.599999999999998
    },
    "2024-07": {
      "monthly_PRENEI_Q": 0.0,
      "monthly_PRELIQ_Q": 110.39999999999999,
      "monthly_PE_Q": -26.400000000000002
    },
    "2024-08": {
      "monthly_PRENEI_Q": 0.0,
      "monthly_PRELIQ_Q": 51.5,
      "monthly_PE_Q": -35.6
    },
    "2024-09": {
      "monthly_PRENEI_Q": 0.1,
      "monthly_PRELIQ_Q": 172.4,
      "monthly_PE_Q": 113.8
    },
    "2024-10": {
      "monthly_PRENEI_Q": 0.0,
      "monthly_PRELIQ_Q": 174.7,
      "monthly_PE_Q": 121.8
    },
    "2024-11": {
      "monthly_PRENEI_Q": 9.0,
      "monthly_PRELIQ_Q": 72.4,
      "monthly_PE_Q": 56.5
    },
    "2024-12": {
      "monthly_PRENEI_Q": 36.8,
      "monthly_PRELIQ_Q": 36.4,
      "monthly_PE_Q": 62.199999999999996
    }
  }
}