{
  "years": {
    "2024": {
      "annual_PRENEI_Q": 181.5,
      "annual_PRELIQ_Q": 1107.8,
      "annual_PE_Q": 611.8
    }
  },
  "months": {
    "2024-01": {
      "monthly_PRENEI_Q": 13.6,
      "monthly_PRELIQ_Q": 54.0,
      "monthly_PE_Q": 57.699999999999996
    },
    "2024-02": {
      "monthly_PRENEI_Q": 43.6,
      "monthly_PRELIQ_Q": 56.8,
      "monthly_PE_Q": 83.3
    },
    "2024-03": {
      "monthly_PRENEI_Q": 75.8,
      "monthly_PRELIQ_Q": 85.10000000000001,
      "monthly_PE_Q": 126.39999999999999
    },
    "2024-04": {
      "monthly_PRENEI_Q": 7.800000000000001,
      "monthly_PRELIQ_Q": 98.5,
      "monthly_PE_Q": 46.8
    },
    "2024-05": {
      "monthly_PRENEI_Q": 0.8999999999999999,
      "monthly_PRELIQ_Q": 131.8,
      "monthly_PE_Q": 48.199999999999996
    },
    "2024-06": {
      "monthly_PRENEI_Q": 0.0,
      "monthly_PRELIQ_Q": 77.1,
      "monthly_PE_Q": -28.4
    },
    "2024-07": {
      "monthly_PRENEI_Q": 0.0,
      "monthly_PRELIQ_Q": 107.3,
      "monthly_PE_Q": -29.4
    },
    "2024-08": {
      "monthly_PRENEI_Q": 0.0,
      "monthly_PRELIQ_Q": 50.2,
      "monthly_PE_Q": -33.2
    },
    "2024-09": {
      "monthly_PRENEI_Q": 0.0,
      "monthly_PRELIQ_Q": 167.20000000000002,
      "monthly_PE_Q": 109.7
    },
    "2024-10": {
      "monthly_PRENEI_Q": 0.0,
      "monthly_PRELIQ_Q": 169.5,
      "monthly_PE_Q": 117.0
    },
    "2024-11": {
      "monthly_PRENEI_Q": 6.3,
      "monthly_PRELIQ_Q": 72.9,
      "monthly_PE_Q": 53.800000000000004
    },
    "2024-12": {
      "monthly_PRENEI_Q": 33.5,
      "monthly_PRELIQ_Q": 37.4,
      "monthly_PE_Q": 59.9
    }
  }
}