{
  "years": {
    "2024": {
      "annual_PRENEI_Q": 168.7,
      "annual_PRELIQ_Q": 1109.5,
      "annual_PE_Q": 610.0
    }
  },
  "months": {
    "2024-01": {
      "monthly_PRENEI_Q": 13.299999999999999,
      "monthly_PRELIQ_Q": 53.7,
      "monthly_PE_Q": 56.4
    },
    "2024-02": {
      "monthly_PRENEI_Q": 40.2,
      "monthly_PRELIQ_Q": 59.4,
      "monthly_PE_Q": 80.8
    },
    "2024-03": {
      "monthly_PRENEI_Q": 70.7,
      "monthly_PRELIQ_Q": 88.9,
      "monthly_PE_Q": 122.3
    },
    "2024-04": {
      "monthly_PRENEI_Q": 6.4,
      "monthly_PRELIQ_Q": 98.8,
      "monthly_PE_Q": 44.300000000000004
    },
    "2024-05": {
      "monthly_PRENEI_Q": 0.0,
      "monthly_PRELIQ_Q": 131.1,
      "monthly_PE_Q": 48.400000000000006
    },
    "2024-06": {
      "monthly_PRENEI_Q": 0.0,
      "monthly_PRELIQ_Q": 76.3,
      "monthly_PE_Q": -25.400000000000002
    },
    "2024-07": {
      "monthly_PRENEI_Q": 0.0,
      "monthly_PRELIQ_Q": 106.4,
      "monthly_PE_Q": -23.599999999999998
    },
    "2024-08": {
      "monthly_PRENEI_Q": 0.0,
      "monthly_PRELIQ_Q": 49.7,
      "monthly_PE_Q": -28.499999999999996
    },
    "2024-09": {
      "monthly_PRENEI_Q": 0.0,
      "monthly_PRELIQ_Q": 166.0,
      "monthly_PE_Q": 109.1
    },
    "2024-10": {
      "monthly_PRENEI_Q": 0.0,
      "monthly_PRELIQ_Q": 168.1,
      "monthly_PE_Q": 115.5
    },
    "2024-11": {
      "monthly_PRENEI_Q": 5.8,
      "monthly_PRELIQ_Q": 72.8,
      "monthly_PE_Q": 52.900000000000006
    },
    "2024-12": {
      "monthly_PRENEI_Q": 32.3,
      "monthly_PRELIQ_Q": 38.3,
      "monthly_PE_Q": 57.800000000000004
    }
  }
}