{
  "years": {
    "2024": {
      "annual_PRENEI_Q": 53.9,
      "annual_PRELIQ_Q": 944.0,
      "annual_PE_Q": 310.2
    }
  },
  "months": {
    "2024-01": {
      "monthly_PRENEI_Q": 15.299999999999999,
      "monthly_PRELIQ_Q": 50.5,
      "monthly_PE_Q": 48.8
    },
    "2024-02": {
      "monthly_PRENEI_Q": 7.699999999999999,
      "monthly_PRELIQ_Q": 53.800000000000004,
      "monthly_PE_Q": 33.5
    },
    "2024-03": {
      "monthly_PRENEI_Q": 19.6,
      "monthly_PRELIQ_Q": 93.2,
      "monthly_PE_Q": 57.199999999999996
    },
    "2024-04": {
      "monthly_PRENEI_Q": 0.0,
      "monthly_PRELIQ_Q": 80.5,
      "monthly_PE_Q": 10.800000000000002
    },
    "2024-05": {
      "monthly_PRENEI_Q": 0.0,
      "monthly_PRELIQ_Q": 110.3,
      "monthly_PE_Q": 27.5
    },
    "2024-06": {
      "monthly_PRENEI_Q": 0.0,
      "monthly_PRELIQ_Q": 62.7,
      "monthly_PE_Q": -34.8
    },
    "2024-07": {
      "monthly_PRENEI_Q": 0.0,
      "monthly_PRELIQ_Q": 81.9,
      "monthly_PE_Q": -24.4
    },
    "2024-08": {
      "monthly_PRENEI_Q": 0.0,
      "monthly_PRELIQ_Q": 38.7,
      "monthly_PE_Q": -30.200000000000003
    },
    "2024-09": {
      "monthly_PRENEI_Q": 0.0,
      "monthly_PRELIQ_Q": 166.6,
      "monthly_PE_Q": 105.0
    },
    "2024-10": {
      "monthly_PRENEI_Q": 0.0,
      "monthly_PRELIQ_Q": 101.3,
      "monthly_PE_Q": 47.1
    },
    "2024-11": {
      "monthly_PRENEI_Q": 0.0,
      "monthly_PRELIQ_Q": 59.2,
      "monthly_PE_Q": 29.0
    },
    "2024-12": {
      "monthly_PRENEI_Q": 11.299999999999999,
      "monthly_PRELIQ_Q": 45.3,
      "monthly_PE_Q": 40.699999999999996
    }
  }
}