{
  "years": {
    "2024": {
      "annual_PRENEI_Q": 94.1,
      "annual_PRELIQ_Q": 798.0,
      "annual_PE_Q": 241.29999999999998
    }
  },
  "months": {
    "2024-01": {
      "monthly_PRENEI_Q": 10.8,
      "monthly_PRELIQ_Q": 25.5,
      "monthly_PE_Q": 17.4
    },
    "2024-02": {
      "monthly_PRENEI_Q": 5.8,
      "monthly_PRELIQ_Q": 26.2,
      "monthly_PE_Q": 9.2
    },
    "2024-03": {
      "monthly_PRENEI_Q": 44.1,
      "monthly_PRELIQ_Q": 57.8,
      "monthly_PE_Q": 60.800000000000004
    },
    "2024-04": {
      "monthly_PRENEI_Q": 2.7,
      "monthly_PRELIQ_Q": 75.2,
      "monthly_PE_Q": 10.799999999999997
    },
    "2024-05": {
      "monthly_PRENEI_Q": 0.0,
      "monthly_PRELIQ_Q": 145.5,
      "monthly_PE_Q": 70.19999999999999
    },
    "2024-06": {
      "monthly_PRENEI_Q": 0.0,
      "monthly_PRELIQ_Q": 88.5,
      "monthly_PE_Q": -5.200000000000001
    },
    "2024-07": {
      "monthly_PRENEI_Q": 0.0,
      "monthly_PRELIQ_Q": 72.3,
      "monthly_PE_Q": -30.800000000000004
    },
    "2024-08": {
      "monthly_PRENEI_Q": 0.0,
      "monthly_PRELIQ_Q": 57.800000000000004,
      "monthly_PE_Q": -21.999999999999996
    },
    "2024-09": {
      "monthly_PRENEI_Q": 0.0,
      "monthly_PRELIQ_Q": 107.3,
      "monthly_PE_Q": 50.6
    },
    "2024-10": {
      "monthly_PRENEI_Q": 0.0,
      "monthly_PRELIQ_Q": 74.8,
      "monthly_PE_Q": 28.7
    },
    "2024-11": {
      "monthly_PRENEI_Q": 0.8,
      "monthly_PRELIQ_Q": 44.1,
      "monthly_PE_Q": 15.6
    },
    "2024-12": {
      "monthly_PRENEI_Q": 29.9,
      "monthly_PRELIQ_Q": 23.0,
      "monthly_PE_Q": 36.0
    }
  }
}