{
  "years": {
    "2024": {
      "annual_PRENEI_Q": 14.8,
      "annual_PRELIQ_Q": 831.8000000000001,
      "annual_PE_Q": 245.8
    }
  },
  "months": {
    "2024-01": {
      "monthly_PRENEI_Q": 8.0,
      "monthly_PRELIQ_Q": 19.400000000000002,
      "monthly_PE_Q": 17.8
    },
    "2024-02": {
      "monthly_PRENEI_Q": 0.0,
      "monthly_PRELIQ_Q": 33.6,
      "monthly_PE_Q": 15.1
    },
    "2024-03": {
      "monthly_PRENEI_Q": 4.1,
      "monthly_PRELIQ_Q": 94.19999999999999,
      "monthly_PE_Q": 58.9
    },
    "2024-04": {
      "monthly_PRENEI_Q": 0.0,
      "monthly_PRELIQ_Q": 61.2,
      "monthly_PE_Q": 0.7000000000000017
    },
    "2024-05": {
      "monthly_PRENEI_Q": 0.0,
      "monthly_PRELIQ_Q": 115.3,
      "monthly_PE_Q": 43.5
    },
    "2024-06": {
      "monthly_PRENEI_Q": 0.0,
      "monthly_PRELIQ_Q": 87.9,
      "monthly_PE_Q": 4.440892098500626e-16
    },
    "2024-07": {
      "monthly_PRENEI_Q": 0.0,
      "monthly_PRELIQ_Q": 87.4,
      "monthly_PE_Q": -8.0
    },
    "2024-08": {
      "monthly_PRENEI_Q": 0.0,
      "monthly_PRELIQ_Q": 71.8,
      "monthly_PE_Q": -17.200000000000003
    },
    "2024-09": {
      "monthly_PRENEI_Q": 0.0,
      "monthly_PRELIQ_Q": 101.0,
      "monthly_PE_Q": 49.1
    },
    "2024-10": {
      "monthly_PRENEI_Q": 0.0,
      "monthly_PRELIQ_Q": 76.89999999999999,
      "monthly_PE_Q": 38.0
    },
    "2024-11": {
      "monthly_PRENEI_Q": 2.4,
      "monthly_PRELIQ_Q": 50.5,
      "monthly_PE_Q": 28.0
    },
    "2024-12": {
      "monthly_PRENEI_Q": 0.30000000000000004,
      "monthly_PRELIQ_Q": 32.6,
      "monthly_PE_Q": 19.9
    }
  }
}