{
  "years": {
    "2024": {
      "annual_PRENEI_Q": 7.2,
      "annual_PRELIQ_Q": 1017.0,
      "annual_PE_Q": 434.6
    }
  },
  "months": {
    "2024-01": {
      "monthly_PRENEI_Q": 3.1,
      "monthly_PRELIQ_Q": 88.7,
      "monthly_PE_Q": 68.8
    },
    "2024-02": {
      "monthly_PRENEI_Q": 0.0,
      "monthly_PRELIQ_Q": 163.3,
      "monthly_PE_Q": 136.70000000000002
    },
    "2024-03": {
      "monthly_PRENEI_Q": 0.0,
      "monthly_PRELIQ_Q": 78.6,
      "monthly_PE_Q": 36.6
    },
    "2024-04": {
      "monthly_PRENEI_Q": 0.0,
      "monthly_PRELIQ_Q": 64.2,
      "monthly_PE_Q": 6.1
    },
    "2024-05": {
      "monthly_PRENEI_Q": 0.0,
      "monthly_PRELIQ_Q": 69.39999999999999,
      "monthly_PE_Q": -2.220446049250313e-15
    },
    "2024-06": {
      "monthly_PRENEI_Q": 0.0,
      "monthly_PRELIQ_Q": 18.6,
      "monthly_PE_Q": -57.800000000000004
    },
    "2024-07": {
      "monthly_PRENEI_Q": 0.0,
      "monthly_PRELIQ_Q": 92.3,
      "monthly_PE_Q": 26.6
    },
    "2024-08": {
      "monthly_PRENEI_Q": 0.0,
      "monthly_PRELIQ_Q": 63.7,
      "monthly_PE_Q": -5.800000000000002
    },
    "2024-09": {
      "monthly_PRENEI_Q": 0.0,
      "monthly_PRELIQ_Q": 119.1,
      "monthly_PE_Q": 61.300000000000004
    },
    "2024-10": {
      "monthly_PRENEI_Q": 0.0,
      "monthly_PRELIQ_Q": 89.8,
      "monthly_PE_Q": 47.199999999999996
    },
    "2024-11": {
      "monthly_PRENEI_Q": 4.1,
      "monthly_PRELIQ_Q": 84.9,
      "monthly_PE_Q": 61.9
    },
    "2024-12": {
      "monthly_PRENEI_Q": 0.0,
      "monthly_PRELIQ_Q": 84.39999999999999,
      "monthly_PE_Q": 53.0
    }
  }
}