{
  "years": {
    "2024": {
      "annual_PRENEI_Q": 6.1,
      "annual_PRELIQ_Q": 956.6,
      "annual_PE_Q": 410.3
    }
  },
  "months": {
    "2024-01": {
      "monthly_PRENEI_Q": 0.0,
      "monthly_PRELIQ_Q": 41.199999999999996,
      "monthly_PE_Q": 34.4
    },
    "2024-02": {
      "monthly_PRENEI_Q": 0.1,
      "monthly_PRELIQ_Q": 58.3,
      "monthly_PE_Q": 47.199999999999996
    },
    "2024-03": {
      "monthly_PRENEI_Q": 0.1,
      "monthly_PRELIQ_Q": 150.0,
      "monthly_PE_Q": 113.69999999999999
    },
    "2024-04": {
      "monthly_PRENEI_Q": 0.0,
      "monthly_PRELIQ_Q": 47.9,
      "monthly_PE_Q": -10.2
    },
    "2024-05": {
      "monthly_PRENEI_Q": 0.0,
      "monthly_PRELIQ_Q": 133.3,
      "monthly_PE_Q": 61.1
    },
    "2024-06": {
      "monthly_PRENEI_Q": 0.0,
      "monthly_PRELIQ_Q": 101.7,
      "monthly_PE_Q": 10.799999999999999
    },
    "2024-07": {
      "monthly_PRENEI_Q": 0.0,
      "monthly_PRELIQ_Q": 63.2,
      "monthly_PE_Q": -37.2
    },
    "2024-08": {
      "monthly_PRENEI_Q": 0.0,
      "monthly_PRELIQ_Q": 17.9,
      "monthly_PE_Q": -58.0
    },
    "2024-09": {
      "monthly_PRENEI_Q": 0.0,
      "monthly_PRELIQ_Q": 108.1,
      "monthly_PE_Q": 64.3
    },
    "2024-10": {
      "monthly_PRENEI_Q": 0.0,
      "monthly_PRELIQ_Q": 123.2,
      "monthly_PE_Q": 90.6
    },
    "2024-11": {
      "monthly_PRENEI_Q": 5.8999999999999995,
      "monthly_PRELIQ_Q": 55.199999999999996,
      "monthly_PE_Q": 46.00000000000001
    },
    "2024-12": {
      "monthly_PRENEI_Q": 0.0,
      "monthly_PRELIQ_Q": 56.6,
      "monthly_PE_Q": 47.599999999999994
    }
  }
}