{
  "years": {
    "2024": {
      "annual_PRENEI_Q": 9.499999999999998,
      "annual_PRELIQ_Q": 1027.0,
      "annual_PE_Q": 448.5
    }
  },
  "months": {
    "2024-01": {
      "monthly_PRENEI_Q": 0.2,
      "monthly_PRELIQ_Q": 67.7,
      "monthly_PE_Q": 60.9
    },
    "2024-02": {
      "monthly_PRENEI_Q": 0.0,
      "monthly_PRELIQ_Q": 96.60000000000001,
      "monthly_PE_Q": 79.7
    },
    "2024-03": {
      "monthly_PRENEI_Q": 0.0,
      "monthly_PRELIQ_Q": 120.3,
      "monthly_PE_Q": 80.2
    },
    "2024-04": {
      "monthly_PRENEI_Q": 0.0,
      "monthly_PRELIQ_Q": 59.5,
      "monthly_PE_Q": -4.399999999999999
    },
    "2024-05": {
      "monthly_PRENEI_Q": 0.0,
      "monthly_PRELIQ_Q": 135.29999999999998,
      "monthly_PE_Q": 59.5
    },
    "2024-06": {
      "monthly_PRENEI_Q": 0.0,
      "monthly_PRELIQ_Q": 133.29999999999998,
      "monthly_PE_Q": 34.300000000000004
    },
    "2024-07": {
      "monthly_PRENEI_Q": 0.0,
      "monthly_PRELIQ_Q": 70.8,
      "monthly_PE_Q": -35.6
    },
    "2024-08": {
      "monthly_PRENEI_Q": 0.0,
      "monthly_PRELIQ_Q": 32.2,
      "monthly_PE_Q": -47.7
    },
    "2024-09": {
      "monthly_PRENEI_Q": 0.0,
      "monthly_PRELIQ_Q": 107.5,
      "monthly_PE_Q": 59.9
    },
    "2024-10": {
      "monthly_PRENEI_Q": 0.0,
      "monthly_PRELIQ_Q": 76.2,
      "monthly_PE_Q": 46.199999999999996
    },
    "2024-11": {
      "monthly_PRENEI_Q": 9.299999999999999,
      "monthly_PRELIQ_Q": 62.5,
      "monthly_PE_Q": 59.4
    },
    "2024-12": {
      "monthly_PRENEI_Q": 0.0,
      "monthly_PRELIQ_Q": 65.1,
      "monthly_PE_Q": 56.1
    }
  }
}