{
  "years": {
    "2024": {
      "annual_PRENEI_Q": 10.600000000000001,
      "annual_PRELIQ_Q": 1034.8,
      "annual_PE_Q": 444.3
    }
  },
  "months": {
    "2024-01": {
      "monthly_PRENEI_Q": 3.3000000000000003,
      "monthly_PRELIQ_Q": 90.5,
      "monthly_PE_Q": 69.3
    },
    "2024-02": {
      "monthly_PRENEI_Q": 0.0,
      "monthly_PRELIQ_Q": 166.3,
      "monthly_PE_Q": 137.9
    },
    "2024-03": {
      "monthly_PRENEI_Q": 0.0,
      "monthly_PRELIQ_Q": 80.3,
      "monthly_PE_Q": 37.699999999999996
    },
    "2024-04": {
      "monthly_PRENEI_Q": 0.0,
      "monthly_PRELIQ_Q": 65.3,
      "monthly_PE_Q": 8.8
    },
    "2024-05": {
      "monthly_PRENEI_Q": 0.0,
      "monthly_PRELIQ_Q": 71.1,
      "monthly_PE_Q": 2.3000000000000007
    },
    "2024-06": {
      "monthly_PRENEI_Q": 0.0,
      "monthly_PRELIQ_Q": 19.0,
      "monthly_PE_Q": -57.8
    },
    "2024-07": {
      "monthly_PRENEI_Q": 0.0,
      "monthly_PRELIQ_Q": 94.1,
      "monthly_PE_Q": 27.699999999999996
    },
    "2024-08": {
      "monthly_PRENEI_Q": 0.0,
      "monthly_PRELIQ_Q": 65.0,
      "monthly_PE_Q": -4.099999999999998
    },
    "2024-09": {
      "monthly_PRENEI_Q": 0.0,
      "monthly_PRELIQ_Q": 121.6,
      "monthly_PE_Q": 63.300000000000004
    },
    "2024-10": {
      "monthly_PRENEI_Q": 0.0,
      "monthly_PRELIQ_Q": 91.9,
      "monthly_PE_Q": 48.6
    },
    "2024-11": {
      "monthly_PRENEI_Q": 7.3,
      "monthly_PRELIQ_Q": 83.7,
      "monthly_PE_Q": 61.50000000000001
    },
    "2024-12": {
      "monthly_PRENEI_Q": 0.0,
      "monthly_PRELIQ_Q": 86.0,
      "monthly_PE_Q": 49.1
    }
  }
}