{
  "years": {
    "2024": {
      "annual_PRENEI_Q": 7.300000000000001,
      "annual_PRELIQ_Q": 1002.4,
      "annual_PE_Q": 411.7
    }
  },
  "months": {
    "2024-01": {
      "monthly_PRENEI_Q": 0.2,
      "monthly_PRELIQ_Q": 66.2,
      "monthly_PE_Q": 57.7
    },
    "2024-02": {
      "monthly_PRENEI_Q": 0.0,
      "monthly_PRELIQ_Q": 94.2,
      "monthly_PE_Q": 75.4
    },
    "2024-03": {
      "monthly_PRENEI_Q": 0.0,
      "monthly_PRELIQ_Q": 117.10000000000001,
      "monthly_PE_Q": 75.3
    },
    "2024-04": {
      "monthly_PRENEI_Q": 0.0,
      "monthly_PRELIQ_Q": 58.099999999999994,
      "monthly_PE_Q": -7.1
    },
    "2024-05": {
      "monthly_PRENEI_Q": 0.0,
      "monthly_PRELIQ_Q": 131.70000000000002,
      "monthly_PE_Q": 54.699999999999996
    },
    "2024-06": {
      "monthly_PRENEI_Q": 0.0,
      "monthly_PRELIQ_Q": 129.6,
      "monthly_PE_Q": 29.700000000000006
    },
    "2024-07": {
      "monthly_PRENEI_Q": 0.0,
      "monthly_PRELIQ_Q": 68.7,
      "monthly_PE_Q": -37.300000000000004
    },
    "2024-08": {
      "monthly_PRENEI_Q": 0.0,
      "monthly_PRELIQ_Q": 31.299999999999997,
      "monthly_PE_Q": -45.4
    },
    "2024-09": {
      "monthly_PRENEI_Q": 0.0,
      "monthly_PRELIQ_Q": 104.8,
      "monthly_PE_Q": 56.900000000000006
    },
    "2024-10": {
      "monthly_PRENEI_Q": 0.0,
      "monthly_PRELIQ_Q": 74.3,
      "monthly_PE_Q": 42.99999999999999
    },
    "2024-11": {
      "monthly_PRENEI_Q": 7.1000000000000005,
      "monthly_PRELIQ_Q": 62.800000000000004,
      "monthly_PE_Q": 55.6
    },
    "2024-12": {
      "monthly_PRENEI_Q": 0.0,
      "monthly_PRELIQ_Q": 63.6,
      "monthly_PE_Q": 53.2
    }
  }
}