{
  "years": {
    "2024": {
      "annual_PRENEI_Q": 10.3,
      "annual_PRELIQ_Q": 947.3000000000001,
      "annual_PE_Q": 363.6
    }
  },
  "months": {
    "2024-01": {
      "monthly_PRENEI_Q": 2.9,
      "monthly_PRELIQ_Q": 50.5,
      "monthly_PE_Q": 43.1
    },
    "2024-02": {
      "monthly_PRENEI_Q": 0.0,
      "monthly_PRELIQ_Q": 69.4,
      "monthly_PE_Q": 50.300000000000004
    },
    "2024-03": {
      "monthly_PRENEI_Q": 0.0,
      "monthly_PRELIQ_Q": 89.4,
      "monthly_PE_Q": 46.6
    },
    "2024-04": {
      "monthly_PRENEI_Q": 0.0,
      "monthly_PRELIQ_Q": 65.5,
      "monthly_PE_Q": 2.3999999999999995
    },
    "2024-05": {
      "monthly_PRENEI_Q": 0.0,
      "monthly_PRELIQ_Q": 100.5,
      "monthly_PE_Q": 23.300000000000004
    },
    "2024-06": {
      "monthly_PRENEI_Q": 0.0,
      "monthly_PRELIQ_Q": 104.5,
      "monthly_PE_Q": 6.9
    },
    "2024-07": {
      "monthly_PRENEI_Q": 0.0,
      "monthly_PRELIQ_Q": 83.5,
      "monthly_PE_Q": -11.699999999999998
    },
    "2024-08": {
      "monthly_PRENEI_Q": 0.0,
      "monthly_PRELIQ_Q": 58.5,
      "monthly_PE_Q": -20.4
    },
    "2024-09": {
      "monthly_PRENEI_Q": 0.0,
      "monthly_PRELIQ_Q": 114.10000000000001,
      "monthly_PE_Q": 63.5
    },
    "2024-10": {
      "monthly_PRENEI_Q": 0.0,
      "monthly_PRELIQ_Q": 77.5,
      "monthly_PE_Q": 44.699999999999996
    },
    "2024-11": {
      "monthly_PRENEI_Q": 7.000000000000001,
      "monthly_PRELIQ_Q": 73.7,
      "monthly_PE_Q": 66.0
    },
    "2024-12": {
      "monthly_PRENEI_Q": 0.4,
      "monthly_PRELIQ_Q": 60.2,
      "monthly_PE_Q": 48.9
    }
  }
}