{
  "years": {
    "2024": {
      "annual_PRENEI_Q": 10.8,
      "annual_PRELIQ_Q": 952.0,
      "annual_PE_Q": 374.40000000000003
    }
  },
  "months": {
    "2024-01": {
      "monthly_PRENEI_Q": 3.0,
      "monthly_PRELIQ_Q": 50.7,
      "monthly_PE_Q": 43.4
    },
    "2024-02": {
      "monthly_PRENEI_Q": 0.0,
      "monthly_PRELIQ_Q": 69.8,
      "monthly_PE_Q": 51.3
    },
    "2024-03": {
      "monthly_PRENEI_Q": 0.0,
      "monthly_PRELIQ_Q": 89.8,
      "monthly_PE_Q": 46.9
    },
    "2024-04": {
      "monthly_PRENEI_Q": 0.0,
      "monthly_PRELIQ_Q": 65.80000000000001,
      "monthly_PE_Q": 3.7
    },
    "2024-05": {
      "monthly_PRENEI_Q": 0.0,
      "monthly_PRELIQ_Q": 101.0,
      "monthly_PE_Q": 25.0
    },
    "2024-06": {
      "monthly_PRENEI_Q": 0.0,
      "monthly_PRELIQ_Q": 105.0,
      "monthly_PE_Q": 8.600000000000001
    },
    "2024-07": {
      "monthly_PRENEI_Q": 0.0,
      "monthly_PRELIQ_Q": 83.89999999999999,
      "monthly_PE_Q": -9.699999999999998
    },
    "2024-08": {
      "monthly_PRENEI_Q": 0.0,
      "monthly_PRELIQ_Q": 58.9,
      "monthly_PE_Q": -18.9
    },
    "2024-09": {
      "monthly_PRENEI_Q": 0.0,
      "monthly_PRELIQ_Q": 114.7,
      "monthly_PE_Q": 64.0
    },
    "2024-10": {
      "monthly_PRENEI_Q": 0.0,
      "monthly_PRELIQ_Q": 77.9,
      "monthly_PE_Q": 45.300000000000004
    },
    "2024-11": {
      "monthly_PRENEI_Q": 7.300000000000001,
      "monthly_PRELIQ_Q": 73.89999999999999,
      "monthly_PE_Q": 66.0
    },
    "2024-12": {
      "monthly_PRENEI_Q": 0.5,
      "monthly_PRELIQ_Q": 60.6,
      "monthly_PE_Q": 48.8
    }
  }
}