{
  "years": {
    "2024": {
      "annual_PRENEI_Q": 9.3,
      "annual_PRELIQ_Q": 971.2,
      "annual_PE_Q": 459.9
    }
  },
  "months": {
    "2024-01": {
      "monthly_PRENEI_Q": 1.9000000000000001,
      "monthly_PRELIQ_Q": 82.6,
      "monthly_PE_Q": 61.5
    },
    "2024-02": {
      "monthly_PRENEI_Q": 0.0,
      "monthly_PRELIQ_Q": 138.0,
      "monthly_PE_Q": 117.7
    },
    "2024-03": {
      "monthly_PRENEI_Q": 0.0,
      "monthly_PRELIQ_Q": 77.0,
      "monthly_PE_Q": 41.0
    },
    "2024-04": {
      "monthly_PRENEI_Q": 0.0,
      "monthly_PRELIQ_Q": 53.8,
      "monthly_PE_Q": 0.9000000000000012
    },
    "2024-05": {
      "monthly_PRENEI_Q": 0.0,
      "monthly_PRELIQ_Q": 75.10000000000001,
      "monthly_PE_Q": 13.099999999999998
    },
    "2024-06": {
      "monthly_PRENEI_Q": 0.0,
      "monthly_PRELIQ_Q": 18.1,
      "monthly_PE_Q": -57.0
    },
    "2024-07": {
      "monthly_PRENEI_Q": 0.0,
      "monthly_PRELIQ_Q": 64.9,
      "monthly_PE_Q": 1.5000000000000007
    },
    "2024-08": {
      "monthly_PRENEI_Q": 0.0,
      "monthly_PRELIQ_Q": 58.1,
      "monthly_PE_Q": -1.8999999999999992
    },
    "2024-09": {
      "monthly_PRENEI_Q": 0.0,
      "monthly_PRELIQ_Q": 130.3,
      "monthly_PE_Q": 83.69999999999999
    },
    "2024-10": {
      "monthly_PRENEI_Q": 0.0,
      "monthly_PRELIQ_Q": 86.7,
      "monthly_PE_Q": 53.1
    },
    "2024-11": {
      "monthly_PRENEI_Q": 7.3999999999999995,
      "monthly_PRELIQ_Q": 96.4,
      "monthly_PE_Q": 82.10000000000001
    },
    "2024-12": {
      "monthly_PRENEI_Q": 0.0,
      "monthly_PRELIQ_Q": 90.2,
      "monthly_PE_Q": 64.2
    }
  }
}