{
  "years": {
    "2024": {
      "annual_PRENEI_Q": 11.2,
      "annual_PRELIQ_Q": 865.8,
      "annual_PE_Q": 379.70000000000005
    }
  },
  "months": {
    "2024-01": {
      "monthly_PRENEI_Q": 11.2,
      "monthly_PRELIQ_Q": 53.9,
      "monthly_PE_Q": 55.900000000000006
    },
    "2024-02": {
      "monthly_PRENEI_Q": 0.0,
      "monthly_PRELIQ_Q": 108.10000000000001,
      "monthly_PE_Q": 97.7
    },
    "2024-03": {
      "monthly_PRENEI_Q": 0.0,
      "monthly_PRELIQ_Q": 94.4,
      "monthly_PE_Q": 68.89999999999999
    },
    "2024-04": {
      "monthly_PRENEI_Q": 0.0,
      "monthly_PRELIQ_Q": 70.7,
      "monthly_PE_Q": 15.0
    },
    "2024-05": {
      "monthly_PRENEI_Q": 0.0,
      "monthly_PRELIQ_Q": 107.69999999999999,
      "monthly_PE_Q": 41.2
    },
    "2024-06": {
      "monthly_PRENEI_Q": 0.0,
      "monthly_PRELIQ_Q": 53.0,
      "monthly_PE_Q": -24.999999999999996
    },
    "2024-07": {
      "monthly_PRENEI_Q": 0.0,
      "monthly_PRELIQ_Q": 73.5,
      "monthly_PE_Q": -4.800000000000001
    },
    "2024-08": {
      "monthly_PRENEI_Q": 0.0,
      "monthly_PRELIQ_Q": 42.8,
      "monthly_PE_Q": -34.6
    },
    "2024-09": {
      "monthly_PRENEI_Q": 0.0,
      "monthly_PRELIQ_Q": 79.9,
      "monthly_PE_Q": 33.6
    },
    "2024-10": {
      "monthly_PRENEI_Q": 0.0,
      "monthly_PRELIQ_Q": 72.3,
      "monthly_PE_Q": 43.1
    },
    "2024-11": {
      "monthly_PRENEI_Q": 0.0,
      "monthly_PRELIQ_Q": 65.39999999999999,
      "monthly_PE_Q": 53.900000000000006
    },
    "2024-12": {
      "monthly_PRENEI_Q": 0.0,
      "monthly_PRELIQ_Q": 44.1,
      "monthly_PE_Q": 34.800000000000004
    }
  }
}