{
  "years": {
    "2024": {
      "annual_PRENEI_Q": 39.5,
      "annual_PRELIQ_Q": 1044.2,
      "annual_PE_Q": 413.9
    }
  },
  "months": {
    "2024-01": {
      "monthly_PRENEI_Q": 22.3,
      "monthly_PRELIQ_Q": 21.8,
      "monthly_PE_Q": 26.099999999999998
    },
    "2024-02": {
      "monthly_PRENEI_Q": 0.8,
      "monthly_PRELIQ_Q": 87.2,
      "monthly_PE_Q": 56.400000000000006
    },
    "2024-03": {
      "monthly_PRENEI_Q": 12.6,
      "monthly_PRELIQ_Q": 170.8,
      "monthly_PE_Q": 125.6
    },
    "2024-04": {
      "monthly_PRENEI_Q": 0.0,
      "monthly_PRELIQ_Q": 95.10000000000001,
      "monthly_PE_Q": 18.500000000000004
    },
    "2024-05": {
      "monthly_PRENEI_Q": 0.0,
      "monthly_PRELIQ_Q": 134.8,
      "monthly_PE_Q": 41.400000000000006
    },
    "2024-06": {
      "monthly_PRENEI_Q": 0.0,
      "monthly_PRELIQ_Q": 35.9,
      "monthly_PE_Q": -60.2
    },
    "2024-07": {
      "monthly_PRENEI_Q": 0.0,
      "monthly_PRELIQ_Q": 44.0,
      "monthly_PE_Q": -39.5
    },
    "2024-08": {
      "monthly_PRENEI_Q": 0.0,
      "monthly_PRELIQ_Q": 23.8,
      "monthly_PE_Q": -16.400000000000002
    },
    "2024-09": {
      "monthly_PRENEI_Q": 0.0,
      "monthly_PRELIQ_Q": 92.0,
      "monthly_PE_Q": 32.900000000000006
    },
    "2024-10": {
      "monthly_PRENEI_Q": 0.0,
      "monthly_PRELIQ_Q": 242.4,
      "monthly_PE_Q": 191.4
    },
    "2024-11": {
      "monthly_PRENEI_Q": 0.0,
      "monthly_PRELIQ_Q": 53.7,
      "monthly_PE_Q": 16.3
    },
    "2024-12": {
      "monthly_PRENEI_Q": 3.8000000000000003,
      "monthly_PRELIQ_Q": 42.7,
      "monthly_PE_Q": 21.4
    }
  }
}