{
  "years": {
    "2024": {
      "annual_PRENEI_Q": 171.0,
      "annual_PRELIQ_Q": 1110.1,
      "annual_PE_Q": 622.0
    }
  },
  "months": {
    "2024-01": {
      "monthly_PRENEI_Q": 13.4,
      "monthly_PRELIQ_Q": 53.800000000000004,
      "monthly_PE_Q": 55.1
    },
    "2024-02": {
      "monthly_PRENEI_Q": 40.800000000000004,
      "monthly_PRELIQ_Q": 58.9,
      "monthly_PE_Q": 79.6
    },
    "2024-03": {
      "monthly_PRENEI_Q": 71.6,
      "monthly_PRELIQ_Q": 88.2,
      "monthly_PE_Q": 121.0
    },
    "2024-04": {
      "monthly_PRENEI_Q": 6.7,
      "monthly_PRELIQ_Q": 99.0,
      "monthly_PE_Q": 43.8
    },
    "2024-05": {
      "monthly_PRENEI_Q": 0.0,
      "monthly_PRELIQ_Q": 131.4,
      "monthly_PE_Q": 51.199999999999996
    },
    "2024-06": {
      "monthly_PRENEI_Q": 0.0,
      "monthly_PRELIQ_Q": 76.7,
      "monthly_PE_Q": -17.700000000000003
    },
    "2024-07": {
      "monthly_PRENEI_Q": 0.0,
      "monthly_PRELIQ_Q": 106.60000000000001,
      "monthly_PE_Q": -16.699999999999996
    },
    "2024-08": {
      "monthly_PRENEI_Q": 0.0,
      "monthly_PRELIQ_Q": 49.800000000000004,
      "monthly_PE_Q": -28.900000000000002
    },
    "2024-09": {
      "monthly_PRENEI_Q": 0.0,
      "monthly_PRELIQ_Q": 166.20000000000002,
      "monthly_PE_Q": 109.8
    },
    "2024-10": {
      "monthly_PRENEI_Q": 0.0,
      "monthly_PRELIQ_Q": 168.5,
      "monthly_PE_Q": 115.6
    },
    "2024-11": {
      "monthly_PRENEI_Q": 5.9,
      "monthly_PRELIQ_Q": 73.0,
      "monthly_PE_Q": 52.5
    },
    "2024-12": {
      "monthly_PRENEI_Q": 32.6,
      "monthly_PRELIQ_Q": 38.0,
      "monthly_PE_Q": 56.7
    }
  }
}