{
  "years": {
    "2024": {
      "annual_PRENEI_Q": 12.2,
      "annual_PRELIQ_Q": 766.0,
      "annual_PE_Q": 170.5
    }
  },
  "months": {
    "2024-01": {
      "monthly_PRENEI_Q": 8.2,
      "monthly_PRELIQ_Q": 23.6,
      "monthly_PE_Q": 18.9
    },
    "2024-02": {
      "monthly_PRENEI_Q": 0.0,
      "monthly_PRELIQ_Q": 26.900000000000002,
      "monthly_PE_Q": 7.299999999999999
    },
    "2024-03": {
      "monthly_PRENEI_Q": 4.0,
      "monthly_PRELIQ_Q": 85.30000000000001,
      "monthly_PE_Q": 46.400000000000006
    },
    "2024-04": {
      "monthly_PRENEI_Q": 0.0,
      "monthly_PRELIQ_Q": 67.8,
      "monthly_PE_Q": 0.6999999999999993
    },
    "2024-05": {
      "monthly_PRENEI_Q": 0.0,
      "monthly_PRELIQ_Q": 127.1,
      "monthly_PE_Q": 54.6
    },
    "2024-06": {
      "monthly_PRENEI_Q": 0.0,
      "monthly_PRELIQ_Q": 76.2,
      "monthly_PE_Q": -18.8
    },
    "2024-07": {
      "monthly_PRENEI_Q": 0.0,
      "monthly_PRELIQ_Q": 63.1,
      "monthly_PE_Q": -33.6
    },
    "2024-08": {
      "monthly_PRENEI_Q": 0.0,
      "monthly_PRELIQ_Q": 50.6,
      "monthly_PE_Q": -19.4
    },
    "2024-09": {
      "monthly_PRENEI_Q": 0.0,
      "monthly_PRELIQ_Q": 94.19999999999999,
      "monthly_PE_Q": 42.800000000000004
    },
    "2024-10": {
      "monthly_PRENEI_Q": 0.0,
      "monthly_PRELIQ_Q": 65.6,
      "monthly_PE_Q": 24.5
    },
    "2024-11": {
      "monthly_PRENEI_Q": 0.0,
      "monthly_PRELIQ_Q": 39.6,
      "monthly_PE_Q": 16.200000000000003
    },
    "2024-12": {
      "monthly_PRENEI_Q": 0.0,
      "monthly_PRELIQ_Q": 46.0,
      "monthly_PE_Q": 30.900000000000002
    }
  }
}