{
  "years": {
    "2024": {
      "annual_PRENEI_Q": 10.899999999999999,
      "annual_PRELIQ_Q": 811.9,
      "annual_PE_Q": 197.9
    }
  },
  "months": {
    "2024-01": {
      "monthly_PRENEI_Q": 6.5,
      "monthly_PRELIQ_Q": 20.1,
      "monthly_PE_Q": 17.0
    },
    "2024-02": {
      "monthly_PRENEI_Q": 0.0,
      "monthly_PRELIQ_Q": 33.0,
      "monthly_PE_Q": 15.500000000000002
    },
    "2024-03": {
      "monthly_PRENEI_Q": 3.5,
      "monthly_PRELIQ_Q": 91.89999999999999,
      "monthly_PE_Q": 55.400000000000006
    },
    "2024-04": {
      "monthly_PRENEI_Q": 0.0,
      "monthly_PRELIQ_Q": 59.4,
      "monthly_PE_Q": -7.3999999999999995
    },
    "2024-05": {
      "monthly_PRENEI_Q": 0.0,
      "monthly_PRELIQ_Q": 112.0,
      "monthly_PE_Q": 39.4
    },
    "2024-06": {
      "monthly_PRENEI_Q": 0.0,
      "monthly_PRELIQ_Q": 85.7,
      "monthly_PE_Q": -10.899999999999999
    },
    "2024-07": {
      "monthly_PRENEI_Q": 0.0,
      "monthly_PRELIQ_Q": 84.9,
      "monthly_PE_Q": -19.7
    },
    "2024-08": {
      "monthly_PRENEI_Q": 0.0,
      "monthly_PRELIQ_Q": 70.0,
      "monthly_PE_Q": -21.999999999999996
    },
    "2024-09": {
      "monthly_PRENEI_Q": 0.0,
      "monthly_PRELIQ_Q": 98.4,
      "monthly_PE_Q": 46.9
    },
    "2024-10": {
      "monthly_PRENEI_Q": 0.0,
      "monthly_PRELIQ_Q": 74.4,
      "monthly_PE_Q": 35.9
    },
    "2024-11": {
      "monthly_PRENEI_Q": 0.6,
      "monthly_PRELIQ_Q": 50.7,
      "monthly_PE_Q": 26.6
    },
    "2024-12": {
      "monthly_PRENEI_Q": 0.30000000000000004,
      "monthly_PRELIQ_Q": 31.4,
      "monthly_PE_Q": 21.2
    }
  }
}