{
  "years": {
    "2024": {
      "annual_PRENEI_Q": 13.6,
      "annual_PRELIQ_Q": 827.2,
      "annual_PE_Q": 228.9
    }
  },
  "months": {
    "2024-01": {
      "monthly_PRENEI_Q": 7.5,
      "monthly_PRELIQ_Q": 19.6,
      "monthly_PE_Q": 17.8
    },
    "2024-02": {
      "monthly_PRENEI_Q": 0.0,
      "monthly_PRELIQ_Q": 33.5,
      "monthly_PE_Q": 16.4
    },
    "2024-03": {
      "monthly_PRENEI_Q": 3.9,
      "monthly_PRELIQ_Q": 93.7,
      "monthly_PE_Q": 57.2
    },
    "2024-04": {
      "monthly_PRENEI_Q": 0.0,
      "monthly_PRELIQ_Q": 60.6,
      "monthly_PE_Q": -6.899999999999998
    },
    "2024-05": {
      "monthly_PRENEI_Q": 0.0,
      "monthly_PRELIQ_Q": 114.4,
      "monthly_PE_Q": 43.0
    },
    "2024-06": {
      "monthly_PRENEI_Q": 0.0,
      "monthly_PRELIQ_Q": 87.3,
      "monthly_PE_Q": -8.1
    },
    "2024-07": {
      "monthly_PRENEI_Q": 0.0,
      "monthly_PRELIQ_Q": 86.9,
      "monthly_PE_Q": -11.5
    },
    "2024-08": {
      "monthly_PRENEI_Q": 0.0,
      "monthly_PRELIQ_Q": 71.4,
      "monthly_PE_Q": -15.099999999999998
    },
    "2024-09": {
      "monthly_PRENEI_Q": 0.0,
      "monthly_PRELIQ_Q": 100.39999999999999,
      "monthly_PE_Q": 48.599999999999994
    },
    "2024-10": {
      "monthly_PRENEI_Q": 0.0,
      "monthly_PRELIQ_Q": 76.39999999999999,
      "monthly_PE_Q": 37.8
    },
    "2024-11": {
      "monthly_PRENEI_Q": 1.9,
      "monthly_PRELIQ_Q": 50.800000000000004,
      "monthly_PE_Q": 28.1
    },
    "2024-12": {
      "monthly_PRENEI_Q": 0.30000000000000004,
      "monthly_PRELIQ_Q": 32.2,
      "monthly_PE_Q": 21.599999999999998
    }
  }
}