{
  "years": {
    "2024": {
      "annual_PRENEI_Q": 2.8000000000000003,
      "annual_PRELIQ_Q": 938.2,
      "annual_PE_Q": 330.4
    }
  },
  "months": {
    "2024-01": {
      "monthly_PRENEI_Q": 1.2000000000000002,
      "monthly_PRELIQ_Q": 36.4,
      "monthly_PE_Q": 28.200000000000003
    },
    "2024-02": {
      "monthly_PRENEI_Q": 0.0,
      "monthly_PRELIQ_Q": 52.5,
      "monthly_PE_Q": 38.4
    },
    "2024-03": {
      "monthly_PRENEI_Q": 0.0,
      "monthly_PRELIQ_Q": 113.2,
      "monthly_PE_Q": 72.5
    },
    "2024-04": {
      "monthly_PRENEI_Q": 0.0,
      "monthly_PRELIQ_Q": 61.5,
      "monthly_PE_Q": -7.500000000000001
    },
    "2024-05": {
      "monthly_PRENEI_Q": 0.0,
      "monthly_PRELIQ_Q": 128.5,
      "monthly_PE_Q": 50.3
    },
    "2024-06": {
      "monthly_PRENEI_Q": 0.0,
      "monthly_PRELIQ_Q": 109.9,
      "monthly_PE_Q": 14.499999999999998
    },
    "2024-07": {
      "monthly_PRENEI_Q": 0.0,
      "monthly_PRELIQ_Q": 71.2,
      "monthly_PE_Q": -39.7
    },
    "2024-08": {
      "monthly_PRENEI_Q": 0.0,
      "monthly_PRELIQ_Q": 19.1,
      "monthly_PE_Q": -55.7
    },
    "2024-09": {
      "monthly_PRENEI_Q": 0.0,
      "monthly_PRELIQ_Q": 108.0,
      "monthly_PE_Q": 56.99999999999999
    },
    "2024-10": {
      "monthly_PRENEI_Q": 0.0,
      "monthly_PRELIQ_Q": 112.4,
      "monthly_PE_Q": 74.0
    },
    "2024-11": {
      "monthly_PRENEI_Q": 1.6,
      "monthly_PRELIQ_Q": 61.800000000000004,
      "monthly_PE_Q": 45.6
    },
    "2024-12": {
      "monthly_PRENEI_Q": 0.0,
      "monthly_PRELIQ_Q": 63.699999999999996,
      "monthly_PE_Q": 52.8
    }
  }
}