{
  "years": {
    "2024": {
      "annual_PRENEI_Q": 10.599999999999998,
      "annual_PRELIQ_Q": 1037.7,
      "annual_PE_Q": 490.0
    }
  },
  "months": {
    "2024-01": {
      "monthly_PRENEI_Q": 0.2,
      "monthly_PRELIQ_Q": 68.4,
      "monthly_PE_Q": 62.6
    },
    "2024-02": {
      "monthly_PRENEI_Q": 0.0,
      "monthly_PRELIQ_Q": 97.7,
      "monthly_PE_Q": 81.60000000000001
    },
    "2024-03": {
      "monthly_PRENEI_Q": 0.0,
      "monthly_PRELIQ_Q": 121.7,
      "monthly_PE_Q": 83.0
    },
    "2024-04": {
      "monthly_PRENEI_Q": 0.0,
      "monthly_PRELIQ_Q": 60.2,
      "monthly_PE_Q": -0.6000000000000005
    },
    "2024-05": {
      "monthly_PRENEI_Q": 0.0,
      "monthly_PRELIQ_Q": 136.9,
      "monthly_PE_Q": 65.5
    },
    "2024-06": {
      "monthly_PRENEI_Q": 0.0,
      "monthly_PRELIQ_Q": 134.79999999999998,
      "monthly_PE_Q": 42.4
    },
    "2024-07": {
      "monthly_PRENEI_Q": 0.0,
      "monthly_PRELIQ_Q": 71.8,
      "monthly_PE_Q": -30.500000000000004
    },
    "2024-08": {
      "monthly_PRENEI_Q": 0.0,
      "monthly_PRELIQ_Q": 32.6,
      "monthly_PE_Q": -40.5
    },
    "2024-09": {
      "monthly_PRENEI_Q": 0.0,
      "monthly_PRELIQ_Q": 108.5,
      "monthly_PE_Q": 61.300000000000004
    },
    "2024-10": {
      "monthly_PRENEI_Q": 0.0,
      "monthly_PRELIQ_Q": 76.9,
      "monthly_PE_Q": 47.8
    },
    "2024-11": {
      "monthly_PRENEI_Q": 10.399999999999999,
      "monthly_PRELIQ_Q": 62.3,
      "monthly_PE_Q": 60.5
    },
    "2024-12": {
      "monthly_PRENEI_Q": 0.0,
      "monthly_PRELIQ_Q": 65.89999999999999,
      "monthly_PE_Q": 56.9
    }
  }
}