{
  "years": {
    "2024": {
      "annual_PRENEI_Q": 9.4,
      "annual_PRELIQ_Q": 943.8,
      "annual_PE_Q": 341.0
    }
  },
  "months": {
    "2024-01": {
      "monthly_PRENEI_Q": 2.7,
      "monthly_PRELIQ_Q": 50.5,
      "monthly_PE_Q": 42.199999999999996
    },
    "2024-02": {
      "monthly_PRENEI_Q": 0.0,
      "monthly_PRELIQ_Q": 68.9,
      "monthly_PE_Q": 49.7
    },
    "2024-03": {
      "monthly_PRENEI_Q": 0.0,
      "monthly_PRELIQ_Q": 89.0,
      "monthly_PE_Q": 45.5
    },
    "2024-04": {
      "monthly_PRENEI_Q": 0.0,
      "monthly_PRELIQ_Q": 65.2,
      "monthly_PE_Q": 1.5999999999999974
    },
    "2024-05": {
      "monthly_PRENEI_Q": 0.0,
      "monthly_PRELIQ_Q": 100.1,
      "monthly_PE_Q": 21.200000000000003
    },
    "2024-06": {
      "monthly_PRENEI_Q": 0.0,
      "monthly_PRELIQ_Q": 104.0,
      "monthly_PE_Q": 4.400000000000001
    },
    "2024-07": {
      "monthly_PRENEI_Q": 0.0,
      "monthly_PRELIQ_Q": 83.2,
      "monthly_PE_Q": -16.700000000000003
    },
    "2024-08": {
      "monthly_PRENEI_Q": 0.0,
      "monthly_PRELIQ_Q": 58.2,
      "monthly_PE_Q": -26.200000000000003
    },
    "2024-09": {
      "monthly_PRENEI_Q": 0.0,
      "monthly_PRELIQ_Q": 113.7,
      "monthly_PE_Q": 62.0
    },
    "2024-10": {
      "monthly_PRENEI_Q": 0.0,
      "monthly_PRELIQ_Q": 77.10000000000001,
      "monthly_PE_Q": 43.900000000000006
    },
    "2024-11": {
      "monthly_PRENEI_Q": 6.3,
      "monthly_PRELIQ_Q": 73.9,
      "monthly_PE_Q": 65.2
    },
    "2024-12": {
      "monthly_PRENEI_Q": 0.4,
      "monthly_PRELIQ_Q": 60.0,
      "monthly_PE_Q": 48.2
    }
  }
}