{
  "years": {
    "2024": {
      "annual_PRENEI_Q": 6.0,
      "annual_PRELIQ_Q": 904.6,
      "annual_PE_Q": 288.2
    }
  },
  "months": {
    "2024-01": {
      "monthly_PRENEI_Q": 2.8000000000000003,
      "monthly_PRELIQ_Q": 49.9,
      "monthly_PE_Q": 38.699999999999996
    },
    "2024-02": {
      "monthly_PRENEI_Q": 0.0,
      "monthly_PRELIQ_Q": 87.3,
      "monthly_PE_Q": 62.599999999999994
    },
    "2024-03": {
      "monthly_PRENEI_Q": 0.0,
      "monthly_PRELIQ_Q": 75.5,
      "monthly_PE_Q": 31.099999999999998
    },
    "2024-04": {
      "monthly_PRENEI_Q": 0.0,
      "monthly_PRELIQ_Q": 49.4,
      "monthly_PE_Q": -15.600000000000001
    },
    "2024-05": {
      "monthly_PRENEI_Q": 0.0,
      "monthly_PRELIQ_Q": 109.2,
      "monthly_PE_Q": 31.799999999999997
    },
    "2024-06": {
      "monthly_PRENEI_Q": 0.0,
      "monthly_PRELIQ_Q": 69.4,
      "monthly_PE_Q": -31.7
    },
    "2024-07": {
      "monthly_PRENEI_Q": 0.0,
      "monthly_PRELIQ_Q": 101.10000000000001,
      "monthly_PE_Q": 6.299999999999997
    },
    "2024-08": {
      "monthly_PRENEI_Q": 0.0,
      "monthly_PRELIQ_Q": 74.3,
      "monthly_PE_Q": -9.300000000000002
    },
    "2024-09": {
      "monthly_PRENEI_Q": 0.0,
      "monthly_PRELIQ_Q": 108.0,
      "monthly_PE_Q": 57.4
    },
    "2024-10": {
      "monthly_PRENEI_Q": 0.0,
      "monthly_PRELIQ_Q": 73.3,
      "monthly_PE_Q": 36.9
    },
    "2024-11": {
      "monthly_PRENEI_Q": 3.1999999999999997,
      "monthly_PRELIQ_Q": 56.9,
      "monthly_PE_Q": 41.9
    },
    "2024-12": {
      "monthly_PRENEI_Q": 0.0,
      "monthly_PRELIQ_Q": 50.3,
      "monthly_PE_Q": 38.1
    }
  }
}