{
  "years": {
    "2024": {
      "annual_PRENEI_Q": 18.8,
      "annual_PRELIQ_Q": 995.4,
      "annual_PE_Q": 446.3
    }
  },
  "months": {
    "2024-01": {
      "monthly_PRENEI_Q": 6.5,
      "monthly_PRELIQ_Q": 64.2,
      "monthly_PE_Q": 60.0
    },
    "2024-02": {
      "monthly_PRENEI_Q": 0.0,
      "monthly_PRELIQ_Q": 105.8,
      "monthly_PE_Q": 90.60000000000001
    },
    "2024-03": {
      "monthly_PRENEI_Q": 0.0,
      "monthly_PRELIQ_Q": 85.6,
      "monthly_PE_Q": 45.2
    },
    "2024-04": {
      "monthly_PRENEI_Q": 0.0,
      "monthly_PRELIQ_Q": 61.1,
      "monthly_PE_Q": 5.300000000000002
    },
    "2024-05": {
      "monthly_PRENEI_Q": 0.0,
      "monthly_PRELIQ_Q": 98.9,
      "monthly_PE_Q": 28.0
    },
    "2024-06": {
      "monthly_PRENEI_Q": 0.0,
      "monthly_PRELIQ_Q": 60.4,
      "monthly_PE_Q": -28.200000000000003
    },
    "2024-07": {
      "monthly_PRENEI_Q": 0.0,
      "monthly_PRELIQ_Q": 115.3,
      "monthly_PE_Q": 24.499999999999996
    },
    "2024-08": {
      "monthly_PRENEI_Q": 0.0,
      "monthly_PRELIQ_Q": 63.8,
      "monthly_PE_Q": -20.800000000000004
    },
    "2024-09": {
      "monthly_PRENEI_Q": 0.0,
      "monthly_PRELIQ_Q": 138.6,
      "monthly_PE_Q": 87.30000000000001
    },
    "2024-10": {
      "monthly_PRENEI_Q": 0.0,
      "monthly_PRELIQ_Q": 89.89999999999999,
      "monthly_PE_Q": 59.2
    },
    "2024-11": {
      "monthly_PRENEI_Q": 12.200000000000001,
      "monthly_PRELIQ_Q": 42.9,
      "monthly_PE_Q": 39.800000000000004
    },
    "2024-12": {
      "monthly_PRENEI_Q": 0.1,
      "monthly_PRELIQ_Q": 68.9,
      "monthly_PE_Q": 55.4
    }
  }
}