{
  "years": {
    "2024": {
      "annual_PRENEI_Q": 12.8,
      "annual_PRELIQ_Q": 887.2,
      "annual_PE_Q": 350.4
    }
  },
  "months": {
    "2024-01": {
      "monthly_PRENEI_Q": 12.200000000000001,
      "monthly_PRELIQ_Q": 70.0,
      "monthly_PE_Q": 70.6
    },
    "2024-02": {
      "monthly_PRENEI_Q": 0.0,
      "monthly_PRELIQ_Q": 103.5,
      "monthly_PE_Q": 85.9
    },
    "2024-03": {
      "monthly_PRENEI_Q": 0.0,
      "monthly_PRELIQ_Q": 94.4,
      "monthly_PE_Q": 61.099999999999994
    },
    "2024-04": {
      "monthly_PRENEI_Q": 0.0,
      "monthly_PRELIQ_Q": 80.0,
      "monthly_PE_Q": 20.2
    },
    "2024-05": {
      "monthly_PRENEI_Q": 0.0,
      "monthly_PRELIQ_Q": 81.8,
      "monthly_PE_Q": 5.3000000000000025
    },
    "2024-06": {
      "monthly_PRENEI_Q": 0.0,
      "monthly_PRELIQ_Q": 78.8,
      "monthly_PE_Q": -10.400000000000004
    },
    "2024-07": {
      "monthly_PRENEI_Q": 0.0,
      "monthly_PRELIQ_Q": 81.8,
      "monthly_PE_Q": -9.399999999999999
    },
    "2024-08": {
      "monthly_PRENEI_Q": 0.0,
      "monthly_PRELIQ_Q": 33.5,
      "monthly_PE_Q": -31.6
    },
    "2024-09": {
      "monthly_PRENEI_Q": 0.0,
      "monthly_PRELIQ_Q": 71.3,
      "monthly_PE_Q": 26.3
    },
    "2024-10": {
      "monthly_PRENEI_Q": 0.0,
      "monthly_PRELIQ_Q": 79.10000000000001,
      "monthly_PE_Q": 45.5
    },
    "2024-11": {
      "monthly_PRENEI_Q": 0.30000000000000004,
      "monthly_PRELIQ_Q": 51.8,
      "monthly_PE_Q": 36.4
    },
    "2024-12": {
      "monthly_PRENEI_Q": 0.30000000000000004,
      "monthly_PRELIQ_Q": 61.199999999999996,
      "monthly_PE_Q": 50.5
    }
  }
}