{
  "years": {
    "2024": {
      "annual_PRENEI_Q": 0.0,
      "annual_PRELIQ_Q": 494.7,
      "annual_PE_Q": 99.8
    }
  },
  "months": {
    "2024-01": {
      "monthly_PRENEI_Q": 0.0,
      "monthly_PRELIQ_Q": 72.10000000000001,
      "monthly_PE_Q": 55.0
    },
    "2024-02": {
      "monthly_PRENEI_Q": 0.0,
      "monthly_PRELIQ_Q": 18.099999999999998,
      "monthly_PE_Q": -5.300000000000001
    },
    "2024-03": {
      "monthly_PRENEI_Q": 0.0,
      "monthly_PRELIQ_Q": 74.8,
      "monthly_PE_Q": 34.4
    },
    "2024-04": {
      "monthly_PRENEI_Q": 0.0,
      "monthly_PRELIQ_Q": 65.69999999999999,
      "monthly_PE_Q": 21.6
    },
    "2024-05": {
      "monthly_PRENEI_Q": 0.0,
      "monthly_PRELIQ_Q": 46.0,
      "monthly_PE_Q": -32.599999999999994
    },
    "2024-06": {
      "monthly_PRENEI_Q": 0.0,
      "monthly_PRELIQ_Q": 14.6,
      "monthly_PE_Q": -19.9
    },
    "2024-07": {
      "monthly_PRENEI_Q": 0.0,
      "monthly_PRELIQ_Q": 17.0,
      "monthly_PE_Q": -12.700000000000001
    },
    "2024-08": {
      "monthly_PRENEI_Q": 0.0,
      "monthly_PRELIQ_Q": 17.1,
      "monthly_PE_Q": -4.8
    },
    "2024-09": {
      "monthly_PRENEI_Q": 0.0,
      "monthly_PRELIQ_Q": 41.9,
      "monthly_PE_Q": 14.999999999999996
    },
    "2024-10": {
      "monthly_PRENEI_Q": 0.0,
      "monthly_PRELIQ_Q": 65.10000000000001,
      "monthly_PE_Q": 37.7
    },
    "2024-11": {
      "monthly_PRENEI_Q": 0.0,
      "monthly_PRELIQ_Q": 51.0,
      "monthly_PE_Q": 18.4
    },
    "2024-12": {
      "monthly_PRENEI_Q": 0.0,
      "monthly_PRELIQ_Q": 11.299999999999999,
      "monthly_PE_Q": -6.999999999999999
    }
  }
}