{
  "years": {
    "2024": {
      "annual_PRENEI_Q": 37.8,
      "annual_PRELIQ_Q": 1278.1000000000001,
      "annual_PE_Q": 554.7
    }
  },
  "months": {
    "2024-01": {
      "monthly_PRENEI_Q": 29.8,
      "monthly_PRELIQ_Q": 44.2,
      "monthly_PE_Q": 49.199999999999996
    },
    "2024-02": {
      "monthly_PRENEI_Q": 0.4,
      "monthly_PRELIQ_Q": 67.3,
      "monthly_PE_Q": 24.9
    },
    "2024-03": {
      "monthly_PRENEI_Q": 5.8999999999999995,
      "monthly_PRELIQ_Q": 279.1,
      "monthly_PE_Q": 220.6
    },
    "2024-04": {
      "monthly_PRENEI_Q": 0.0,
      "monthly_PRELIQ_Q": 146.2,
      "monthly_PE_Q": 59.0
    },
    "2024-05": {
      "monthly_PRENEI_Q": 0.0,
      "monthly_PRELIQ_Q": 141.5,
      "monthly_PE_Q": 31.900000000000006
    },
    "2024-06": {
      "monthly_PRENEI_Q": 0.0,
      "monthly_PRELIQ_Q": 35.7,
      "monthly_PE_Q": -68.8
    },
    "2024-07": {
      "monthly_PRENEI_Q": 0.0,
      "monthly_PRELIQ_Q": 25.5,
      "monthly_PE_Q": -52.0
    },
    "2024-08": {
      "monthly_PRENEI_Q": 0.0,
      "monthly_PRELIQ_Q": 35.199999999999996,
      "monthly_PE_Q": -18.5
    },
    "2024-09": {
      "monthly_PRENEI_Q": 0.0,
      "monthly_PRELIQ_Q": 97.0,
      "monthly_PE_Q": 30.3
    },
    "2024-10": {
      "monthly_PRENEI_Q": 0.0,
      "monthly_PRELIQ_Q": 291.40000000000003,
      "monthly_PE_Q": 239.7
    },
    "2024-11": {
      "monthly_PRENEI_Q": 0.0,
      "monthly_PRELIQ_Q": 75.0,
      "monthly_PE_Q": 34.400000000000006
    },
    "2024-12": {
      "monthly_PRENEI_Q": 1.7000000000000002,
      "monthly_PRELIQ_Q": 40.0,
      "monthly_PE_Q": 3.9999999999999987
    }
  }
}