{
  "years": {
    "2024": {
      "annual_PRENEI_Q": 60.5,
      "annual_PRELIQ_Q": 1244.8,
      "annual_PE_Q": 636.8000000000001
    }
  },
  "months": {
    "2024-01": {
      "monthly_PRENEI_Q": 13.1,
      "monthly_PRELIQ_Q": 28.9,
      "monthly_PE_Q": 27.099999999999998
    },
    "2024-02": {
      "monthly_PRENEI_Q": 2.4000000000000004,
      "monthly_PRELIQ_Q": 94.2,
      "monthly_PE_Q": 69.7
    },
    "2024-03": {
      "monthly_PRENEI_Q": 38.2,
      "monthly_PRELIQ_Q": 227.9,
      "monthly_PE_Q": 214.9
    },
    "2024-04": {
      "monthly_PRENEI_Q": 0.0,
      "monthly_PRELIQ_Q": 116.60000000000001,
      "monthly_PE_Q": 52.3
    },
    "2024-05": {
      "monthly_PRENEI_Q": 0.0,
      "monthly_PRELIQ_Q": 153.1,
      "monthly_PE_Q": 75.9
    },
    "2024-06": {
      "monthly_PRENEI_Q": 0.0,
      "monthly_PRELIQ_Q": 83.6,
      "monthly_PE_Q": -9.4
    },
    "2024-07": {
      "monthly_PRENEI_Q": 0.0,
      "monthly_PRELIQ_Q": 50.6,
      "monthly_PE_Q": -59.900000000000006
    },
    "2024-08": {
      "monthly_PRENEI_Q": 0.0,
      "monthly_PRELIQ_Q": 51.300000000000004,
      "monthly_PE_Q": -26.2
    },
    "2024-09": {
      "monthly_PRENEI_Q": 0.0,
      "monthly_PRELIQ_Q": 94.3,
      "monthly_PE_Q": 40.199999999999996
    },
    "2024-10": {
      "monthly_PRENEI_Q": 0.0,
      "monthly_PRELIQ_Q": 242.70000000000002,
      "monthly_PE_Q": 193.8
    },
    "2024-11": {
      "monthly_PRENEI_Q": 0.7,
      "monthly_PRELIQ_Q": 59.5,
      "monthly_PE_Q": 29.3
    },
    "2024-12": {
      "monthly_PRENEI_Q": 6.1,
      "monthly_PRELIQ_Q": 42.1,
      "monthly_PE_Q": 29.1
    }
  }
}