{
  "years": {
    "2024": {
      "annual_PRENEI_Q": 60.7,
      "annual_PRELIQ_Q": 1245.6,
      "annual_PE_Q": 635.0
    }
  },
  "months": {
    "2024-01": {
      "monthly_PRENEI_Q": 13.1,
      "monthly_PRELIQ_Q": 29.0,
      "monthly_PE_Q": 27.7
    },
    "2024-02": {
      "monthly_PRENEI_Q": 2.4000000000000004,
      "monthly_PRELIQ_Q": 94.2,
      "monthly_PE_Q": 69.69999999999999
    },
    "2024-03": {
      "monthly_PRENEI_Q": 38.400000000000006,
      "monthly_PRELIQ_Q": 227.8,
      "monthly_PE_Q": 215.3
    },
    "2024-04": {
      "monthly_PRENEI_Q": 0.0,
      "monthly_PRELIQ_Q": 116.8,
      "monthly_PE_Q": 52.1
    },
    "2024-05": {
      "monthly_PRENEI_Q": 0.0,
      "monthly_PRELIQ_Q": 153.2,
      "monthly_PE_Q": 75.3
    },
    "2024-06": {
      "monthly_PRENEI_Q": 0.0,
      "monthly_PRELIQ_Q": 83.69999999999999,
      "monthly_PE_Q": -11.799999999999997
    },
    "2024-07": {
      "monthly_PRENEI_Q": 0.0,
      "monthly_PRELIQ_Q": 50.6,
      "monthly_PE_Q": -59.6
    },
    "2024-08": {
      "monthly_PRENEI_Q": 0.0,
      "monthly_PRELIQ_Q": 51.400000000000006,
      "monthly_PE_Q": -24.7
    },
    "2024-09": {
      "monthly_PRENEI_Q": 0.0,
      "monthly_PRELIQ_Q": 94.39999999999999,
      "monthly_PE_Q": 38.599999999999994
    },
    "2024-10": {
      "monthly_PRENEI_Q": 0.0,
      "monthly_PRELIQ_Q": 242.9,
      "monthly_PE_Q": 193.9
    },
    "2024-11": {
      "monthly_PRENEI_Q": 0.7,
      "monthly_PRELIQ_Q": 59.5,
      "monthly_PE_Q": 29.099999999999998
    },
    "2024-12": {
      "monthly_PRENEI_Q": 6.1,
      "monthly_PRELIQ_Q": 42.1,
      "monthly_PE_Q": 29.4
    }
  }
}