{
  "years": {
    "2024": {
      "annual_PRENEI_Q": 110.0,
      "annual_PRELIQ_Q": 1109.9,
      "annual_PE_Q": 547.1
    }
  },
  "months": {
    "2024-01": {
      "monthly_PRENEI_Q": 12.499999999999998,
      "monthly_PRELIQ_Q": 51.7,
      "monthly_PE_Q": 50.5
    },
    "2024-02": {
      "monthly_PRENEI_Q": 23.9,
      "monthly_PRELIQ_Q": 71.19999999999999,
      "monthly_PE_Q": 70.0
    },
    "2024-03": {
      "monthly_PRENEI_Q": 44.8,
      "monthly_PRELIQ_Q": 107.10000000000001,
      "monthly_PE_Q": 103.2
    },
    "2024-04": {
      "monthly_PRENEI_Q": 3.2,
      "monthly_PRELIQ_Q": 97.4,
      "monthly_PE_Q": 34.1
    },
    "2024-05": {
      "monthly_PRENEI_Q": 0.0,
      "monthly_PRELIQ_Q": 125.2,
      "monthly_PE_Q": 44.2
    },
    "2024-06": {
      "monthly_PRENEI_Q": 0.0,
      "monthly_PRELIQ_Q": 73.0,
      "monthly_PE_Q": -20.299999999999997
    },
    "2024-07": {
      "monthly_PRENEI_Q": 0.0,
      "monthly_PRELIQ_Q": 101.4,
      "monthly_PE_Q": -13.999999999999998
    },
    "2024-08": {
      "monthly_PRENEI_Q": 0.0,
      "monthly_PRELIQ_Q": 47.199999999999996,
      "monthly_PE_Q": -26.8
    },
    "2024-09": {
      "monthly_PRENEI_Q": 0.0,
      "monthly_PRELIQ_Q": 158.20000000000002,
      "monthly_PE_Q": 101.6
    },
    "2024-10": {
      "monthly_PRENEI_Q": 0.0,
      "monthly_PRELIQ_Q": 160.6,
      "monthly_PE_Q": 107.3
    },
    "2024-11": {
      "monthly_PRENEI_Q": 2.7,
      "monthly_PRELIQ_Q": 72.30000000000001,
      "monthly_PE_Q": 46.6
    },
    "2024-12": {
      "monthly_PRENEI_Q": 22.9,
      "monthly_PRELIQ_Q": 44.6,
      "monthly_PE_Q": 50.7
    }
  }
}