{
  "years": {
    "2024": {
      "annual_PRENEI_Q": 102.89999999999999,
      "annual_PRELIQ_Q": 1109.2,
      "annual_PE_Q": 533.0
    }
  },
  "months": {
    "2024-01": {
      "monthly_PRENEI_Q": 12.499999999999998,
      "monthly_PRELIQ_Q": 51.4,
      "monthly_PE_Q": 50.1
    },
    "2024-02": {
      "monthly_PRENEI_Q": 21.9,
      "monthly_PRELIQ_Q": 72.4,
      "monthly_PE_Q": 68.8
    },
    "2024-03": {
      "monthly_PRENEI_Q": 41.599999999999994,
      "monthly_PRELIQ_Q": 109.5,
      "monthly_PE_Q": 101.39999999999999
    },
    "2024-04": {
      "monthly_PRENEI_Q": 2.8000000000000003,
      "monthly_PRELIQ_Q": 96.9,
      "monthly_PE_Q": 32.300000000000004
    },
    "2024-05": {
      "monthly_PRENEI_Q": 0.0,
      "monthly_PRELIQ_Q": 124.6,
      "monthly_PE_Q": 42.099999999999994
    },
    "2024-06": {
      "monthly_PRENEI_Q": 0.0,
      "monthly_PRELIQ_Q": 72.7,
      "monthly_PE_Q": -21.4
    },
    "2024-07": {
      "monthly_PRENEI_Q": 0.0,
      "monthly_PRELIQ_Q": 100.7,
      "monthly_PE_Q": -14.900000000000004
    },
    "2024-08": {
      "monthly_PRENEI_Q": 0.0,
      "monthly_PRELIQ_Q": 46.9,
      "monthly_PE_Q": -26.8
    },
    "2024-09": {
      "monthly_PRENEI_Q": 0.0,
      "monthly_PRELIQ_Q": 157.1,
      "monthly_PE_Q": 99.3
    },
    "2024-10": {
      "monthly_PRENEI_Q": 0.0,
      "monthly_PRELIQ_Q": 159.6,
      "monthly_PE_Q": 105.8
    },
    "2024-11": {
      "monthly_PRENEI_Q": 2.4,
      "monthly_PRELIQ_Q": 72.10000000000001,
      "monthly_PE_Q": 45.900000000000006
    },
    "2024-12": {
      "monthly_PRENEI_Q": 21.7,
      "monthly_PRELIQ_Q": 45.3,
      "monthly_PE_Q": 50.4
    }
  }
}