{
  "years": {
    "2024": {
      "annual_PRENEI_Q": 151.5,
      "annual_PRELIQ_Q": 964.5,
      "annual_PE_Q": 463.7
    }
  },
  "months": {
    "2024-01": {
      "monthly_PRENEI_Q": 18.900000000000002,
      "monthly_PRELIQ_Q": 54.6,
      "monthly_PE_Q": 56.2
    },
    "2024-02": {
      "monthly_PRENEI_Q": 30.599999999999998,
      "monthly_PRELIQ_Q": 37.7,
      "monthly_PE_Q": 45.199999999999996
    },
    "2024-03": {
      "monthly_PRENEI_Q": 68.2,
      "monthly_PRELIQ_Q": 58.2,
      "monthly_PE_Q": 84.2
    },
    "2024-04": {
      "monthly_PRENEI_Q": 6.0,
      "monthly_PRELIQ_Q": 83.8,
      "monthly_PE_Q": 27.099999999999998
    },
    "2024-05": {
      "monthly_PRENEI_Q": 0.1,
      "monthly_PRELIQ_Q": 122.30000000000001,
      "monthly_PE_Q": 44.1
    },
    "2024-06": {
      "monthly_PRENEI_Q": 0.0,
      "monthly_PRELIQ_Q": 70.0,
      "monthly_PE_Q": -21.2
    },
    "2024-07": {
      "monthly_PRENEI_Q": 0.0,
      "monthly_PRELIQ_Q": 92.2,
      "monthly_PE_Q": -17.299999999999997
    },
    "2024-08": {
      "monthly_PRENEI_Q": 0.0,
      "monthly_PRELIQ_Q": 43.3,
      "monthly_PE_Q": -28.400000000000002
    },
    "2024-09": {
      "monthly_PRENEI_Q": 0.0,
      "monthly_PRELIQ_Q": 187.1,
      "monthly_PE_Q": 125.3
    },
    "2024-10": {
      "monthly_PRENEI_Q": 0.0,
      "monthly_PRELIQ_Q": 113.0,
      "monthly_PE_Q": 59.7
    },
    "2024-11": {
      "monthly_PRENEI_Q": 0.0,
      "monthly_PRELIQ_Q": 66.4,
      "monthly_PE_Q": 38.5
    },
    "2024-12": {
      "monthly_PRENEI_Q": 27.7,
      "monthly_PRELIQ_Q": 35.9,
      "monthly_PE_Q": 50.3
    }
  }
}