{
  "years": {
    "2024": {
      "annual_PRENEI_Q": 132.9,
      "annual_PRELIQ_Q": 919.3,
      "annual_PE_Q": 442.8
    }
  },
  "months": {
    "2024-01": {
      "monthly_PRENEI_Q": 8.5,
      "monthly_PRELIQ_Q": 35.7,
      "monthly_PE_Q": 31.3
    },
    "2024-02": {
      "monthly_PRENEI_Q": 6.2,
      "monthly_PRELIQ_Q": 58.1,
      "monthly_PE_Q": 43.8
    },
    "2024-03": {
      "monthly_PRENEI_Q": 73.3,
      "monthly_PRELIQ_Q": 82.9,
      "monthly_PE_Q": 118.0
    },
    "2024-04": {
      "monthly_PRENEI_Q": 6.4,
      "monthly_PRELIQ_Q": 63.1,
      "monthly_PE_Q": 8.500000000000002
    },
    "2024-05": {
      "monthly_PRENEI_Q": 0.0,
      "monthly_PRELIQ_Q": 108.6,
      "monthly_PE_Q": 36.4
    },
    "2024-06": {
      "monthly_PRENEI_Q": 0.0,
      "monthly_PRELIQ_Q": 64.0,
      "monthly_PE_Q": -22.400000000000002
    },
    "2024-07": {
      "monthly_PRENEI_Q": 0.0,
      "monthly_PRELIQ_Q": 76.9,
      "monthly_PE_Q": -28.299999999999997
    },
    "2024-08": {
      "monthly_PRENEI_Q": 0.0,
      "monthly_PRELIQ_Q": 58.9,
      "monthly_PE_Q": -15.199999999999998
    },
    "2024-09": {
      "monthly_PRENEI_Q": 0.0,
      "monthly_PRELIQ_Q": 157.0,
      "monthly_PE_Q": 101.19999999999999
    },
    "2024-10": {
      "monthly_PRENEI_Q": 0.0,
      "monthly_PRELIQ_Q": 126.0,
      "monthly_PE_Q": 81.1
    },
    "2024-11": {
      "monthly_PRENEI_Q": 0.30000000000000004,
      "monthly_PRELIQ_Q": 59.300000000000004,
      "monthly_PE_Q": 33.5
    },
    "2024-12": {
      "monthly_PRENEI_Q": 38.2,
      "monthly_PRELIQ_Q": 28.8,
      "monthly_PE_Q": 54.9
    }
  }
}