{
  "years": {
    "2024": {
      "annual_PRENEI_Q": 21.4,
      "annual_PRELIQ_Q": 857.1,
      "annual_PE_Q": 224.20000000000002
    }
  },
  "months": {
    "2024-01": {
      "monthly_PRENEI_Q": 14.0,
      "monthly_PRELIQ_Q": 26.700000000000003,
      "monthly_PE_Q": 28.5
    },
    "2024-02": {
      "monthly_PRENEI_Q": 0.0,
      "monthly_PRELIQ_Q": 30.3,
      "monthly_PE_Q": 10.5
    },
    "2024-03": {
      "monthly_PRENEI_Q": 7.199999999999999,
      "monthly_PRELIQ_Q": 93.6,
      "monthly_PE_Q": 55.0
    },
    "2024-04": {
      "monthly_PRENEI_Q": 0.0,
      "monthly_PRELIQ_Q": 78.4,
      "monthly_PE_Q": 9.500000000000002
    },
    "2024-05": {
      "monthly_PRENEI_Q": 0.0,
      "monthly_PRELIQ_Q": 112.2,
      "monthly_PE_Q": 34.699999999999996
    },
    "2024-06": {
      "monthly_PRENEI_Q": 0.0,
      "monthly_PRELIQ_Q": 114.10000000000001,
      "monthly_PE_Q": 14.600000000000001
    },
    "2024-07": {
      "monthly_PRENEI_Q": 0.0,
      "monthly_PRELIQ_Q": 63.2,
      "monthly_PE_Q": -48.699999999999996
    },
    "2024-08": {
      "monthly_PRENEI_Q": 0.0,
      "monthly_PRELIQ_Q": 51.9,
      "monthly_PE_Q": -27.099999999999998
    },
    "2024-09": {
      "monthly_PRENEI_Q": 0.0,
      "monthly_PRELIQ_Q": 138.6,
      "monthly_PE_Q": 82.6
    },
    "2024-10": {
      "monthly_PRENEI_Q": 0.0,
      "monthly_PRELIQ_Q": 67.1,
      "monthly_PE_Q": 22.3
    },
    "2024-11": {
      "monthly_PRENEI_Q": 0.1,
      "monthly_PRELIQ_Q": 47.6,
      "monthly_PE_Q": 22.1
    },
    "2024-12": {
      "monthly_PRENEI_Q": 0.1,
      "monthly_PRELIQ_Q": 33.4,
      "monthly_PE_Q": 20.2
    }
  }
}