{
  "years": {
    "2024": {
      "annual_PRENEI_Q": 16.5,
      "annual_PRELIQ_Q": 841.5,
      "annual_PE_Q": 225.9
    }
  },
  "months": {
    "2024-01": {
      "monthly_PRENEI_Q": 8.6,
      "monthly_PRELIQ_Q": 19.0,
      "monthly_PE_Q": 18.900000000000002
    },
    "2024-02": {
      "monthly_PRENEI_Q": 0.0,
      "monthly_PRELIQ_Q": 34.300000000000004,
      "monthly_PE_Q": 17.0
    },
    "2024-03": {
      "monthly_PRENEI_Q": 4.3,
      "monthly_PRELIQ_Q": 95.0,
      "monthly_PE_Q": 59.0
    },
    "2024-04": {
      "monthly_PRENEI_Q": 0.0,
      "monthly_PRELIQ_Q": 61.9,
      "monthly_PE_Q": -6.299999999999998
    },
    "2024-05": {
      "monthly_PRENEI_Q": 0.0,
      "monthly_PRELIQ_Q": 116.60000000000001,
      "monthly_PE_Q": 44.1
    },
    "2024-06": {
      "monthly_PRENEI_Q": 0.0,
      "monthly_PRELIQ_Q": 89.2,
      "monthly_PE_Q": -6.799999999999999
    },
    "2024-07": {
      "monthly_PRENEI_Q": 0.0,
      "monthly_PRELIQ_Q": 88.8,
      "monthly_PE_Q": -17.799999999999997
    },
    "2024-08": {
      "monthly_PRENEI_Q": 0.0,
      "monthly_PRELIQ_Q": 72.9,
      "monthly_PE_Q": -23.200000000000003
    },
    "2024-09": {
      "monthly_PRENEI_Q": 0.0,
      "monthly_PRELIQ_Q": 102.7,
      "monthly_PE_Q": 51.1
    },
    "2024-10": {
      "monthly_PRENEI_Q": 0.0,
      "monthly_PRELIQ_Q": 77.8,
      "monthly_PE_Q": 38.4
    },
    "2024-11": {
      "monthly_PRENEI_Q": 3.3,
      "monthly_PRELIQ_Q": 50.300000000000004,
      "monthly_PE_Q": 29.400000000000002
    },
    "2024-12": {
      "monthly_PRENEI_Q": 0.30000000000000004,
      "monthly_PRELIQ_Q": 33.0,
      "monthly_PE_Q": 22.099999999999998
    }
  }
}