{
  "years": {
    "2024": {
      "annual_PRENEI_Q": 10.899999999999999,
      "annual_PRELIQ_Q": 811.9,
      "annual_PE_Q": 199.1
    }
  },
  "months": {
    "2024-01": {
      "monthly_PRENEI_Q": 6.5,
      "monthly_PRELIQ_Q": 20.1,
      "monthly_PE_Q": 17.1
    },
    "2024-02": {
      "monthly_PRENEI_Q": 0.0,
      "monthly_PRELIQ_Q": 33.0,
      "monthly_PE_Q": 15.399999999999999
    },
    "2024-03": {
      "monthly_PRENEI_Q": 3.5,
      "monthly_PRELIQ_Q": 91.89999999999999,
      "monthly_PE_Q": 56.099999999999994
    },
    "2024-04": {
      "monthly_PRENEI_Q": 0.0,
      "monthly_PRELIQ_Q": 59.4,
      "monthly_PE_Q": -7.099999999999999
    },
    "2024-05": {
      "monthly_PRENEI_Q": 0.0,
      "monthly_PRELIQ_Q": 112.0,
      "monthly_PE_Q": 40.3
    },
    "2024-06": {
      "monthly_PRENEI_Q": 0.0,
      "monthly_PRELIQ_Q": 85.7,
      "monthly_PE_Q": -9.9
    },
    "2024-07": {
      "monthly_PRENEI_Q": 0.0,
      "monthly_PRELIQ_Q": 84.9,
      "monthly_PE_Q": -19.900000000000002
    },
    "2024-08": {
      "monthly_PRENEI_Q": 0.0,
      "monthly_PRELIQ_Q": 70.0,
      "monthly_PE_Q": -22.099999999999998
    },
    "2024-09": {
      "monthly_PRENEI_Q": 0.0,
      "monthly_PRELIQ_Q": 98.4,
      "monthly_PE_Q": 46.900000000000006
    },
    "2024-10": {
      "monthly_PRENEI_Q": 0.0,
      "monthly_PRELIQ_Q": 74.4,
      "monthly_PE_Q": 35.4
    },
    "2024-11": {
      "monthly_PRENEI_Q": 0.6,
      "monthly_PRELIQ_Q": 50.7,
      "monthly_PE_Q": 26.5
    },
    "2024-12": {
      "monthly_PRENEI_Q": 0.30000000000000004,
      "monthly_PRELIQ_Q": 31.4,
      "monthly_PE_Q": 20.4
    }
  }
}