{
  "years": {
    "2024": {
      "annual_PRENEI_Q": 10.7,
      "annual_PRELIQ_Q": 812.0,
      "annual_PE_Q": 197.9
    }
  },
  "months": {
    "2024-01": {
      "monthly_PRENEI_Q": 6.4,
      "monthly_PRELIQ_Q": 20.2,
      "monthly_PE_Q": 16.6
    },
    "2024-02": {
      "monthly_PRENEI_Q": 0.0,
      "monthly_PRELIQ_Q": 33.0,
      "monthly_PE_Q": 15.500000000000002
    },
    "2024-03": {
      "monthly_PRENEI_Q": 3.5,
      "monthly_PRELIQ_Q": 92.0,
      "monthly_PE_Q": 55.5
    },
    "2024-04": {
      "monthly_PRENEI_Q": 0.0,
      "monthly_PRELIQ_Q": 59.4,
      "monthly_PE_Q": -7.899999999999998
    },
    "2024-05": {
      "monthly_PRENEI_Q": 0.0,
      "monthly_PRELIQ_Q": 112.0,
      "monthly_PE_Q": 39.199999999999996
    },
    "2024-06": {
      "monthly_PRENEI_Q": 0.0,
      "monthly_PRELIQ_Q": 85.7,
      "monthly_PE_Q": -11.1
    },
    "2024-07": {
      "monthly_PRENEI_Q": 0.0,
      "monthly_PRELIQ_Q": 84.9,
      "monthly_PE_Q": -18.099999999999998
    },
    "2024-08": {
      "monthly_PRENEI_Q": 0.0,
      "monthly_PRELIQ_Q": 70.0,
      "monthly_PE_Q": -20.899999999999995
    },
    "2024-09": {
      "monthly_PRENEI_Q": 0.0,
      "monthly_PRELIQ_Q": 98.4,
      "monthly_PE_Q": 46.39999999999999
    },
    "2024-10": {
      "monthly_PRENEI_Q": 0.0,
      "monthly_PRELIQ_Q": 74.4,
      "monthly_PE_Q": 35.6
    },
    "2024-11": {
      "monthly_PRENEI_Q": 0.5,
      "monthly_PRELIQ_Q": 50.6,
      "monthly_PE_Q": 26.099999999999998
    },
    "2024-12": {
      "monthly_PRENEI_Q": 0.30000000000000004,
      "monthly_PRELIQ_Q": 31.4,
      "monthly_PE_Q": 21.0
    }
  }
}