{
  "years": {
    "2024": {
      "annual_PRENEI_Q": 12.3,
      "annual_PRELIQ_Q": 817.9,
      "annual_PE_Q": 199.3
    }
  },
  "months": {
    "2024-01": {
      "monthly_PRENEI_Q": 7.0,
      "monthly_PRELIQ_Q": 19.8,
      "monthly_PE_Q": 16.9
    },
    "2024-02": {
      "monthly_PRENEI_Q": 0.0,
      "monthly_PRELIQ_Q": 33.1,
      "monthly_PE_Q": 15.799999999999999
    },
    "2024-03": {
      "monthly_PRENEI_Q": 3.6999999999999997,
      "monthly_PRELIQ_Q": 92.7,
      "monthly_PE_Q": 56.5
    },
    "2024-04": {
      "monthly_PRENEI_Q": 0.0,
      "monthly_PRELIQ_Q": 59.699999999999996,
      "monthly_PE_Q": -6.8999999999999995
    },
    "2024-05": {
      "monthly_PRENEI_Q": 0.0,
      "monthly_PRELIQ_Q": 113.0,
      "monthly_PE_Q": 40.400000000000006
    },
    "2024-06": {
      "monthly_PRENEI_Q": 0.0,
      "monthly_PRELIQ_Q": 86.4,
      "monthly_PE_Q": -10.2
    },
    "2024-07": {
      "monthly_PRENEI_Q": 0.0,
      "monthly_PRELIQ_Q": 85.8,
      "monthly_PE_Q": -21.200000000000003
    },
    "2024-08": {
      "monthly_PRENEI_Q": 0.0,
      "monthly_PRELIQ_Q": 70.7,
      "monthly_PE_Q": -23.4
    },
    "2024-09": {
      "monthly_PRENEI_Q": 0.0,
      "monthly_PRELIQ_Q": 99.4,
      "monthly_PE_Q": 47.2
    },
    "2024-10": {
      "monthly_PRENEI_Q": 0.0,
      "monthly_PRELIQ_Q": 75.2,
      "monthly_PE_Q": 35.9
    },
    "2024-11": {
      "monthly_PRENEI_Q": 1.3,
      "monthly_PRELIQ_Q": 50.400000000000006,
      "monthly_PE_Q": 27.2
    },
    "2024-12": {
      "monthly_PRENEI_Q": 0.30000000000000004,
      "monthly_PRELIQ_Q": 31.7,
      "monthly_PE_Q": 21.1
    }
  }
}