{
  "years": {
    "2024": {
      "annual_PRENEI_Q": 4.6000000000000005,
      "annual_PRELIQ_Q": 1203.7,
      "annual_PE_Q": 625.4
    }
  },
  "months": {
    "2024-01": {
      "monthly_PRENEI_Q": 0.30000000000000004,
      "monthly_PRELIQ_Q": 64.7,
      "monthly_PE_Q": 55.800000000000004
    },
    "2024-02": {
      "monthly_PRENEI_Q": 0.0,
      "monthly_PRELIQ_Q": 97.60000000000001,
      "monthly_PE_Q": 83.9
    },
    "2024-03": {
      "monthly_PRENEI_Q": 0.1,
      "monthly_PRELIQ_Q": 149.5,
      "monthly_PE_Q": 112.6
    },
    "2024-04": {
      "monthly_PRENEI_Q": 0.1,
      "monthly_PRELIQ_Q": 55.8,
      "monthly_PE_Q": -0.7999999999999989
    },
    "2024-05": {
      "monthly_PRENEI_Q": 0.0,
      "monthly_PRELIQ_Q": 131.7,
      "monthly_PE_Q": 65.1
    },
    "2024-06": {
      "monthly_PRENEI_Q": 0.0,
      "monthly_PRELIQ_Q": 178.2,
      "monthly_PE_Q": 88.4
    },
    "2024-07": {
      "monthly_PRENEI_Q": 0.0,
      "monthly_PRELIQ_Q": 62.4,
      "monthly_PE_Q": -40.9
    },
    "2024-08": {
      "monthly_PRENEI_Q": 0.0,
      "monthly_PRELIQ_Q": 50.9,
      "monthly_PE_Q": -44.9
    },
    "2024-09": {
      "monthly_PRENEI_Q": 0.0,
      "monthly_PRELIQ_Q": 143.0,
      "monthly_PE_Q": 95.2
    },
    "2024-10": {
      "monthly_PRENEI_Q": 0.0,
      "monthly_PRELIQ_Q": 122.0,
      "monthly_PE_Q": 87.7
    },
    "2024-11": {
      "monthly_PRENEI_Q": 3.9000000000000004,
      "monthly_PRELIQ_Q": 69.8,
      "monthly_PE_Q": 56.300000000000004
    },
    "2024-12": {
      "monthly_PRENEI_Q": 0.2,
      "monthly_PRELIQ_Q": 78.10000000000001,
      "monthly_PE_Q": 67.0
    }
  }
}