{
  "years": {
    "2024": {
      "annual_PRENEI_Q": 9.999999999999998,
      "annual_PRELIQ_Q": 1030.9,
      "annual_PE_Q": 479.1
    }
  },
  "months": {
    "2024-01": {
      "monthly_PRENEI_Q": 0.2,
      "monthly_PRELIQ_Q": 68.1,
      "monthly_PE_Q": 61.3
    },
    "2024-02": {
      "monthly_PRENEI_Q": 0.0,
      "monthly_PRELIQ_Q": 96.9,
      "monthly_PE_Q": 80.5
    },
    "2024-03": {
      "monthly_PRENEI_Q": 0.0,
      "monthly_PRELIQ_Q": 120.8,
      "monthly_PE_Q": 81.5
    },
    "2024-04": {
      "monthly_PRENEI_Q": 0.0,
      "monthly_PRELIQ_Q": 59.8,
      "monthly_PE_Q": -1.1000000000000005
    },
    "2024-05": {
      "monthly_PRENEI_Q": 0.0,
      "monthly_PRELIQ_Q": 135.8,
      "monthly_PE_Q": 64.5
    },
    "2024-06": {
      "monthly_PRENEI_Q": 0.0,
      "monthly_PRELIQ_Q": 133.8,
      "monthly_PE_Q": 40.9
    },
    "2024-07": {
      "monthly_PRENEI_Q": 0.0,
      "monthly_PRELIQ_Q": 71.10000000000001,
      "monthly_PE_Q": -30.299999999999997
    },
    "2024-08": {
      "monthly_PRENEI_Q": 0.0,
      "monthly_PRELIQ_Q": 32.4,
      "monthly_PE_Q": -41.9
    },
    "2024-09": {
      "monthly_PRENEI_Q": 0.0,
      "monthly_PRELIQ_Q": 108.0,
      "monthly_PE_Q": 61.1
    },
    "2024-10": {
      "monthly_PRENEI_Q": 0.0,
      "monthly_PRELIQ_Q": 76.5,
      "monthly_PE_Q": 46.599999999999994
    },
    "2024-11": {
      "monthly_PRENEI_Q": 9.799999999999999,
      "monthly_PRELIQ_Q": 62.4,
      "monthly_PE_Q": 59.699999999999996
    },
    "2024-12": {
      "monthly_PRENEI_Q": 0.0,
      "monthly_PRELIQ_Q": 65.3,
      "monthly_PE_Q": 56.300000000000004
    }
  }
}