{
  "years": {
    "2024": {
      "annual_PRENEI_Q": 8.5,
      "annual_PRELIQ_Q": 975.2,
      "annual_PE_Q": 355.3
    }
  },
  "months": {
    "2024-01": {
      "monthly_PRENEI_Q": 2.6,
      "monthly_PRELIQ_Q": 59.199999999999996,
      "monthly_PE_Q": 49.300000000000004
    },
    "2024-02": {
      "monthly_PRENEI_Q": 0.0,
      "monthly_PRELIQ_Q": 79.9,
      "monthly_PE_Q": 59.6
    },
    "2024-03": {
      "monthly_PRENEI_Q": 0.0,
      "monthly_PRELIQ_Q": 93.0,
      "monthly_PE_Q": 49.599999999999994
    },
    "2024-04": {
      "monthly_PRENEI_Q": 0.0,
      "monthly_PRELIQ_Q": 53.6,
      "monthly_PE_Q": -9.200000000000001
    },
    "2024-05": {
      "monthly_PRENEI_Q": 0.0,
      "monthly_PRELIQ_Q": 120.0,
      "monthly_PE_Q": 38.3
    },
    "2024-06": {
      "monthly_PRENEI_Q": 0.0,
      "monthly_PRELIQ_Q": 98.5,
      "monthly_PE_Q": -4.6000000000000005
    },
    "2024-07": {
      "monthly_PRENEI_Q": 0.0,
      "monthly_PRELIQ_Q": 84.4,
      "monthly_PE_Q": -19.000000000000004
    },
    "2024-08": {
      "monthly_PRENEI_Q": 0.0,
      "monthly_PRELIQ_Q": 65.3,
      "monthly_PE_Q": -19.799999999999997
    },
    "2024-09": {
      "monthly_PRENEI_Q": 0.0,
      "monthly_PRELIQ_Q": 130.9,
      "monthly_PE_Q": 75.60000000000001
    },
    "2024-10": {
      "monthly_PRENEI_Q": 0.0,
      "monthly_PRELIQ_Q": 69.5,
      "monthly_PE_Q": 36.6
    },
    "2024-11": {
      "monthly_PRENEI_Q": 4.8999999999999995,
      "monthly_PRELIQ_Q": 66.9,
      "monthly_PE_Q": 55.9
    },
    "2024-12": {
      "monthly_PRENEI_Q": 1.0,
      "monthly_PRELIQ_Q": 54.0,
      "monthly_PE_Q": 43.0
    }
  }
}