{
  "years": {
    "2024": {
      "annual_PRENEI_Q": 11.700000000000001,
      "annual_PRELIQ_Q": 1159.1,
      "annual_PE_Q": 562.4
    }
  },
  "months": {
    "2024-01": {
      "monthly_PRENEI_Q": 4.5,
      "monthly_PRELIQ_Q": 80.3,
      "monthly_PE_Q": 74.0
    },
    "2024-02": {
      "monthly_PRENEI_Q": 0.0,
      "monthly_PRELIQ_Q": 121.10000000000001,
      "monthly_PE_Q": 101.8
    },
    "2024-03": {
      "monthly_PRENEI_Q": 0.0,
      "monthly_PRELIQ_Q": 105.2,
      "monthly_PE_Q": 63.0
    },
    "2024-04": {
      "monthly_PRENEI_Q": 0.0,
      "monthly_PRELIQ_Q": 59.5,
      "monthly_PE_Q": -2.0999999999999996
    },
    "2024-05": {
      "monthly_PRENEI_Q": 0.0,
      "monthly_PRELIQ_Q": 144.70000000000002,
      "monthly_PE_Q": 68.39999999999999
    },
    "2024-06": {
      "monthly_PRENEI_Q": 0.0,
      "monthly_PRELIQ_Q": 105.9,
      "monthly_PE_Q": 8.799999999999999
    },
    "2024-07": {
      "monthly_PRENEI_Q": 0.0,
      "monthly_PRELIQ_Q": 81.2,
      "monthly_PE_Q": -21.5
    },
    "2024-08": {
      "monthly_PRENEI_Q": 0.0,
      "monthly_PRELIQ_Q": 73.69999999999999,
      "monthly_PE_Q": -8.7
    },
    "2024-09": {
      "monthly_PRENEI_Q": 0.0,
      "monthly_PRELIQ_Q": 154.7,
      "monthly_PE_Q": 100.1
    },
    "2024-10": {
      "monthly_PRENEI_Q": 0.0,
      "monthly_PRELIQ_Q": 86.8,
      "monthly_PE_Q": 52.8
    },
    "2024-11": {
      "monthly_PRENEI_Q": 6.6,
      "monthly_PRELIQ_Q": 67.1,
      "monthly_PE_Q": 56.7
    },
    "2024-12": {
      "monthly_PRENEI_Q": 0.6,
      "monthly_PRELIQ_Q": 78.89999999999999,
      "monthly_PE_Q": 69.1
    }
  }
}