{
  "years": {
    "2024": {
      "annual_PRENEI_Q": 32.0,
      "annual_PRELIQ_Q": 1268.5,
      "annual_PE_Q": 545.1
    }
  },
  "months": {
    "2024-01": {
      "monthly_PRENEI_Q": 26.3,
      "monthly_PRELIQ_Q": 46.8,
      "monthly_PE_Q": 47.9
    },
    "2024-02": {
      "monthly_PRENEI_Q": 0.2,
      "monthly_PRELIQ_Q": 66.6,
      "monthly_PE_Q": 25.700000000000003
    },
    "2024-03": {
      "monthly_PRENEI_Q": 4.199999999999999,
      "monthly_PRELIQ_Q": 277.4,
      "monthly_PE_Q": 218.1
    },
    "2024-04": {
      "monthly_PRENEI_Q": 0.0,
      "monthly_PRELIQ_Q": 144.6,
      "monthly_PE_Q": 57.699999999999996
    },
    "2024-05": {
      "monthly_PRENEI_Q": 0.0,
      "monthly_PRELIQ_Q": 139.9,
      "monthly_PE_Q": 31.599999999999998
    },
    "2024-06": {
      "monthly_PRENEI_Q": 0.0,
      "monthly_PRELIQ_Q": 35.300000000000004,
      "monthly_PE_Q": -68.8
    },
    "2024-07": {
      "monthly_PRENEI_Q": 0.0,
      "monthly_PRELIQ_Q": 25.1,
      "monthly_PE_Q": -53.6
    },
    "2024-08": {
      "monthly_PRENEI_Q": 0.0,
      "monthly_PRELIQ_Q": 34.9,
      "monthly_PE_Q": -18.8
    },
    "2024-09": {
      "monthly_PRENEI_Q": 0.0,
      "monthly_PRELIQ_Q": 95.7,
      "monthly_PE_Q": 30.0
    },
    "2024-10": {
      "monthly_PRENEI_Q": 0.0,
      "monthly_PRELIQ_Q": 287.9,
      "monthly_PE_Q": 236.70000000000002
    },
    "2024-11": {
      "monthly_PRENEI_Q": 0.0,
      "monthly_PRELIQ_Q": 74.4,
      "monthly_PE_Q": 34.900000000000006
    },
    "2024-12": {
      "monthly_PRENEI_Q": 1.3,
      "monthly_PRELIQ_Q": 39.9,
      "monthly_PE_Q": 3.699999999999999
    }
  }
}