{
  "years": {
    "2024": {
      "annual_PRENEI_Q": 38.5,
      "annual_PRELIQ_Q": 2165.4,
      "annual_PE_Q": 1456.1
    }
  },
  "months": {
    "2024-01": {
      "monthly_PRENEI_Q": 13.6,
      "monthly_PRELIQ_Q": 39.6,
      "monthly_PE_Q": 35.900000000000006
    },
    "2024-02": {
      "monthly_PRENEI_Q": 0.1,
      "monthly_PRELIQ_Q": 112.2,
      "monthly_PE_Q": 78.5
    },
    "2024-03": {
      "monthly_PRENEI_Q": 24.6,
      "monthly_PRELIQ_Q": 464.0,
      "monthly_PE_Q": 434.7
    },
    "2024-04": {
      "monthly_PRENEI_Q": 0.0,
      "monthly_PRELIQ_Q": 151.6,
      "monthly_PE_Q": 75.6
    },
    "2024-05": {
      "monthly_PRENEI_Q": 0.0,
      "monthly_PRELIQ_Q": 205.6,
      "monthly_PE_Q": 106.10000000000001
    },
    "2024-06": {
      "monthly_PRENEI_Q": 0.0,
      "monthly_PRELIQ_Q": 66.69999999999999,
      "monthly_PE_Q": -42.6
    },
    "2024-07": {
      "monthly_PRENEI_Q": 0.0,
      "monthly_PRELIQ_Q": 30.599999999999998,
      "monthly_PE_Q": -63.7
    },
    "2024-08": {
      "monthly_PRENEI_Q": 0.0,
      "monthly_PRELIQ_Q": 88.4,
      "monthly_PE_Q": -3.600000000000002
    },
    "2024-09": {
      "monthly_PRENEI_Q": 0.0,
      "monthly_PRELIQ_Q": 206.79999999999998,
      "monthly_PE_Q": 135.7
    },
    "2024-10": {
      "monthly_PRENEI_Q": 0.0,
      "monthly_PRELIQ_Q": 644.4,
      "monthly_PE_Q": 594.0
    },
    "2024-11": {
      "monthly_PRENEI_Q": 0.0,
      "monthly_PRELIQ_Q": 136.0,
      "monthly_PE_Q": 105.5
    },
    "2024-12": {
      "monthly_PRENEI_Q": 0.2,
      "monthly_PRELIQ_Q": 19.5,
      "monthly_PE_Q": -1.1657341758564144e-15
    }
  }
}