{
  "years": {
    "2024": {
      "annual_PRENEI_Q": 106.8,
      "annual_PRELIQ_Q": 1078.3,
      "annual_PE_Q": 547.0
    }
  },
  "months": {
    "2024-01": {
      "monthly_PRENEI_Q": 5.6,
      "monthly_PRELIQ_Q": 40.3,
      "monthly_PE_Q": 33.800000000000004
    },
    "2024-02": {
      "monthly_PRENEI_Q": 20.4,
      "monthly_PRELIQ_Q": 76.1,
      "monthly_PE_Q": 71.89999999999999
    },
    "2024-03": {
      "monthly_PRENEI_Q": 54.7,
      "monthly_PRELIQ_Q": 145.4,
      "monthly_PE_Q": 153.20000000000002
    },
    "2024-04": {
      "monthly_PRENEI_Q": 1.3,
      "monthly_PRELIQ_Q": 83.5,
      "monthly_PE_Q": 26.800000000000004
    },
    "2024-05": {
      "monthly_PRENEI_Q": 0.0,
      "monthly_PRELIQ_Q": 139.1,
      "monthly_PE_Q": 65.6
    },
    "2024-06": {
      "monthly_PRENEI_Q": 0.0,
      "monthly_PRELIQ_Q": 78.1,
      "monthly_PE_Q": -11.000000000000002
    },
    "2024-07": {
      "monthly_PRENEI_Q": 0.0,
      "monthly_PRELIQ_Q": 67.1,
      "monthly_PE_Q": -48.5
    },
    "2024-08": {
      "monthly_PRENEI_Q": 0.0,
      "monthly_PRELIQ_Q": 41.1,
      "monthly_PE_Q": -30.1
    },
    "2024-09": {
      "monthly_PRENEI_Q": 0.0,
      "monthly_PRELIQ_Q": 115.89999999999999,
      "monthly_PE_Q": 60.8
    },
    "2024-10": {
      "monthly_PRENEI_Q": 0.0,
      "monthly_PRELIQ_Q": 200.9,
      "monthly_PE_Q": 152.4
    },
    "2024-11": {
      "monthly_PRENEI_Q": 6.0,
      "monthly_PRELIQ_Q": 61.0,
      "monthly_PE_Q": 40.3
    },
    "2024-12": {
      "monthly_PRENEI_Q": 18.8,
      "monthly_PRELIQ_Q": 29.8,
      "monthly_PE_Q": 31.799999999999997
    }
  }
}