{
  "years": {
    "2024": {
      "annual_PRENEI_Q": 170.9,
      "annual_PRELIQ_Q": 1061.1,
      "annual_PE_Q": 582.7
    }
  },
  "months": {
    "2024-01": {
      "monthly_PRENEI_Q": 7.5,
      "monthly_PRELIQ_Q": 32.9,
      "monthly_PE_Q": 28.2
    },
    "2024-02": {
      "monthly_PRENEI_Q": 14.200000000000001,
      "monthly_PRELIQ_Q": 59.0,
      "monthly_PE_Q": 48.900000000000006
    },
    "2024-03": {
      "monthly_PRENEI_Q": 104.10000000000001,
      "monthly_PRELIQ_Q": 130.4,
      "monthly_PE_Q": 193.0
    },
    "2024-04": {
      "monthly_PRENEI_Q": 7.300000000000001,
      "monthly_PRELIQ_Q": 92.1,
      "monthly_PE_Q": 32.9
    },
    "2024-05": {
      "monthly_PRENEI_Q": 0.4,
      "monthly_PRELIQ_Q": 139.1,
      "monthly_PE_Q": 58.4
    },
    "2024-06": {
      "monthly_PRENEI_Q": 0.0,
      "monthly_PRELIQ_Q": 73.89999999999999,
      "monthly_PE_Q": -20.2
    },
    "2024-07": {
      "monthly_PRENEI_Q": 0.0,
      "monthly_PRELIQ_Q": 79.3,
      "monthly_PE_Q": -32.300000000000004
    },
    "2024-08": {
      "monthly_PRENEI_Q": 0.0,
      "monthly_PRELIQ_Q": 37.7,
      "monthly_PE_Q": -31.900000000000002
    },
    "2024-09": {
      "monthly_PRENEI_Q": 0.0,
      "monthly_PRELIQ_Q": 123.9,
      "monthly_PE_Q": 67.7
    },
    "2024-10": {
      "monthly_PRENEI_Q": 0.0,
      "monthly_PRELIQ_Q": 207.2,
      "monthly_PE_Q": 158.5
    },
    "2024-11": {
      "monthly_PRENEI_Q": 0.8,
      "monthly_PRELIQ_Q": 55.3,
      "monthly_PE_Q": 29.0
    },
    "2024-12": {
      "monthly_PRENEI_Q": 36.6,
      "monthly_PRELIQ_Q": 30.299999999999997,
      "monthly_PE_Q": 50.5
    }
  }
}