{
  "years": {
    "2024": {
      "annual_PRENEI_Q": 155.1,
      "annual_PRELIQ_Q": 1063.2,
      "annual_PE_Q": 577.1999999999999
    }
  },
  "months": {
    "2024-01": {
      "monthly_PRENEI_Q": 7.4,
      "monthly_PRELIQ_Q": 32.6,
      "monthly_PE_Q": 27.9
    },
    "2024-02": {
      "monthly_PRENEI_Q": 12.0,
      "monthly_PRELIQ_Q": 60.400000000000006,
      "monthly_PE_Q": 48.800000000000004
    },
    "2024-03": {
      "monthly_PRENEI_Q": 93.5,
      "monthly_PRELIQ_Q": 138.1,
      "monthly_PE_Q": 188.79999999999998
    },
    "2024-04": {
      "monthly_PRENEI_Q": 6.4,
      "monthly_PRELIQ_Q": 91.8,
      "monthly_PE_Q": 33.3
    },
    "2024-05": {
      "monthly_PRENEI_Q": 0.3,
      "monthly_PRELIQ_Q": 137.7,
      "monthly_PE_Q": 56.800000000000004
    },
    "2024-06": {
      "monthly_PRENEI_Q": 0.0,
      "monthly_PRELIQ_Q": 73.0,
      "monthly_PE_Q": -21.299999999999997
    },
    "2024-07": {
      "monthly_PRENEI_Q": 0.0,
      "monthly_PRELIQ_Q": 78.60000000000001,
      "monthly_PE_Q": -30.500000000000004
    },
    "2024-08": {
      "monthly_PRENEI_Q": 0.0,
      "monthly_PRELIQ_Q": 37.300000000000004,
      "monthly_PE_Q": -28.9
    },
    "2024-09": {
      "monthly_PRENEI_Q": 0.0,
      "monthly_PRELIQ_Q": 122.4,
      "monthly_PE_Q": 67.5
    },
    "2024-10": {
      "monthly_PRENEI_Q": 0.0,
      "monthly_PRELIQ_Q": 204.9,
      "monthly_PE_Q": 156.79999999999998
    },
    "2024-11": {
      "monthly_PRENEI_Q": 0.6000000000000001,
      "monthly_PRELIQ_Q": 54.9,
      "monthly_PE_Q": 28.3
    },
    "2024-12": {
      "monthly_PRENEI_Q": 34.9,
      "monthly_PRELIQ_Q": 31.5,
      "monthly_PE_Q": 49.699999999999996
    }
  }
}