{
  "years": {
    "2024": {
      "annual_PRENEI_Q": 202.70000000000002,
      "annual_PRELIQ_Q": 908.3000000000001,
      "annual_PE_Q": 512.8
    }
  },
  "months": {
    "2024-01": {
      "monthly_PRENEI_Q": 10.8,
      "monthly_PRELIQ_Q": 35.9,
      "monthly_PE_Q": 33.8
    },
    "2024-02": {
      "monthly_PRENEI_Q": 14.2,
      "monthly_PRELIQ_Q": 53.7,
      "monthly_PE_Q": 47.5
    },
    "2024-03": {
      "monthly_PRENEI_Q": 119.9,
      "monthly_PRELIQ_Q": 44.8,
      "monthly_PE_Q": 133.6
    },
    "2024-04": {
      "monthly_PRENEI_Q": 13.600000000000001,
      "monthly_PRELIQ_Q": 59.6,
      "monthly_PE_Q": 14.100000000000001
    },
    "2024-05": {
      "monthly_PRENEI_Q": 0.0,
      "monthly_PRELIQ_Q": 115.8,
      "monthly_PE_Q": 46.5
    },
    "2024-06": {
      "monthly_PRENEI_Q": 0.0,
      "monthly_PRELIQ_Q": 67.3,
      "monthly_PE_Q": -15.7
    },
    "2024-07": {
      "monthly_PRENEI_Q": 0.0,
      "monthly_PRELIQ_Q": 81.2,
      "monthly_PE_Q": -26.900000000000002
    },
    "2024-08": {
      "monthly_PRENEI_Q": 0.0,
      "monthly_PRELIQ_Q": 62.4,
      "monthly_PE_Q": -16.5
    },
    "2024-09": {
      "monthly_PRENEI_Q": 0.0,
      "monthly_PRELIQ_Q": 166.0,
      "monthly_PE_Q": 111.39999999999999
    },
    "2024-10": {
      "monthly_PRENEI_Q": 0.0,
      "monthly_PRELIQ_Q": 132.8,
      "monthly_PE_Q": 88.6
    },
    "2024-11": {
      "monthly_PRENEI_Q": 0.5,
      "monthly_PRELIQ_Q": 62.199999999999996,
      "monthly_PE_Q": 36.5
    },
    "2024-12": {
      "monthly_PRENEI_Q": 43.7,
      "monthly_PRELIQ_Q": 26.599999999999998,
      "monthly_PE_Q": 59.9
    }
  }
}