{
  "years": {
    "2024": {
      "annual_PRENEI_Q": 108.7,
      "annual_PRELIQ_Q": 922.7,
      "annual_PE_Q": 403.1
    }
  },
  "months": {
    "2024-01": {
      "monthly_PRENEI_Q": 7.699999999999999,
      "monthly_PRELIQ_Q": 35.6,
      "monthly_PE_Q": 28.599999999999998
    },
    "2024-02": {
      "monthly_PRENEI_Q": 3.4999999999999996,
      "monthly_PRELIQ_Q": 60.0,
      "monthly_PE_Q": 40.5
    },
    "2024-03": {
      "monthly_PRENEI_Q": 57.1,
      "monthly_PRELIQ_Q": 96.2,
      "monthly_PE_Q": 110.3
    },
    "2024-04": {
      "monthly_PRENEI_Q": 4.1000000000000005,
      "monthly_PRELIQ_Q": 64.1,
      "monthly_PE_Q": 4.300000000000001
    },
    "2024-05": {
      "monthly_PRENEI_Q": 0.0,
      "monthly_PRELIQ_Q": 106.1,
      "monthly_PE_Q": 32.3
    },
    "2024-06": {
      "monthly_PRENEI_Q": 0.0,
      "monthly_PRELIQ_Q": 62.6,
      "monthly_PE_Q": -24.8
    },
    "2024-07": {
      "monthly_PRENEI_Q": 0.0,
      "monthly_PRELIQ_Q": 75.6,
      "monthly_PE_Q": -29.2
    },
    "2024-08": {
      "monthly_PRENEI_Q": 0.0,
      "monthly_PRELIQ_Q": 57.800000000000004,
      "monthly_PE_Q": -14.900000000000002
    },
    "2024-09": {
      "monthly_PRENEI_Q": 0.0,
      "monthly_PRELIQ_Q": 154.0,
      "monthly_PE_Q": 96.10000000000001
    },
    "2024-10": {
      "monthly_PRENEI_Q": 0.0,
      "monthly_PRELIQ_Q": 123.39999999999999,
      "monthly_PE_Q": 77.7
    },
    "2024-11": {
      "monthly_PRENEI_Q": 0.2,
      "monthly_PRELIQ_Q": 58.1,
      "monthly_PE_Q": 29.900000000000002
    },
    "2024-12": {
      "monthly_PRENEI_Q": 36.1,
      "monthly_PRELIQ_Q": 29.2,
      "monthly_PE_Q": 52.300000000000004
    }
  }
}