{
  "years": {
    "2024": {
      "annual_PRENEI_Q": 85.2,
      "annual_PRELIQ_Q": 894.1,
      "annual_PE_Q": 348.40000000000003
    }
  },
  "months": {
    "2024-01": {
      "monthly_PRENEI_Q": 16.099999999999998,
      "monthly_PRELIQ_Q": 31.3,
      "monthly_PE_Q": 36.1
    },
    "2024-02": {
      "monthly_PRENEI_Q": 0.8999999999999999,
      "monthly_PRELIQ_Q": 61.6,
      "monthly_PE_Q": 40.9
    },
    "2024-03": {
      "monthly_PRENEI_Q": 46.900000000000006,
      "monthly_PRELIQ_Q": 62.699999999999996,
      "monthly_PE_Q": 67.0
    },
    "2024-04": {
      "monthly_PRENEI_Q": 3.5,
      "monthly_PRELIQ_Q": 79.0,
      "monthly_PE_Q": 14.600000000000001
    },
    "2024-05": {
      "monthly_PRENEI_Q": 0.0,
      "monthly_PRELIQ_Q": 142.4,
      "monthly_PE_Q": 63.6
    },
    "2024-06": {
      "monthly_PRENEI_Q": 0.0,
      "monthly_PRELIQ_Q": 80.60000000000001,
      "monthly_PE_Q": -18.499999999999996
    },
    "2024-07": {
      "monthly_PRENEI_Q": 0.0,
      "monthly_PRELIQ_Q": 64.0,
      "monthly_PE_Q": -45.300000000000004
    },
    "2024-08": {
      "monthly_PRENEI_Q": 0.0,
      "monthly_PRELIQ_Q": 36.4,
      "monthly_PE_Q": -30.5
    },
    "2024-09": {
      "monthly_PRENEI_Q": 0.0,
      "monthly_PRELIQ_Q": 140.6,
      "monthly_PE_Q": 87.80000000000001
    },
    "2024-10": {
      "monthly_PRENEI_Q": 0.0,
      "monthly_PRELIQ_Q": 73.0,
      "monthly_PE_Q": 31.1
    },
    "2024-11": {
      "monthly_PRENEI_Q": 0.2,
      "monthly_PRELIQ_Q": 45.5,
      "monthly_PE_Q": 22.6
    },
    "2024-12": {
      "monthly_PRENEI_Q": 17.6,
      "monthly_PRELIQ_Q": 77.0,
      "monthly_PE_Q": 79.0
    }
  }
}