{
  "years": {
    "2024": {
      "annual_PRENEI_Q": 12.7,
      "annual_PRELIQ_Q": 913.6,
      "annual_PE_Q": 291.0
    }
  },
  "months": {
    "2024-01": {
      "monthly_PRENEI_Q": 3.1,
      "monthly_PRELIQ_Q": 37.0,
      "monthly_PE_Q": 28.7
    },
    "2024-02": {
      "monthly_PRENEI_Q": 0.0,
      "monthly_PRELIQ_Q": 55.9,
      "monthly_PE_Q": 39.0
    },
    "2024-03": {
      "monthly_PRENEI_Q": 8.600000000000001,
      "monthly_PRELIQ_Q": 97.89999999999999,
      "monthly_PE_Q": 64.4
    },
    "2024-04": {
      "monthly_PRENEI_Q": 0.0,
      "monthly_PRELIQ_Q": 68.7,
      "monthly_PE_Q": -2.499999999999999
    },
    "2024-05": {
      "monthly_PRENEI_Q": 0.0,
      "monthly_PRELIQ_Q": 152.7,
      "monthly_PE_Q": 72.8
    },
    "2024-06": {
      "monthly_PRENEI_Q": 0.0,
      "monthly_PRELIQ_Q": 90.89999999999999,
      "monthly_PE_Q": -5.499999999999999
    },
    "2024-07": {
      "monthly_PRENEI_Q": 0.0,
      "monthly_PRELIQ_Q": 72.80000000000001,
      "monthly_PE_Q": -40.4
    },
    "2024-08": {
      "monthly_PRENEI_Q": 0.0,
      "monthly_PRELIQ_Q": 32.8,
      "monthly_PE_Q": -48.9
    },
    "2024-09": {
      "monthly_PRENEI_Q": 0.0,
      "monthly_PRELIQ_Q": 128.1,
      "monthly_PE_Q": 77.3
    },
    "2024-10": {
      "monthly_PRENEI_Q": 0.0,
      "monthly_PRELIQ_Q": 69.4,
      "monthly_PE_Q": 30.400000000000002
    },
    "2024-11": {
      "monthly_PRENEI_Q": 0.7999999999999999,
      "monthly_PRELIQ_Q": 49.1,
      "monthly_PE_Q": 29.0
    },
    "2024-12": {
      "monthly_PRENEI_Q": 0.2,
      "monthly_PRELIQ_Q": 58.3,
      "monthly_PE_Q": 46.699999999999996
    }
  }
}