{
  "years": {
    "2024": {
      "annual_PRENEI_Q": 7.199999999999999,
      "annual_PRELIQ_Q": 925.6999999999999,
      "annual_PE_Q": 368.2
    }
  },
  "months": {
    "2024-01": {
      "monthly_PRENEI_Q": 1.0,
      "monthly_PRELIQ_Q": 52.6,
      "monthly_PE_Q": 45.699999999999996
    },
    "2024-02": {
      "monthly_PRENEI_Q": 0.0,
      "monthly_PRELIQ_Q": 71.4,
      "monthly_PE_Q": 55.8
    },
    "2024-03": {
      "monthly_PRENEI_Q": 0.0,
      "monthly_PRELIQ_Q": 103.2,
      "monthly_PE_Q": 63.5
    },
    "2024-04": {
      "monthly_PRENEI_Q": 0.0,
      "monthly_PRELIQ_Q": 41.1,
      "monthly_PE_Q": -20.1
    },
    "2024-05": {
      "monthly_PRENEI_Q": 0.0,
      "monthly_PRELIQ_Q": 144.79999999999998,
      "monthly_PE_Q": 72.7
    },
    "2024-06": {
      "monthly_PRENEI_Q": 0.0,
      "monthly_PRELIQ_Q": 110.1,
      "monthly_PE_Q": 14.499999999999996
    },
    "2024-07": {
      "monthly_PRENEI_Q": 0.0,
      "monthly_PRELIQ_Q": 85.69999999999999,
      "monthly_PE_Q": -8.600000000000001
    },
    "2024-08": {
      "monthly_PRENEI_Q": 0.0,
      "monthly_PRELIQ_Q": 31.8,
      "monthly_PE_Q": -43.400000000000006
    },
    "2024-09": {
      "monthly_PRENEI_Q": 0.0,
      "monthly_PRELIQ_Q": 112.5,
      "monthly_PE_Q": 65.1
    },
    "2024-10": {
      "monthly_PRENEI_Q": 0.0,
      "monthly_PRELIQ_Q": 73.9,
      "monthly_PE_Q": 43.2
    },
    "2024-11": {
      "monthly_PRENEI_Q": 5.3999999999999995,
      "monthly_PRELIQ_Q": 48.7,
      "monthly_PE_Q": 38.5
    },
    "2024-12": {
      "monthly_PRENEI_Q": 0.8,
      "monthly_PRELIQ_Q": 49.9,
      "monthly_PE_Q": 41.3
    }
  }
}