{
  "years": {
    "2024": {
      "annual_PRENEI_Q": 5.4,
      "annual_PRELIQ_Q": 910.6,
      "annual_PE_Q": 343.5
    }
  },
  "months": {
    "2024-01": {
      "monthly_PRENEI_Q": 0.8999999999999999,
      "monthly_PRELIQ_Q": 51.699999999999996,
      "monthly_PE_Q": 42.8
    },
    "2024-02": {
      "monthly_PRENEI_Q": 0.0,
      "monthly_PRELIQ_Q": 69.89999999999999,
      "monthly_PE_Q": 52.300000000000004
    },
    "2024-03": {
      "monthly_PRENEI_Q": 0.0,
      "monthly_PRELIQ_Q": 101.60000000000001,
      "monthly_PE_Q": 58.7
    },
    "2024-04": {
      "monthly_PRENEI_Q": 0.0,
      "monthly_PRELIQ_Q": 40.5,
      "monthly_PE_Q": -23.0
    },
    "2024-05": {
      "monthly_PRENEI_Q": 0.0,
      "monthly_PRELIQ_Q": 142.0,
      "monthly_PE_Q": 68.89999999999999
    },
    "2024-06": {
      "monthly_PRENEI_Q": 0.0,
      "monthly_PRELIQ_Q": 108.0,
      "monthly_PE_Q": 11.299999999999999
    },
    "2024-07": {
      "monthly_PRENEI_Q": 0.0,
      "monthly_PRELIQ_Q": 84.1,
      "monthly_PE_Q": -6.900000000000002
    },
    "2024-08": {
      "monthly_PRENEI_Q": 0.0,
      "monthly_PRELIQ_Q": 31.2,
      "monthly_PE_Q": -40.3
    },
    "2024-09": {
      "monthly_PRENEI_Q": 0.0,
      "monthly_PRELIQ_Q": 110.5,
      "monthly_PE_Q": 63.2
    },
    "2024-10": {
      "monthly_PRENEI_Q": 0.0,
      "monthly_PRELIQ_Q": 72.60000000000001,
      "monthly_PE_Q": 41.2
    },
    "2024-11": {
      "monthly_PRENEI_Q": 3.9000000000000004,
      "monthly_PRELIQ_Q": 49.2,
      "monthly_PE_Q": 35.9
    },
    "2024-12": {
      "monthly_PRENEI_Q": 0.6,
      "monthly_PRELIQ_Q": 49.3,
      "monthly_PE_Q": 39.4
    }
  }
}