{
  "years": {
    "2024": {
      "annual_PRENEI_Q": 7.4,
      "annual_PRELIQ_Q": 943.0,
      "annual_PE_Q": 341.8
    }
  },
  "months": {
    "2024-01": {
      "monthly_PRENEI_Q": 3.8000000000000003,
      "monthly_PRELIQ_Q": 51.6,
      "monthly_PE_Q": 41.1
    },
    "2024-02": {
      "monthly_PRENEI_Q": 0.0,
      "monthly_PRELIQ_Q": 77.2,
      "monthly_PE_Q": 57.4
    },
    "2024-03": {
      "monthly_PRENEI_Q": 0.0,
      "monthly_PRELIQ_Q": 70.3,
      "monthly_PE_Q": 28.7
    },
    "2024-04": {
      "monthly_PRENEI_Q": 0.0,
      "monthly_PRELIQ_Q": 64.0,
      "monthly_PE_Q": 1.499999999999998
    },
    "2024-05": {
      "monthly_PRENEI_Q": 0.0,
      "monthly_PRELIQ_Q": 133.0,
      "monthly_PE_Q": 55.8
    },
    "2024-06": {
      "monthly_PRENEI_Q": 0.0,
      "monthly_PRELIQ_Q": 94.89999999999999,
      "monthly_PE_Q": 0.5999999999999956
    },
    "2024-07": {
      "monthly_PRENEI_Q": 0.0,
      "monthly_PRELIQ_Q": 104.8,
      "monthly_PE_Q": 1.5000000000000013
    },
    "2024-08": {
      "monthly_PRENEI_Q": 0.0,
      "monthly_PRELIQ_Q": 62.800000000000004,
      "monthly_PE_Q": -11.899999999999999
    },
    "2024-09": {
      "monthly_PRENEI_Q": 0.0,
      "monthly_PRELIQ_Q": 116.10000000000001,
      "monthly_PE_Q": 61.2
    },
    "2024-10": {
      "monthly_PRENEI_Q": 0.0,
      "monthly_PRELIQ_Q": 63.1,
      "monthly_PE_Q": 27.8
    },
    "2024-11": {
      "monthly_PRENEI_Q": 3.6,
      "monthly_PRELIQ_Q": 52.199999999999996,
      "monthly_PE_Q": 37.5
    },
    "2024-12": {
      "monthly_PRENEI_Q": 0.0,
      "monthly_PRELIQ_Q": 53.0,
      "monthly_PE_Q": 40.6
    }
  }
}