{
  "years": {
    "2024": {
      "annual_PRENEI_Q": 6.2,
      "annual_PRELIQ_Q": 933.1,
      "annual_PE_Q": 306.09999999999997
    }
  },
  "months": {
    "2024-01": {
      "monthly_PRENEI_Q": 3.2,
      "monthly_PRELIQ_Q": 51.800000000000004,
      "monthly_PE_Q": 40.3
    },
    "2024-02": {
      "monthly_PRENEI_Q": 0.0,
      "monthly_PRELIQ_Q": 76.1,
      "monthly_PE_Q": 55.8
    },
    "2024-03": {
      "monthly_PRENEI_Q": 0.0,
      "monthly_PRELIQ_Q": 69.6,
      "monthly_PE_Q": 24.099999999999998
    },
    "2024-04": {
      "monthly_PRENEI_Q": 0.0,
      "monthly_PRELIQ_Q": 63.3,
      "monthly_PE_Q": -4.199999999999998
    },
    "2024-05": {
      "monthly_PRENEI_Q": 0.0,
      "monthly_PRELIQ_Q": 131.4,
      "monthly_PE_Q": 48.699999999999996
    },
    "2024-06": {
      "monthly_PRENEI_Q": 0.0,
      "monthly_PRELIQ_Q": 93.6,
      "monthly_PE_Q": -5.400000000000003
    },
    "2024-07": {
      "monthly_PRENEI_Q": 0.0,
      "monthly_PRELIQ_Q": 103.4,
      "monthly_PE_Q": -3.700000000000003
    },
    "2024-08": {
      "monthly_PRENEI_Q": 0.0,
      "monthly_PRELIQ_Q": 62.1,
      "monthly_PE_Q": -13.200000000000001
    },
    "2024-09": {
      "monthly_PRENEI_Q": 0.0,
      "monthly_PRELIQ_Q": 114.6,
      "monthly_PE_Q": 59.9
    },
    "2024-10": {
      "monthly_PRENEI_Q": 0.0,
      "monthly_PRELIQ_Q": 62.5,
      "monthly_PE_Q": 26.400000000000002
    },
    "2024-11": {
      "monthly_PRENEI_Q": 3.0,
      "monthly_PRELIQ_Q": 52.2,
      "monthly_PE_Q": 36.9
    },
    "2024-12": {
      "monthly_PRENEI_Q": 0.0,
      "monthly_PRELIQ_Q": 52.5,
      "monthly_PE_Q": 40.5
    }
  }
}