{
  "years": {
    "2024": {
      "annual_PRENEI_Q": 7.000000000000001,
      "annual_PRELIQ_Q": 938.8,
      "annual_PE_Q": 279.9
    }
  },
  "months": {
    "2024-01": {
      "monthly_PRENEI_Q": 3.6000000000000005,
      "monthly_PRELIQ_Q": 51.8,
      "monthly_PE_Q": 39.5
    },
    "2024-02": {
      "monthly_PRENEI_Q": 0.0,
      "monthly_PRELIQ_Q": 76.8,
      "monthly_PE_Q": 54.7
    },
    "2024-03": {
      "monthly_PRENEI_Q": 0.0,
      "monthly_PRELIQ_Q": 70.0,
      "monthly_PE_Q": 23.2
    },
    "2024-04": {
      "monthly_PRENEI_Q": 0.0,
      "monthly_PRELIQ_Q": 63.6,
      "monthly_PE_Q": -6.3
    },
    "2024-05": {
      "monthly_PRENEI_Q": 0.0,
      "monthly_PRELIQ_Q": 132.3,
      "monthly_PE_Q": 47.0
    },
    "2024-06": {
      "monthly_PRENEI_Q": 0.0,
      "monthly_PRELIQ_Q": 94.3,
      "monthly_PE_Q": -7.199999999999998
    },
    "2024-07": {
      "monthly_PRENEI_Q": 0.0,
      "monthly_PRELIQ_Q": 104.1,
      "monthly_PE_Q": -10.1
    },
    "2024-08": {
      "monthly_PRENEI_Q": 0.0,
      "monthly_PRELIQ_Q": 62.6,
      "monthly_PE_Q": -19.0
    },
    "2024-09": {
      "monthly_PRENEI_Q": 0.0,
      "monthly_PRELIQ_Q": 115.6,
      "monthly_PE_Q": 57.599999999999994
    },
    "2024-10": {
      "monthly_PRENEI_Q": 0.0,
      "monthly_PRELIQ_Q": 62.7,
      "monthly_PE_Q": 24.900000000000002
    },
    "2024-11": {
      "monthly_PRENEI_Q": 3.4000000000000004,
      "monthly_PRELIQ_Q": 52.199999999999996,
      "monthly_PE_Q": 36.1
    },
    "2024-12": {
      "monthly_PRENEI_Q": 0.0,
      "monthly_PRELIQ_Q": 52.800000000000004,
      "monthly_PE_Q": 39.5
    }
  }
}