{
  "years": {
    "2024": {
      "annual_PRENEI_Q": 10.7,
      "annual_PRELIQ_Q": 1026.4,
      "annual_PE_Q": 410.1
    }
  },
  "months": {
    "2024-01": {
      "monthly_PRENEI_Q": 1.7000000000000002,
      "monthly_PRELIQ_Q": 62.1,
      "monthly_PE_Q": 49.699999999999996
    },
    "2024-02": {
      "monthly_PRENEI_Q": 0.0,
      "monthly_PRELIQ_Q": 101.8,
      "monthly_PE_Q": 80.39999999999999
    },
    "2024-03": {
      "monthly_PRENEI_Q": 0.0,
      "monthly_PRELIQ_Q": 75.1,
      "monthly_PE_Q": 30.400000000000002
    },
    "2024-04": {
      "monthly_PRENEI_Q": 0.0,
      "monthly_PRELIQ_Q": 58.5,
      "monthly_PE_Q": -6.800000000000001
    },
    "2024-05": {
      "monthly_PRENEI_Q": 0.0,
      "monthly_PRELIQ_Q": 100.89999999999999,
      "monthly_PE_Q": 21.900000000000002
    },
    "2024-06": {
      "monthly_PRENEI_Q": 0.0,
      "monthly_PRELIQ_Q": 74.3,
      "monthly_PE_Q": -24.599999999999998
    },
    "2024-07": {
      "monthly_PRENEI_Q": 0.0,
      "monthly_PRELIQ_Q": 118.6,
      "monthly_PE_Q": 22.799999999999997
    },
    "2024-08": {
      "monthly_PRENEI_Q": 0.0,
      "monthly_PRELIQ_Q": 88.1,
      "monthly_PE_Q": 6.4999999999999964
    },
    "2024-09": {
      "monthly_PRENEI_Q": 0.0,
      "monthly_PRELIQ_Q": 133.8,
      "monthly_PE_Q": 76.8
    },
    "2024-10": {
      "monthly_PRENEI_Q": 0.0,
      "monthly_PRELIQ_Q": 90.8,
      "monthly_PE_Q": 53.79999999999999
    },
    "2024-11": {
      "monthly_PRENEI_Q": 8.9,
      "monthly_PRELIQ_Q": 56.0,
      "monthly_PE_Q": 46.400000000000006
    },
    "2024-12": {
      "monthly_PRENEI_Q": 0.1,
      "monthly_PRELIQ_Q": 66.4,
      "monthly_PE_Q": 52.8
    }
  }
}