{
  "years": {
    "2024": {
      "annual_PRENEI_Q": 16.8,
      "annual_PRELIQ_Q": 1018.3,
      "annual_PE_Q": 486.4
    }
  },
  "months": {
    "2024-01": {
      "monthly_PRENEI_Q": 8.2,
      "monthly_PRELIQ_Q": 63.8,
      "monthly_PE_Q": 61.800000000000004
    },
    "2024-02": {
      "monthly_PRENEI_Q": 0.0,
      "monthly_PRELIQ_Q": 113.0,
      "monthly_PE_Q": 98.9
    },
    "2024-03": {
      "monthly_PRENEI_Q": 0.0,
      "monthly_PRELIQ_Q": 89.7,
      "monthly_PE_Q": 53.699999999999996
    },
    "2024-04": {
      "monthly_PRENEI_Q": 0.0,
      "monthly_PRELIQ_Q": 73.9,
      "monthly_PE_Q": 17.799999999999997
    },
    "2024-05": {
      "monthly_PRENEI_Q": 0.0,
      "monthly_PRELIQ_Q": 105.9,
      "monthly_PE_Q": 34.699999999999996
    },
    "2024-06": {
      "monthly_PRENEI_Q": 0.0,
      "monthly_PRELIQ_Q": 64.6,
      "monthly_PE_Q": -22.599999999999998
    },
    "2024-07": {
      "monthly_PRENEI_Q": 0.0,
      "monthly_PRELIQ_Q": 106.1,
      "monthly_PE_Q": 15.700000000000001
    },
    "2024-08": {
      "monthly_PRENEI_Q": 0.0,
      "monthly_PRELIQ_Q": 75.3,
      "monthly_PE_Q": -1.3999999999999992
    },
    "2024-09": {
      "monthly_PRENEI_Q": 0.0,
      "monthly_PRELIQ_Q": 117.8,
      "monthly_PE_Q": 68.4
    },
    "2024-10": {
      "monthly_PRENEI_Q": 0.0,
      "monthly_PRELIQ_Q": 96.5,
      "monthly_PE_Q": 65.7
    },
    "2024-11": {
      "monthly_PRENEI_Q": 7.8999999999999995,
      "monthly_PRELIQ_Q": 53.0,
      "monthly_PE_Q": 46.4
    },
    "2024-12": {
      "monthly_PRENEI_Q": 0.7000000000000001,
      "monthly_PRELIQ_Q": 58.7,
      "monthly_PE_Q": 47.300000000000004
    }
  }
}