{
  "years": {
    "2024": {
      "annual_PRENEI_Q": 10.200000000000001,
      "annual_PRELIQ_Q": 957.5,
      "annual_PE_Q": 378.3
    }
  },
  "months": {
    "2024-01": {
      "monthly_PRENEI_Q": 5.1000000000000005,
      "monthly_PRELIQ_Q": 56.0,
      "monthly_PE_Q": 50.0
    },
    "2024-02": {
      "monthly_PRENEI_Q": 0.0,
      "monthly_PRELIQ_Q": 84.5,
      "monthly_PE_Q": 68.10000000000001
    },
    "2024-03": {
      "monthly_PRENEI_Q": 0.0,
      "monthly_PRELIQ_Q": 81.1,
      "monthly_PE_Q": 41.7
    },
    "2024-04": {
      "monthly_PRENEI_Q": 0.0,
      "monthly_PRELIQ_Q": 70.6,
      "monthly_PE_Q": 6.699999999999998
    },
    "2024-05": {
      "monthly_PRENEI_Q": 0.0,
      "monthly_PRELIQ_Q": 121.6,
      "monthly_PE_Q": 42.099999999999994
    },
    "2024-06": {
      "monthly_PRENEI_Q": 0.0,
      "monthly_PRELIQ_Q": 76.0,
      "monthly_PE_Q": -23.0
    },
    "2024-07": {
      "monthly_PRENEI_Q": 0.0,
      "monthly_PRELIQ_Q": 105.7,
      "monthly_PE_Q": 6.600000000000002
    },
    "2024-08": {
      "monthly_PRENEI_Q": 0.0,
      "monthly_PRELIQ_Q": 50.5,
      "monthly_PE_Q": -22.6
    },
    "2024-09": {
      "monthly_PRENEI_Q": 0.0,
      "monthly_PRELIQ_Q": 106.1,
      "monthly_PE_Q": 57.7
    },
    "2024-10": {
      "monthly_PRENEI_Q": 0.0,
      "monthly_PRELIQ_Q": 97.3,
      "monthly_PE_Q": 67.7
    },
    "2024-11": {
      "monthly_PRENEI_Q": 4.4,
      "monthly_PRELIQ_Q": 42.199999999999996,
      "monthly_PE_Q": 31.400000000000002
    },
    "2024-12": {
      "monthly_PRENEI_Q": 0.7,
      "monthly_PRELIQ_Q": 65.9,
      "monthly_PE_Q": 51.9
    }
  }
}