{
  "years": {
    "2024": {
      "annual_PRENEI_Q": 9.6,
      "annual_PRELIQ_Q": 825.6,
      "annual_PE_Q": 271.5
    }
  },
  "months": {
    "2024-01": {
      "monthly_PRENEI_Q": 8.6,
      "monthly_PRELIQ_Q": 44.199999999999996,
      "monthly_PE_Q": 44.300000000000004
    },
    "2024-02": {
      "monthly_PRENEI_Q": 0.0,
      "monthly_PRELIQ_Q": 83.4,
      "monthly_PE_Q": 66.7
    },
    "2024-03": {
      "monthly_PRENEI_Q": 0.0,
      "monthly_PRELIQ_Q": 98.7,
      "monthly_PE_Q": 60.400000000000006
    },
    "2024-04": {
      "monthly_PRENEI_Q": 0.0,
      "monthly_PRELIQ_Q": 70.0,
      "monthly_PE_Q": 5.099999999999998
    },
    "2024-05": {
      "monthly_PRENEI_Q": 0.0,
      "monthly_PRELIQ_Q": 110.9,
      "monthly_PE_Q": 31.2
    },
    "2024-06": {
      "monthly_PRENEI_Q": 0.0,
      "monthly_PRELIQ_Q": 55.3,
      "monthly_PE_Q": -43.199999999999996
    },
    "2024-07": {
      "monthly_PRENEI_Q": 0.0,
      "monthly_PRELIQ_Q": 74.8,
      "monthly_PE_Q": -21.200000000000003
    },
    "2024-08": {
      "monthly_PRENEI_Q": 0.0,
      "monthly_PRELIQ_Q": 29.799999999999997,
      "monthly_PE_Q": -27.4
    },
    "2024-09": {
      "monthly_PRENEI_Q": 0.0,
      "monthly_PRELIQ_Q": 80.2,
      "monthly_PE_Q": 35.5
    },
    "2024-10": {
      "monthly_PRENEI_Q": 0.0,
      "monthly_PRELIQ_Q": 91.7,
      "monthly_PE_Q": 58.300000000000004
    },
    "2024-11": {
      "monthly_PRENEI_Q": 1.0,
      "monthly_PRELIQ_Q": 38.3,
      "monthly_PE_Q": 23.0
    },
    "2024-12": {
      "monthly_PRENEI_Q": 0.0,
      "monthly_PRELIQ_Q": 48.3,
      "monthly_PE_Q": 38.8
    }
  }
}