{
  "years": {
    "2024": {
      "annual_PRENEI_Q": 14.2,
      "annual_PRELIQ_Q": 891.2,
      "annual_PE_Q": 349.9
    }
  },
  "months": {
    "2024-01": {
      "monthly_PRENEI_Q": 13.5,
      "monthly_PRELIQ_Q": 69.2,
      "monthly_PE_Q": 71.3
    },
    "2024-02": {
      "monthly_PRENEI_Q": 0.0,
      "monthly_PRELIQ_Q": 104.10000000000001,
      "monthly_PE_Q": 87.1
    },
    "2024-03": {
      "monthly_PRENEI_Q": 0.0,
      "monthly_PRELIQ_Q": 94.89999999999999,
      "monthly_PE_Q": 62.8
    },
    "2024-04": {
      "monthly_PRENEI_Q": 0.0,
      "monthly_PRELIQ_Q": 80.60000000000001,
      "monthly_PE_Q": 21.5
    },
    "2024-05": {
      "monthly_PRENEI_Q": 0.0,
      "monthly_PRELIQ_Q": 82.3,
      "monthly_PE_Q": 5.600000000000001
    },
    "2024-06": {
      "monthly_PRENEI_Q": 0.0,
      "monthly_PRELIQ_Q": 79.3,
      "monthly_PE_Q": -10.5
    },
    "2024-07": {
      "monthly_PRENEI_Q": 0.0,
      "monthly_PRELIQ_Q": 82.2,
      "monthly_PE_Q": -13.100000000000001
    },
    "2024-08": {
      "monthly_PRENEI_Q": 0.0,
      "monthly_PRELIQ_Q": 33.7,
      "monthly_PE_Q": -37.2
    },
    "2024-09": {
      "monthly_PRENEI_Q": 0.0,
      "monthly_PRELIQ_Q": 71.8,
      "monthly_PE_Q": 25.700000000000003
    },
    "2024-10": {
      "monthly_PRENEI_Q": 0.0,
      "monthly_PRELIQ_Q": 79.5,
      "monthly_PE_Q": 47.9
    },
    "2024-11": {
      "monthly_PRENEI_Q": 0.4,
      "monthly_PRELIQ_Q": 52.0,
      "monthly_PE_Q": 37.6
    },
    "2024-12": {
      "monthly_PRENEI_Q": 0.30000000000000004,
      "monthly_PRELIQ_Q": 61.6,
      "monthly_PE_Q": 51.199999999999996
    }
  }
}