{
  "years": {
    "2024": {
      "annual_PRENEI_Q": 12.3,
      "annual_PRELIQ_Q": 883.8,
      "annual_PE_Q": 338.3
    }
  },
  "months": {
    "2024-01": {
      "monthly_PRENEI_Q": 11.700000000000001,
      "monthly_PRELIQ_Q": 70.2,
      "monthly_PE_Q": 70.10000000000001
    },
    "2024-02": {
      "monthly_PRENEI_Q": 0.0,
      "monthly_PRELIQ_Q": 102.8,
      "monthly_PE_Q": 85.7
    },
    "2024-03": {
      "monthly_PRENEI_Q": 0.0,
      "monthly_PRELIQ_Q": 94.0,
      "monthly_PE_Q": 61.800000000000004
    },
    "2024-04": {
      "monthly_PRENEI_Q": 0.0,
      "monthly_PRELIQ_Q": 79.6,
      "monthly_PE_Q": 20.299999999999997
    },
    "2024-05": {
      "monthly_PRENEI_Q": 0.0,
      "monthly_PRELIQ_Q": 81.4,
      "monthly_PE_Q": 4.100000000000001
    },
    "2024-06": {
      "monthly_PRENEI_Q": 0.0,
      "monthly_PRELIQ_Q": 78.39999999999999,
      "monthly_PE_Q": -11.900000000000002
    },
    "2024-07": {
      "monthly_PRENEI_Q": 0.0,
      "monthly_PRELIQ_Q": 81.60000000000001,
      "monthly_PE_Q": -13.2
    },
    "2024-08": {
      "monthly_PRENEI_Q": 0.0,
      "monthly_PRELIQ_Q": 33.5,
      "monthly_PE_Q": -37.1
    },
    "2024-09": {
      "monthly_PRENEI_Q": 0.0,
      "monthly_PRELIQ_Q": 71.0,
      "monthly_PE_Q": 24.9
    },
    "2024-10": {
      "monthly_PRENEI_Q": 0.0,
      "monthly_PRELIQ_Q": 78.8,
      "monthly_PE_Q": 46.5
    },
    "2024-11": {
      "monthly_PRENEI_Q": 0.30000000000000004,
      "monthly_PRELIQ_Q": 51.699999999999996,
      "monthly_PE_Q": 37.1
    },
    "2024-12": {
      "monthly_PRENEI_Q": 0.30000000000000004,
      "monthly_PRELIQ_Q": 60.800000000000004,
      "monthly_PE_Q": 50.0
    }
  }
}