{
  "years": {
    "2024": {
      "annual_PRENEI_Q": 5.6000000000000005,
      "annual_PRELIQ_Q": 862.7,
      "annual_PE_Q": 317.90000000000003
    }
  },
  "months": {
    "2024-01": {
      "monthly_PRENEI_Q": 5.2,
      "monthly_PRELIQ_Q": 74.2,
      "monthly_PE_Q": 63.5
    },
    "2024-02": {
      "monthly_PRENEI_Q": 0.0,
      "monthly_PRELIQ_Q": 99.7,
      "monthly_PE_Q": 79.6
    },
    "2024-03": {
      "monthly_PRENEI_Q": 0.0,
      "monthly_PRELIQ_Q": 91.2,
      "monthly_PE_Q": 55.5
    },
    "2024-04": {
      "monthly_PRENEI_Q": 0.0,
      "monthly_PRELIQ_Q": 77.2,
      "monthly_PE_Q": 17.2
    },
    "2024-05": {
      "monthly_PRENEI_Q": 0.0,
      "monthly_PRELIQ_Q": 78.6,
      "monthly_PE_Q": 4.800000000000001
    },
    "2024-06": {
      "monthly_PRENEI_Q": 0.0,
      "monthly_PRELIQ_Q": 76.0,
      "monthly_PE_Q": -9.199999999999998
    },
    "2024-07": {
      "monthly_PRENEI_Q": 0.0,
      "monthly_PRELIQ_Q": 78.9,
      "monthly_PE_Q": -8.700000000000003
    },
    "2024-08": {
      "monthly_PRENEI_Q": 0.0,
      "monthly_PRELIQ_Q": 32.8,
      "monthly_PE_Q": -33.400000000000006
    },
    "2024-09": {
      "monthly_PRENEI_Q": 0.0,
      "monthly_PRELIQ_Q": 68.8,
      "monthly_PE_Q": 22.9
    },
    "2024-10": {
      "monthly_PRENEI_Q": 0.0,
      "monthly_PRELIQ_Q": 76.10000000000001,
      "monthly_PE_Q": 43.400000000000006
    },
    "2024-11": {
      "monthly_PRENEI_Q": 0.2,
      "monthly_PRELIQ_Q": 50.300000000000004,
      "monthly_PE_Q": 34.900000000000006
    },
    "2024-12": {
      "monthly_PRENEI_Q": 0.2,
      "monthly_PRELIQ_Q": 58.9,
      "monthly_PE_Q": 47.4
    }
  }
}