{
  "years": {
    "2024": {
      "annual_PRENEI_Q": 37.6,
      "annual_PRELIQ_Q": 1304.1000000000001,
      "annual_PE_Q": 648.1
    }
  },
  "months": {
    "2024-01": {
      "monthly_PRENEI_Q": 34.400000000000006,
      "monthly_PRELIQ_Q": 40.699999999999996,
      "monthly_PE_Q": 54.6
    },
    "2024-02": {
      "monthly_PRENEI_Q": 0.1,
      "monthly_PRELIQ_Q": 68.9,
      "monthly_PE_Q": 32.4
    },
    "2024-03": {
      "monthly_PRENEI_Q": 2.5,
      "monthly_PRELIQ_Q": 288.5,
      "monthly_PE_Q": 232.1
    },
    "2024-04": {
      "monthly_PRENEI_Q": 0.0,
      "monthly_PRELIQ_Q": 149.2,
      "monthly_PE_Q": 69.2
    },
    "2024-05": {
      "monthly_PRENEI_Q": 0.0,
      "monthly_PRELIQ_Q": 144.29999999999998,
      "monthly_PE_Q": 43.3
    },
    "2024-06": {
      "monthly_PRENEI_Q": 0.0,
      "monthly_PRELIQ_Q": 36.2,
      "monthly_PE_Q": -63.300000000000004
    },
    "2024-07": {
      "monthly_PRENEI_Q": 0.0,
      "monthly_PRELIQ_Q": 25.9,
      "monthly_PE_Q": -43.6
    },
    "2024-08": {
      "monthly_PRENEI_Q": 0.0,
      "monthly_PRELIQ_Q": 36.0,
      "monthly_PE_Q": -12.099999999999998
    },
    "2024-09": {
      "monthly_PRENEI_Q": 0.0,
      "monthly_PRELIQ_Q": 99.0,
      "monthly_PE_Q": 34.3
    },
    "2024-10": {
      "monthly_PRENEI_Q": 0.0,
      "monthly_PRELIQ_Q": 297.3,
      "monthly_PE_Q": 248.4
    },
    "2024-11": {
      "monthly_PRENEI_Q": 0.0,
      "monthly_PRELIQ_Q": 76.5,
      "monthly_PE_Q": 41.5
    },
    "2024-12": {
      "monthly_PRENEI_Q": 0.6000000000000001,
      "monthly_PRELIQ_Q": 41.6,
      "monthly_PE_Q": 11.300000000000002
    }
  }
}