{
  "years": {
    "2024": {
      "annual_PRENEI_Q": 19.2,
      "annual_PRELIQ_Q": 2127.5,
      "annual_PE_Q": 1409.1
    }
  },
  "months": {
    "2024-01": {
      "monthly_PRENEI_Q": 6.8,
      "monthly_PRELIQ_Q": 45.1,
      "monthly_PE_Q": 33.8
    },
    "2024-02": {
      "monthly_PRENEI_Q": 0.0,
      "monthly_PRELIQ_Q": 109.3,
      "monthly_PE_Q": 75.1
    },
    "2024-03": {
      "monthly_PRENEI_Q": 12.299999999999999,
      "monthly_PRELIQ_Q": 463.3,
      "monthly_PE_Q": 419.6
    },
    "2024-04": {
      "monthly_PRENEI_Q": 0.0,
      "monthly_PRELIQ_Q": 147.5,
      "monthly_PE_Q": 70.5
    },
    "2024-05": {
      "monthly_PRENEI_Q": 0.0,
      "monthly_PRELIQ_Q": 200.2,
      "monthly_PE_Q": 101.5
    },
    "2024-06": {
      "monthly_PRENEI_Q": 0.0,
      "monthly_PRELIQ_Q": 64.80000000000001,
      "monthly_PE_Q": -42.699999999999996
    },
    "2024-07": {
      "monthly_PRENEI_Q": 0.0,
      "monthly_PRELIQ_Q": 29.9,
      "monthly_PE_Q": -60.6
    },
    "2024-08": {
      "monthly_PRENEI_Q": 0.0,
      "monthly_PRELIQ_Q": 86.10000000000001,
      "monthly_PE_Q": -1.9999999999999993
    },
    "2024-09": {
      "monthly_PRENEI_Q": 0.0,
      "monthly_PRELIQ_Q": 201.6,
      "monthly_PE_Q": 130.8
    },
    "2024-10": {
      "monthly_PRENEI_Q": 0.0,
      "monthly_PRELIQ_Q": 627.9,
      "monthly_PE_Q": 579.4
    },
    "2024-11": {
      "monthly_PRENEI_Q": 0.0,
      "monthly_PRELIQ_Q": 132.8,
      "monthly_PE_Q": 103.10000000000001
    },
    "2024-12": {
      "monthly_PRENEI_Q": 0.1,
      "monthly_PRELIQ_Q": 19.0,
      "monthly_PE_Q": 0.5999999999999994
    }
  }
}