{
  "years": {
    "2024": {
      "annual_PRENEI_Q": 103.8,
      "annual_PRELIQ_Q": 2211.7,
      "annual_PE_Q": 1528.0
    }
  },
  "months": {
    "2024-01": {
      "monthly_PRENEI_Q": 18.8,
      "monthly_PRELIQ_Q": 36.8,
      "monthly_PE_Q": 37.1
    },
    "2024-02": {
      "monthly_PRENEI_Q": 2.1,
      "monthly_PRELIQ_Q": 116.1,
      "monthly_PE_Q": 82.5
    },
    "2024-03": {
      "monthly_PRENEI_Q": 77.8,
      "monthly_PRELIQ_Q": 435.4,
      "monthly_PE_Q": 462.90000000000003
    },
    "2024-04": {
      "monthly_PRENEI_Q": 0.5,
      "monthly_PRELIQ_Q": 158.70000000000002,
      "monthly_PE_Q": 81.1
    },
    "2024-05": {
      "monthly_PRENEI_Q": 0.1,
      "monthly_PRELIQ_Q": 216.0,
      "monthly_PE_Q": 113.80000000000001
    },
    "2024-06": {
      "monthly_PRENEI_Q": 0.0,
      "monthly_PRELIQ_Q": 70.0,
      "monthly_PE_Q": -43.3
    },
    "2024-07": {
      "monthly_PRENEI_Q": 0.0,
      "monthly_PRELIQ_Q": 32.1,
      "monthly_PE_Q": -71.1
    },
    "2024-08": {
      "monthly_PRENEI_Q": 0.0,
      "monthly_PRELIQ_Q": 92.8,
      "monthly_PE_Q": -6.400000000000006
    },
    "2024-09": {
      "monthly_PRENEI_Q": 0.0,
      "monthly_PRELIQ_Q": 217.3,
      "monthly_PE_Q": 142.2
    },
    "2024-10": {
      "monthly_PRENEI_Q": 0.0,
      "monthly_PRELIQ_Q": 677.0,
      "monthly_PE_Q": 621.9
    },
    "2024-11": {
      "monthly_PRENEI_Q": 0.0,
      "monthly_PRELIQ_Q": 143.1,
      "monthly_PE_Q": 110.3
    },
    "2024-12": {
      "monthly_PRENEI_Q": 4.499999999999999,
      "monthly_PRELIQ_Q": 16.400000000000002,
      "monthly_PE_Q": -3.0000000000000004
    }
  }
}