{
  "years": {
    "2024": {
      "annual_PRENEI_Q": 126.1,
      "annual_PRELIQ_Q": 1249.2,
      "annual_PE_Q": 745.5
    }
  },
  "months": {
    "2024-01": {
      "monthly_PRENEI_Q": 14.9,
      "monthly_PRELIQ_Q": 29.200000000000003,
      "monthly_PE_Q": 32.1
    },
    "2024-02": {
      "monthly_PRENEI_Q": 16.5,
      "monthly_PRELIQ_Q": 85.0,
      "monthly_PE_Q": 77.3
    },
    "2024-03": {
      "monthly_PRENEI_Q": 72.5,
      "monthly_PRELIQ_Q": 207.6,
      "monthly_PE_Q": 238.5
    },
    "2024-04": {
      "monthly_PRENEI_Q": 1.9,
      "monthly_PRELIQ_Q": 121.2,
      "monthly_PE_Q": 64.2
    },
    "2024-05": {
      "monthly_PRENEI_Q": 0.0,
      "monthly_PRELIQ_Q": 161.60000000000002,
      "monthly_PE_Q": 87.3
    },
    "2024-06": {
      "monthly_PRENEI_Q": 0.0,
      "monthly_PRELIQ_Q": 88.2,
      "monthly_PE_Q": -2.800000000000007
    },
    "2024-07": {
      "monthly_PRENEI_Q": 0.0,
      "monthly_PRELIQ_Q": 53.300000000000004,
      "monthly_PE_Q": -55.1
    },
    "2024-08": {
      "monthly_PRENEI_Q": 0.0,
      "monthly_PRELIQ_Q": 54.199999999999996,
      "monthly_PE_Q": -19.9
    },
    "2024-09": {
      "monthly_PRENEI_Q": 0.0,
      "monthly_PRELIQ_Q": 99.60000000000001,
      "monthly_PE_Q": 45.7
    },
    "2024-10": {
      "monthly_PRENEI_Q": 0.0,
      "monthly_PRELIQ_Q": 255.5,
      "monthly_PE_Q": 208.70000000000002
    },
    "2024-11": {
      "monthly_PRENEI_Q": 2.4,
      "monthly_PRELIQ_Q": 61.0,
      "monthly_PE_Q": 34.99999999999999
    },
    "2024-12": {
      "monthly_PRENEI_Q": 17.9,
      "monthly_PRELIQ_Q": 32.8,
      "monthly_PE_Q": 34.5
    }
  }
}