{
  "years": {
    "2024": {
      "annual_PRENEI_Q": 177.3,
      "annual_PRELIQ_Q": 912.3,
      "annual_PE_Q": 492.6
    }
  },
  "months": {
    "2024-01": {
      "monthly_PRENEI_Q": 9.9,
      "monthly_PRELIQ_Q": 35.800000000000004,
      "monthly_PE_Q": 33.5
    },
    "2024-02": {
      "monthly_PRENEI_Q": 11.3,
      "monthly_PRELIQ_Q": 55.400000000000006,
      "monthly_PE_Q": 45.9
    },
    "2024-03": {
      "monthly_PRENEI_Q": 102.9,
      "monthly_PRELIQ_Q": 58.699999999999996,
      "monthly_PE_Q": 128.4
    },
    "2024-04": {
      "monthly_PRENEI_Q": 10.9,
      "monthly_PRELIQ_Q": 60.9,
      "monthly_PE_Q": 12.500000000000002
    },
    "2024-05": {
      "monthly_PRENEI_Q": 0.0,
      "monthly_PRELIQ_Q": 113.4,
      "monthly_PE_Q": 43.5
    },
    "2024-06": {
      "monthly_PRENEI_Q": 0.0,
      "monthly_PRELIQ_Q": 65.9,
      "monthly_PE_Q": -17.900000000000002
    },
    "2024-07": {
      "monthly_PRENEI_Q": 0.0,
      "monthly_PRELIQ_Q": 79.7,
      "monthly_PE_Q": -27.0
    },
    "2024-08": {
      "monthly_PRENEI_Q": 0.0,
      "monthly_PRELIQ_Q": 61.2,
      "monthly_PE_Q": -15.799999999999997
    },
    "2024-09": {
      "monthly_PRENEI_Q": 0.0,
      "monthly_PRELIQ_Q": 162.89999999999998,
      "monthly_PE_Q": 108.60000000000001
    },
    "2024-10": {
      "monthly_PRENEI_Q": 0.0,
      "monthly_PRELIQ_Q": 130.20000000000002,
      "monthly_PE_Q": 86.9
    },
    "2024-11": {
      "monthly_PRENEI_Q": 0.6,
      "monthly_PRELIQ_Q": 61.0,
      "monthly_PE_Q": 36.0
    },
    "2024-12": {
      "monthly_PRENEI_Q": 41.699999999999996,
      "monthly_PRELIQ_Q": 27.2,
      "monthly_PE_Q": 58.0
    }
  }
}