{
  "years": {
    "2024": {
      "annual_PRENEI_Q": 5.800000000000001,
      "annual_PRELIQ_Q": 930.5,
      "annual_PE_Q": 286.6
    }
  },
  "months": {
    "2024-01": {
      "monthly_PRENEI_Q": 3.0000000000000004,
      "monthly_PRELIQ_Q": 51.9,
      "monthly_PE_Q": 40.800000000000004
    },
    "2024-02": {
      "monthly_PRENEI_Q": 0.0,
      "monthly_PRELIQ_Q": 75.8,
      "monthly_PE_Q": 55.6
    },
    "2024-03": {
      "monthly_PRENEI_Q": 0.0,
      "monthly_PRELIQ_Q": 69.2,
      "monthly_PE_Q": 25.099999999999998
    },
    "2024-04": {
      "monthly_PRENEI_Q": 0.0,
      "monthly_PRELIQ_Q": 63.2,
      "monthly_PE_Q": -4.000000000000003
    },
    "2024-05": {
      "monthly_PRENEI_Q": 0.0,
      "monthly_PRELIQ_Q": 131.0,
      "monthly_PE_Q": 46.4
    },
    "2024-06": {
      "monthly_PRENEI_Q": 0.0,
      "monthly_PRELIQ_Q": 93.5,
      "monthly_PE_Q": -8.600000000000001
    },
    "2024-07": {
      "monthly_PRENEI_Q": 0.0,
      "monthly_PRELIQ_Q": 103.0,
      "monthly_PE_Q": -10.199999999999998
    },
    "2024-08": {
      "monthly_PRENEI_Q": 0.0,
      "monthly_PRELIQ_Q": 61.9,
      "monthly_PE_Q": -19.599999999999998
    },
    "2024-09": {
      "monthly_PRENEI_Q": 0.0,
      "monthly_PRELIQ_Q": 114.3,
      "monthly_PE_Q": 58.0
    },
    "2024-10": {
      "monthly_PRENEI_Q": 0.0,
      "monthly_PRELIQ_Q": 62.1,
      "monthly_PE_Q": 25.799999999999997
    },
    "2024-11": {
      "monthly_PRENEI_Q": 2.8000000000000003,
      "monthly_PRELIQ_Q": 52.3,
      "monthly_PE_Q": 36.9
    },
    "2024-12": {
      "monthly_PRENEI_Q": 0.0,
      "monthly_PRELIQ_Q": 52.3,
      "monthly_PE_Q": 40.4
    }
  }
}