{
  "years": {
    "2024": {
      "annual_PRENEI_Q": 17.5,
      "annual_PRELIQ_Q": 1024.4,
      "annual_PE_Q": 465.4
    }
  },
  "months": {
    "2024-01": {
      "monthly_PRENEI_Q": 8.299999999999999,
      "monthly_PRELIQ_Q": 64.2,
      "monthly_PE_Q": 61.9
    },
    "2024-02": {
      "monthly_PRENEI_Q": 0.0,
      "monthly_PRELIQ_Q": 113.60000000000001,
      "monthly_PE_Q": 99.1
    },
    "2024-03": {
      "monthly_PRENEI_Q": 0.0,
      "monthly_PRELIQ_Q": 90.3,
      "monthly_PE_Q": 53.4
    },
    "2024-04": {
      "monthly_PRENEI_Q": 0.0,
      "monthly_PRELIQ_Q": 74.4,
      "monthly_PE_Q": 15.400000000000002
    },
    "2024-05": {
      "monthly_PRENEI_Q": 0.0,
      "monthly_PRELIQ_Q": 106.6,
      "monthly_PE_Q": 31.5
    },
    "2024-06": {
      "monthly_PRENEI_Q": 0.0,
      "monthly_PRELIQ_Q": 64.89999999999999,
      "monthly_PE_Q": -26.900000000000002
    },
    "2024-07": {
      "monthly_PRENEI_Q": 0.0,
      "monthly_PRELIQ_Q": 106.7,
      "monthly_PE_Q": 9.799999999999999
    },
    "2024-08": {
      "monthly_PRENEI_Q": 0.0,
      "monthly_PRELIQ_Q": 76.0,
      "monthly_PE_Q": -6.800000000000001
    },
    "2024-09": {
      "monthly_PRENEI_Q": 0.0,
      "monthly_PRELIQ_Q": 118.39999999999999,
      "monthly_PE_Q": 67.5
    },
    "2024-10": {
      "monthly_PRENEI_Q": 0.0,
      "monthly_PRELIQ_Q": 97.10000000000001,
      "monthly_PE_Q": 65.99999999999999
    },
    "2024-11": {
      "monthly_PRENEI_Q": 8.5,
      "monthly_PRELIQ_Q": 52.9,
      "monthly_PE_Q": 46.8
    },
    "2024-12": {
      "monthly_PRENEI_Q": 0.7000000000000001,
      "monthly_PRELIQ_Q": 59.3,
      "monthly_PE_Q": 47.7
    }
  }
}