{
  "years": {
    "2024": {
      "annual_PRENEI_Q": 17.9,
      "annual_PRELIQ_Q": 1029.0,
      "annual_PE_Q": 466.6
    }
  },
  "months": {
    "2024-01": {
      "monthly_PRENEI_Q": 8.299999999999999,
      "monthly_PRELIQ_Q": 64.3,
      "monthly_PE_Q": 62.199999999999996
    },
    "2024-02": {
      "monthly_PRENEI_Q": 0.0,
      "monthly_PRELIQ_Q": 114.3,
      "monthly_PE_Q": 99.8
    },
    "2024-03": {
      "monthly_PRENEI_Q": 0.0,
      "monthly_PRELIQ_Q": 90.6,
      "monthly_PE_Q": 52.5
    },
    "2024-04": {
      "monthly_PRENEI_Q": 0.0,
      "monthly_PRELIQ_Q": 74.7,
      "monthly_PE_Q": 14.7
    },
    "2024-05": {
      "monthly_PRENEI_Q": 0.0,
      "monthly_PRELIQ_Q": 107.2,
      "monthly_PE_Q": 31.299999999999997
    },
    "2024-06": {
      "monthly_PRENEI_Q": 0.0,
      "monthly_PRELIQ_Q": 65.3,
      "monthly_PE_Q": -26.799999999999997
    },
    "2024-07": {
      "monthly_PRENEI_Q": 0.0,
      "monthly_PRELIQ_Q": 107.3,
      "monthly_PE_Q": 9.9
    },
    "2024-08": {
      "monthly_PRENEI_Q": 0.0,
      "monthly_PRELIQ_Q": 76.4,
      "monthly_PE_Q": -5.8999999999999995
    },
    "2024-09": {
      "monthly_PRENEI_Q": 0.0,
      "monthly_PRELIQ_Q": 119.10000000000001,
      "monthly_PE_Q": 68.2
    },
    "2024-10": {
      "monthly_PRENEI_Q": 0.0,
      "monthly_PRELIQ_Q": 97.69999999999999,
      "monthly_PE_Q": 66.4
    },
    "2024-11": {
      "monthly_PRENEI_Q": 8.9,
      "monthly_PRELIQ_Q": 52.6,
      "monthly_PE_Q": 46.800000000000004
    },
    "2024-12": {
      "monthly_PRENEI_Q": 0.7000000000000001,
      "monthly_PRELIQ_Q": 59.5,
      "monthly_PE_Q": 47.5
    }
  }
}