{
  "years": {
    "2024": {
      "annual_PRENEI_Q": 9.6,
      "annual_PRELIQ_Q": 824.7,
      "annual_PE_Q": 271.2
    }
  },
  "months": {
    "2024-01": {
      "monthly_PRENEI_Q": 8.6,
      "monthly_PRELIQ_Q": 44.199999999999996,
      "monthly_PE_Q": 43.7
    },
    "2024-02": {
      "monthly_PRENEI_Q": 0.0,
      "monthly_PRELIQ_Q": 83.3,
      "monthly_PE_Q": 66.1
    },
    "2024-03": {
      "monthly_PRENEI_Q": 0.0,
      "monthly_PRELIQ_Q": 98.6,
      "monthly_PE_Q": 59.800000000000004
    },
    "2024-04": {
      "monthly_PRENEI_Q": 0.0,
      "monthly_PRELIQ_Q": 69.89999999999999,
      "monthly_PE_Q": 4.1
    },
    "2024-05": {
      "monthly_PRENEI_Q": 0.0,
      "monthly_PRELIQ_Q": 110.7,
      "monthly_PE_Q": 30.700000000000003
    },
    "2024-06": {
      "monthly_PRENEI_Q": 0.0,
      "monthly_PRELIQ_Q": 55.3,
      "monthly_PE_Q": -43.6
    },
    "2024-07": {
      "monthly_PRENEI_Q": 0.0,
      "monthly_PRELIQ_Q": 74.8,
      "monthly_PE_Q": -19.300000000000004
    },
    "2024-08": {
      "monthly_PRENEI_Q": 0.0,
      "monthly_PRELIQ_Q": 29.7,
      "monthly_PE_Q": -25.700000000000003
    },
    "2024-09": {
      "monthly_PRENEI_Q": 0.0,
      "monthly_PRELIQ_Q": 80.1,
      "monthly_PE_Q": 36.0
    },
    "2024-10": {
      "monthly_PRENEI_Q": 0.0,
      "monthly_PRELIQ_Q": 91.60000000000001,
      "monthly_PE_Q": 58.0
    },
    "2024-11": {
      "monthly_PRENEI_Q": 1.0,
      "monthly_PRELIQ_Q": 38.3,
      "monthly_PE_Q": 22.7
    },
    "2024-12": {
      "monthly_PRENEI_Q": 0.0,
      "monthly_PRELIQ_Q": 48.2,
      "monthly_PE_Q": 38.699999999999996
    }
  }
}