{
  "years": {
    "2024": {
      "annual_PRENEI_Q": 83.0,
      "annual_PRELIQ_Q": 1254.3,
      "annual_PE_Q": 664.0
    }
  },
  "months": {
    "2024-01": {
      "monthly_PRENEI_Q": 14.200000000000001,
      "monthly_PRELIQ_Q": 28.8,
      "monthly_PE_Q": 29.7
    },
    "2024-02": {
      "monthly_PRENEI_Q": 6.5,
      "monthly_PRELIQ_Q": 92.3,
      "monthly_PE_Q": 73.6
    },
    "2024-03": {
      "monthly_PRENEI_Q": 50.7,
      "monthly_PRELIQ_Q": 221.7,
      "monthly_PE_Q": 225.4
    },
    "2024-04": {
      "monthly_PRENEI_Q": 0.5,
      "monthly_PRELIQ_Q": 119.0,
      "monthly_PE_Q": 56.199999999999996
    },
    "2024-05": {
      "monthly_PRENEI_Q": 0.0,
      "monthly_PRELIQ_Q": 156.8,
      "monthly_PE_Q": 78.39999999999999
    },
    "2024-06": {
      "monthly_PRENEI_Q": 0.0,
      "monthly_PRELIQ_Q": 85.6,
      "monthly_PE_Q": -12.7
    },
    "2024-07": {
      "monthly_PRENEI_Q": 0.0,
      "monthly_PRELIQ_Q": 52.1,
      "monthly_PE_Q": -64.2
    },
    "2024-08": {
      "monthly_PRENEI_Q": 0.0,
      "monthly_PRELIQ_Q": 52.699999999999996,
      "monthly_PE_Q": -25.599999999999998
    },
    "2024-09": {
      "monthly_PRENEI_Q": 0.0,
      "monthly_PRELIQ_Q": 96.9,
      "monthly_PE_Q": 40.1
    },
    "2024-10": {
      "monthly_PRENEI_Q": 0.0,
      "monthly_PRELIQ_Q": 248.7,
      "monthly_PE_Q": 200.0
    },
    "2024-11": {
      "monthly_PRENEI_Q": 1.2000000000000002,
      "monthly_PRELIQ_Q": 60.3,
      "monthly_PE_Q": 31.599999999999998
    },
    "2024-12": {
      "monthly_PRENEI_Q": 9.9,
      "monthly_PRELIQ_Q": 39.4,
      "monthly_PE_Q": 31.5
    }
  }
}