{
  "years": {
    "2024": {
      "annual_PRENEI_Q": 316.2,
      "annual_PRELIQ_Q": 1022.9,
      "annual_PE_Q": 722.1
    }
  },
  "months": {
    "2024-01": {
      "monthly_PRENEI_Q": 9.2,
      "monthly_PRELIQ_Q": 34.800000000000004,
      "monthly_PE_Q": 33.199999999999996
    },
    "2024-02": {
      "monthly_PRENEI_Q": 34.4,
      "monthly_PRELIQ_Q": 44.9,
      "monthly_PE_Q": 60.1
    },
    "2024-03": {
      "monthly_PRENEI_Q": 185.7,
      "monthly_PRELIQ_Q": 69.3,
      "monthly_PE_Q": 230.9
    },
    "2024-04": {
      "monthly_PRENEI_Q": 19.0,
      "monthly_PRELIQ_Q": 89.1,
      "monthly_PE_Q": 47.699999999999996
    },
    "2024-05": {
      "monthly_PRENEI_Q": 14.799999999999999,
      "monthly_PRELIQ_Q": 136.7,
      "monthly_PE_Q": 73.0
    },
    "2024-06": {
      "monthly_PRENEI_Q": 0.0,
      "monthly_PRELIQ_Q": 80.1,
      "monthly_PE_Q": -12.899999999999999
    },
    "2024-07": {
      "monthly_PRENEI_Q": 0.0,
      "monthly_PRELIQ_Q": 86.2,
      "monthly_PE_Q": -30.3
    },
    "2024-08": {
      "monthly_PRENEI_Q": 0.0,
      "monthly_PRELIQ_Q": 41.0,
      "monthly_PE_Q": -32.4
    },
    "2024-09": {
      "monthly_PRENEI_Q": 0.3,
      "monthly_PRELIQ_Q": 134.5,
      "monthly_PE_Q": 77.39999999999999
    },
    "2024-10": {
      "monthly_PRENEI_Q": 0.0,
      "monthly_PRELIQ_Q": 225.5,
      "monthly_PE_Q": 177.3
    },
    "2024-11": {
      "monthly_PRENEI_Q": 6.2,
      "monthly_PRELIQ_Q": 54.699999999999996,
      "monthly_PE_Q": 36.6
    },
    "2024-12": {
      "monthly_PRENEI_Q": 46.6,
      "monthly_PRELIQ_Q": 26.099999999999998,
      "monthly_PE_Q": 61.5
    }
  }
}