{
  "years": {
    "2024": {
      "annual_PRENEI_Q": 147.9,
      "annual_PRELIQ_Q": 916.1,
      "annual_PE_Q": 433.1
    }
  },
  "months": {
    "2024-01": {
      "monthly_PRENEI_Q": 8.9,
      "monthly_PRELIQ_Q": 35.699999999999996,
      "monthly_PE_Q": 29.8
    },
    "2024-02": {
      "monthly_PRENEI_Q": 8.0,
      "monthly_PRELIQ_Q": 57.0,
      "monthly_PE_Q": 41.8
    },
    "2024-03": {
      "monthly_PRENEI_Q": 83.5,
      "monthly_PRELIQ_Q": 74.6,
      "monthly_PE_Q": 117.3
    },
    "2024-04": {
      "monthly_PRENEI_Q": 7.8999999999999995,
      "monthly_PRELIQ_Q": 62.300000000000004,
      "monthly_PE_Q": 6.800000000000002
    },
    "2024-05": {
      "monthly_PRENEI_Q": 0.0,
      "monthly_PRELIQ_Q": 110.1,
      "monthly_PE_Q": 36.6
    },
    "2024-06": {
      "monthly_PRENEI_Q": 0.0,
      "monthly_PRELIQ_Q": 64.60000000000001,
      "monthly_PE_Q": -21.8
    },
    "2024-07": {
      "monthly_PRENEI_Q": 0.0,
      "monthly_PRELIQ_Q": 77.9,
      "monthly_PE_Q": -29.5
    },
    "2024-08": {
      "monthly_PRENEI_Q": 0.0,
      "monthly_PRELIQ_Q": 59.6,
      "monthly_PE_Q": -15.800000000000004
    },
    "2024-09": {
      "monthly_PRENEI_Q": 0.0,
      "monthly_PRELIQ_Q": 158.7,
      "monthly_PE_Q": 101.5
    },
    "2024-10": {
      "monthly_PRENEI_Q": 0.0,
      "monthly_PRELIQ_Q": 127.5,
      "monthly_PE_Q": 80.7
    },
    "2024-11": {
      "monthly_PRENEI_Q": 0.4,
      "monthly_PRELIQ_Q": 59.800000000000004,
      "monthly_PE_Q": 31.4
    },
    "2024-12": {
      "monthly_PRENEI_Q": 39.199999999999996,
      "monthly_PRELIQ_Q": 28.3,
      "monthly_PE_Q": 54.300000000000004
    }
  }
}