{
  "years": {
    "2024": {
      "annual_PRENEI_Q": 149.79999999999998,
      "annual_PRELIQ_Q": 970.9,
      "annual_PE_Q": 498.4
    }
  },
  "months": {
    "2024-01": {
      "monthly_PRENEI_Q": 11.5,
      "monthly_PRELIQ_Q": 28.5,
      "monthly_PE_Q": 29.0
    },
    "2024-02": {
      "monthly_PRENEI_Q": 5.8999999999999995,
      "monthly_PRELIQ_Q": 57.099999999999994,
      "monthly_PE_Q": 45.7
    },
    "2024-03": {
      "monthly_PRENEI_Q": 59.5,
      "monthly_PRELIQ_Q": 63.900000000000006,
      "monthly_PE_Q": 87.2
    },
    "2024-04": {
      "monthly_PRENEI_Q": 11.799999999999999,
      "monthly_PRELIQ_Q": 88.4,
      "monthly_PE_Q": 38.6
    },
    "2024-05": {
      "monthly_PRENEI_Q": 0.0,
      "monthly_PRELIQ_Q": 139.2,
      "monthly_PE_Q": 65.2
    },
    "2024-06": {
      "monthly_PRENEI_Q": 0.0,
      "monthly_PRELIQ_Q": 93.1,
      "monthly_PE_Q": 5.600000000000001
    },
    "2024-07": {
      "monthly_PRENEI_Q": 0.0,
      "monthly_PRELIQ_Q": 92.4,
      "monthly_PE_Q": -19.5
    },
    "2024-08": {
      "monthly_PRENEI_Q": 0.0,
      "monthly_PRELIQ_Q": 45.300000000000004,
      "monthly_PE_Q": -46.9
    },
    "2024-09": {
      "monthly_PRENEI_Q": 0.0,
      "monthly_PRELIQ_Q": 160.2,
      "monthly_PE_Q": 104.5
    },
    "2024-10": {
      "monthly_PRENEI_Q": 0.0,
      "monthly_PRELIQ_Q": 122.60000000000001,
      "monthly_PE_Q": 82.8
    },
    "2024-11": {
      "monthly_PRENEI_Q": 0.6,
      "monthly_PRELIQ_Q": 52.199999999999996,
      "monthly_PE_Q": 31.4
    },
    "2024-12": {
      "monthly_PRENEI_Q": 60.5,
      "monthly_PRELIQ_Q": 28.0,
      "monthly_PE_Q": 74.8
    }
  }
}