{
  "years": {
    "2024": {
      "annual_PRENEI_Q": 150.6,
      "annual_PRELIQ_Q": 971.1,
      "annual_PE_Q": 497.9
    }
  },
  "months": {
    "2024-01": {
      "monthly_PRENEI_Q": 11.5,
      "monthly_PRELIQ_Q": 28.7,
      "monthly_PE_Q": 28.7
    },
    "2024-02": {
      "monthly_PRENEI_Q": 5.8999999999999995,
      "monthly_PRELIQ_Q": 57.099999999999994,
      "monthly_PE_Q": 44.6
    },
    "2024-03": {
      "monthly_PRENEI_Q": 59.8,
      "monthly_PRELIQ_Q": 63.699999999999996,
      "monthly_PE_Q": 85.4
    },
    "2024-04": {
      "monthly_PRENEI_Q": 11.799999999999999,
      "monthly_PRELIQ_Q": 88.4,
      "monthly_PE_Q": 37.5
    },
    "2024-05": {
      "monthly_PRENEI_Q": 0.0,
      "monthly_PRELIQ_Q": 139.2,
      "monthly_PE_Q": 64.2
    },
    "2024-06": {
      "monthly_PRENEI_Q": 0.0,
      "monthly_PRELIQ_Q": 93.1,
      "monthly_PE_Q": 5.699999999999999
    },
    "2024-07": {
      "monthly_PRENEI_Q": 0.0,
      "monthly_PRELIQ_Q": 92.5,
      "monthly_PE_Q": -19.1
    },
    "2024-08": {
      "monthly_PRENEI_Q": 0.0,
      "monthly_PRELIQ_Q": 45.5,
      "monthly_PE_Q": -39.9
    },
    "2024-09": {
      "monthly_PRENEI_Q": 0.0,
      "monthly_PRELIQ_Q": 160.3,
      "monthly_PE_Q": 103.89999999999999
    },
    "2024-10": {
      "monthly_PRENEI_Q": 0.0,
      "monthly_PRELIQ_Q": 122.7,
      "monthly_PE_Q": 82.3
    },
    "2024-11": {
      "monthly_PRENEI_Q": 0.6,
      "monthly_PRELIQ_Q": 52.199999999999996,
      "monthly_PE_Q": 30.499999999999996
    },
    "2024-12": {
      "monthly_PRENEI_Q": 61.0,
      "monthly_PRELIQ_Q": 27.7,
      "monthly_PE_Q": 74.1
    }
  }
}