{
  "years": {
    "2024": {
      "annual_PRENEI_Q": 202.1,
      "annual_PRELIQ_Q": 873.0,
      "annual_PE_Q": 471.3
    }
  },
  "months": {
    "2024-01": {
      "monthly_PRENEI_Q": 23.5,
      "monthly_PRELIQ_Q": 28.6,
      "monthly_PE_Q": 42.1
    },
    "2024-02": {
      "monthly_PRENEI_Q": 7.1000000000000005,
      "monthly_PRELIQ_Q": 61.800000000000004,
      "monthly_PE_Q": 49.400000000000006
    },
    "2024-03": {
      "monthly_PRENEI_Q": 80.6,
      "monthly_PRELIQ_Q": 40.400000000000006,
      "monthly_PE_Q": 86.5
    },
    "2024-04": {
      "monthly_PRENEI_Q": 16.6,
      "monthly_PRELIQ_Q": 73.7,
      "monthly_PE_Q": 28.8
    },
    "2024-05": {
      "monthly_PRENEI_Q": 0.0,
      "monthly_PRELIQ_Q": 156.6,
      "monthly_PE_Q": 81.3
    },
    "2024-06": {
      "monthly_PRENEI_Q": 0.0,
      "monthly_PRELIQ_Q": 88.5,
      "monthly_PE_Q": -5.8
    },
    "2024-07": {
      "monthly_PRENEI_Q": 0.0,
      "monthly_PRELIQ_Q": 69.9,
      "monthly_PE_Q": -41.3
    },
    "2024-08": {
      "monthly_PRENEI_Q": 0.0,
      "monthly_PRELIQ_Q": 40.00000000000001,
      "monthly_PE_Q": -31.799999999999997
    },
    "2024-09": {
      "monthly_PRENEI_Q": 0.0,
      "monthly_PRELIQ_Q": 154.2,
      "monthly_PE_Q": 102.7
    },
    "2024-10": {
      "monthly_PRENEI_Q": 0.0,
      "monthly_PRELIQ_Q": 80.4,
      "monthly_PE_Q": 39.3
    },
    "2024-11": {
      "monthly_PRENEI_Q": 1.1,
      "monthly_PRELIQ_Q": 48.5,
      "monthly_PE_Q": 26.099999999999998
    },
    "2024-12": {
      "monthly_PRENEI_Q": 73.2,
      "monthly_PRELIQ_Q": 30.400000000000002,
      "monthly_PE_Q": 94.0
    }
  }
}