{
  "years": {
    "2024": {
      "annual_PRENEI_Q": 44.8,
      "annual_PRELIQ_Q": 957.1,
      "annual_PE_Q": 362.09999999999997
    }
  },
  "months": {
    "2024-01": {
      "monthly_PRENEI_Q": 8.200000000000001,
      "monthly_PRELIQ_Q": 34.7,
      "monthly_PE_Q": 32.2
    },
    "2024-02": {
      "monthly_PRENEI_Q": 0.0,
      "monthly_PRELIQ_Q": 60.7,
      "monthly_PE_Q": 42.2
    },
    "2024-03": {
      "monthly_PRENEI_Q": 32.4,
      "monthly_PRELIQ_Q": 82.7,
      "monthly_PE_Q": 75.0
    },
    "2024-04": {
      "monthly_PRENEI_Q": 0.0,
      "monthly_PRELIQ_Q": 74.60000000000001,
      "monthly_PE_Q": 6.199999999999999
    },
    "2024-05": {
      "monthly_PRENEI_Q": 0.0,
      "monthly_PRELIQ_Q": 165.5,
      "monthly_PE_Q": 85.6
    },
    "2024-06": {
      "monthly_PRENEI_Q": 0.0,
      "monthly_PRELIQ_Q": 98.7,
      "monthly_PE_Q": 2.8999999999999995
    },
    "2024-07": {
      "monthly_PRENEI_Q": 0.0,
      "monthly_PRELIQ_Q": 78.9,
      "monthly_PE_Q": -36.599999999999994
    },
    "2024-08": {
      "monthly_PRENEI_Q": 0.0,
      "monthly_PRELIQ_Q": 35.3,
      "monthly_PE_Q": -45.400000000000006
    },
    "2024-09": {
      "monthly_PRENEI_Q": 0.0,
      "monthly_PRELIQ_Q": 138.7,
      "monthly_PE_Q": 85.9
    },
    "2024-10": {
      "monthly_PRENEI_Q": 0.0,
      "monthly_PRELIQ_Q": 74.6,
      "monthly_PE_Q": 33.2
    },
    "2024-11": {
      "monthly_PRENEI_Q": 3.4,
      "monthly_PRELIQ_Q": 50.5,
      "monthly_PE_Q": 31.400000000000002
    },
    "2024-12": {
      "monthly_PRENEI_Q": 0.8,
      "monthly_PRELIQ_Q": 62.2,
      "monthly_PE_Q": 49.5
    }
  }
}