{
  "years": {
    "2024": {
      "annual_PRENEI_Q": 52.7,
      "annual_PRELIQ_Q": 1345.0,
      "annual_PE_Q": 728.9
    }
  },
  "months": {
    "2024-01": {
      "monthly_PRENEI_Q": 24.900000000000002,
      "monthly_PRELIQ_Q": 50.4,
      "monthly_PE_Q": 65.6
    },
    "2024-02": {
      "monthly_PRENEI_Q": 0.0,
      "monthly_PRELIQ_Q": 96.4,
      "monthly_PE_Q": 80.1
    },
    "2024-03": {
      "monthly_PRENEI_Q": 12.1,
      "monthly_PRELIQ_Q": 121.0,
      "monthly_PE_Q": 94.6
    },
    "2024-04": {
      "monthly_PRENEI_Q": 2.0,
      "monthly_PRELIQ_Q": 85.9,
      "monthly_PE_Q": 21.400000000000002
    },
    "2024-05": {
      "monthly_PRENEI_Q": 0.0,
      "monthly_PRELIQ_Q": 171.29999999999998,
      "monthly_PE_Q": 93.19999999999999
    },
    "2024-06": {
      "monthly_PRENEI_Q": 0.0,
      "monthly_PRELIQ_Q": 134.2,
      "monthly_PE_Q": 43.699999999999996
    },
    "2024-07": {
      "monthly_PRENEI_Q": 0.0,
      "monthly_PRELIQ_Q": 143.0,
      "monthly_PE_Q": 24.400000000000002
    },
    "2024-08": {
      "monthly_PRENEI_Q": 0.0,
      "monthly_PRELIQ_Q": 65.0,
      "monthly_PE_Q": -53.6
    },
    "2024-09": {
      "monthly_PRENEI_Q": 0.0,
      "monthly_PRELIQ_Q": 171.6,
      "monthly_PE_Q": 117.39999999999999
    },
    "2024-10": {
      "monthly_PRENEI_Q": 0.0,
      "monthly_PRELIQ_Q": 104.5,
      "monthly_PE_Q": 64.3
    },
    "2024-11": {
      "monthly_PRENEI_Q": 2.1,
      "monthly_PRELIQ_Q": 85.50000000000001,
      "monthly_PE_Q": 66.2
    },
    "2024-12": {
      "monthly_PRENEI_Q": 11.6,
      "monthly_PRELIQ_Q": 116.2,
      "monthly_PE_Q": 111.60000000000001
    }
  }
}