{
  "years": {
    "2024": {
      "annual_PRENEI_Q": 17.3,
      "annual_PRELIQ_Q": 1129.2,
      "annual_PE_Q": 502.7
    }
  },
  "months": {
    "2024-01": {
      "monthly_PRENEI_Q": 6.0,
      "monthly_PRELIQ_Q": 46.199999999999996,
      "monthly_PE_Q": 43.5
    },
    "2024-02": {
      "monthly_PRENEI_Q": 0.0,
      "monthly_PRELIQ_Q": 71.9,
      "monthly_PE_Q": 59.4
    },
    "2024-03": {
      "monthly_PRENEI_Q": 6.0,
      "monthly_PRELIQ_Q": 126.4,
      "monthly_PE_Q": 95.0
    },
    "2024-04": {
      "monthly_PRENEI_Q": 0.2,
      "monthly_PRELIQ_Q": 72.5,
      "monthly_PE_Q": 3.6999999999999984
    },
    "2024-05": {
      "monthly_PRENEI_Q": 0.0,
      "monthly_PRELIQ_Q": 134.8,
      "monthly_PE_Q": 55.39999999999999
    },
    "2024-06": {
      "monthly_PRENEI_Q": 0.0,
      "monthly_PRELIQ_Q": 125.6,
      "monthly_PE_Q": 32.800000000000004
    },
    "2024-07": {
      "monthly_PRENEI_Q": 0.0,
      "monthly_PRELIQ_Q": 97.3,
      "monthly_PE_Q": -21.400000000000002
    },
    "2024-08": {
      "monthly_PRENEI_Q": 0.0,
      "monthly_PRELIQ_Q": 46.8,
      "monthly_PE_Q": -59.5
    },
    "2024-09": {
      "monthly_PRENEI_Q": 0.0,
      "monthly_PRELIQ_Q": 148.4,
      "monthly_PE_Q": 97.8
    },
    "2024-10": {
      "monthly_PRENEI_Q": 0.0,
      "monthly_PRELIQ_Q": 99.7,
      "monthly_PE_Q": 61.099999999999994
    },
    "2024-11": {
      "monthly_PRENEI_Q": 1.9000000000000001,
      "monthly_PRELIQ_Q": 75.4,
      "monthly_PE_Q": 59.199999999999996
    },
    "2024-12": {
      "monthly_PRENEI_Q": 3.2,
      "monthly_PRELIQ_Q": 84.2,
      "monthly_PE_Q": 75.7
    }
  }
}