{
  "years": {
    "2024": {
      "annual_PRENEI_Q": 4.1,
      "annual_PRELIQ_Q": 1090.7,
      "annual_PE_Q": 477.2
    }
  },
  "months": {
    "2024-01": {
      "monthly_PRENEI_Q": 0.4,
      "monthly_PRELIQ_Q": 53.7,
      "monthly_PE_Q": 43.3
    },
    "2024-02": {
      "monthly_PRENEI_Q": 0.0,
      "monthly_PRELIQ_Q": 89.8,
      "monthly_PE_Q": 74.1
    },
    "2024-03": {
      "monthly_PRENEI_Q": 0.0,
      "monthly_PRELIQ_Q": 154.4,
      "monthly_PE_Q": 113.19999999999999
    },
    "2024-04": {
      "monthly_PRENEI_Q": 0.5,
      "monthly_PRELIQ_Q": 61.8,
      "monthly_PE_Q": -2.8000000000000007
    },
    "2024-05": {
      "monthly_PRENEI_Q": 0.0,
      "monthly_PRELIQ_Q": 148.9,
      "monthly_PE_Q": 72.89999999999999
    },
    "2024-06": {
      "monthly_PRENEI_Q": 0.0,
      "monthly_PRELIQ_Q": 129.2,
      "monthly_PE_Q": 30.299999999999997
    },
    "2024-07": {
      "monthly_PRENEI_Q": 0.0,
      "monthly_PRELIQ_Q": 47.5,
      "monthly_PE_Q": -58.099999999999994
    },
    "2024-08": {
      "monthly_PRENEI_Q": 0.0,
      "monthly_PRELIQ_Q": 36.9,
      "monthly_PE_Q": -50.4
    },
    "2024-09": {
      "monthly_PRENEI_Q": 0.0,
      "monthly_PRELIQ_Q": 140.9,
      "monthly_PE_Q": 90.10000000000001
    },
    "2024-10": {
      "monthly_PRENEI_Q": 0.0,
      "monthly_PRELIQ_Q": 102.9,
      "monthly_PE_Q": 68.3
    },
    "2024-11": {
      "monthly_PRENEI_Q": 3.1999999999999997,
      "monthly_PRELIQ_Q": 63.7,
      "monthly_PE_Q": 48.099999999999994
    },
    "2024-12": {
      "monthly_PRENEI_Q": 0.0,
      "monthly_PRELIQ_Q": 61.0,
      "monthly_PE_Q": 48.199999999999996
    }
  }
}