{
  "years": {
    "2024": {
      "annual_PRENEI_Q": 12.4,
      "annual_PRELIQ_Q": 1065.7,
      "annual_PE_Q": 488.40000000000003
    }
  },
  "months": {
    "2024-01": {
      "monthly_PRENEI_Q": 5.300000000000001,
      "monthly_PRELIQ_Q": 59.9,
      "monthly_PE_Q": 57.5
    },
    "2024-02": {
      "monthly_PRENEI_Q": 0.0,
      "monthly_PRELIQ_Q": 100.8,
      "monthly_PE_Q": 84.3
    },
    "2024-03": {
      "monthly_PRENEI_Q": 0.0,
      "monthly_PRELIQ_Q": 116.1,
      "monthly_PE_Q": 77.6
    },
    "2024-04": {
      "monthly_PRENEI_Q": 0.1,
      "monthly_PRELIQ_Q": 52.9,
      "monthly_PE_Q": -7.599999999999998
    },
    "2024-05": {
      "monthly_PRENEI_Q": 0.0,
      "monthly_PRELIQ_Q": 118.0,
      "monthly_PE_Q": 43.0
    },
    "2024-06": {
      "monthly_PRENEI_Q": 0.0,
      "monthly_PRELIQ_Q": 94.4,
      "monthly_PE_Q": -4.499999999999999
    },
    "2024-07": {
      "monthly_PRENEI_Q": 0.0,
      "monthly_PRELIQ_Q": 98.39999999999999,
      "monthly_PE_Q": -1.9000000000000006
    },
    "2024-08": {
      "monthly_PRENEI_Q": 0.0,
      "monthly_PRELIQ_Q": 86.89999999999999,
      "monthly_PE_Q": -1.3000000000000003
    },
    "2024-09": {
      "monthly_PRENEI_Q": 0.0,
      "monthly_PRELIQ_Q": 125.4,
      "monthly_PE_Q": 74.6
    },
    "2024-10": {
      "monthly_PRENEI_Q": 0.0,
      "monthly_PRELIQ_Q": 80.5,
      "monthly_PE_Q": 50.6
    },
    "2024-11": {
      "monthly_PRENEI_Q": 6.8,
      "monthly_PRELIQ_Q": 60.4,
      "monthly_PE_Q": 52.900000000000006
    },
    "2024-12": {
      "monthly_PRENEI_Q": 0.2,
      "monthly_PRELIQ_Q": 72.0,
      "monthly_PE_Q": 63.199999999999996
    }
  }
}