{
  "years": {
    "2024": {
      "annual_PRENEI_Q": 10.100000000000001,
      "annual_PRELIQ_Q": 1045.9,
      "annual_PE_Q": 466.6
    }
  },
  "months": {
    "2024-01": {
      "monthly_PRENEI_Q": 4.5,
      "monthly_PRELIQ_Q": 59.300000000000004,
      "monthly_PE_Q": 54.6
    },
    "2024-02": {
      "monthly_PRENEI_Q": 0.0,
      "monthly_PRELIQ_Q": 98.5,
      "monthly_PE_Q": 80.8
    },
    "2024-03": {
      "monthly_PRENEI_Q": 0.0,
      "monthly_PRELIQ_Q": 113.8,
      "monthly_PE_Q": 73.6
    },
    "2024-04": {
      "monthly_PRENEI_Q": 0.1,
      "monthly_PRELIQ_Q": 51.9,
      "monthly_PE_Q": -8.3
    },
    "2024-05": {
      "monthly_PRENEI_Q": 0.0,
      "monthly_PRELIQ_Q": 115.6,
      "monthly_PE_Q": 41.699999999999996
    },
    "2024-06": {
      "monthly_PRENEI_Q": 0.0,
      "monthly_PRELIQ_Q": 92.6,
      "monthly_PE_Q": -5.000000000000003
    },
    "2024-07": {
      "monthly_PRENEI_Q": 0.0,
      "monthly_PRELIQ_Q": 96.3,
      "monthly_PE_Q": -1.4999999999999967
    },
    "2024-08": {
      "monthly_PRENEI_Q": 0.0,
      "monthly_PRELIQ_Q": 85.1,
      "monthly_PE_Q": 1.299999999999996
    },
    "2024-09": {
      "monthly_PRENEI_Q": 0.0,
      "monthly_PRELIQ_Q": 122.9,
      "monthly_PE_Q": 71.2
    },
    "2024-10": {
      "monthly_PRENEI_Q": 0.0,
      "monthly_PRELIQ_Q": 78.9,
      "monthly_PE_Q": 47.699999999999996
    },
    "2024-11": {
      "monthly_PRENEI_Q": 5.300000000000001,
      "monthly_PRELIQ_Q": 60.6,
      "monthly_PE_Q": 49.8
    },
    "2024-12": {
      "monthly_PRENEI_Q": 0.2,
      "monthly_PRELIQ_Q": 70.4,
      "monthly_PE_Q": 60.7
    }
  }
}