{
  "years": {
    "2024": {
      "annual_PRENEI_Q": 17.5,
      "annual_PRELIQ_Q": 1025.1,
      "annual_PE_Q": 471.5
    }
  },
  "months": {
    "2024-01": {
      "monthly_PRENEI_Q": 8.299999999999999,
      "monthly_PRELIQ_Q": 64.2,
      "monthly_PE_Q": 62.800000000000004
    },
    "2024-02": {
      "monthly_PRENEI_Q": 0.0,
      "monthly_PRELIQ_Q": 113.9,
      "monthly_PE_Q": 100.10000000000001
    },
    "2024-03": {
      "monthly_PRENEI_Q": 0.0,
      "monthly_PRELIQ_Q": 90.4,
      "monthly_PE_Q": 53.699999999999996
    },
    "2024-04": {
      "monthly_PRENEI_Q": 0.0,
      "monthly_PRELIQ_Q": 74.4,
      "monthly_PE_Q": 15.700000000000001
    },
    "2024-05": {
      "monthly_PRENEI_Q": 0.0,
      "monthly_PRELIQ_Q": 106.7,
      "monthly_PE_Q": 32.5
    },
    "2024-06": {
      "monthly_PRENEI_Q": 0.0,
      "monthly_PRELIQ_Q": 64.89999999999999,
      "monthly_PE_Q": -25.7
    },
    "2024-07": {
      "monthly_PRENEI_Q": 0.0,
      "monthly_PRELIQ_Q": 106.7,
      "monthly_PE_Q": 9.800000000000002
    },
    "2024-08": {
      "monthly_PRENEI_Q": 0.0,
      "monthly_PRELIQ_Q": 76.0,
      "monthly_PE_Q": -6.600000000000001
    },
    "2024-09": {
      "monthly_PRENEI_Q": 0.0,
      "monthly_PRELIQ_Q": 118.5,
      "monthly_PE_Q": 67.3
    },
    "2024-10": {
      "monthly_PRENEI_Q": 0.0,
      "monthly_PRELIQ_Q": 97.2,
      "monthly_PE_Q": 66.0
    },
    "2024-11": {
      "monthly_PRENEI_Q": 8.5,
      "monthly_PRELIQ_Q": 52.9,
      "monthly_PE_Q": 47.1
    },
    "2024-12": {
      "monthly_PRENEI_Q": 0.7000000000000001,
      "monthly_PRELIQ_Q": 59.3,
      "monthly_PE_Q": 48.8
    }
  }
}