{
  "years": {
    "2024": {
      "annual_PRENEI_Q": 347.8,
      "annual_PRELIQ_Q": 1957.5,
      "annual_PE_Q": 1470.5
    }
  },
  "months": {
    "2024-01": {
      "monthly_PRENEI_Q": 47.0,
      "monthly_PRELIQ_Q": 65.0,
      "monthly_PE_Q": 77.5
    },
    "2024-02": {
      "monthly_PRENEI_Q": 102.8,
      "monthly_PRELIQ_Q": 197.9,
      "monthly_PE_Q": 259.8
    },
    "2024-03": {
      "monthly_PRENEI_Q": 85.5,
      "monthly_PRELIQ_Q": 181.0,
      "monthly_PE_Q": 217.70000000000002
    },
    "2024-04": {
      "monthly_PRENEI_Q": 16.1,
      "monthly_PRELIQ_Q": 99.5,
      "monthly_PE_Q": 30.3
    },
    "2024-05": {
      "monthly_PRENEI_Q": 0.1,
      "monthly_PRELIQ_Q": 189.2,
      "monthly_PE_Q": 100.2
    },
    "2024-06": {
      "monthly_PRENEI_Q": 0.0,
      "monthly_PRELIQ_Q": 124.19999999999999,
      "monthly_PE_Q": 19.400000000000002
    },
    "2024-07": {
      "monthly_PRENEI_Q": 0.0,
      "monthly_PRELIQ_Q": 48.6,
      "monthly_PE_Q": -74.5
    },
    "2024-08": {
      "monthly_PRENEI_Q": 0.0,
      "monthly_PRELIQ_Q": 124.19999999999999,
      "monthly_PE_Q": 32.99999999999999
    },
    "2024-09": {
      "monthly_PRENEI_Q": 0.0,
      "monthly_PRELIQ_Q": 252.8,
      "monthly_PE_Q": 179.0
    },
    "2024-10": {
      "monthly_PRENEI_Q": 0.0,
      "monthly_PRELIQ_Q": 326.3,
      "monthly_PE_Q": 261.7
    },
    "2024-11": {
      "monthly_PRENEI_Q": 2.4000000000000004,
      "monthly_PRELIQ_Q": 144.9,
      "monthly_PE_Q": 98.5
    },
    "2024-12": {
      "monthly_PRENEI_Q": 93.9,
      "monthly_PRELIQ_Q": 203.9,
      "monthly_PE_Q": 267.9
    }
  }
}