{
  "years": {
    "2024": {
      "annual_PRENEI_Q": 15.0,
      "annual_PRELIQ_Q": 822.2,
      "annual_PE_Q": 291.6
    }
  },
  "months": {
    "2024-01": {
      "monthly_PRENEI_Q": 11.399999999999999,
      "monthly_PRELIQ_Q": 49.9,
      "monthly_PE_Q": 53.1
    },
    "2024-02": {
      "monthly_PRENEI_Q": 1.5,
      "monthly_PRELIQ_Q": 88.4,
      "monthly_PE_Q": 73.8
    },
    "2024-03": {
      "monthly_PRENEI_Q": 0.2,
      "monthly_PRELIQ_Q": 74.6,
      "monthly_PE_Q": 34.800000000000004
    },
    "2024-04": {
      "monthly_PRENEI_Q": 0.0,
      "monthly_PRELIQ_Q": 72.8,
      "monthly_PE_Q": 13.600000000000001
    },
    "2024-05": {
      "monthly_PRENEI_Q": 0.0,
      "monthly_PRELIQ_Q": 75.9,
      "monthly_PE_Q": -1.9999999999999982
    },
    "2024-06": {
      "monthly_PRENEI_Q": 0.0,
      "monthly_PRELIQ_Q": 49.1,
      "monthly_PE_Q": -41.7
    },
    "2024-07": {
      "monthly_PRENEI_Q": 0.0,
      "monthly_PRELIQ_Q": 94.1,
      "monthly_PE_Q": 2.7999999999999976
    },
    "2024-08": {
      "monthly_PRENEI_Q": 0.0,
      "monthly_PRELIQ_Q": 46.3,
      "monthly_PE_Q": -16.000000000000004
    },
    "2024-09": {
      "monthly_PRENEI_Q": 0.0,
      "monthly_PRELIQ_Q": 83.6,
      "monthly_PE_Q": 41.9
    },
    "2024-10": {
      "monthly_PRENEI_Q": 0.0,
      "monthly_PRELIQ_Q": 82.8,
      "monthly_PE_Q": 49.7
    },
    "2024-11": {
      "monthly_PRENEI_Q": 1.7,
      "monthly_PRELIQ_Q": 40.0,
      "monthly_PE_Q": 25.299999999999997
    },
    "2024-12": {
      "monthly_PRENEI_Q": 0.2,
      "monthly_PRELIQ_Q": 64.7,
      "monthly_PE_Q": 56.300000000000004
    }
  }
}