{
  "years": {
    "2024": {
      "annual_PRENEI_Q": 41.8,
      "annual_PRELIQ_Q": 1973.1,
      "annual_PE_Q": 1218.9
    }
  },
  "months": {
    "2024-01": {
      "monthly_PRENEI_Q": 4.4,
      "monthly_PRELIQ_Q": 93.4,
      "monthly_PE_Q": 69.2
    },
    "2024-02": {
      "monthly_PRENEI_Q": 10.799999999999999,
      "monthly_PRELIQ_Q": 251.0,
      "monthly_PE_Q": 221.3
    },
    "2024-03": {
      "monthly_PRENEI_Q": 15.6,
      "monthly_PRELIQ_Q": 216.8,
      "monthly_PE_Q": 181.4
    },
    "2024-04": {
      "monthly_PRENEI_Q": 0.0,
      "monthly_PRELIQ_Q": 101.6,
      "monthly_PE_Q": 16.4
    },
    "2024-05": {
      "monthly_PRENEI_Q": 0.0,
      "monthly_PRELIQ_Q": 165.8,
      "monthly_PE_Q": 77.6
    },
    "2024-06": {
      "monthly_PRENEI_Q": 0.0,
      "monthly_PRELIQ_Q": 109.4,
      "monthly_PE_Q": 3.799999999999999
    },
    "2024-07": {
      "monthly_PRENEI_Q": 0.0,
      "monthly_PRELIQ_Q": 43.199999999999996,
      "monthly_PE_Q": -72.5
    },
    "2024-08": {
      "monthly_PRENEI_Q": 0.0,
      "monthly_PRELIQ_Q": 109.0,
      "monthly_PE_Q": 21.399999999999995
    },
    "2024-09": {
      "monthly_PRENEI_Q": 0.0,
      "monthly_PRELIQ_Q": 220.5,
      "monthly_PE_Q": 148.79999999999998
    },
    "2024-10": {
      "monthly_PRENEI_Q": 0.0,
      "monthly_PRELIQ_Q": 284.8,
      "monthly_PE_Q": 228.8
    },
    "2024-11": {
      "monthly_PRENEI_Q": 0.0,
      "monthly_PRELIQ_Q": 128.8,
      "monthly_PE_Q": 88.0
    },
    "2024-12": {
      "monthly_PRENEI_Q": 11.0,
      "monthly_PRELIQ_Q": 248.79999999999998,
      "monthly_PE_Q": 234.70000000000002
    }
  }
}