{
  "years": {
    "2024": {
      "annual_PRENEI_Q": 10.200000000000001,
      "annual_PRELIQ_Q": 948.5,
      "annual_PE_Q": 347.9
    }
  },
  "months": {
    "2024-01": {
      "monthly_PRENEI_Q": 8.8,
      "monthly_PRELIQ_Q": 79.4,
      "monthly_PE_Q": 76.89999999999999
    },
    "2024-02": {
      "monthly_PRENEI_Q": 0.1,
      "monthly_PRELIQ_Q": 130.4,
      "monthly_PE_Q": 110.10000000000001
    },
    "2024-03": {
      "monthly_PRENEI_Q": 0.2,
      "monthly_PRELIQ_Q": 75.6,
      "monthly_PE_Q": 37.400000000000006
    },
    "2024-04": {
      "monthly_PRENEI_Q": 0.0,
      "monthly_PRELIQ_Q": 68.8,
      "monthly_PE_Q": 5.3999999999999995
    },
    "2024-05": {
      "monthly_PRENEI_Q": 0.0,
      "monthly_PRELIQ_Q": 109.6,
      "monthly_PE_Q": 32.4
    },
    "2024-06": {
      "monthly_PRENEI_Q": 0.0,
      "monthly_PRELIQ_Q": 62.2,
      "monthly_PE_Q": -43.800000000000004
    },
    "2024-07": {
      "monthly_PRENEI_Q": 0.0,
      "monthly_PRELIQ_Q": 68.2,
      "monthly_PE_Q": -43.6
    },
    "2024-08": {
      "monthly_PRENEI_Q": 0.0,
      "monthly_PRELIQ_Q": 28.4,
      "monthly_PE_Q": -35.3
    },
    "2024-09": {
      "monthly_PRENEI_Q": 0.0,
      "monthly_PRELIQ_Q": 84.7,
      "monthly_PE_Q": 37.1
    },
    "2024-10": {
      "monthly_PRENEI_Q": 0.0,
      "monthly_PRELIQ_Q": 104.89999999999999,
      "monthly_PE_Q": 67.0
    },
    "2024-11": {
      "monthly_PRENEI_Q": 1.0,
      "monthly_PRELIQ_Q": 56.1,
      "monthly_PE_Q": 39.6
    },
    "2024-12": {
      "monthly_PRENEI_Q": 0.1,
      "monthly_PRELIQ_Q": 80.19999999999999,
      "monthly_PE_Q": 64.7
    }
  }
}