{
  "years": {
    "2024": {
      "annual_PRENEI_Q": 16.0,
      "annual_PRELIQ_Q": 896.5,
      "annual_PE_Q": 314.8
    }
  },
  "months": {
    "2024-01": {
      "monthly_PRENEI_Q": 15.200000000000001,
      "monthly_PRELIQ_Q": 68.3,
      "monthly_PE_Q": 65.9
    },
    "2024-02": {
      "monthly_PRENEI_Q": 0.0,
      "monthly_PRELIQ_Q": 104.7,
      "monthly_PE_Q": 81.60000000000001
    },
    "2024-03": {
      "monthly_PRENEI_Q": 0.0,
      "monthly_PRELIQ_Q": 95.8,
      "monthly_PE_Q": 61.4
    },
    "2024-04": {
      "monthly_PRENEI_Q": 0.0,
      "monthly_PRELIQ_Q": 80.9,
      "monthly_PE_Q": 20.900000000000002
    },
    "2024-05": {
      "monthly_PRENEI_Q": 0.0,
      "monthly_PRELIQ_Q": 83.0,
      "monthly_PE_Q": 6.500000000000001
    },
    "2024-06": {
      "monthly_PRENEI_Q": 0.0,
      "monthly_PRELIQ_Q": 79.8,
      "monthly_PE_Q": -11.399999999999997
    },
    "2024-07": {
      "monthly_PRENEI_Q": 0.0,
      "monthly_PRELIQ_Q": 82.8,
      "monthly_PE_Q": -18.4
    },
    "2024-08": {
      "monthly_PRENEI_Q": 0.0,
      "monthly_PRELIQ_Q": 34.1,
      "monthly_PE_Q": -46.5
    },
    "2024-09": {
      "monthly_PRENEI_Q": 0.0,
      "monthly_PRELIQ_Q": 72.4,
      "monthly_PE_Q": 20.5
    },
    "2024-10": {
      "monthly_PRENEI_Q": 0.0,
      "monthly_PRELIQ_Q": 80.2,
      "monthly_PE_Q": 48.599999999999994
    },
    "2024-11": {
      "monthly_PRENEI_Q": 0.5,
      "monthly_PRELIQ_Q": 52.400000000000006,
      "monthly_PE_Q": 37.9
    },
    "2024-12": {
      "monthly_PRENEI_Q": 0.30000000000000004,
      "monthly_PRELIQ_Q": 62.1,
      "monthly_PE_Q": 47.8
    }
  }
}