{
  "years": {
    "2024": {
      "annual_PRENEI_Q": 20.3,
      "annual_PRELIQ_Q": 2129.1,
      "annual_PE_Q": 1373.6000000000001
    }
  },
  "months": {
    "2024-01": {
      "monthly_PRENEI_Q": 7.2,
      "monthly_PRELIQ_Q": 44.699999999999996,
      "monthly_PE_Q": 33.800000000000004
    },
    "2024-02": {
      "monthly_PRENEI_Q": 0.0,
      "monthly_PRELIQ_Q": 109.4,
      "monthly_PE_Q": 74.9
    },
    "2024-03": {
      "monthly_PRENEI_Q": 13.0,
      "monthly_PRELIQ_Q": 463.3,
      "monthly_PE_Q": 419.90000000000003
    },
    "2024-04": {
      "monthly_PRENEI_Q": 0.0,
      "monthly_PRELIQ_Q": 147.8,
      "monthly_PE_Q": 67.9
    },
    "2024-05": {
      "monthly_PRENEI_Q": 0.0,
      "monthly_PRELIQ_Q": 200.5,
      "monthly_PE_Q": 97.89999999999999
    },
    "2024-06": {
      "monthly_PRENEI_Q": 0.0,
      "monthly_PRELIQ_Q": 64.9,
      "monthly_PE_Q": -48.5
    },
    "2024-07": {
      "monthly_PRENEI_Q": 0.0,
      "monthly_PRELIQ_Q": 29.9,
      "monthly_PE_Q": -71.3
    },
    "2024-08": {
      "monthly_PRENEI_Q": 0.0,
      "monthly_PRELIQ_Q": 86.2,
      "monthly_PE_Q": -9.899999999999997
    },
    "2024-09": {
      "monthly_PRENEI_Q": 0.0,
      "monthly_PRELIQ_Q": 201.7,
      "monthly_PE_Q": 129.7
    },
    "2024-10": {
      "monthly_PRENEI_Q": 0.0,
      "monthly_PRELIQ_Q": 628.6999999999999,
      "monthly_PE_Q": 578.5
    },
    "2024-11": {
      "monthly_PRENEI_Q": 0.0,
      "monthly_PRELIQ_Q": 132.9,
      "monthly_PE_Q": 102.2
    },
    "2024-12": {
      "monthly_PRENEI_Q": 0.1,
      "monthly_PRELIQ_Q": 19.1,
      "monthly_PE_Q": -1.4999999999999996
    }
  }
}