{
  "years": {
    "2024": {
      "annual_PRENEI_Q": 159.4,
      "annual_PRELIQ_Q": 1089.0,
      "annual_PE_Q": 627.7
    }
  },
  "months": {
    "2024-01": {
      "monthly_PRENEI_Q": 6.3999999999999995,
      "monthly_PRELIQ_Q": 41.5,
      "monthly_PE_Q": 35.9
    },
    "2024-02": {
      "monthly_PRENEI_Q": 38.1,
      "monthly_PRELIQ_Q": 62.99999999999999,
      "monthly_PE_Q": 79.3
    },
    "2024-03": {
      "monthly_PRENEI_Q": 76.4,
      "monthly_PRELIQ_Q": 134.5,
      "monthly_PE_Q": 172.6
    },
    "2024-04": {
      "monthly_PRENEI_Q": 3.0,
      "monthly_PRELIQ_Q": 86.5,
      "monthly_PE_Q": 36.4
    },
    "2024-05": {
      "monthly_PRENEI_Q": 0.0,
      "monthly_PRELIQ_Q": 146.7,
      "monthly_PE_Q": 74.89999999999999
    },
    "2024-06": {
      "monthly_PRENEI_Q": 0.0,
      "monthly_PRELIQ_Q": 82.3,
      "monthly_PE_Q": -5.700000000000001
    },
    "2024-07": {
      "monthly_PRENEI_Q": 0.0,
      "monthly_PRELIQ_Q": 70.89999999999999,
      "monthly_PE_Q": -48.400000000000006
    },
    "2024-08": {
      "monthly_PRENEI_Q": 0.0,
      "monthly_PRELIQ_Q": 43.1,
      "monthly_PE_Q": -29.700000000000003
    },
    "2024-09": {
      "monthly_PRENEI_Q": 0.0,
      "monthly_PRELIQ_Q": 122.2,
      "monthly_PE_Q": 66.39999999999999
    },
    "2024-10": {
      "monthly_PRENEI_Q": 0.0,
      "monthly_PRELIQ_Q": 211.89999999999998,
      "monthly_PE_Q": 164.5
    },
    "2024-11": {
      "monthly_PRENEI_Q": 6.9,
      "monthly_PRELIQ_Q": 63.699999999999996,
      "monthly_PE_Q": 44.6
    },
    "2024-12": {
      "monthly_PRENEI_Q": 28.599999999999998,
      "monthly_PRELIQ_Q": 22.7,
      "monthly_PE_Q": 36.9
    }
  }
}