{
  "years": {
    "2024": {
      "annual_PRENEI_Q": 231.2,
      "annual_PRELIQ_Q": 1051.6,
      "annual_PE_Q": 631.9
    }
  },
  "months": {
    "2024-01": {
      "monthly_PRENEI_Q": 7.799999999999999,
      "monthly_PRELIQ_Q": 34.0,
      "monthly_PE_Q": 30.5
    },
    "2024-02": {
      "monthly_PRENEI_Q": 22.1,
      "monthly_PRELIQ_Q": 54.0,
      "monthly_PE_Q": 56.599999999999994
    },
    "2024-03": {
      "monthly_PRENEI_Q": 143.3,
      "monthly_PRELIQ_Q": 100.80000000000001,
      "monthly_PE_Q": 214.6
    },
    "2024-04": {
      "monthly_PRENEI_Q": 11.4,
      "monthly_PRELIQ_Q": 92.1,
      "monthly_PE_Q": 40.6
    },
    "2024-05": {
      "monthly_PRENEI_Q": 2.0999999999999996,
      "monthly_PRELIQ_Q": 143.3,
      "monthly_PE_Q": 61.7
    },
    "2024-06": {
      "monthly_PRENEI_Q": 0.0,
      "monthly_PRELIQ_Q": 76.9,
      "monthly_PE_Q": -24.499999999999996
    },
    "2024-07": {
      "monthly_PRENEI_Q": 0.0,
      "monthly_PRELIQ_Q": 82.7,
      "monthly_PE_Q": -40.599999999999994
    },
    "2024-08": {
      "monthly_PRENEI_Q": 0.0,
      "monthly_PRELIQ_Q": 39.3,
      "monthly_PE_Q": -33.3
    },
    "2024-09": {
      "monthly_PRENEI_Q": 0.0,
      "monthly_PRELIQ_Q": 129.1,
      "monthly_PE_Q": 70.2
    },
    "2024-10": {
      "monthly_PRENEI_Q": 0.0,
      "monthly_PRELIQ_Q": 216.0,
      "monthly_PE_Q": 166.9
    },
    "2024-11": {
      "monthly_PRENEI_Q": 1.7,
      "monthly_PRELIQ_Q": 56.6,
      "monthly_PE_Q": 31.999999999999996
    },
    "2024-12": {
      "monthly_PRENEI_Q": 42.8,
      "monthly_PRELIQ_Q": 26.8,
      "monthly_PE_Q": 57.2
    }
  }
}