{
  "years": {
    "2024": {
      "annual_PRENEI_Q": 188.4,
      "annual_PRELIQ_Q": 979.3,
      "annual_PE_Q": 553.9
    }
  },
  "months": {
    "2024-01": {
      "monthly_PRENEI_Q": 13.9,
      "monthly_PRELIQ_Q": 27.799999999999997,
      "monthly_PE_Q": 30.6
    },
    "2024-02": {
      "monthly_PRENEI_Q": 11.6,
      "monthly_PRELIQ_Q": 54.5,
      "monthly_PE_Q": 47.9
    },
    "2024-03": {
      "monthly_PRENEI_Q": 75.7,
      "monthly_PRELIQ_Q": 53.2,
      "monthly_PE_Q": 94.3
    },
    "2024-04": {
      "monthly_PRENEI_Q": 15.3,
      "monthly_PRELIQ_Q": 89.0,
      "monthly_PE_Q": 42.900000000000006
    },
    "2024-05": {
      "monthly_PRENEI_Q": 0.0,
      "monthly_PRELIQ_Q": 144.9,
      "monthly_PE_Q": 71.5
    },
    "2024-06": {
      "monthly_PRENEI_Q": 0.0,
      "monthly_PRELIQ_Q": 96.8,
      "monthly_PE_Q": 10.799999999999999
    },
    "2024-07": {
      "monthly_PRENEI_Q": 0.0,
      "monthly_PRELIQ_Q": 96.30000000000001,
      "monthly_PE_Q": -14.100000000000001
    },
    "2024-08": {
      "monthly_PRENEI_Q": 0.0,
      "monthly_PRELIQ_Q": 47.4,
      "monthly_PE_Q": -40.6
    },
    "2024-09": {
      "monthly_PRENEI_Q": 0.0,
      "monthly_PRELIQ_Q": 166.9,
      "monthly_PE_Q": 111.60000000000001
    },
    "2024-10": {
      "monthly_PRENEI_Q": 0.0,
      "monthly_PRELIQ_Q": 127.5,
      "monthly_PE_Q": 86.2
    },
    "2024-11": {
      "monthly_PRENEI_Q": 1.1,
      "monthly_PRELIQ_Q": 53.8,
      "monthly_PE_Q": 31.900000000000002
    },
    "2024-12": {
      "monthly_PRENEI_Q": 70.8,
      "monthly_PRELIQ_Q": 21.2,
      "monthly_PE_Q": 80.9
    }
  }
}