{
  "years": {
    "2024": {
      "annual_PRENEI_Q": 164.5,
      "annual_PRELIQ_Q": 877.3,
      "annual_PE_Q": 419.0
    }
  },
  "months": {
    "2024-01": {
      "monthly_PRENEI_Q": 21.0,
      "monthly_PRELIQ_Q": 29.2,
      "monthly_PE_Q": 39.5
    },
    "2024-02": {
      "monthly_PRENEI_Q": 3.3,
      "monthly_PRELIQ_Q": 63.199999999999996,
      "monthly_PE_Q": 45.7
    },
    "2024-03": {
      "monthly_PRENEI_Q": 69.8,
      "monthly_PRELIQ_Q": 47.3,
      "monthly_PE_Q": 78.3
    },
    "2024-04": {
      "monthly_PRENEI_Q": 12.700000000000001,
      "monthly_PRELIQ_Q": 75.0,
      "monthly_PE_Q": 22.5
    },
    "2024-05": {
      "monthly_PRENEI_Q": 0.0,
      "monthly_PRELIQ_Q": 151.5,
      "monthly_PE_Q": 74.30000000000001
    },
    "2024-06": {
      "monthly_PRENEI_Q": 0.0,
      "monthly_PRELIQ_Q": 85.8,
      "monthly_PE_Q": -11.299999999999999
    },
    "2024-07": {
      "monthly_PRENEI_Q": 0.0,
      "monthly_PRELIQ_Q": 67.8,
      "monthly_PE_Q": -43.699999999999996
    },
    "2024-08": {
      "monthly_PRENEI_Q": 0.0,
      "monthly_PRELIQ_Q": 38.800000000000004,
      "monthly_PE_Q": -31.4
    },
    "2024-09": {
      "monthly_PRENEI_Q": 0.0,
      "monthly_PRELIQ_Q": 149.5,
      "monthly_PE_Q": 97.2
    },
    "2024-10": {
      "monthly_PRENEI_Q": 0.0,
      "monthly_PRELIQ_Q": 78.1,
      "monthly_PE_Q": 36.300000000000004
    },
    "2024-11": {
      "monthly_PRENEI_Q": 0.8,
      "monthly_PRELIQ_Q": 47.5,
      "monthly_PE_Q": 24.499999999999996
    },
    "2024-12": {
      "monthly_PRENEI_Q": 56.9,
      "monthly_PRELIQ_Q": 43.6,
      "monthly_PE_Q": 87.10000000000001
    }
  }
}