{
  "years": {
    "2024": {
      "annual_PRENEI_Q": 30.1,
      "annual_PRELIQ_Q": 1310.9,
      "annual_PE_Q": 648.4
    }
  },
  "months": {
    "2024-01": {
      "monthly_PRENEI_Q": 19.7,
      "monthly_PRELIQ_Q": 52.7,
      "monthly_PE_Q": 61.3
    },
    "2024-02": {
      "monthly_PRENEI_Q": 0.0,
      "monthly_PRELIQ_Q": 92.5,
      "monthly_PE_Q": 75.9
    },
    "2024-03": {
      "monthly_PRENEI_Q": 6.0,
      "monthly_PRELIQ_Q": 122.1,
      "monthly_PE_Q": 86.8
    },
    "2024-04": {
      "monthly_PRENEI_Q": 0.6,
      "monthly_PRELIQ_Q": 83.5,
      "monthly_PE_Q": 13.000000000000004
    },
    "2024-05": {
      "monthly_PRENEI_Q": 0.0,
      "monthly_PRELIQ_Q": 164.2,
      "monthly_PE_Q": 82.89999999999999
    },
    "2024-06": {
      "monthly_PRENEI_Q": 0.0,
      "monthly_PRELIQ_Q": 129.0,
      "monthly_PE_Q": 35.8
    },
    "2024-07": {
      "monthly_PRENEI_Q": 0.0,
      "monthly_PRELIQ_Q": 136.9,
      "monthly_PE_Q": 15.999999999999996
    },
    "2024-08": {
      "monthly_PRENEI_Q": 0.0,
      "monthly_PRELIQ_Q": 62.099999999999994,
      "monthly_PE_Q": -59.800000000000004
    },
    "2024-09": {
      "monthly_PRENEI_Q": 0.0,
      "monthly_PRELIQ_Q": 164.6,
      "monthly_PE_Q": 109.60000000000001
    },
    "2024-10": {
      "monthly_PRENEI_Q": 0.0,
      "monthly_PRELIQ_Q": 100.3,
      "monthly_PE_Q": 58.699999999999996
    },
    "2024-11": {
      "monthly_PRENEI_Q": 1.5,
      "monthly_PRELIQ_Q": 82.7,
      "monthly_PE_Q": 62.300000000000004
    },
    "2024-12": {
      "monthly_PRENEI_Q": 2.3,
      "monthly_PRELIQ_Q": 120.3,
      "monthly_PE_Q": 105.9
    }
  }
}