{
  "years": {
    "2024": {
      "annual_PRENEI_Q": 3.8,
      "annual_PRELIQ_Q": 962.2,
      "annual_PE_Q": 341.40000000000003
    }
  },
  "months": {
    "2024-01": {
      "monthly_PRENEI_Q": 1.7,
      "monthly_PRELIQ_Q": 37.1,
      "monthly_PE_Q": 31.0
    },
    "2024-02": {
      "monthly_PRENEI_Q": 0.0,
      "monthly_PRELIQ_Q": 54.0,
      "monthly_PE_Q": 41.7
    },
    "2024-03": {
      "monthly_PRENEI_Q": 0.0,
      "monthly_PRELIQ_Q": 116.3,
      "monthly_PE_Q": 75.0
    },
    "2024-04": {
      "monthly_PRENEI_Q": 0.0,
      "monthly_PRELIQ_Q": 62.8,
      "monthly_PE_Q": -8.099999999999998
    },
    "2024-05": {
      "monthly_PRENEI_Q": 0.0,
      "monthly_PRELIQ_Q": 131.9,
      "monthly_PE_Q": 51.900000000000006
    },
    "2024-06": {
      "monthly_PRENEI_Q": 0.0,
      "monthly_PRELIQ_Q": 113.0,
      "monthly_PE_Q": 15.900000000000004
    },
    "2024-07": {
      "monthly_PRENEI_Q": 0.0,
      "monthly_PRELIQ_Q": 72.8,
      "monthly_PE_Q": -41.0
    },
    "2024-08": {
      "monthly_PRENEI_Q": 0.0,
      "monthly_PRELIQ_Q": 19.7,
      "monthly_PE_Q": -67.4
    },
    "2024-09": {
      "monthly_PRENEI_Q": 0.0,
      "monthly_PRELIQ_Q": 110.89999999999999,
      "monthly_PE_Q": 59.8
    },
    "2024-10": {
      "monthly_PRENEI_Q": 0.0,
      "monthly_PRELIQ_Q": 115.4,
      "monthly_PE_Q": 77.60000000000001
    },
    "2024-11": {
      "monthly_PRENEI_Q": 2.1,
      "monthly_PRELIQ_Q": 63.0,
      "monthly_PE_Q": 49.2
    },
    "2024-12": {
      "monthly_PRENEI_Q": 0.0,
      "monthly_PRELIQ_Q": 65.30000000000001,
      "monthly_PE_Q": 55.800000000000004
    }
  }
}