{
  "years": {
    "2024": {
      "annual_PRENEI_Q": 11.1,
      "annual_PRELIQ_Q": 1053.2,
      "annual_PE_Q": 461.2
    }
  },
  "months": {
    "2024-01": {
      "monthly_PRENEI_Q": 4.800000000000001,
      "monthly_PRELIQ_Q": 59.6,
      "monthly_PE_Q": 54.9
    },
    "2024-02": {
      "monthly_PRENEI_Q": 0.0,
      "monthly_PRELIQ_Q": 99.2,
      "monthly_PE_Q": 80.89999999999999
    },
    "2024-03": {
      "monthly_PRENEI_Q": 0.0,
      "monthly_PRELIQ_Q": 114.8,
      "monthly_PE_Q": 75.8
    },
    "2024-04": {
      "monthly_PRENEI_Q": 0.1,
      "monthly_PRELIQ_Q": 52.1,
      "monthly_PE_Q": -8.7
    },
    "2024-05": {
      "monthly_PRENEI_Q": 0.0,
      "monthly_PRELIQ_Q": 116.3,
      "monthly_PE_Q": 41.699999999999996
    },
    "2024-06": {
      "monthly_PRENEI_Q": 0.0,
      "monthly_PRELIQ_Q": 93.3,
      "monthly_PE_Q": -5.699999999999998
    },
    "2024-07": {
      "monthly_PRENEI_Q": 0.0,
      "monthly_PRELIQ_Q": 97.1,
      "monthly_PE_Q": -4.2
    },
    "2024-08": {
      "monthly_PRENEI_Q": 0.0,
      "monthly_PRELIQ_Q": 85.9,
      "monthly_PE_Q": -3.8000000000000025
    },
    "2024-09": {
      "monthly_PRENEI_Q": 0.0,
      "monthly_PRELIQ_Q": 123.80000000000001,
      "monthly_PE_Q": 70.7
    },
    "2024-10": {
      "monthly_PRENEI_Q": 0.0,
      "monthly_PRELIQ_Q": 79.5,
      "monthly_PE_Q": 48.7
    },
    "2024-11": {
      "monthly_PRENEI_Q": 6.0,
      "monthly_PRELIQ_Q": 60.5,
      "monthly_PE_Q": 50.400000000000006
    },
    "2024-12": {
      "monthly_PRENEI_Q": 0.2,
      "monthly_PRELIQ_Q": 71.1,
      "monthly_PE_Q": 60.49999999999999
    }
  }
}