{
  "years": {
    "2024": {
      "annual_PRENEI_Q": 10.100000000000001,
      "annual_PRELIQ_Q": 1046.5,
      "annual_PE_Q": 482.6
    }
  },
  "months": {
    "2024-01": {
      "monthly_PRENEI_Q": 4.5,
      "monthly_PRELIQ_Q": 59.4,
      "monthly_PE_Q": 54.6
    },
    "2024-02": {
      "monthly_PRENEI_Q": 0.0,
      "monthly_PRELIQ_Q": 98.5,
      "monthly_PE_Q": 80.8
    },
    "2024-03": {
      "monthly_PRENEI_Q": 0.0,
      "monthly_PRELIQ_Q": 113.9,
      "monthly_PE_Q": 74.1
    },
    "2024-04": {
      "monthly_PRENEI_Q": 0.1,
      "monthly_PRELIQ_Q": 51.9,
      "monthly_PE_Q": -7.700000000000001
    },
    "2024-05": {
      "monthly_PRENEI_Q": 0.0,
      "monthly_PRELIQ_Q": 115.6,
      "monthly_PE_Q": 42.8
    },
    "2024-06": {
      "monthly_PRENEI_Q": 0.0,
      "monthly_PRELIQ_Q": 92.6,
      "monthly_PE_Q": -2.499999999999999
    },
    "2024-07": {
      "monthly_PRENEI_Q": 0.0,
      "monthly_PRELIQ_Q": 96.3,
      "monthly_PE_Q": 3.0000000000000013
    },
    "2024-08": {
      "monthly_PRENEI_Q": 0.0,
      "monthly_PRELIQ_Q": 85.3,
      "monthly_PE_Q": 4.299999999999997
    },
    "2024-09": {
      "monthly_PRENEI_Q": 0.0,
      "monthly_PRELIQ_Q": 123.10000000000001,
      "monthly_PE_Q": 73.19999999999999
    },
    "2024-10": {
      "monthly_PRENEI_Q": 0.0,
      "monthly_PRELIQ_Q": 78.9,
      "monthly_PE_Q": 48.6
    },
    "2024-11": {
      "monthly_PRENEI_Q": 5.300000000000001,
      "monthly_PRELIQ_Q": 60.6,
      "monthly_PE_Q": 50.5
    },
    "2024-12": {
      "monthly_PRENEI_Q": 0.2,
      "monthly_PRELIQ_Q": 70.4,
      "monthly_PE_Q": 60.9
    }
  }
}