{
  "years": {
    "2024": {
      "annual_PRENEI_Q": 8.100000000000001,
      "annual_PRELIQ_Q": 916.6,
      "annual_PE_Q": 385.9
    }
  },
  "months": {
    "2024-01": {
      "monthly_PRENEI_Q": 4.1000000000000005,
      "monthly_PRELIQ_Q": 56.7,
      "monthly_PE_Q": 53.199999999999996
    },
    "2024-02": {
      "monthly_PRENEI_Q": 0.0,
      "monthly_PRELIQ_Q": 96.9,
      "monthly_PE_Q": 83.7
    },
    "2024-03": {
      "monthly_PRENEI_Q": 0.1,
      "monthly_PRELIQ_Q": 95.0,
      "monthly_PE_Q": 58.0
    },
    "2024-04": {
      "monthly_PRENEI_Q": 0.1,
      "monthly_PRELIQ_Q": 50.8,
      "monthly_PE_Q": -8.700000000000001
    },
    "2024-05": {
      "monthly_PRENEI_Q": 0.0,
      "monthly_PRELIQ_Q": 95.8,
      "monthly_PE_Q": 19.599999999999998
    },
    "2024-06": {
      "monthly_PRENEI_Q": 0.0,
      "monthly_PRELIQ_Q": 84.8,
      "monthly_PE_Q": -5.699999999999999
    },
    "2024-07": {
      "monthly_PRENEI_Q": 0.0,
      "monthly_PRELIQ_Q": 85.39999999999999,
      "monthly_PE_Q": -6.6
    },
    "2024-08": {
      "monthly_PRENEI_Q": 0.0,
      "monthly_PRELIQ_Q": 68.3,
      "monthly_PE_Q": -4.400000000000002
    },
    "2024-09": {
      "monthly_PRENEI_Q": 0.0,
      "monthly_PRELIQ_Q": 85.8,
      "monthly_PE_Q": 44.099999999999994
    },
    "2024-10": {
      "monthly_PRENEI_Q": 0.0,
      "monthly_PRELIQ_Q": 81.8,
      "monthly_PE_Q": 54.1
    },
    "2024-11": {
      "monthly_PRENEI_Q": 3.6000000000000005,
      "monthly_PRELIQ_Q": 52.9,
      "monthly_PE_Q": 43.0
    },
    "2024-12": {
      "monthly_PRENEI_Q": 0.2,
      "monthly_PRELIQ_Q": 62.4,
      "monthly_PE_Q": 55.6
    }
  }
}