{
  "years": {
    "2024": {
      "annual_PRENEI_Q": 10.3,
      "annual_PRELIQ_Q": 791.2,
      "annual_PE_Q": 209.5
    }
  },
  "months": {
    "2024-01": {
      "monthly_PRENEI_Q": 9.700000000000001,
      "monthly_PRELIQ_Q": 47.1,
      "monthly_PE_Q": 43.0
    },
    "2024-02": {
      "monthly_PRENEI_Q": 0.1,
      "monthly_PRELIQ_Q": 87.2,
      "monthly_PE_Q": 64.2
    },
    "2024-03": {
      "monthly_PRENEI_Q": 0.0,
      "monthly_PRELIQ_Q": 68.8,
      "monthly_PE_Q": 26.3
    },
    "2024-04": {
      "monthly_PRENEI_Q": 0.0,
      "monthly_PRELIQ_Q": 57.5,
      "monthly_PE_Q": -4.299999999999998
    },
    "2024-05": {
      "monthly_PRENEI_Q": 0.0,
      "monthly_PRELIQ_Q": 70.7,
      "monthly_PE_Q": -7.499999999999999
    },
    "2024-06": {
      "monthly_PRENEI_Q": 0.0,
      "monthly_PRELIQ_Q": 46.6,
      "monthly_PE_Q": -47.800000000000004
    },
    "2024-07": {
      "monthly_PRENEI_Q": 0.0,
      "monthly_PRELIQ_Q": 90.4,
      "monthly_PE_Q": -0.09999999999999787
    },
    "2024-08": {
      "monthly_PRENEI_Q": 0.0,
      "monthly_PRELIQ_Q": 49.4,
      "monthly_PE_Q": -28.500000000000004
    },
    "2024-09": {
      "monthly_PRENEI_Q": 0.0,
      "monthly_PRELIQ_Q": 79.7,
      "monthly_PE_Q": 37.6
    },
    "2024-10": {
      "monthly_PRENEI_Q": 0.0,
      "monthly_PRELIQ_Q": 92.3,
      "monthly_PE_Q": 53.900000000000006
    },
    "2024-11": {
      "monthly_PRENEI_Q": 0.30000000000000004,
      "monthly_PRELIQ_Q": 37.6,
      "monthly_PE_Q": 20.099999999999998
    },
    "2024-12": {
      "monthly_PRENEI_Q": 0.2,
      "monthly_PRELIQ_Q": 63.9,
      "monthly_PE_Q": 52.6
    }
  }
}