{
  "years": {
    "2024": {
      "annual_PRENEI_Q": 0.2,
      "annual_PRELIQ_Q": 2020.8999999999999,
      "annual_PE_Q": 1228.1000000000001
    }
  },
  "months": {
    "2024-01": {
      "monthly_PRENEI_Q": 0.0,
      "monthly_PRELIQ_Q": 49.0,
      "monthly_PE_Q": 28.299999999999997
    },
    "2024-02": {
      "monthly_PRENEI_Q": 0.0,
      "monthly_PRELIQ_Q": 102.80000000000001,
      "monthly_PE_Q": 66.7
    },
    "2024-03": {
      "monthly_PRENEI_Q": 0.0,
      "monthly_PRELIQ_Q": 448.09999999999997,
      "monthly_PE_Q": 388.5
    },
    "2024-04": {
      "monthly_PRENEI_Q": 0.0,
      "monthly_PRELIQ_Q": 139.3,
      "monthly_PE_Q": 55.400000000000006
    },
    "2024-05": {
      "monthly_PRENEI_Q": 0.0,
      "monthly_PRELIQ_Q": 188.5,
      "monthly_PE_Q": 82.0
    },
    "2024-06": {
      "monthly_PRENEI_Q": 0.0,
      "monthly_PRELIQ_Q": 61.2,
      "monthly_PE_Q": -55.5
    },
    "2024-07": {
      "monthly_PRENEI_Q": 0.0,
      "monthly_PRELIQ_Q": 28.3,
      "monthly_PE_Q": -71.2
    },
    "2024-08": {
      "monthly_PRENEI_Q": 0.0,
      "monthly_PRELIQ_Q": 79.1,
      "monthly_PE_Q": -12.499999999999995
    },
    "2024-09": {
      "monthly_PRENEI_Q": 0.0,
      "monthly_PRELIQ_Q": 189.7,
      "monthly_PE_Q": 115.0
    },
    "2024-10": {
      "monthly_PRENEI_Q": 0.0,
      "monthly_PRELIQ_Q": 591.9,
      "monthly_PE_Q": 541.1
    },
    "2024-11": {
      "monthly_PRENEI_Q": 0.0,
      "monthly_PRELIQ_Q": 125.1,
      "monthly_PE_Q": 94.0
    },
    "2024-12": {
      "monthly_PRENEI_Q": 0.2,
      "monthly_PRELIQ_Q": 17.900000000000002,
      "monthly_PE_Q": -3.7000000000000006
    }
  }
}