{
  "years": {
    "2024": {
      "annual_PRENEI_Q": 1.7000000000000002,
      "annual_PRELIQ_Q": 2043.9,
      "annual_PE_Q": 1259.0
    }
  },
  "months": {
    "2024-01": {
      "monthly_PRENEI_Q": 1.6,
      "monthly_PRELIQ_Q": 40.3,
      "monthly_PE_Q": 21.599999999999998
    },
    "2024-02": {
      "monthly_PRENEI_Q": 0.0,
      "monthly_PRELIQ_Q": 96.50000000000001,
      "monthly_PE_Q": 60.4
    },
    "2024-03": {
      "monthly_PRENEI_Q": 0.0,
      "monthly_PRELIQ_Q": 525.3,
      "monthly_PE_Q": 458.7
    },
    "2024-04": {
      "monthly_PRENEI_Q": 0.0,
      "monthly_PRELIQ_Q": 186.6,
      "monthly_PE_Q": 101.0
    },
    "2024-05": {
      "monthly_PRENEI_Q": 0.0,
      "monthly_PRELIQ_Q": 157.7,
      "monthly_PE_Q": 55.800000000000004
    },
    "2024-06": {
      "monthly_PRENEI_Q": 0.0,
      "monthly_PRELIQ_Q": 62.7,
      "monthly_PE_Q": -47.0
    },
    "2024-07": {
      "monthly_PRENEI_Q": 0.0,
      "monthly_PRELIQ_Q": 36.9,
      "monthly_PE_Q": -67.89999999999999
    },
    "2024-08": {
      "monthly_PRENEI_Q": 0.0,
      "monthly_PRELIQ_Q": 80.3,
      "monthly_PE_Q": -12.399999999999999
    },
    "2024-09": {
      "monthly_PRENEI_Q": 0.0,
      "monthly_PRELIQ_Q": 106.10000000000001,
      "monthly_PE_Q": 46.90000000000001
    },
    "2024-10": {
      "monthly_PRENEI_Q": 0.0,
      "monthly_PRELIQ_Q": 603.1,
      "monthly_PE_Q": 551.5
    },
    "2024-11": {
      "monthly_PRENEI_Q": 0.0,
      "monthly_PRELIQ_Q": 121.6,
      "monthly_PE_Q": 86.5
    },
    "2024-12": {
      "monthly_PRENEI_Q": 0.1,
      "monthly_PRELIQ_Q": 26.799999999999997,
      "monthly_PE_Q": 3.9000000000000004
    }
  }
}