{
  "years": {
    "2024": {
      "annual_PRENEI_Q": 138.0,
      "annual_PRELIQ_Q": 1071.1,
      "annual_PE_Q": 562.2
    }
  },
  "months": {
    "2024-01": {
      "monthly_PRENEI_Q": 4.8,
      "monthly_PRELIQ_Q": 29.7,
      "monthly_PE_Q": 21.1
    },
    "2024-02": {
      "monthly_PRENEI_Q": 3.4,
      "monthly_PRELIQ_Q": 50.2,
      "monthly_PE_Q": 28.9
    },
    "2024-03": {
      "monthly_PRENEI_Q": 93.10000000000001,
      "monthly_PRELIQ_Q": 133.2,
      "monthly_PE_Q": 184.89999999999998
    },
    "2024-04": {
      "monthly_PRENEI_Q": 7.4,
      "monthly_PRELIQ_Q": 99.6,
      "monthly_PE_Q": 43.300000000000004
    },
    "2024-05": {
      "monthly_PRENEI_Q": 0.6,
      "monthly_PRELIQ_Q": 157.5,
      "monthly_PE_Q": 79.5
    },
    "2024-06": {
      "monthly_PRENEI_Q": 0.0,
      "monthly_PRELIQ_Q": 98.0,
      "monthly_PE_Q": 2.600000000000002
    },
    "2024-07": {
      "monthly_PRENEI_Q": 0.0,
      "monthly_PRELIQ_Q": 64.2,
      "monthly_PE_Q": -47.1
    },
    "2024-08": {
      "monthly_PRENEI_Q": 0.0,
      "monthly_PRELIQ_Q": 32.3,
      "monthly_PE_Q": -39.2
    },
    "2024-09": {
      "monthly_PRENEI_Q": 0.0,
      "monthly_PRELIQ_Q": 139.4,
      "monthly_PE_Q": 80.69999999999999
    },
    "2024-10": {
      "monthly_PRENEI_Q": 0.0,
      "monthly_PRELIQ_Q": 185.20000000000002,
      "monthly_PE_Q": 140.8
    },
    "2024-11": {
      "monthly_PRENEI_Q": 1.2000000000000002,
      "monthly_PRELIQ_Q": 43.699999999999996,
      "monthly_PE_Q": 18.400000000000002
    },
    "2024-12": {
      "monthly_PRENEI_Q": 27.5,
      "monthly_PRELIQ_Q": 38.1,
      "monthly_PE_Q": 48.3
    }
  }
}