{
  "years": {
    "2024": {
      "annual_PRENEI_Q": 241.9,
      "annual_PRELIQ_Q": 1029.7,
      "annual_PE_Q": 664.0
    }
  },
  "months": {
    "2024-01": {
      "monthly_PRENEI_Q": 6.8999999999999995,
      "monthly_PRELIQ_Q": 29.3,
      "monthly_PE_Q": 24.6
    },
    "2024-02": {
      "monthly_PRENEI_Q": 10.5,
      "monthly_PRELIQ_Q": 46.0,
      "monthly_PE_Q": 34.4
    },
    "2024-03": {
      "monthly_PRENEI_Q": 159.6,
      "monthly_PRELIQ_Q": 78.7,
      "monthly_PE_Q": 212.0
    },
    "2024-04": {
      "monthly_PRENEI_Q": 14.299999999999999,
      "monthly_PRELIQ_Q": 97.60000000000001,
      "monthly_PE_Q": 52.699999999999996
    },
    "2024-05": {
      "monthly_PRENEI_Q": 1.9,
      "monthly_PRELIQ_Q": 164.29999999999998,
      "monthly_PE_Q": 90.7
    },
    "2024-06": {
      "monthly_PRENEI_Q": 0.0,
      "monthly_PRELIQ_Q": 103.19999999999999,
      "monthly_PE_Q": 11.999999999999998
    },
    "2024-07": {
      "monthly_PRENEI_Q": 0.0,
      "monthly_PRELIQ_Q": 67.6,
      "monthly_PE_Q": -42.4
    },
    "2024-08": {
      "monthly_PRENEI_Q": 0.0,
      "monthly_PRELIQ_Q": 34.2,
      "monthly_PE_Q": -42.9
    },
    "2024-09": {
      "monthly_PRENEI_Q": 0.0,
      "monthly_PRELIQ_Q": 146.6,
      "monthly_PE_Q": 90.89999999999999
    },
    "2024-10": {
      "monthly_PRENEI_Q": 0.0,
      "monthly_PRELIQ_Q": 194.7,
      "monthly_PE_Q": 151.8
    },
    "2024-11": {
      "monthly_PRENEI_Q": 1.4,
      "monthly_PRELIQ_Q": 46.0,
      "monthly_PE_Q": 23.2
    },
    "2024-12": {
      "monthly_PRENEI_Q": 47.300000000000004,
      "monthly_PRELIQ_Q": 21.5,
      "monthly_PE_Q": 57.0
    }
  }
}