{
  "years": {
    "2024": {
      "annual_PRENEI_Q": 222.6,
      "annual_PRELIQ_Q": 1156.9,
      "annual_PE_Q": 704.9
    }
  },
  "months": {
    "2024-01": {
      "monthly_PRENEI_Q": 11.5,
      "monthly_PRELIQ_Q": 40.1,
      "monthly_PE_Q": 38.1
    },
    "2024-02": {
      "monthly_PRENEI_Q": 6.3,
      "monthly_PRELIQ_Q": 68.3,
      "monthly_PE_Q": 51.2
    },
    "2024-03": {
      "monthly_PRENEI_Q": 70.89999999999999,
      "monthly_PRELIQ_Q": 56.5,
      "monthly_PE_Q": 88.69999999999999
    },
    "2024-04": {
      "monthly_PRENEI_Q": 17.7,
      "monthly_PRELIQ_Q": 101.9,
      "monthly_PE_Q": 51.6
    },
    "2024-05": {
      "monthly_PRENEI_Q": 0.0,
      "monthly_PRELIQ_Q": 186.4,
      "monthly_PE_Q": 104.8
    },
    "2024-06": {
      "monthly_PRENEI_Q": 0.0,
      "monthly_PRELIQ_Q": 86.9,
      "monthly_PE_Q": -11.999999999999998
    },
    "2024-07": {
      "monthly_PRENEI_Q": 0.0,
      "monthly_PRELIQ_Q": 92.2,
      "monthly_PE_Q": -26.6
    },
    "2024-08": {
      "monthly_PRENEI_Q": 0.0,
      "monthly_PRELIQ_Q": 51.7,
      "monthly_PE_Q": -33.9
    },
    "2024-09": {
      "monthly_PRENEI_Q": 0.0,
      "monthly_PRELIQ_Q": 213.0,
      "monthly_PE_Q": 150.0
    },
    "2024-10": {
      "monthly_PRENEI_Q": 0.0,
      "monthly_PRELIQ_Q": 129.9,
      "monthly_PE_Q": 84.2
    },
    "2024-11": {
      "monthly_PRENEI_Q": 1.7999999999999998,
      "monthly_PRELIQ_Q": 66.39999999999999,
      "monthly_PE_Q": 40.400000000000006
    },
    "2024-12": {
      "monthly_PRENEI_Q": 114.39999999999999,
      "monthly_PRELIQ_Q": 63.6,
      "monthly_PE_Q": 168.4
    }
  }
}