{
  "years": {
    "2024": {
      "annual_PRENEI_Q": 219.6,
      "annual_PRELIQ_Q": 1065.8,
      "annual_PE_Q": 642.7
    }
  },
  "months": {
    "2024-01": {
      "monthly_PRENEI_Q": 21.3,
      "monthly_PRELIQ_Q": 55.5,
      "monthly_PE_Q": 62.5
    },
    "2024-02": {
      "monthly_PRENEI_Q": 15.3,
      "monthly_PRELIQ_Q": 63.699999999999996,
      "monthly_PE_Q": 53.0
    },
    "2024-03": {
      "monthly_PRENEI_Q": 70.60000000000001,
      "monthly_PRELIQ_Q": 49.8,
      "monthly_PE_Q": 86.5
    },
    "2024-04": {
      "monthly_PRENEI_Q": 17.9,
      "monthly_PRELIQ_Q": 82.4,
      "monthly_PE_Q": 34.800000000000004
    },
    "2024-05": {
      "monthly_PRENEI_Q": 0.0,
      "monthly_PRELIQ_Q": 170.0,
      "monthly_PE_Q": 95.0
    },
    "2024-06": {
      "monthly_PRENEI_Q": 0.0,
      "monthly_PRELIQ_Q": 93.10000000000001,
      "monthly_PE_Q": -0.10000000000000031
    },
    "2024-07": {
      "monthly_PRENEI_Q": 0.0,
      "monthly_PRELIQ_Q": 83.1,
      "monthly_PE_Q": -30.0
    },
    "2024-08": {
      "monthly_PRENEI_Q": 0.0,
      "monthly_PRELIQ_Q": 47.900000000000006,
      "monthly_PE_Q": -30.6
    },
    "2024-09": {
      "monthly_PRENEI_Q": 0.0,
      "monthly_PRELIQ_Q": 202.5,
      "monthly_PE_Q": 140.70000000000002
    },
    "2024-10": {
      "monthly_PRENEI_Q": 0.0,
      "monthly_PRELIQ_Q": 112.7,
      "monthly_PE_Q": 66.89999999999999
    },
    "2024-11": {
      "monthly_PRENEI_Q": 6.1000000000000005,
      "monthly_PRELIQ_Q": 67.9,
      "monthly_PE_Q": 47.800000000000004
    },
    "2024-12": {
      "monthly_PRENEI_Q": 88.39999999999999,
      "monthly_PRELIQ_Q": 37.199999999999996,
      "monthly_PE_Q": 116.19999999999999
    }
  }
}