{
  "years": {
    "2024": {
      "annual_PRENEI_Q": 55.4,
      "annual_PRELIQ_Q": 1068.4,
      "annual_PE_Q": 459.1
    }
  },
  "months": {
    "2024-01": {
      "monthly_PRENEI_Q": 11.9,
      "monthly_PRELIQ_Q": 55.4,
      "monthly_PE_Q": 55.2
    },
    "2024-02": {
      "monthly_PRENEI_Q": 0.1,
      "monthly_PRELIQ_Q": 68.89999999999999,
      "monthly_PE_Q": 46.300000000000004
    },
    "2024-03": {
      "monthly_PRENEI_Q": 13.9,
      "monthly_PRELIQ_Q": 91.7,
      "monthly_PE_Q": 60.9
    },
    "2024-04": {
      "monthly_PRENEI_Q": 4.0,
      "monthly_PRELIQ_Q": 83.7,
      "monthly_PE_Q": 14.9
    },
    "2024-05": {
      "monthly_PRENEI_Q": 0.0,
      "monthly_PRELIQ_Q": 149.4,
      "monthly_PE_Q": 72.60000000000001
    },
    "2024-06": {
      "monthly_PRENEI_Q": 0.0,
      "monthly_PRELIQ_Q": 80.7,
      "monthly_PE_Q": -15.399999999999999
    },
    "2024-07": {
      "monthly_PRENEI_Q": 0.0,
      "monthly_PRELIQ_Q": 72.8,
      "monthly_PE_Q": -43.699999999999996
    },
    "2024-08": {
      "monthly_PRENEI_Q": 0.0,
      "monthly_PRELIQ_Q": 41.6,
      "monthly_PE_Q": -30.700000000000003
    },
    "2024-09": {
      "monthly_PRENEI_Q": 0.0,
      "monthly_PRELIQ_Q": 176.29999999999998,
      "monthly_PE_Q": 112.89999999999999
    },
    "2024-10": {
      "monthly_PRENEI_Q": 0.0,
      "monthly_PRELIQ_Q": 98.8,
      "monthly_PE_Q": 51.7
    },
    "2024-11": {
      "monthly_PRENEI_Q": 0.2,
      "monthly_PRELIQ_Q": 64.7,
      "monthly_PE_Q": 38.699999999999996
    },
    "2024-12": {
      "monthly_PRENEI_Q": 25.299999999999997,
      "monthly_PRELIQ_Q": 84.4,
      "monthly_PE_Q": 95.7
    }
  }
}