{
  "years": {
    "2024": {
      "annual_PRENEI_Q": 82.1,
      "annual_PRELIQ_Q": 1073.9,
      "annual_PE_Q": 488.4
    }
  },
  "months": {
    "2024-01": {
      "monthly_PRENEI_Q": 13.4,
      "monthly_PRELIQ_Q": 55.699999999999996,
      "monthly_PE_Q": 57.0
    },
    "2024-02": {
      "monthly_PRENEI_Q": 0.2,
      "monthly_PRELIQ_Q": 70.8,
      "monthly_PE_Q": 47.300000000000004
    },
    "2024-03": {
      "monthly_PRENEI_Q": 22.3,
      "monthly_PRELIQ_Q": 86.2,
      "monthly_PE_Q": 65.4
    },
    "2024-04": {
      "monthly_PRENEI_Q": 6.6,
      "monthly_PRELIQ_Q": 83.39999999999999,
      "monthly_PE_Q": 18.9
    },
    "2024-05": {
      "monthly_PRENEI_Q": 0.0,
      "monthly_PRELIQ_Q": 153.7,
      "monthly_PE_Q": 76.2
    },
    "2024-06": {
      "monthly_PRENEI_Q": 0.0,
      "monthly_PRELIQ_Q": 83.0,
      "monthly_PE_Q": -13.7
    },
    "2024-07": {
      "monthly_PRENEI_Q": 0.0,
      "monthly_PRELIQ_Q": 74.9,
      "monthly_PE_Q": -44.3
    },
    "2024-08": {
      "monthly_PRENEI_Q": 0.0,
      "monthly_PRELIQ_Q": 42.800000000000004,
      "monthly_PE_Q": -31.9
    },
    "2024-09": {
      "monthly_PRENEI_Q": 0.0,
      "monthly_PRELIQ_Q": 181.7,
      "monthly_PE_Q": 119.19999999999999
    },
    "2024-10": {
      "monthly_PRENEI_Q": 0.0,
      "monthly_PRELIQ_Q": 101.80000000000001,
      "monthly_PE_Q": 54.2
    },
    "2024-11": {
      "monthly_PRENEI_Q": 0.4,
      "monthly_PRELIQ_Q": 66.3,
      "monthly_PE_Q": 40.699999999999996
    },
    "2024-12": {
      "monthly_PRENEI_Q": 39.199999999999996,
      "monthly_PRELIQ_Q": 73.60000000000001,
      "monthly_PE_Q": 99.39999999999999
    }
  }
}