{
  "years": {
    "2024": {
      "annual_PRENEI_Q": 27.599999999999998,
      "annual_PRELIQ_Q": 883.1,
      "annual_PE_Q": 278.2
    }
  },
  "months": {
    "2024-01": {
      "monthly_PRENEI_Q": 8.6,
      "monthly_PRELIQ_Q": 20.700000000000003,
      "monthly_PE_Q": 18.8
    },
    "2024-02": {
      "monthly_PRENEI_Q": 0.0,
      "monthly_PRELIQ_Q": 52.699999999999996,
      "monthly_PE_Q": 37.9
    },
    "2024-03": {
      "monthly_PRENEI_Q": 10.0,
      "monthly_PRELIQ_Q": 84.9,
      "monthly_PE_Q": 54.1
    },
    "2024-04": {
      "monthly_PRENEI_Q": 0.7,
      "monthly_PRELIQ_Q": 67.7,
      "monthly_PE_Q": -1.6999999999999993
    },
    "2024-05": {
      "monthly_PRENEI_Q": 0.0,
      "monthly_PRELIQ_Q": 122.8,
      "monthly_PE_Q": 44.5
    },
    "2024-06": {
      "monthly_PRENEI_Q": 0.0,
      "monthly_PRELIQ_Q": 89.0,
      "monthly_PE_Q": -3.500000000000001
    },
    "2024-07": {
      "monthly_PRENEI_Q": 0.0,
      "monthly_PRELIQ_Q": 85.1,
      "monthly_PE_Q": -31.1
    },
    "2024-08": {
      "monthly_PRENEI_Q": 0.0,
      "monthly_PRELIQ_Q": 36.6,
      "monthly_PE_Q": -46.099999999999994
    },
    "2024-09": {
      "monthly_PRENEI_Q": 0.0,
      "monthly_PRELIQ_Q": 140.4,
      "monthly_PE_Q": 85.6
    },
    "2024-10": {
      "monthly_PRENEI_Q": 0.0,
      "monthly_PRELIQ_Q": 78.2,
      "monthly_PE_Q": 39.3
    },
    "2024-11": {
      "monthly_PRENEI_Q": 3.8000000000000003,
      "monthly_PRELIQ_Q": 59.0,
      "monthly_PE_Q": 43.699999999999996
    },
    "2024-12": {
      "monthly_PRENEI_Q": 4.5,
      "monthly_PRELIQ_Q": 46.0,
      "monthly_PE_Q": 36.7
    }
  }
}