{
  "years": {
    "2024": {
      "annual_PRENEI_Q": 9.2,
      "annual_PRELIQ_Q": 1361.6,
      "annual_PE_Q": 664.6
    }
  },
  "months": {
    "2024-01": {
      "monthly_PRENEI_Q": 2.6,
      "monthly_PRELIQ_Q": 80.4,
      "monthly_PE_Q": 70.10000000000001
    },
    "2024-02": {
      "monthly_PRENEI_Q": 0.1,
      "monthly_PRELIQ_Q": 118.7,
      "monthly_PE_Q": 98.7
    },
    "2024-03": {
      "monthly_PRENEI_Q": 0.0,
      "monthly_PRELIQ_Q": 203.3,
      "monthly_PE_Q": 158.7
    },
    "2024-04": {
      "monthly_PRENEI_Q": 0.1,
      "monthly_PRELIQ_Q": 80.39999999999999,
      "monthly_PE_Q": 7.500000000000001
    },
    "2024-05": {
      "monthly_PRENEI_Q": 0.0,
      "monthly_PRELIQ_Q": 168.4,
      "monthly_PE_Q": 81.10000000000001
    },
    "2024-06": {
      "monthly_PRENEI_Q": 0.0,
      "monthly_PRELIQ_Q": 134.4,
      "monthly_PE_Q": 15.500000000000002
    },
    "2024-07": {
      "monthly_PRENEI_Q": 0.0,
      "monthly_PRELIQ_Q": 61.6,
      "monthly_PE_Q": -59.699999999999996
    },
    "2024-08": {
      "monthly_PRENEI_Q": 0.0,
      "monthly_PRELIQ_Q": 42.3,
      "monthly_PE_Q": -46.5
    },
    "2024-09": {
      "monthly_PRENEI_Q": 0.0,
      "monthly_PRELIQ_Q": 157.6,
      "monthly_PE_Q": 96.3
    },
    "2024-10": {
      "monthly_PRENEI_Q": 0.0,
      "monthly_PRELIQ_Q": 117.9,
      "monthly_PE_Q": 76.9
    },
    "2024-11": {
      "monthly_PRENEI_Q": 4.199999999999999,
      "monthly_PRELIQ_Q": 95.7,
      "monthly_PE_Q": 78.89999999999999
    },
    "2024-12": {
      "monthly_PRENEI_Q": 2.2,
      "monthly_PRELIQ_Q": 100.9,
      "monthly_PE_Q": 87.10000000000001
    }
  }
}