{
  "years": {
    "2024": {
      "annual_PRENEI_Q": 8.5,
      "annual_PRELIQ_Q": 1002.5,
      "annual_PE_Q": 412.2
    }
  },
  "months": {
    "2024-01": {
      "monthly_PRENEI_Q": 3.1,
      "monthly_PRELIQ_Q": 61.099999999999994,
      "monthly_PE_Q": 54.599999999999994
    },
    "2024-02": {
      "monthly_PRENEI_Q": 0.0,
      "monthly_PRELIQ_Q": 101.2,
      "monthly_PE_Q": 85.1
    },
    "2024-03": {
      "monthly_PRENEI_Q": 0.0,
      "monthly_PRELIQ_Q": 106.5,
      "monthly_PE_Q": 67.4
    },
    "2024-04": {
      "monthly_PRENEI_Q": 0.1,
      "monthly_PRELIQ_Q": 54.8,
      "monthly_PE_Q": -8.100000000000001
    },
    "2024-05": {
      "monthly_PRENEI_Q": 0.0,
      "monthly_PRELIQ_Q": 126.8,
      "monthly_PE_Q": 49.7
    },
    "2024-06": {
      "monthly_PRENEI_Q": 0.0,
      "monthly_PRELIQ_Q": 106.4,
      "monthly_PE_Q": 8.899999999999999
    },
    "2024-07": {
      "monthly_PRENEI_Q": 0.0,
      "monthly_PRELIQ_Q": 105.7,
      "monthly_PE_Q": 5.600000000000001
    },
    "2024-08": {
      "monthly_PRENEI_Q": 0.0,
      "monthly_PRELIQ_Q": 64.3,
      "monthly_PE_Q": -26.799999999999997
    },
    "2024-09": {
      "monthly_PRENEI_Q": 0.0,
      "monthly_PRELIQ_Q": 79.8,
      "monthly_PE_Q": 32.7
    },
    "2024-10": {
      "monthly_PRENEI_Q": 0.0,
      "monthly_PRELIQ_Q": 68.2,
      "monthly_PE_Q": 37.0
    },
    "2024-11": {
      "monthly_PRENEI_Q": 4.6,
      "monthly_PRELIQ_Q": 66.0,
      "monthly_PE_Q": 54.300000000000004
    },
    "2024-12": {
      "monthly_PRENEI_Q": 0.7,
      "monthly_PRELIQ_Q": 61.7,
      "monthly_PE_Q": 51.800000000000004
    }
  }
}