{
  "years": {
    "2024": {
      "annual_PRENEI_Q": 5.7,
      "annual_PRELIQ_Q": 897.3,
      "annual_PE_Q": 338.9
    }
  },
  "months": {
    "2024-01": {
      "monthly_PRENEI_Q": 3.2,
      "monthly_PRELIQ_Q": 56.3,
      "monthly_PE_Q": 48.9
    },
    "2024-02": {
      "monthly_PRENEI_Q": 0.0,
      "monthly_PRELIQ_Q": 94.6,
      "monthly_PE_Q": 78.3
    },
    "2024-03": {
      "monthly_PRENEI_Q": 0.0,
      "monthly_PRELIQ_Q": 92.89999999999999,
      "monthly_PE_Q": 53.2
    },
    "2024-04": {
      "monthly_PRENEI_Q": 0.0,
      "monthly_PRELIQ_Q": 49.7,
      "monthly_PE_Q": -13.200000000000001
    },
    "2024-05": {
      "monthly_PRENEI_Q": 0.0,
      "monthly_PRELIQ_Q": 93.89999999999999,
      "monthly_PE_Q": 14.299999999999999
    },
    "2024-06": {
      "monthly_PRENEI_Q": 0.0,
      "monthly_PRELIQ_Q": 82.5,
      "monthly_PE_Q": -10.699999999999996
    },
    "2024-07": {
      "monthly_PRENEI_Q": 0.0,
      "monthly_PRELIQ_Q": 83.3,
      "monthly_PE_Q": -9.9
    },
    "2024-08": {
      "monthly_PRENEI_Q": 0.0,
      "monthly_PRELIQ_Q": 66.7,
      "monthly_PE_Q": -4.8000000000000025
    },
    "2024-09": {
      "monthly_PRENEI_Q": 0.0,
      "monthly_PRELIQ_Q": 83.7,
      "monthly_PE_Q": 40.900000000000006
    },
    "2024-10": {
      "monthly_PRENEI_Q": 0.0,
      "monthly_PRELIQ_Q": 80.0,
      "monthly_PE_Q": 50.1
    },
    "2024-11": {
      "monthly_PRENEI_Q": 2.5000000000000004,
      "monthly_PRELIQ_Q": 52.8,
      "monthly_PE_Q": 38.9
    },
    "2024-12": {
      "monthly_PRENEI_Q": 0.0,
      "monthly_PRELIQ_Q": 60.9,
      "monthly_PE_Q": 52.9
    }
  }
}