{
  "years": {
    "2024": {
      "annual_PRENEI_Q": 17.6,
      "annual_PRELIQ_Q": 1025.8,
      "annual_PE_Q": 463.0
    }
  },
  "months": {
    "2024-01": {
      "monthly_PRENEI_Q": 8.299999999999999,
      "monthly_PRELIQ_Q": 64.2,
      "monthly_PE_Q": 62.9
    },
    "2024-02": {
      "monthly_PRENEI_Q": 0.0,
      "monthly_PRELIQ_Q": 114.1,
      "monthly_PE_Q": 100.10000000000001
    },
    "2024-03": {
      "monthly_PRENEI_Q": 0.0,
      "monthly_PRELIQ_Q": 90.4,
      "monthly_PE_Q": 52.5
    },
    "2024-04": {
      "monthly_PRENEI_Q": 0.0,
      "monthly_PRELIQ_Q": 74.4,
      "monthly_PE_Q": 14.000000000000002
    },
    "2024-05": {
      "monthly_PRENEI_Q": 0.0,
      "monthly_PRELIQ_Q": 106.7,
      "monthly_PE_Q": 31.0
    },
    "2024-06": {
      "monthly_PRENEI_Q": 0.0,
      "monthly_PRELIQ_Q": 64.89999999999999,
      "monthly_PE_Q": -28.1
    },
    "2024-07": {
      "monthly_PRENEI_Q": 0.0,
      "monthly_PRELIQ_Q": 106.8,
      "monthly_PE_Q": 8.000000000000004
    },
    "2024-08": {
      "monthly_PRENEI_Q": 0.0,
      "monthly_PRELIQ_Q": 76.2,
      "monthly_PE_Q": -7.299999999999999
    },
    "2024-09": {
      "monthly_PRENEI_Q": 0.0,
      "monthly_PRELIQ_Q": 118.7,
      "monthly_PE_Q": 67.8
    },
    "2024-10": {
      "monthly_PRENEI_Q": 0.0,
      "monthly_PRELIQ_Q": 97.3,
      "monthly_PE_Q": 65.8
    },
    "2024-11": {
      "monthly_PRENEI_Q": 8.6,
      "monthly_PRELIQ_Q": 52.800000000000004,
      "monthly_PE_Q": 47.3
    },
    "2024-12": {
      "monthly_PRENEI_Q": 0.7000000000000001,
      "monthly_PRELIQ_Q": 59.3,
      "monthly_PE_Q": 49.0
    }
  }
}