{
  "years": {
    "2024": {
      "annual_PRENEI_Q": 9.899999999999999,
      "annual_PRELIQ_Q": 789.2,
      "annual_PE_Q": 240.60000000000002
    }
  },
  "months": {
    "2024-01": {
      "monthly_PRENEI_Q": 9.399999999999999,
      "monthly_PRELIQ_Q": 47.1,
      "monthly_PE_Q": 44.6
    },
    "2024-02": {
      "monthly_PRENEI_Q": 0.1,
      "monthly_PRELIQ_Q": 86.9,
      "monthly_PE_Q": 64.1
    },
    "2024-03": {
      "monthly_PRENEI_Q": 0.0,
      "monthly_PRELIQ_Q": 68.7,
      "monthly_PE_Q": 25.1
    },
    "2024-04": {
      "monthly_PRENEI_Q": 0.0,
      "monthly_PRELIQ_Q": 57.3,
      "monthly_PE_Q": -2.8999999999999995
    },
    "2024-05": {
      "monthly_PRENEI_Q": 0.0,
      "monthly_PRELIQ_Q": 70.5,
      "monthly_PE_Q": -5.399999999999999
    },
    "2024-06": {
      "monthly_PRENEI_Q": 0.0,
      "monthly_PRELIQ_Q": 46.4,
      "monthly_PE_Q": -43.9
    },
    "2024-07": {
      "monthly_PRENEI_Q": 0.0,
      "monthly_PRELIQ_Q": 90.2,
      "monthly_PE_Q": 8.100000000000001
    },
    "2024-08": {
      "monthly_PRENEI_Q": 0.0,
      "monthly_PRELIQ_Q": 49.3,
      "monthly_PE_Q": -17.599999999999998
    },
    "2024-09": {
      "monthly_PRENEI_Q": 0.0,
      "monthly_PRELIQ_Q": 79.2,
      "monthly_PE_Q": 39.800000000000004
    },
    "2024-10": {
      "monthly_PRENEI_Q": 0.0,
      "monthly_PRELIQ_Q": 92.1,
      "monthly_PE_Q": 54.5
    },
    "2024-11": {
      "monthly_PRENEI_Q": 0.2,
      "monthly_PRELIQ_Q": 37.7,
      "monthly_PE_Q": 20.300000000000004
    },
    "2024-12": {
      "monthly_PRENEI_Q": 0.2,
      "monthly_PRELIQ_Q": 63.800000000000004,
      "monthly_PE_Q": 53.9
    }
  }
}