{
  "years": {
    "2024": {
      "annual_PRENEI_Q": 10.4,
      "annual_PRELIQ_Q": 791.7,
      "annual_PE_Q": 243.70000000000002
    }
  },
  "months": {
    "2024-01": {
      "monthly_PRENEI_Q": 9.8,
      "monthly_PRELIQ_Q": 47.1,
      "monthly_PE_Q": 45.0
    },
    "2024-02": {
      "monthly_PRENEI_Q": 0.1,
      "monthly_PRELIQ_Q": 87.3,
      "monthly_PE_Q": 65.0
    },
    "2024-03": {
      "monthly_PRENEI_Q": 0.0,
      "monthly_PRELIQ_Q": 68.8,
      "monthly_PE_Q": 25.700000000000003
    },
    "2024-04": {
      "monthly_PRENEI_Q": 0.0,
      "monthly_PRELIQ_Q": 57.5,
      "monthly_PE_Q": -2.6999999999999993
    },
    "2024-05": {
      "monthly_PRENEI_Q": 0.0,
      "monthly_PRELIQ_Q": 70.7,
      "monthly_PE_Q": -6.0
    },
    "2024-06": {
      "monthly_PRENEI_Q": 0.0,
      "monthly_PRELIQ_Q": 46.699999999999996,
      "monthly_PE_Q": -46.5
    },
    "2024-07": {
      "monthly_PRENEI_Q": 0.0,
      "monthly_PRELIQ_Q": 90.4,
      "monthly_PE_Q": 8.100000000000001
    },
    "2024-08": {
      "monthly_PRENEI_Q": 0.0,
      "monthly_PRELIQ_Q": 49.5,
      "monthly_PE_Q": -16.4
    },
    "2024-09": {
      "monthly_PRENEI_Q": 0.0,
      "monthly_PRELIQ_Q": 79.8,
      "monthly_PE_Q": 41.1
    },
    "2024-10": {
      "monthly_PRENEI_Q": 0.0,
      "monthly_PRELIQ_Q": 92.3,
      "monthly_PE_Q": 55.39999999999999
    },
    "2024-11": {
      "monthly_PRENEI_Q": 0.30000000000000004,
      "monthly_PRELIQ_Q": 37.7,
      "monthly_PE_Q": 20.7
    },
    "2024-12": {
      "monthly_PRENEI_Q": 0.2,
      "monthly_PRELIQ_Q": 63.9,
      "monthly_PE_Q": 54.300000000000004
    }
  }
}