{
  "years": {
    "2024": {
      "annual_PRENEI_Q": 1.0,
      "annual_PRELIQ_Q": 1083.5,
      "annual_PE_Q": 440.1
    }
  },
  "months": {
    "2024-01": {
      "monthly_PRENEI_Q": 0.30000000000000004,
      "monthly_PRELIQ_Q": 51.1,
      "monthly_PE_Q": 32.4
    },
    "2024-02": {
      "monthly_PRENEI_Q": 0.0,
      "monthly_PRELIQ_Q": 55.6,
      "monthly_PE_Q": 26.099999999999998
    },
    "2024-03": {
      "monthly_PRENEI_Q": 0.0,
      "monthly_PRELIQ_Q": 222.1,
      "monthly_PE_Q": 169.3
    },
    "2024-04": {
      "monthly_PRENEI_Q": 0.0,
      "monthly_PRELIQ_Q": 89.10000000000001,
      "monthly_PE_Q": 12.099999999999998
    },
    "2024-05": {
      "monthly_PRENEI_Q": 0.0,
      "monthly_PRELIQ_Q": 168.2,
      "monthly_PE_Q": 74.9
    },
    "2024-06": {
      "monthly_PRENEI_Q": 0.0,
      "monthly_PRELIQ_Q": 21.1,
      "monthly_PE_Q": -68.1
    },
    "2024-07": {
      "monthly_PRENEI_Q": 0.0,
      "monthly_PRELIQ_Q": 22.4,
      "monthly_PE_Q": -41.4
    },
    "2024-08": {
      "monthly_PRENEI_Q": 0.0,
      "monthly_PRELIQ_Q": 46.6,
      "monthly_PE_Q": -15.799999999999997
    },
    "2024-09": {
      "monthly_PRENEI_Q": 0.0,
      "monthly_PRELIQ_Q": 101.1,
      "monthly_PE_Q": 43.3
    },
    "2024-10": {
      "monthly_PRENEI_Q": 0.0,
      "monthly_PRELIQ_Q": 216.4,
      "monthly_PE_Q": 170.5
    },
    "2024-11": {
      "monthly_PRENEI_Q": 0.0,
      "monthly_PRELIQ_Q": 74.2,
      "monthly_PE_Q": 44.199999999999996
    },
    "2024-12": {
      "monthly_PRENEI_Q": 0.7000000000000001,
      "monthly_PRELIQ_Q": 15.600000000000001,
      "monthly_PE_Q": -7.4
    }
  }
}