{
  "years": {
    "2024": {
      "annual_PRENEI_Q": 2.9000000000000004,
      "annual_PRELIQ_Q": 2139.7,
      "annual_PE_Q": 1345.0
    }
  },
  "months": {
    "2024-01": {
      "monthly_PRENEI_Q": 2.7,
      "monthly_PRELIQ_Q": 41.1,
      "monthly_PE_Q": 23.5
    },
    "2024-02": {
      "monthly_PRENEI_Q": 0.0,
      "monthly_PRELIQ_Q": 101.19999999999999,
      "monthly_PE_Q": 64.4
    },
    "2024-03": {
      "monthly_PRENEI_Q": 0.0,
      "monthly_PRELIQ_Q": 550.4,
      "monthly_PE_Q": 485.09999999999997
    },
    "2024-04": {
      "monthly_PRENEI_Q": 0.0,
      "monthly_PRELIQ_Q": 195.5,
      "monthly_PE_Q": 108.99999999999999
    },
    "2024-05": {
      "monthly_PRENEI_Q": 0.0,
      "monthly_PRELIQ_Q": 164.9,
      "monthly_PE_Q": 61.099999999999994
    },
    "2024-06": {
      "monthly_PRENEI_Q": 0.0,
      "monthly_PRELIQ_Q": 65.6,
      "monthly_PE_Q": -47.300000000000004
    },
    "2024-07": {
      "monthly_PRENEI_Q": 0.0,
      "monthly_PRELIQ_Q": 38.7,
      "monthly_PE_Q": -67.7
    },
    "2024-08": {
      "monthly_PRENEI_Q": 0.0,
      "monthly_PRELIQ_Q": 84.0,
      "monthly_PE_Q": -8.700000000000003
    },
    "2024-09": {
      "monthly_PRENEI_Q": 0.0,
      "monthly_PRELIQ_Q": 110.8,
      "monthly_PE_Q": 48.7
    },
    "2024-10": {
      "monthly_PRENEI_Q": 0.0,
      "monthly_PRELIQ_Q": 632.5,
      "monthly_PE_Q": 581.6
    },
    "2024-11": {
      "monthly_PRENEI_Q": 0.0,
      "monthly_PRELIQ_Q": 127.10000000000001,
      "monthly_PE_Q": 91.6
    },
    "2024-12": {
      "monthly_PRENEI_Q": 0.2,
      "monthly_PRELIQ_Q": 27.9,
      "monthly_PE_Q": 3.6999999999999993
    }
  }
}