{
  "years": {
    "2024": {
      "annual_PRENEI_Q": 239.8,
      "annual_PRELIQ_Q": 2272.1,
      "annual_PE_Q": 1750.6
    }
  },
  "months": {
    "2024-01": {
      "monthly_PRENEI_Q": 23.6,
      "monthly_PRELIQ_Q": 27.6,
      "monthly_PE_Q": 34.4
    },
    "2024-02": {
      "monthly_PRENEI_Q": 12.399999999999999,
      "monthly_PRELIQ_Q": 106.4,
      "monthly_PE_Q": 85.80000000000001
    },
    "2024-03": {
      "monthly_PRENEI_Q": 181.9,
      "monthly_PRELIQ_Q": 464.2,
      "monthly_PE_Q": 602.5
    },
    "2024-04": {
      "monthly_PRENEI_Q": 3.2,
      "monthly_PRELIQ_Q": 225.70000000000002,
      "monthly_PE_Q": 155.5
    },
    "2024-05": {
      "monthly_PRENEI_Q": 4.5,
      "monthly_PRELIQ_Q": 189.1,
      "monthly_PE_Q": 97.30000000000001
    },
    "2024-06": {
      "monthly_PRENEI_Q": 0.0,
      "monthly_PRELIQ_Q": 76.3,
      "monthly_PE_Q": -32.9
    },
    "2024-07": {
      "monthly_PRENEI_Q": 0.0,
      "monthly_PRELIQ_Q": 45.2,
      "monthly_PE_Q": -64.89999999999999
    },
    "2024-08": {
      "monthly_PRENEI_Q": 0.0,
      "monthly_PRELIQ_Q": 98.4,
      "monthly_PE_Q": -3.1999999999999984
    },
    "2024-09": {
      "monthly_PRENEI_Q": 0.0,
      "monthly_PRELIQ_Q": 130.0,
      "monthly_PE_Q": 64.7
    },
    "2024-10": {
      "monthly_PRENEI_Q": 0.0,
      "monthly_PRELIQ_Q": 742.0,
      "monthly_PE_Q": 686.7
    },
    "2024-11": {
      "monthly_PRENEI_Q": 3.5,
      "monthly_PRELIQ_Q": 145.3,
      "monthly_PE_Q": 113.4
    },
    "2024-12": {
      "monthly_PRENEI_Q": 10.700000000000001,
      "monthly_PRELIQ_Q": 21.900000000000002,
      "monthly_PE_Q": 11.3
    }
  }
}