{
  "years": {
    "2024": {
      "annual_PRENEI_Q": 70.6,
      "annual_PRELIQ_Q": 935.5,
      "annual_PE_Q": 270.09999999999997
    }
  },
  "months": {
    "2024-01": {
      "monthly_PRENEI_Q": 10.8,
      "monthly_PRELIQ_Q": 18.7,
      "monthly_PE_Q": 12.600000000000001
    },
    "2024-02": {
      "monthly_PRENEI_Q": 2.9,
      "monthly_PRELIQ_Q": 40.7,
      "monthly_PE_Q": 18.299999999999997
    },
    "2024-03": {
      "monthly_PRENEI_Q": 36.3,
      "monthly_PRELIQ_Q": 103.9,
      "monthly_PE_Q": 88.89999999999999
    },
    "2024-04": {
      "monthly_PRENEI_Q": 2.6999999999999997,
      "monthly_PRELIQ_Q": 85.6,
      "monthly_PE_Q": 12.7
    },
    "2024-05": {
      "monthly_PRENEI_Q": 0.0,
      "monthly_PRELIQ_Q": 113.4,
      "monthly_PE_Q": 22.5
    },
    "2024-06": {
      "monthly_PRENEI_Q": 0.0,
      "monthly_PRELIQ_Q": 111.5,
      "monthly_PE_Q": -1.300000000000003
    },
    "2024-07": {
      "monthly_PRENEI_Q": 0.0,
      "monthly_PRELIQ_Q": 95.10000000000001,
      "monthly_PE_Q": -36.2
    },
    "2024-08": {
      "monthly_PRENEI_Q": 0.0,
      "monthly_PRELIQ_Q": 26.7,
      "monthly_PE_Q": -40.9
    },
    "2024-09": {
      "monthly_PRENEI_Q": 0.0,
      "monthly_PRELIQ_Q": 140.2,
      "monthly_PE_Q": 72.2
    },
    "2024-10": {
      "monthly_PRENEI_Q": 0.0,
      "monthly_PRELIQ_Q": 128.4,
      "monthly_PE_Q": 77.5
    },
    "2024-11": {
      "monthly_PRENEI_Q": 0.3,
      "monthly_PRELIQ_Q": 38.8,
      "monthly_PE_Q": 8.899999999999999
    },
    "2024-12": {
      "monthly_PRENEI_Q": 17.6,
      "monthly_PRELIQ_Q": 32.5,
      "monthly_PE_Q": 34.9
    }
  }
}