{
  "years": {
    "2024": {
      "annual_PRENEI_Q": 248.2,
      "annual_PRELIQ_Q": 1060.4,
      "annual_PE_Q": 691.0
    }
  },
  "months": {
    "2024-01": {
      "monthly_PRENEI_Q": 23.2,
      "monthly_PRELIQ_Q": 55.2,
      "monthly_PE_Q": 66.7
    },
    "2024-02": {
      "monthly_PRENEI_Q": 19.599999999999998,
      "monthly_PRELIQ_Q": 60.7,
      "monthly_PE_Q": 58.1
    },
    "2024-03": {
      "monthly_PRENEI_Q": 81.0,
      "monthly_PRELIQ_Q": 41.7,
      "monthly_PE_Q": 95.8
    },
    "2024-04": {
      "monthly_PRENEI_Q": 20.0,
      "monthly_PRELIQ_Q": 81.8,
      "monthly_PE_Q": 41.3
    },
    "2024-05": {
      "monthly_PRENEI_Q": 0.0,
      "monthly_PRELIQ_Q": 173.3,
      "monthly_PE_Q": 99.9
    },
    "2024-06": {
      "monthly_PRENEI_Q": 0.0,
      "monthly_PRELIQ_Q": 94.9,
      "monthly_PE_Q": 1.8000000000000014
    },
    "2024-07": {
      "monthly_PRENEI_Q": 0.0,
      "monthly_PRELIQ_Q": 84.50000000000001,
      "monthly_PE_Q": -29.200000000000003
    },
    "2024-08": {
      "monthly_PRENEI_Q": 0.0,
      "monthly_PRELIQ_Q": 48.89999999999999,
      "monthly_PE_Q": -31.599999999999998
    },
    "2024-09": {
      "monthly_PRENEI_Q": 0.0,
      "monthly_PRELIQ_Q": 205.8,
      "monthly_PE_Q": 146.1
    },
    "2024-10": {
      "monthly_PRENEI_Q": 0.0,
      "monthly_PRELIQ_Q": 114.9,
      "monthly_PE_Q": 71.0
    },
    "2024-11": {
      "monthly_PRENEI_Q": 7.8,
      "monthly_PRELIQ_Q": 67.4,
      "monthly_PE_Q": 51.0
    },
    "2024-12": {
      "monthly_PRENEI_Q": 96.6,
      "monthly_PRELIQ_Q": 31.299999999999997,
      "monthly_PE_Q": 120.1
    }
  }
}