{
  "years": {
    "2024": {
      "annual_PRENEI_Q": 20.4,
      "annual_PRELIQ_Q": 1061.3,
      "annual_PE_Q": 422.5
    }
  },
  "months": {
    "2024-01": {
      "monthly_PRENEI_Q": 9.9,
      "monthly_PRELIQ_Q": 54.2,
      "monthly_PE_Q": 52.199999999999996
    },
    "2024-02": {
      "monthly_PRENEI_Q": 0.0,
      "monthly_PRELIQ_Q": 66.5,
      "monthly_PE_Q": 44.5
    },
    "2024-03": {
      "monthly_PRENEI_Q": 2.9000000000000004,
      "monthly_PRELIQ_Q": 98.60000000000001,
      "monthly_PE_Q": 54.800000000000004
    },
    "2024-04": {
      "monthly_PRENEI_Q": 0.39999999999999997,
      "monthly_PRELIQ_Q": 83.89999999999999,
      "monthly_PE_Q": 10.399999999999997
    },
    "2024-05": {
      "monthly_PRENEI_Q": 0.0,
      "monthly_PRELIQ_Q": 144.2,
      "monthly_PE_Q": 67.5
    },
    "2024-06": {
      "monthly_PRENEI_Q": 0.0,
      "monthly_PRELIQ_Q": 77.3,
      "monthly_PE_Q": -18.000000000000004
    },
    "2024-07": {
      "monthly_PRENEI_Q": 0.0,
      "monthly_PRELIQ_Q": 70.2,
      "monthly_PE_Q": -43.7
    },
    "2024-08": {
      "monthly_PRENEI_Q": 0.0,
      "monthly_PRELIQ_Q": 40.0,
      "monthly_PE_Q": -29.099999999999998
    },
    "2024-09": {
      "monthly_PRENEI_Q": 0.0,
      "monthly_PRELIQ_Q": 169.8,
      "monthly_PE_Q": 106.80000000000001
    },
    "2024-10": {
      "monthly_PRENEI_Q": 0.0,
      "monthly_PRELIQ_Q": 95.3,
      "monthly_PE_Q": 48.2
    },
    "2024-11": {
      "monthly_PRENEI_Q": 0.0,
      "monthly_PRELIQ_Q": 62.7,
      "monthly_PE_Q": 37.5
    },
    "2024-12": {
      "monthly_PRENEI_Q": 7.199999999999999,
      "monthly_PRELIQ_Q": 98.6,
      "monthly_PE_Q": 91.39999999999999
    }
  }
}