{
  "years": {
    "2024": {
      "annual_PRENEI_Q": 406.3,
      "annual_PRELIQ_Q": 1728.6,
      "annual_PE_Q": 1445.5
    }
  },
  "months": {
    "2024-01": {
      "monthly_PRENEI_Q": 18.400000000000002,
      "monthly_PRELIQ_Q": 22.0,
      "monthly_PE_Q": 24.9
    },
    "2024-02": {
      "monthly_PRENEI_Q": 9.4,
      "monthly_PRELIQ_Q": 106.60000000000001,
      "monthly_PE_Q": 87.2
    },
    "2024-03": {
      "monthly_PRENEI_Q": 304.8,
      "monthly_PRELIQ_Q": 224.29999999999998,
      "monthly_PE_Q": 501.90000000000003
    },
    "2024-04": {
      "monthly_PRENEI_Q": 16.2,
      "monthly_PRELIQ_Q": 159.0,
      "monthly_PE_Q": 110.6
    },
    "2024-05": {
      "monthly_PRENEI_Q": 0.30000000000000004,
      "monthly_PRELIQ_Q": 164.8,
      "monthly_PE_Q": 74.3
    },
    "2024-06": {
      "monthly_PRENEI_Q": 0.0,
      "monthly_PRELIQ_Q": 119.89999999999999,
      "monthly_PE_Q": 6.100000000000003
    },
    "2024-07": {
      "monthly_PRENEI_Q": 0.0,
      "monthly_PRELIQ_Q": 60.5,
      "monthly_PE_Q": -61.199999999999996
    },
    "2024-08": {
      "monthly_PRENEI_Q": 0.0,
      "monthly_PRELIQ_Q": 54.0,
      "monthly_PE_Q": -23.5
    },
    "2024-09": {
      "monthly_PRENEI_Q": 0.0,
      "monthly_PRELIQ_Q": 121.3,
      "monthly_PE_Q": 58.9
    },
    "2024-10": {
      "monthly_PRENEI_Q": 0.0,
      "monthly_PRELIQ_Q": 614.6,
      "monthly_PE_Q": 565.9
    },
    "2024-11": {
      "monthly_PRENEI_Q": 2.5,
      "monthly_PRELIQ_Q": 68.7,
      "monthly_PE_Q": 43.9
    },
    "2024-12": {
      "monthly_PRENEI_Q": 54.699999999999996,
      "monthly_PRELIQ_Q": 12.9,
      "monthly_PE_Q": 56.5
    }
  }
}