{
  "years": {
    "2024": {
      "annual_PRENEI_Q": 404.7,
      "annual_PRELIQ_Q": 1728.8,
      "annual_PE_Q": 1437.4
    }
  },
  "months": {
    "2024-01": {
      "monthly_PRENEI_Q": 18.3,
      "monthly_PRELIQ_Q": 22.0,
      "monthly_PE_Q": 24.9
    },
    "2024-02": {
      "monthly_PRENEI_Q": 9.2,
      "monthly_PRELIQ_Q": 106.8,
      "monthly_PE_Q": 87.2
    },
    "2024-03": {
      "monthly_PRENEI_Q": 303.8,
      "monthly_PRELIQ_Q": 224.9,
      "monthly_PE_Q": 501.3
    },
    "2024-04": {
      "monthly_PRENEI_Q": 16.099999999999998,
      "monthly_PRELIQ_Q": 158.9,
      "monthly_PE_Q": 109.69999999999999
    },
    "2024-05": {
      "monthly_PRENEI_Q": 0.1,
      "monthly_PRELIQ_Q": 164.8,
      "monthly_PE_Q": 72.89999999999999
    },
    "2024-06": {
      "monthly_PRENEI_Q": 0.0,
      "monthly_PRELIQ_Q": 119.8,
      "monthly_PE_Q": 3.899999999999998
    },
    "2024-07": {
      "monthly_PRENEI_Q": 0.0,
      "monthly_PRELIQ_Q": 60.5,
      "monthly_PE_Q": -62.400000000000006
    },
    "2024-08": {
      "monthly_PRENEI_Q": 0.0,
      "monthly_PRELIQ_Q": 54.0,
      "monthly_PE_Q": -24.000000000000004
    },
    "2024-09": {
      "monthly_PRENEI_Q": 0.0,
      "monthly_PRELIQ_Q": 121.19999999999999,
      "monthly_PE_Q": 58.3
    },
    "2024-10": {
      "monthly_PRENEI_Q": 0.0,
      "monthly_PRELIQ_Q": 614.3,
      "monthly_PE_Q": 565.2
    },
    "2024-11": {
      "monthly_PRENEI_Q": 2.5,
      "monthly_PRELIQ_Q": 68.7,
      "monthly_PE_Q": 43.9
    },
    "2024-12": {
      "monthly_PRENEI_Q": 54.699999999999996,
      "monthly_PRELIQ_Q": 12.9,
      "monthly_PE_Q": 56.5
    }
  }
}