{
  "years": {
    "2024": {
      "annual_PRENEI_Q": 127.89999999999999,
      "annual_PRELIQ_Q": 1301.1,
      "annual_PE_Q": 675.4
    }
  },
  "months": {
    "2024-01": {
      "monthly_PRENEI_Q": 15.6,
      "monthly_PRELIQ_Q": 27.3,
      "monthly_PE_Q": 25.2
    },
    "2024-02": {
      "monthly_PRENEI_Q": 1.0,
      "monthly_PRELIQ_Q": 63.300000000000004,
      "monthly_PE_Q": 36.3
    },
    "2024-03": {
      "monthly_PRENEI_Q": 62.2,
      "monthly_PRELIQ_Q": 195.1,
      "monthly_PE_Q": 206.6
    },
    "2024-04": {
      "monthly_PRENEI_Q": 9.2,
      "monthly_PRELIQ_Q": 121.3,
      "monthly_PE_Q": 52.5
    },
    "2024-05": {
      "monthly_PRENEI_Q": 0.0,
      "monthly_PRELIQ_Q": 147.4,
      "monthly_PE_Q": 59.0
    },
    "2024-06": {
      "monthly_PRENEI_Q": 0.0,
      "monthly_PRELIQ_Q": 122.6,
      "monthly_PE_Q": 4.8999999999999995
    },
    "2024-07": {
      "monthly_PRENEI_Q": 0.0,
      "monthly_PRELIQ_Q": 86.7,
      "monthly_PE_Q": -45.1
    },
    "2024-08": {
      "monthly_PRENEI_Q": 0.0,
      "monthly_PRELIQ_Q": 38.3,
      "monthly_PE_Q": -38.800000000000004
    },
    "2024-09": {
      "monthly_PRENEI_Q": 0.0,
      "monthly_PRELIQ_Q": 144.79999999999998,
      "monthly_PE_Q": 79.39999999999999
    },
    "2024-10": {
      "monthly_PRENEI_Q": 0.0,
      "monthly_PRELIQ_Q": 281.8,
      "monthly_PE_Q": 229.6
    },
    "2024-11": {
      "monthly_PRENEI_Q": 1.0,
      "monthly_PRELIQ_Q": 43.5,
      "monthly_PE_Q": 16.000000000000004
    },
    "2024-12": {
      "monthly_PRENEI_Q": 38.9,
      "monthly_PRELIQ_Q": 29.0,
      "monthly_PE_Q": 49.8
    }
  }
}