{
  "years": {
    "2024": {
      "annual_PRENEI_Q": 74.39999999999999,
      "annual_PRELIQ_Q": 935.1,
      "annual_PE_Q": 264.4
    }
  },
  "months": {
    "2024-01": {
      "monthly_PRENEI_Q": 11.0,
      "monthly_PRELIQ_Q": 18.6,
      "monthly_PE_Q": 12.0
    },
    "2024-02": {
      "monthly_PRENEI_Q": 3.0999999999999996,
      "monthly_PRELIQ_Q": 40.7,
      "monthly_PE_Q": 17.499999999999996
    },
    "2024-03": {
      "monthly_PRENEI_Q": 38.3,
      "monthly_PRELIQ_Q": 102.7,
      "monthly_PE_Q": 88.0
    },
    "2024-04": {
      "monthly_PRENEI_Q": 3.1,
      "monthly_PRELIQ_Q": 85.4,
      "monthly_PE_Q": 11.999999999999998
    },
    "2024-05": {
      "monthly_PRENEI_Q": 0.0,
      "monthly_PRELIQ_Q": 113.6,
      "monthly_PE_Q": 22.400000000000002
    },
    "2024-06": {
      "monthly_PRENEI_Q": 0.0,
      "monthly_PRELIQ_Q": 112.0,
      "monthly_PE_Q": 0.3999999999999986
    },
    "2024-07": {
      "monthly_PRENEI_Q": 0.0,
      "monthly_PRELIQ_Q": 95.60000000000001,
      "monthly_PE_Q": -34.9
    },
    "2024-08": {
      "monthly_PRENEI_Q": 0.0,
      "monthly_PRELIQ_Q": 26.8,
      "monthly_PE_Q": -42.0
    },
    "2024-09": {
      "monthly_PRENEI_Q": 0.0,
      "monthly_PRELIQ_Q": 140.7,
      "monthly_PE_Q": 71.5
    },
    "2024-10": {
      "monthly_PRENEI_Q": 0.0,
      "monthly_PRELIQ_Q": 128.9,
      "monthly_PE_Q": 76.8
    },
    "2024-11": {
      "monthly_PRENEI_Q": 0.3,
      "monthly_PRELIQ_Q": 38.7,
      "monthly_PE_Q": 7.299999999999999
    },
    "2024-12": {
      "monthly_PRENEI_Q": 18.6,
      "monthly_PRELIQ_Q": 31.400000000000002,
      "monthly_PE_Q": 33.4
    }
  }
}