{
  "years": {
    "2024": {
      "annual_PRENEI_Q": 98.7,
      "annual_PRELIQ_Q": 972.3000000000001,
      "annual_PE_Q": 429.0
    }
  },
  "months": {
    "2024-01": {
      "monthly_PRENEI_Q": 8.700000000000001,
      "monthly_PRELIQ_Q": 29.5,
      "monthly_PE_Q": 25.299999999999997
    },
    "2024-02": {
      "monthly_PRENEI_Q": 3.8000000000000003,
      "monthly_PRELIQ_Q": 56.6,
      "monthly_PE_Q": 41.1
    },
    "2024-03": {
      "monthly_PRENEI_Q": 39.8,
      "monthly_PRELIQ_Q": 78.1,
      "monthly_PE_Q": 74.4
    },
    "2024-04": {
      "monthly_PRENEI_Q": 6.6000000000000005,
      "monthly_PRELIQ_Q": 89.3,
      "monthly_PE_Q": 29.099999999999998
    },
    "2024-05": {
      "monthly_PRENEI_Q": 0.0,
      "monthly_PRELIQ_Q": 133.5,
      "monthly_PE_Q": 56.699999999999996
    },
    "2024-06": {
      "monthly_PRENEI_Q": 0.0,
      "monthly_PRELIQ_Q": 88.8,
      "monthly_PE_Q": -2.200000000000002
    },
    "2024-07": {
      "monthly_PRENEI_Q": 0.0,
      "monthly_PRELIQ_Q": 88.2,
      "monthly_PE_Q": -25.799999999999997
    },
    "2024-08": {
      "monthly_PRENEI_Q": 0.0,
      "monthly_PRELIQ_Q": 43.5,
      "monthly_PE_Q": -35.900000000000006
    },
    "2024-09": {
      "monthly_PRENEI_Q": 0.0,
      "monthly_PRELIQ_Q": 152.8,
      "monthly_PE_Q": 94.1
    },
    "2024-10": {
      "monthly_PRENEI_Q": 0.0,
      "monthly_PRELIQ_Q": 116.7,
      "monthly_PE_Q": 76.0
    },
    "2024-11": {
      "monthly_PRENEI_Q": 0.3,
      "monthly_PRELIQ_Q": 50.2,
      "monthly_PE_Q": 27.5
    },
    "2024-12": {
      "monthly_PRENEI_Q": 39.5,
      "monthly_PRELIQ_Q": 45.1,
      "monthly_PE_Q": 68.7
    }
  }
}