{
  "years": {
    "2024": {
      "annual_PRENEI_Q": 7.9,
      "annual_PRELIQ_Q": 826.2,
      "annual_PE_Q": 211.20000000000002
    }
  },
  "months": {
    "2024-01": {
      "monthly_PRENEI_Q": 5.0,
      "monthly_PRELIQ_Q": 22.4,
      "monthly_PE_Q": 15.9
    },
    "2024-02": {
      "monthly_PRENEI_Q": 0.0,
      "monthly_PRELIQ_Q": 48.1,
      "monthly_PE_Q": 31.799999999999997
    },
    "2024-03": {
      "monthly_PRENEI_Q": 0.0,
      "monthly_PRELIQ_Q": 86.8,
      "monthly_PE_Q": 41.199999999999996
    },
    "2024-04": {
      "monthly_PRENEI_Q": 0.0,
      "monthly_PRELIQ_Q": 62.7,
      "monthly_PE_Q": -9.3
    },
    "2024-05": {
      "monthly_PRENEI_Q": 0.0,
      "monthly_PRELIQ_Q": 112.7,
      "monthly_PE_Q": 32.2
    },
    "2024-06": {
      "monthly_PRENEI_Q": 0.0,
      "monthly_PRELIQ_Q": 81.7,
      "monthly_PE_Q": -9.299999999999999
    },
    "2024-07": {
      "monthly_PRENEI_Q": 0.0,
      "monthly_PRELIQ_Q": 77.9,
      "monthly_PE_Q": -28.700000000000003
    },
    "2024-08": {
      "monthly_PRENEI_Q": 0.0,
      "monthly_PRELIQ_Q": 32.6,
      "monthly_PE_Q": -39.300000000000004
    },
    "2024-09": {
      "monthly_PRENEI_Q": 0.0,
      "monthly_PRELIQ_Q": 128.9,
      "monthly_PE_Q": 74.60000000000001
    },
    "2024-10": {
      "monthly_PRENEI_Q": 0.0,
      "monthly_PRELIQ_Q": 71.5,
      "monthly_PE_Q": 32.3
    },
    "2024-11": {
      "monthly_PRENEI_Q": 2.8,
      "monthly_PRELIQ_Q": 54.5,
      "monthly_PE_Q": 37.699999999999996
    },
    "2024-12": {
      "monthly_PRENEI_Q": 0.1,
      "monthly_PRELIQ_Q": 46.4,
      "monthly_PE_Q": 32.1
    }
  }
}