{
  "years": {
    "2024": {
      "annual_PRENEI_Q": 10.4,
      "annual_PRELIQ_Q": 1048.2,
      "annual_PE_Q": 373.3
    }
  },
  "months": {
    "2024-01": {
      "monthly_PRENEI_Q": 2.4,
      "monthly_PRELIQ_Q": 45.7,
      "monthly_PE_Q": 39.1
    },
    "2024-02": {
      "monthly_PRENEI_Q": 0.0,
      "monthly_PRELIQ_Q": 65.3,
      "monthly_PE_Q": 48.6
    },
    "2024-03": {
      "monthly_PRENEI_Q": 3.0,
      "monthly_PRELIQ_Q": 121.6,
      "monthly_PE_Q": 79.30000000000001
    },
    "2024-04": {
      "monthly_PRENEI_Q": 1.1,
      "monthly_PRELIQ_Q": 57.2,
      "monthly_PE_Q": -15.4
    },
    "2024-05": {
      "monthly_PRENEI_Q": 0.0,
      "monthly_PRELIQ_Q": 124.19999999999999,
      "monthly_PE_Q": 45.7
    },
    "2024-06": {
      "monthly_PRENEI_Q": 0.0,
      "monthly_PRELIQ_Q": 116.5,
      "monthly_PE_Q": 15.199999999999996
    },
    "2024-07": {
      "monthly_PRENEI_Q": 0.0,
      "monthly_PRELIQ_Q": 97.8,
      "monthly_PE_Q": -23.4
    },
    "2024-08": {
      "monthly_PRENEI_Q": 0.0,
      "monthly_PRELIQ_Q": 65.39999999999999,
      "monthly_PE_Q": -48.5
    },
    "2024-09": {
      "monthly_PRENEI_Q": 0.0,
      "monthly_PRELIQ_Q": 123.10000000000001,
      "monthly_PE_Q": 63.99999999999999
    },
    "2024-10": {
      "monthly_PRENEI_Q": 0.0,
      "monthly_PRELIQ_Q": 105.7,
      "monthly_PE_Q": 66.6
    },
    "2024-11": {
      "monthly_PRENEI_Q": 3.9000000000000004,
      "monthly_PRELIQ_Q": 63.599999999999994,
      "monthly_PE_Q": 49.6
    },
    "2024-12": {
      "monthly_PRENEI_Q": 0.0,
      "monthly_PRELIQ_Q": 62.1,
      "monthly_PE_Q": 52.5
    }
  }
}