{
  "years": {
    "2024": {
      "annual_PRENEI_Q": 52.099999999999994,
      "annual_PRELIQ_Q": 1344.8,
      "annual_PE_Q": 773.0
    }
  },
  "months": {
    "2024-01": {
      "monthly_PRENEI_Q": 5.6,
      "monthly_PRELIQ_Q": 85.9,
      "monthly_PE_Q": 83.0
    },
    "2024-02": {
      "monthly_PRENEI_Q": 1.6,
      "monthly_PRELIQ_Q": 113.5,
      "monthly_PE_Q": 96.3
    },
    "2024-03": {
      "monthly_PRENEI_Q": 8.2,
      "monthly_PRELIQ_Q": 215.9,
      "monthly_PE_Q": 188.1
    },
    "2024-04": {
      "monthly_PRENEI_Q": 3.5,
      "monthly_PRELIQ_Q": 68.2,
      "monthly_PE_Q": 10.400000000000002
    },
    "2024-05": {
      "monthly_PRENEI_Q": 0.0,
      "monthly_PRELIQ_Q": 169.2,
      "monthly_PE_Q": 91.5
    },
    "2024-06": {
      "monthly_PRENEI_Q": 0.0,
      "monthly_PRELIQ_Q": 114.3,
      "monthly_PE_Q": 11.599999999999998
    },
    "2024-07": {
      "monthly_PRENEI_Q": 0.0,
      "monthly_PRELIQ_Q": 70.8,
      "monthly_PE_Q": -39.099999999999994
    },
    "2024-08": {
      "monthly_PRENEI_Q": 0.0,
      "monthly_PRELIQ_Q": 69.6,
      "monthly_PE_Q": -21.499999999999996
    },
    "2024-09": {
      "monthly_PRENEI_Q": 0.0,
      "monthly_PRELIQ_Q": 143.6,
      "monthly_PE_Q": 89.4
    },
    "2024-10": {
      "monthly_PRENEI_Q": 0.0,
      "monthly_PRELIQ_Q": 139.8,
      "monthly_PE_Q": 102.7
    },
    "2024-11": {
      "monthly_PRENEI_Q": 18.8,
      "monthly_PRELIQ_Q": 78.39999999999999,
      "monthly_PE_Q": 81.39999999999999
    },
    "2024-12": {
      "monthly_PRENEI_Q": 14.399999999999999,
      "monthly_PRELIQ_Q": 75.6,
      "monthly_PE_Q": 79.2
    }
  }
}