{
  "years": {
    "2024": {
      "annual_PRENEI_Q": 36.5,
      "annual_PRELIQ_Q": 1335.3,
      "annual_PE_Q": 746.6
    }
  },
  "months": {
    "2024-01": {
      "monthly_PRENEI_Q": 5.5,
      "monthly_PRELIQ_Q": 84.6,
      "monthly_PE_Q": 81.60000000000001
    },
    "2024-02": {
      "monthly_PRENEI_Q": 0.4,
      "monthly_PRELIQ_Q": 112.8,
      "monthly_PE_Q": 94.6
    },
    "2024-03": {
      "monthly_PRENEI_Q": 3.0999999999999996,
      "monthly_PRELIQ_Q": 217.0,
      "monthly_PE_Q": 183.3
    },
    "2024-04": {
      "monthly_PRENEI_Q": 1.0,
      "monthly_PRELIQ_Q": 69.39999999999999,
      "monthly_PE_Q": 7.699999999999999
    },
    "2024-05": {
      "monthly_PRENEI_Q": 0.0,
      "monthly_PRELIQ_Q": 166.1,
      "monthly_PE_Q": 88.4
    },
    "2024-06": {
      "monthly_PRENEI_Q": 0.0,
      "monthly_PRELIQ_Q": 112.1,
      "monthly_PE_Q": 9.6
    },
    "2024-07": {
      "monthly_PRENEI_Q": 0.0,
      "monthly_PRELIQ_Q": 69.6,
      "monthly_PE_Q": -39.900000000000006
    },
    "2024-08": {
      "monthly_PRENEI_Q": 0.0,
      "monthly_PRELIQ_Q": 68.5,
      "monthly_PE_Q": -23.200000000000003
    },
    "2024-09": {
      "monthly_PRENEI_Q": 0.0,
      "monthly_PRELIQ_Q": 140.4,
      "monthly_PE_Q": 86.4
    },
    "2024-10": {
      "monthly_PRENEI_Q": 0.0,
      "monthly_PRELIQ_Q": 137.5,
      "monthly_PE_Q": 100.6
    },
    "2024-11": {
      "monthly_PRENEI_Q": 17.5,
      "monthly_PRELIQ_Q": 77.89999999999999,
      "monthly_PE_Q": 79.60000000000001
    },
    "2024-12": {
      "monthly_PRENEI_Q": 9.0,
      "monthly_PRELIQ_Q": 79.4,
      "monthly_PE_Q": 77.9
    }
  }
}