{
  "years": {
    "2024": {
      "annual_PRENEI_Q": 9.399999999999999,
      "annual_PRELIQ_Q": 1012.3,
      "annual_PE_Q": 389.1
    }
  },
  "months": {
    "2024-01": {
      "monthly_PRENEI_Q": 3.4,
      "monthly_PRELIQ_Q": 61.5,
      "monthly_PE_Q": 52.7
    },
    "2024-02": {
      "monthly_PRENEI_Q": 0.0,
      "monthly_PRELIQ_Q": 102.2,
      "monthly_PE_Q": 83.0
    },
    "2024-03": {
      "monthly_PRENEI_Q": 0.0,
      "monthly_PRELIQ_Q": 107.8,
      "monthly_PE_Q": 66.4
    },
    "2024-04": {
      "monthly_PRENEI_Q": 0.1,
      "monthly_PRELIQ_Q": 55.1,
      "monthly_PE_Q": -10.9
    },
    "2024-05": {
      "monthly_PRENEI_Q": 0.0,
      "monthly_PRELIQ_Q": 128.5,
      "monthly_PE_Q": 50.3
    },
    "2024-06": {
      "monthly_PRENEI_Q": 0.0,
      "monthly_PRELIQ_Q": 107.30000000000001,
      "monthly_PE_Q": 7.299999999999998
    },
    "2024-07": {
      "monthly_PRENEI_Q": 0.0,
      "monthly_PRELIQ_Q": 106.8,
      "monthly_PE_Q": 2.4999999999999964
    },
    "2024-08": {
      "monthly_PRENEI_Q": 0.0,
      "monthly_PRELIQ_Q": 65.1,
      "monthly_PE_Q": -30.599999999999998
    },
    "2024-09": {
      "monthly_PRENEI_Q": 0.0,
      "monthly_PRELIQ_Q": 80.3,
      "monthly_PE_Q": 28.9
    },
    "2024-10": {
      "monthly_PRENEI_Q": 0.0,
      "monthly_PRELIQ_Q": 69.10000000000001,
      "monthly_PE_Q": 35.4
    },
    "2024-11": {
      "monthly_PRENEI_Q": 5.199999999999999,
      "monthly_PRELIQ_Q": 66.3,
      "monthly_PE_Q": 52.300000000000004
    },
    "2024-12": {
      "monthly_PRENEI_Q": 0.7,
      "monthly_PRELIQ_Q": 62.300000000000004,
      "monthly_PE_Q": 51.800000000000004
    }
  }
}