{
  "years": {
    "2024": {
      "annual_PRENEI_Q": 6.1,
      "annual_PRELIQ_Q": 901.7,
      "annual_PE_Q": 339.3
    }
  },
  "months": {
    "2024-01": {
      "monthly_PRENEI_Q": 3.3000000000000003,
      "monthly_PRELIQ_Q": 56.6,
      "monthly_PE_Q": 49.5
    },
    "2024-02": {
      "monthly_PRENEI_Q": 0.0,
      "monthly_PRELIQ_Q": 95.0,
      "monthly_PE_Q": 79.2
    },
    "2024-03": {
      "monthly_PRENEI_Q": 0.0,
      "monthly_PRELIQ_Q": 93.3,
      "monthly_PE_Q": 52.6
    },
    "2024-04": {
      "monthly_PRENEI_Q": 0.0,
      "monthly_PRELIQ_Q": 50.0,
      "monthly_PE_Q": -12.399999999999999
    },
    "2024-05": {
      "monthly_PRENEI_Q": 0.0,
      "monthly_PRELIQ_Q": 94.0,
      "monthly_PE_Q": 14.0
    },
    "2024-06": {
      "monthly_PRENEI_Q": 0.0,
      "monthly_PRELIQ_Q": 83.0,
      "monthly_PE_Q": -10.899999999999999
    },
    "2024-07": {
      "monthly_PRENEI_Q": 0.0,
      "monthly_PRELIQ_Q": 83.6,
      "monthly_PE_Q": -10.700000000000001
    },
    "2024-08": {
      "monthly_PRENEI_Q": 0.0,
      "monthly_PRELIQ_Q": 67.0,
      "monthly_PE_Q": -5.000000000000001
    },
    "2024-09": {
      "monthly_PRENEI_Q": 0.0,
      "monthly_PRELIQ_Q": 84.6,
      "monthly_PE_Q": 41.3
    },
    "2024-10": {
      "monthly_PRENEI_Q": 0.0,
      "monthly_PRELIQ_Q": 80.39999999999999,
      "monthly_PE_Q": 50.400000000000006
    },
    "2024-11": {
      "monthly_PRENEI_Q": 2.7,
      "monthly_PRELIQ_Q": 52.9,
      "monthly_PE_Q": 38.7
    },
    "2024-12": {
      "monthly_PRENEI_Q": 0.1,
      "monthly_PRELIQ_Q": 61.300000000000004,
      "monthly_PE_Q": 52.6
    }
  }
}