{
  "years": {
    "2024": {
      "annual_PRENEI_Q": 8.100000000000001,
      "annual_PRELIQ_Q": 916.6,
      "annual_PE_Q": 379.4
    }
  },
  "months": {
    "2024-01": {
      "monthly_PRENEI_Q": 4.1000000000000005,
      "monthly_PRELIQ_Q": 56.7,
      "monthly_PE_Q": 54.3
    },
    "2024-02": {
      "monthly_PRENEI_Q": 0.0,
      "monthly_PRELIQ_Q": 96.9,
      "monthly_PE_Q": 85.0
    },
    "2024-03": {
      "monthly_PRENEI_Q": 0.1,
      "monthly_PRELIQ_Q": 95.0,
      "monthly_PE_Q": 57.8
    },
    "2024-04": {
      "monthly_PRENEI_Q": 0.1,
      "monthly_PRELIQ_Q": 50.8,
      "monthly_PE_Q": -9.200000000000001
    },
    "2024-05": {
      "monthly_PRENEI_Q": 0.0,
      "monthly_PRELIQ_Q": 95.8,
      "monthly_PE_Q": 17.400000000000002
    },
    "2024-06": {
      "monthly_PRENEI_Q": 0.0,
      "monthly_PRELIQ_Q": 84.8,
      "monthly_PE_Q": -8.299999999999999
    },
    "2024-07": {
      "monthly_PRENEI_Q": 0.0,
      "monthly_PRELIQ_Q": 85.39999999999999,
      "monthly_PE_Q": -10.1
    },
    "2024-08": {
      "monthly_PRENEI_Q": 0.0,
      "monthly_PRELIQ_Q": 68.3,
      "monthly_PE_Q": -5.899999999999999
    },
    "2024-09": {
      "monthly_PRENEI_Q": 0.0,
      "monthly_PRELIQ_Q": 85.8,
      "monthly_PE_Q": 44.3
    },
    "2024-10": {
      "monthly_PRENEI_Q": 0.0,
      "monthly_PRELIQ_Q": 81.8,
      "monthly_PE_Q": 54.300000000000004
    },
    "2024-11": {
      "monthly_PRENEI_Q": 3.6000000000000005,
      "monthly_PRELIQ_Q": 52.9,
      "monthly_PE_Q": 43.1
    },
    "2024-12": {
      "monthly_PRENEI_Q": 0.2,
      "monthly_PRELIQ_Q": 62.4,
      "monthly_PE_Q": 56.699999999999996
    }
  }
}