{
  "years": {
    "2024": {
      "annual_PRENEI_Q": 9.1,
      "annual_PRELIQ_Q": 809.0,
      "annual_PE_Q": 278.7
    }
  },
  "months": {
    "2024-01": {
      "monthly_PRENEI_Q": 7.3,
      "monthly_PRELIQ_Q": 52.699999999999996,
      "monthly_PE_Q": 50.6
    },
    "2024-02": {
      "monthly_PRENEI_Q": 0.4,
      "monthly_PRELIQ_Q": 83.6,
      "monthly_PE_Q": 65.9
    },
    "2024-03": {
      "monthly_PRENEI_Q": 0.1,
      "monthly_PRELIQ_Q": 65.0,
      "monthly_PE_Q": 28.9
    },
    "2024-04": {
      "monthly_PRENEI_Q": 0.8999999999999999,
      "monthly_PRELIQ_Q": 69.2,
      "monthly_PE_Q": 13.499999999999998
    },
    "2024-05": {
      "monthly_PRENEI_Q": 0.0,
      "monthly_PRELIQ_Q": 67.6,
      "monthly_PE_Q": -8.900000000000002
    },
    "2024-06": {
      "monthly_PRENEI_Q": 0.0,
      "monthly_PRELIQ_Q": 69.3,
      "monthly_PE_Q": -21.7
    },
    "2024-07": {
      "monthly_PRENEI_Q": 0.0,
      "monthly_PRELIQ_Q": 87.0,
      "monthly_PE_Q": -2.8999999999999995
    },
    "2024-08": {
      "monthly_PRENEI_Q": 0.0,
      "monthly_PRELIQ_Q": 58.199999999999996,
      "monthly_PE_Q": -6.799999999999999
    },
    "2024-09": {
      "monthly_PRENEI_Q": 0.0,
      "monthly_PRELIQ_Q": 80.0,
      "monthly_PE_Q": 37.2
    },
    "2024-10": {
      "monthly_PRENEI_Q": 0.0,
      "monthly_PRELIQ_Q": 82.60000000000001,
      "monthly_PE_Q": 50.199999999999996
    },
    "2024-11": {
      "monthly_PRENEI_Q": 0.2,
      "monthly_PRELIQ_Q": 37.8,
      "monthly_PE_Q": 23.0
    },
    "2024-12": {
      "monthly_PRENEI_Q": 0.2,
      "monthly_PRELIQ_Q": 56.0,
      "monthly_PE_Q": 49.7
    }
  }
}