{
  "years": {
    "2024": {
      "annual_PRENEI_Q": 11.399999999999999,
      "annual_PRELIQ_Q": 878.7,
      "annual_PE_Q": 326.8
    }
  },
  "months": {
    "2024-01": {
      "monthly_PRENEI_Q": 10.299999999999999,
      "monthly_PRELIQ_Q": 49.9,
      "monthly_PE_Q": 49.300000000000004
    },
    "2024-02": {
      "monthly_PRENEI_Q": 0.0,
      "monthly_PRELIQ_Q": 88.89999999999999,
      "monthly_PE_Q": 68.9
    },
    "2024-03": {
      "monthly_PRENEI_Q": 0.1,
      "monthly_PRELIQ_Q": 63.7,
      "monthly_PE_Q": 26.699999999999996
    },
    "2024-04": {
      "monthly_PRENEI_Q": 0.6000000000000001,
      "monthly_PRELIQ_Q": 64.6,
      "monthly_PE_Q": 11.5
    },
    "2024-05": {
      "monthly_PRENEI_Q": 0.0,
      "monthly_PRELIQ_Q": 86.10000000000001,
      "monthly_PE_Q": 16.3
    },
    "2024-06": {
      "monthly_PRENEI_Q": 0.0,
      "monthly_PRELIQ_Q": 61.2,
      "monthly_PE_Q": -30.399999999999995
    },
    "2024-07": {
      "monthly_PRENEI_Q": 0.0,
      "monthly_PRELIQ_Q": 105.6,
      "monthly_PE_Q": 12.499999999999998
    },
    "2024-08": {
      "monthly_PRENEI_Q": 0.0,
      "monthly_PRELIQ_Q": 58.1,
      "monthly_PE_Q": -15.599999999999994
    },
    "2024-09": {
      "monthly_PRENEI_Q": 0.0,
      "monthly_PRELIQ_Q": 104.7,
      "monthly_PE_Q": 56.2
    },
    "2024-10": {
      "monthly_PRENEI_Q": 0.0,
      "monthly_PRELIQ_Q": 87.4,
      "monthly_PE_Q": 50.300000000000004
    },
    "2024-11": {
      "monthly_PRENEI_Q": 0.30000000000000004,
      "monthly_PRELIQ_Q": 43.3,
      "monthly_PE_Q": 25.2
    },
    "2024-12": {
      "monthly_PRENEI_Q": 0.1,
      "monthly_PRELIQ_Q": 65.2,
      "monthly_PE_Q": 55.9
    }
  }
}