{
  "years": {
    "2024": {
      "annual_PRENEI_Q": 12.1,
      "annual_PRELIQ_Q": 882.7,
      "annual_PE_Q": 318.2
    }
  },
  "months": {
    "2024-01": {
      "monthly_PRENEI_Q": 10.899999999999999,
      "monthly_PRELIQ_Q": 49.7,
      "monthly_PE_Q": 48.800000000000004
    },
    "2024-02": {
      "monthly_PRENEI_Q": 0.0,
      "monthly_PRELIQ_Q": 89.3,
      "monthly_PE_Q": 68.2
    },
    "2024-03": {
      "monthly_PRENEI_Q": 0.1,
      "monthly_PRELIQ_Q": 64.0,
      "monthly_PE_Q": 25.099999999999998
    },
    "2024-04": {
      "monthly_PRENEI_Q": 0.7,
      "monthly_PRELIQ_Q": 64.6,
      "monthly_PE_Q": 10.299999999999999
    },
    "2024-05": {
      "monthly_PRENEI_Q": 0.0,
      "monthly_PRELIQ_Q": 86.3,
      "monthly_PE_Q": 15.5
    },
    "2024-06": {
      "monthly_PRENEI_Q": 0.0,
      "monthly_PRELIQ_Q": 61.699999999999996,
      "monthly_PE_Q": -31.299999999999997
    },
    "2024-07": {
      "monthly_PRENEI_Q": 0.0,
      "monthly_PRELIQ_Q": 106.4,
      "monthly_PE_Q": 11.799999999999997
    },
    "2024-08": {
      "monthly_PRENEI_Q": 0.0,
      "monthly_PRELIQ_Q": 58.400000000000006,
      "monthly_PE_Q": -16.200000000000003
    },
    "2024-09": {
      "monthly_PRENEI_Q": 0.0,
      "monthly_PRELIQ_Q": 105.3,
      "monthly_PE_Q": 55.5
    },
    "2024-10": {
      "monthly_PRENEI_Q": 0.0,
      "monthly_PRELIQ_Q": 87.9,
      "monthly_PE_Q": 50.199999999999996
    },
    "2024-11": {
      "monthly_PRENEI_Q": 0.30000000000000004,
      "monthly_PRELIQ_Q": 43.5,
      "monthly_PE_Q": 24.6
    },
    "2024-12": {
      "monthly_PRENEI_Q": 0.1,
      "monthly_PRELIQ_Q": 65.6,
      "monthly_PE_Q": 55.7
    }
  }
}