{
  "years": {
    "2024": {
      "annual_PRENEI_Q": 391.1,
      "annual_PRELIQ_Q": 3006.1,
      "annual_PE_Q": 2667.5
    }
  },
  "months": {
    "2024-01": {
      "monthly_PRENEI_Q": 24.6,
      "monthly_PRELIQ_Q": 24.900000000000002,
      "monthly_PE_Q": 36.5
    },
    "2024-02": {
      "monthly_PRENEI_Q": 32.800000000000004,
      "monthly_PRELIQ_Q": 199.9,
      "monthly_PE_Q": 201.5
    },
    "2024-03": {
      "monthly_PRENEI_Q": 290.40000000000003,
      "monthly_PRELIQ_Q": 556.2,
      "monthly_PE_Q": 813.0
    },
    "2024-04": {
      "monthly_PRENEI_Q": 8.9,
      "monthly_PRELIQ_Q": 259.2,
      "monthly_PE_Q": 204.0
    },
    "2024-05": {
      "monthly_PRENEI_Q": 7.699999999999999,
      "monthly_PRELIQ_Q": 173.7,
      "monthly_PE_Q": 90.0
    },
    "2024-06": {
      "monthly_PRENEI_Q": 0.0,
      "monthly_PRELIQ_Q": 130.6,
      "monthly_PE_Q": 14.899999999999995
    },
    "2024-07": {
      "monthly_PRENEI_Q": 0.0,
      "monthly_PRELIQ_Q": 54.8,
      "monthly_PE_Q": -75.3
    },
    "2024-08": {
      "monthly_PRENEI_Q": 0.0,
      "monthly_PRELIQ_Q": 41.8,
      "monthly_PE_Q": -34.4
    },
    "2024-09": {
      "monthly_PRENEI_Q": 0.3,
      "monthly_PRELIQ_Q": 241.70000000000002,
      "monthly_PE_Q": 171.00000000000003
    },
    "2024-10": {
      "monthly_PRENEI_Q": 0.0,
      "monthly_PRELIQ_Q": 1107.1,
      "monthly_PE_Q": 1052.2
    },
    "2024-11": {
      "monthly_PRENEI_Q": 7.2,
      "monthly_PRELIQ_Q": 190.5,
      "monthly_PE_Q": 167.9
    },
    "2024-12": {
      "monthly_PRENEI_Q": 19.2,
      "monthly_PRELIQ_Q": 25.699999999999996,
      "monthly_PE_Q": 26.2
    }
  }
}