{
  "years": {
    "2024": {
      "annual_PRENEI_Q": 420.1,
      "annual_PRELIQ_Q": 1726.3,
      "annual_PE_Q": 1466.6
    }
  },
  "months": {
    "2024-01": {
      "monthly_PRENEI_Q": 18.900000000000002,
      "monthly_PRELIQ_Q": 21.799999999999997,
      "monthly_PE_Q": 28.0
    },
    "2024-02": {
      "monthly_PRENEI_Q": 11.7,
      "monthly_PRELIQ_Q": 105.0,
      "monthly_PE_Q": 91.39999999999999
    },
    "2024-03": {
      "monthly_PRENEI_Q": 313.1,
      "monthly_PRELIQ_Q": 218.79999999999998,
      "monthly_PE_Q": 513.1
    },
    "2024-04": {
      "monthly_PRENEI_Q": 17.099999999999998,
      "monthly_PRELIQ_Q": 159.0,
      "monthly_PE_Q": 117.0
    },
    "2024-05": {
      "monthly_PRENEI_Q": 1.4,
      "monthly_PRELIQ_Q": 165.0,
      "monthly_PE_Q": 76.6
    },
    "2024-06": {
      "monthly_PRENEI_Q": 0.0,
      "monthly_PRELIQ_Q": 120.5,
      "monthly_PE_Q": 2.3999999999999995
    },
    "2024-07": {
      "monthly_PRENEI_Q": 0.0,
      "monthly_PRELIQ_Q": 60.9,
      "monthly_PE_Q": -71.1
    },
    "2024-08": {
      "monthly_PRENEI_Q": 0.0,
      "monthly_PRELIQ_Q": 54.1,
      "monthly_PE_Q": -26.6
    },
    "2024-09": {
      "monthly_PRENEI_Q": 0.2,
      "monthly_PRELIQ_Q": 121.6,
      "monthly_PE_Q": 60.0
    },
    "2024-10": {
      "monthly_PRENEI_Q": 0.0,
      "monthly_PRELIQ_Q": 617.8000000000001,
      "monthly_PE_Q": 570.3
    },
    "2024-11": {
      "monthly_PRENEI_Q": 2.7,
      "monthly_PRELIQ_Q": 69.0,
      "monthly_PE_Q": 46.199999999999996
    },
    "2024-12": {
      "monthly_PRENEI_Q": 55.0,
      "monthly_PRELIQ_Q": 12.799999999999999,
      "monthly_PE_Q": 59.3
    }
  }
}