{
  "years": {
    "2024": {
      "annual_PRENEI_Q": 289.6,
      "annual_PRELIQ_Q": 1285.2,
      "annual_PE_Q": 868.6
    }
  },
  "months": {
    "2024-01": {
      "monthly_PRENEI_Q": 20.3,
      "monthly_PRELIQ_Q": 27.0,
      "monthly_PE_Q": 31.4
    },
    "2024-02": {
      "monthly_PRENEI_Q": 6.5,
      "monthly_PRELIQ_Q": 64.4,
      "monthly_PE_Q": 44.099999999999994
    },
    "2024-03": {
      "monthly_PRENEI_Q": 175.3,
      "monthly_PRELIQ_Q": 108.9,
      "monthly_PE_Q": 250.3
    },
    "2024-04": {
      "monthly_PRENEI_Q": 20.5,
      "monthly_PRELIQ_Q": 122.7,
      "monthly_PE_Q": 74.5
    },
    "2024-05": {
      "monthly_PRENEI_Q": 0.0,
      "monthly_PRELIQ_Q": 162.20000000000002,
      "monthly_PE_Q": 76.2
    },
    "2024-06": {
      "monthly_PRENEI_Q": 0.0,
      "monthly_PRELIQ_Q": 135.1,
      "monthly_PE_Q": 23.500000000000004
    },
    "2024-07": {
      "monthly_PRENEI_Q": 0.0,
      "monthly_PRELIQ_Q": 95.9,
      "monthly_PE_Q": -34.0
    },
    "2024-08": {
      "monthly_PRENEI_Q": 0.0,
      "monthly_PRELIQ_Q": 42.3,
      "monthly_PE_Q": -43.199999999999996
    },
    "2024-09": {
      "monthly_PRENEI_Q": 0.0,
      "monthly_PRELIQ_Q": 159.29999999999998,
      "monthly_PE_Q": 97.30000000000001
    },
    "2024-10": {
      "monthly_PRENEI_Q": 0.0,
      "monthly_PRELIQ_Q": 310.59999999999997,
      "monthly_PE_Q": 262.7
    },
    "2024-11": {
      "monthly_PRENEI_Q": 3.3,
      "monthly_PRELIQ_Q": 45.9,
      "monthly_PE_Q": 23.4
    },
    "2024-12": {
      "monthly_PRENEI_Q": 63.699999999999996,
      "monthly_PRELIQ_Q": 10.9,
      "monthly_PE_Q": 62.400000000000006
    }
  }
}