{
  "years": {
    "2024": {
      "annual_PRENEI_Q": 15.9,
      "annual_PRELIQ_Q": 840.3,
      "annual_PE_Q": 253.2
    }
  },
  "months": {
    "2024-01": {
      "monthly_PRENEI_Q": 8.5,
      "monthly_PRELIQ_Q": 17.3,
      "monthly_PE_Q": 15.2
    },
    "2024-02": {
      "monthly_PRENEI_Q": 0.0,
      "monthly_PRELIQ_Q": 38.900000000000006,
      "monthly_PE_Q": 20.900000000000002
    },
    "2024-03": {
      "monthly_PRENEI_Q": 7.300000000000001,
      "monthly_PRELIQ_Q": 77.4,
      "monthly_PE_Q": 42.099999999999994
    },
    "2024-04": {
      "monthly_PRENEI_Q": 0.0,
      "monthly_PRELIQ_Q": 82.10000000000001,
      "monthly_PE_Q": 10.899999999999999
    },
    "2024-05": {
      "monthly_PRENEI_Q": 0.0,
      "monthly_PRELIQ_Q": 132.4,
      "monthly_PE_Q": 60.4
    },
    "2024-06": {
      "monthly_PRENEI_Q": 0.0,
      "monthly_PRELIQ_Q": 62.1,
      "monthly_PE_Q": -34.0
    },
    "2024-07": {
      "monthly_PRENEI_Q": 0.0,
      "monthly_PRELIQ_Q": 61.5,
      "monthly_PE_Q": -39.0
    },
    "2024-08": {
      "monthly_PRENEI_Q": 0.0,
      "monthly_PRELIQ_Q": 38.5,
      "monthly_PE_Q": -24.1
    },
    "2024-09": {
      "monthly_PRENEI_Q": 0.0,
      "monthly_PRELIQ_Q": 154.3,
      "monthly_PE_Q": 97.60000000000001
    },
    "2024-10": {
      "monthly_PRENEI_Q": 0.0,
      "monthly_PRELIQ_Q": 85.7,
      "monthly_PE_Q": 42.800000000000004
    },
    "2024-11": {
      "monthly_PRENEI_Q": 0.1,
      "monthly_PRELIQ_Q": 43.4,
      "monthly_PE_Q": 23.7
    },
    "2024-12": {
      "monthly_PRENEI_Q": 0.0,
      "monthly_PRELIQ_Q": 46.7,
      "monthly_PE_Q": 36.699999999999996
    }
  }
}