{
  "years": {
    "2024": {
      "annual_PRENEI_Q": 6.800000000000001,
      "annual_PRELIQ_Q": 798.9,
      "annual_PE_Q": 203.70000000000002
    }
  },
  "months": {
    "2024-01": {
      "monthly_PRENEI_Q": 4.9,
      "monthly_PRELIQ_Q": 19.8,
      "monthly_PE_Q": 14.0
    },
    "2024-02": {
      "monthly_PRENEI_Q": 0.0,
      "monthly_PRELIQ_Q": 36.699999999999996,
      "monthly_PE_Q": 20.000000000000004
    },
    "2024-03": {
      "monthly_PRENEI_Q": 1.9000000000000001,
      "monthly_PRELIQ_Q": 77.7,
      "monthly_PE_Q": 39.0
    },
    "2024-04": {
      "monthly_PRENEI_Q": 0.0,
      "monthly_PRELIQ_Q": 77.3,
      "monthly_PE_Q": 7.400000000000001
    },
    "2024-05": {
      "monthly_PRENEI_Q": 0.0,
      "monthly_PRELIQ_Q": 124.9,
      "monthly_PE_Q": 52.6
    },
    "2024-06": {
      "monthly_PRENEI_Q": 0.0,
      "monthly_PRELIQ_Q": 58.300000000000004,
      "monthly_PE_Q": -38.5
    },
    "2024-07": {
      "monthly_PRENEI_Q": 0.0,
      "monthly_PRELIQ_Q": 58.0,
      "monthly_PE_Q": -45.1
    },
    "2024-08": {
      "monthly_PRENEI_Q": 0.0,
      "monthly_PRELIQ_Q": 36.1,
      "monthly_PE_Q": -29.8
    },
    "2024-09": {
      "monthly_PRENEI_Q": 0.0,
      "monthly_PRELIQ_Q": 144.9,
      "monthly_PE_Q": 88.89999999999999
    },
    "2024-10": {
      "monthly_PRENEI_Q": 0.0,
      "monthly_PRELIQ_Q": 80.6,
      "monthly_PE_Q": 38.1
    },
    "2024-11": {
      "monthly_PRENEI_Q": 0.0,
      "monthly_PRELIQ_Q": 40.6,
      "monthly_PE_Q": 21.7
    },
    "2024-12": {
      "monthly_PRENEI_Q": 0.0,
      "monthly_PRELIQ_Q": 44.0,
      "monthly_PE_Q": 35.4
    }
  }
}