{
  "years": {
    "2024": {
      "annual_PRENEI_Q": 7.3,
      "annual_PRELIQ_Q": 991.3000000000001,
      "annual_PE_Q": 368.5
    }
  },
  "months": {
    "2024-01": {
      "monthly_PRENEI_Q": 2.8,
      "monthly_PRELIQ_Q": 60.7,
      "monthly_PE_Q": 51.3
    },
    "2024-02": {
      "monthly_PRENEI_Q": 0.0,
      "monthly_PRELIQ_Q": 100.2,
      "monthly_PE_Q": 81.6
    },
    "2024-03": {
      "monthly_PRENEI_Q": 0.0,
      "monthly_PRELIQ_Q": 105.5,
      "monthly_PE_Q": 64.3
    },
    "2024-04": {
      "monthly_PRENEI_Q": 0.1,
      "monthly_PRELIQ_Q": 53.800000000000004,
      "monthly_PE_Q": -11.399999999999999
    },
    "2024-05": {
      "monthly_PRENEI_Q": 0.0,
      "monthly_PRELIQ_Q": 125.4,
      "monthly_PE_Q": 45.1
    },
    "2024-06": {
      "monthly_PRENEI_Q": 0.0,
      "monthly_PRELIQ_Q": 104.9,
      "monthly_PE_Q": 4.300000000000002
    },
    "2024-07": {
      "monthly_PRENEI_Q": 0.0,
      "monthly_PRELIQ_Q": 104.30000000000001,
      "monthly_PE_Q": 0.3000000000000007
    },
    "2024-08": {
      "monthly_PRENEI_Q": 0.0,
      "monthly_PRELIQ_Q": 63.5,
      "monthly_PE_Q": -31.8
    },
    "2024-09": {
      "monthly_PRENEI_Q": 0.0,
      "monthly_PRELIQ_Q": 78.8,
      "monthly_PE_Q": 29.5
    },
    "2024-10": {
      "monthly_PRENEI_Q": 0.0,
      "monthly_PRELIQ_Q": 67.3,
      "monthly_PE_Q": 34.2
    },
    "2024-11": {
      "monthly_PRENEI_Q": 3.8000000000000003,
      "monthly_PRELIQ_Q": 65.9,
      "monthly_PE_Q": 51.2
    },
    "2024-12": {
      "monthly_PRENEI_Q": 0.6000000000000001,
      "monthly_PRELIQ_Q": 61.0,
      "monthly_PE_Q": 49.9
    }
  }
}