{
  "years": {
    "2024": {
      "annual_PRENEI_Q": 6.6000000000000005,
      "annual_PRELIQ_Q": 904.2,
      "annual_PE_Q": 345.4
    }
  },
  "months": {
    "2024-01": {
      "monthly_PRENEI_Q": 3.5,
      "monthly_PRELIQ_Q": 56.6,
      "monthly_PE_Q": 51.2
    },
    "2024-02": {
      "monthly_PRENEI_Q": 0.0,
      "monthly_PRELIQ_Q": 95.4,
      "monthly_PE_Q": 80.7
    },
    "2024-03": {
      "monthly_PRENEI_Q": 0.0,
      "monthly_PRELIQ_Q": 93.6,
      "monthly_PE_Q": 55.099999999999994
    },
    "2024-04": {
      "monthly_PRENEI_Q": 0.1,
      "monthly_PRELIQ_Q": 50.1,
      "monthly_PE_Q": -11.299999999999999
    },
    "2024-05": {
      "monthly_PRENEI_Q": 0.0,
      "monthly_PRELIQ_Q": 94.6,
      "monthly_PE_Q": 14.400000000000002
    },
    "2024-06": {
      "monthly_PRENEI_Q": 0.0,
      "monthly_PRELIQ_Q": 83.1,
      "monthly_PE_Q": -11.600000000000001
    },
    "2024-07": {
      "monthly_PRENEI_Q": 0.0,
      "monthly_PRELIQ_Q": 83.8,
      "monthly_PE_Q": -13.200000000000001
    },
    "2024-08": {
      "monthly_PRENEI_Q": 0.0,
      "monthly_PRELIQ_Q": 67.2,
      "monthly_PE_Q": -7.1000000000000005
    },
    "2024-09": {
      "monthly_PRENEI_Q": 0.0,
      "monthly_PRELIQ_Q": 84.8,
      "monthly_PE_Q": 41.7
    },
    "2024-10": {
      "monthly_PRENEI_Q": 0.0,
      "monthly_PRELIQ_Q": 80.7,
      "monthly_PE_Q": 51.0
    },
    "2024-11": {
      "monthly_PRENEI_Q": 2.9000000000000004,
      "monthly_PRELIQ_Q": 53.0,
      "monthly_PE_Q": 40.5
    },
    "2024-12": {
      "monthly_PRENEI_Q": 0.1,
      "monthly_PRELIQ_Q": 61.300000000000004,
      "monthly_PE_Q": 54.0
    }
  }
}