{
  "years": {
    "2024": {
      "annual_PRENEI_Q": 6.1000000000000005,
      "annual_PRELIQ_Q": 875.9,
      "annual_PE_Q": 323.5
    }
  },
  "months": {
    "2024-01": {
      "monthly_PRENEI_Q": 3.6,
      "monthly_PRELIQ_Q": 59.300000000000004,
      "monthly_PE_Q": 50.300000000000004
    },
    "2024-02": {
      "monthly_PRENEI_Q": 0.0,
      "monthly_PRELIQ_Q": 90.3,
      "monthly_PE_Q": 74.4
    },
    "2024-03": {
      "monthly_PRENEI_Q": 0.0,
      "monthly_PRELIQ_Q": 68.5,
      "monthly_PE_Q": 31.8
    },
    "2024-04": {
      "monthly_PRENEI_Q": 0.0,
      "monthly_PRELIQ_Q": 58.6,
      "monthly_PE_Q": -1.1000000000000019
    },
    "2024-05": {
      "monthly_PRENEI_Q": 0.0,
      "monthly_PRELIQ_Q": 79.3,
      "monthly_PE_Q": 2.3999999999999995
    },
    "2024-06": {
      "monthly_PRENEI_Q": 0.0,
      "monthly_PRELIQ_Q": 69.2,
      "monthly_PE_Q": -22.5
    },
    "2024-07": {
      "monthly_PRENEI_Q": 0.0,
      "monthly_PRELIQ_Q": 93.9,
      "monthly_PE_Q": 6.800000000000002
    },
    "2024-08": {
      "monthly_PRENEI_Q": 0.0,
      "monthly_PRELIQ_Q": 84.6,
      "monthly_PE_Q": 7.799999999999999
    },
    "2024-09": {
      "monthly_PRENEI_Q": 0.0,
      "monthly_PRELIQ_Q": 80.7,
      "monthly_PE_Q": 33.300000000000004
    },
    "2024-10": {
      "monthly_PRENEI_Q": 0.0,
      "monthly_PRELIQ_Q": 85.7,
      "monthly_PE_Q": 56.3
    },
    "2024-11": {
      "monthly_PRENEI_Q": 2.2,
      "monthly_PRELIQ_Q": 48.5,
      "monthly_PE_Q": 34.3
    },
    "2024-12": {
      "monthly_PRENEI_Q": 0.3,
      "monthly_PRELIQ_Q": 57.3,
      "monthly_PE_Q": 49.699999999999996
    }
  }
}