{
  "years": {
    "2024": {
      "annual_PRENEI_Q": 12.0,
      "annual_PRELIQ_Q": 881.8,
      "annual_PE_Q": 323.59999999999997
    }
  },
  "months": {
    "2024-01": {
      "monthly_PRENEI_Q": 10.799999999999999,
      "monthly_PRELIQ_Q": 49.7,
      "monthly_PE_Q": 49.2
    },
    "2024-02": {
      "monthly_PRENEI_Q": 0.0,
      "monthly_PRELIQ_Q": 89.3,
      "monthly_PE_Q": 68.6
    },
    "2024-03": {
      "monthly_PRENEI_Q": 0.1,
      "monthly_PRELIQ_Q": 64.0,
      "monthly_PE_Q": 25.4
    },
    "2024-04": {
      "monthly_PRENEI_Q": 0.7,
      "monthly_PRELIQ_Q": 64.7,
      "monthly_PE_Q": 10.799999999999997
    },
    "2024-05": {
      "monthly_PRENEI_Q": 0.0,
      "monthly_PRELIQ_Q": 86.2,
      "monthly_PE_Q": 15.600000000000001
    },
    "2024-06": {
      "monthly_PRENEI_Q": 0.0,
      "monthly_PRELIQ_Q": 61.6,
      "monthly_PE_Q": -30.599999999999998
    },
    "2024-07": {
      "monthly_PRENEI_Q": 0.0,
      "monthly_PRELIQ_Q": 106.2,
      "monthly_PE_Q": 12.7
    },
    "2024-08": {
      "monthly_PRENEI_Q": 0.0,
      "monthly_PRELIQ_Q": 58.300000000000004,
      "monthly_PE_Q": -14.999999999999998
    },
    "2024-09": {
      "monthly_PRENEI_Q": 0.0,
      "monthly_PRELIQ_Q": 105.1,
      "monthly_PE_Q": 56.0
    },
    "2024-10": {
      "monthly_PRENEI_Q": 0.0,
      "monthly_PRELIQ_Q": 87.7,
      "monthly_PE_Q": 50.0
    },
    "2024-11": {
      "monthly_PRENEI_Q": 0.30000000000000004,
      "monthly_PRELIQ_Q": 43.5,
      "monthly_PE_Q": 25.1
    },
    "2024-12": {
      "monthly_PRENEI_Q": 0.1,
      "monthly_PRELIQ_Q": 65.5,
      "monthly_PE_Q": 55.8
    }
  }
}