{
  "years": {
    "2024": {
      "annual_PRENEI_Q": 2.8,
      "annual_PRELIQ_Q": 770.9,
      "annual_PE_Q": 228.79999999999998
    }
  },
  "months": {
    "2024-01": {
      "monthly_PRENEI_Q": 0.1,
      "monthly_PRELIQ_Q": 68.5,
      "monthly_PE_Q": 53.5
    },
    "2024-02": {
      "monthly_PRENEI_Q": 0.0,
      "monthly_PRELIQ_Q": 76.1,
      "monthly_PE_Q": 53.599999999999994
    },
    "2024-03": {
      "monthly_PRENEI_Q": 0.0,
      "monthly_PRELIQ_Q": 68.6,
      "monthly_PE_Q": 23.7
    },
    "2024-04": {
      "monthly_PRENEI_Q": 0.0,
      "monthly_PRELIQ_Q": 61.300000000000004,
      "monthly_PE_Q": -8.299999999999999
    },
    "2024-05": {
      "monthly_PRENEI_Q": 0.0,
      "monthly_PRELIQ_Q": 83.0,
      "monthly_PE_Q": -7.699999999999999
    },
    "2024-06": {
      "monthly_PRENEI_Q": 0.0,
      "monthly_PRELIQ_Q": 58.800000000000004,
      "monthly_PE_Q": -20.8
    },
    "2024-07": {
      "monthly_PRENEI_Q": 0.0,
      "monthly_PRELIQ_Q": 37.2,
      "monthly_PE_Q": -31.200000000000003
    },
    "2024-08": {
      "monthly_PRENEI_Q": 0.0,
      "monthly_PRELIQ_Q": 36.5,
      "monthly_PE_Q": -10.900000000000002
    },
    "2024-09": {
      "monthly_PRENEI_Q": 0.0,
      "monthly_PRELIQ_Q": 70.60000000000001,
      "monthly_PE_Q": 23.8
    },
    "2024-10": {
      "monthly_PRENEI_Q": 0.0,
      "monthly_PRELIQ_Q": 128.8,
      "monthly_PE_Q": 96.4
    },
    "2024-11": {
      "monthly_PRENEI_Q": 2.7,
      "monthly_PRELIQ_Q": 44.1,
      "monthly_PE_Q": 30.8
    },
    "2024-12": {
      "monthly_PRENEI_Q": 0.0,
      "monthly_PRELIQ_Q": 37.4,
      "monthly_PE_Q": 25.9
    }
  }
}