{
  "years": {
    "2024": {
      "annual_PRENEI_Q": 25.0,
      "annual_PRELIQ_Q": 1179.2,
      "annual_PE_Q": 587.5
    }
  },
  "months": {
    "2024-01": {
      "monthly_PRENEI_Q": 20.3,
      "monthly_PRELIQ_Q": 81.8,
      "monthly_PE_Q": 95.4
    },
    "2024-02": {
      "monthly_PRENEI_Q": 0.4,
      "monthly_PRELIQ_Q": 141.70000000000002,
      "monthly_PE_Q": 123.3
    },
    "2024-03": {
      "monthly_PRENEI_Q": 0.0,
      "monthly_PRELIQ_Q": 75.5,
      "monthly_PE_Q": 43.4
    },
    "2024-04": {
      "monthly_PRENEI_Q": 3.1999999999999997,
      "monthly_PRELIQ_Q": 73.0,
      "monthly_PE_Q": 22.700000000000003
    },
    "2024-05": {
      "monthly_PRENEI_Q": 0.0,
      "monthly_PRELIQ_Q": 144.2,
      "monthly_PE_Q": 74.8
    },
    "2024-06": {
      "monthly_PRENEI_Q": 0.0,
      "monthly_PRELIQ_Q": 89.10000000000001,
      "monthly_PE_Q": -15.100000000000001
    },
    "2024-07": {
      "monthly_PRENEI_Q": 0.0,
      "monthly_PRELIQ_Q": 102.3,
      "monthly_PE_Q": -6.999999999999998
    },
    "2024-08": {
      "monthly_PRENEI_Q": 0.0,
      "monthly_PRELIQ_Q": 72.0,
      "monthly_PE_Q": -27.400000000000002
    },
    "2024-09": {
      "monthly_PRENEI_Q": 0.0,
      "monthly_PRELIQ_Q": 126.7,
      "monthly_PE_Q": 66.2
    },
    "2024-10": {
      "monthly_PRENEI_Q": 0.0,
      "monthly_PRELIQ_Q": 120.6,
      "monthly_PE_Q": 84.60000000000001
    },
    "2024-11": {
      "monthly_PRENEI_Q": 0.7,
      "monthly_PRELIQ_Q": 62.7,
      "monthly_PE_Q": 47.4
    },
    "2024-12": {
      "monthly_PRENEI_Q": 0.4,
      "monthly_PRELIQ_Q": 89.6,
      "monthly_PE_Q": 79.2
    }
  }
}