{
  "years": {
    "2024": {
      "annual_PRENEI_Q": 6.300000000000001,
      "annual_PRELIQ_Q": 796.6,
      "annual_PE_Q": 211.6
    }
  },
  "months": {
    "2024-01": {
      "monthly_PRENEI_Q": 4.7,
      "monthly_PRELIQ_Q": 19.9,
      "monthly_PE_Q": 14.0
    },
    "2024-02": {
      "monthly_PRENEI_Q": 0.0,
      "monthly_PRELIQ_Q": 36.599999999999994,
      "monthly_PE_Q": 19.6
    },
    "2024-03": {
      "monthly_PRENEI_Q": 1.6,
      "monthly_PRELIQ_Q": 77.60000000000001,
      "monthly_PE_Q": 38.199999999999996
    },
    "2024-04": {
      "monthly_PRENEI_Q": 0.0,
      "monthly_PRELIQ_Q": 77.1,
      "monthly_PE_Q": 6.999999999999999
    },
    "2024-05": {
      "monthly_PRENEI_Q": 0.0,
      "monthly_PRELIQ_Q": 124.60000000000001,
      "monthly_PE_Q": 53.0
    },
    "2024-06": {
      "monthly_PRENEI_Q": 0.0,
      "monthly_PRELIQ_Q": 57.9,
      "monthly_PE_Q": -37.1
    },
    "2024-07": {
      "monthly_PRENEI_Q": 0.0,
      "monthly_PRELIQ_Q": 57.699999999999996,
      "monthly_PE_Q": -40.6
    },
    "2024-08": {
      "monthly_PRENEI_Q": 0.0,
      "monthly_PRELIQ_Q": 36.0,
      "monthly_PE_Q": -26.1
    },
    "2024-09": {
      "monthly_PRENEI_Q": 0.0,
      "monthly_PRELIQ_Q": 144.5,
      "monthly_PE_Q": 88.5
    },
    "2024-10": {
      "monthly_PRENEI_Q": 0.0,
      "monthly_PRELIQ_Q": 80.3,
      "monthly_PE_Q": 38.5
    },
    "2024-11": {
      "monthly_PRENEI_Q": 0.0,
      "monthly_PRELIQ_Q": 40.6,
      "monthly_PE_Q": 21.299999999999997
    },
    "2024-12": {
      "monthly_PRENEI_Q": 0.0,
      "monthly_PRELIQ_Q": 43.8,
      "monthly_PE_Q": 35.3
    }
  }
}