{
  "years": {
    "2024": {
      "annual_PRENEI_Q": 4.6000000000000005,
      "annual_PRELIQ_Q": 973.5,
      "annual_PE_Q": 384.5
    }
  },
  "months": {
    "2024-01": {
      "monthly_PRENEI_Q": 0.7,
      "monthly_PRELIQ_Q": 100.10000000000001,
      "monthly_PE_Q": 84.4
    },
    "2024-02": {
      "monthly_PRENEI_Q": 0.5,
      "monthly_PRELIQ_Q": 108.6,
      "monthly_PE_Q": 87.3
    },
    "2024-03": {
      "monthly_PRENEI_Q": 0.1,
      "monthly_PRELIQ_Q": 64.0,
      "monthly_PE_Q": 21.2
    },
    "2024-04": {
      "monthly_PRENEI_Q": 0.0,
      "monthly_PRELIQ_Q": 64.0,
      "monthly_PE_Q": -4.000000000000002
    },
    "2024-05": {
      "monthly_PRENEI_Q": 0.0,
      "monthly_PRELIQ_Q": 116.6,
      "monthly_PE_Q": 26.0
    },
    "2024-06": {
      "monthly_PRENEI_Q": 0.0,
      "monthly_PRELIQ_Q": 61.9,
      "monthly_PE_Q": -29.8
    },
    "2024-07": {
      "monthly_PRENEI_Q": 0.0,
      "monthly_PRELIQ_Q": 45.5,
      "monthly_PE_Q": -35.5
    },
    "2024-08": {
      "monthly_PRENEI_Q": 0.0,
      "monthly_PRELIQ_Q": 69.0,
      "monthly_PE_Q": 3.1000000000000005
    },
    "2024-09": {
      "monthly_PRENEI_Q": 0.0,
      "monthly_PRELIQ_Q": 106.89999999999999,
      "monthly_PE_Q": 53.6
    },
    "2024-10": {
      "monthly_PRENEI_Q": 0.0,
      "monthly_PRELIQ_Q": 118.7,
      "monthly_PE_Q": 84.89999999999999
    },
    "2024-11": {
      "monthly_PRENEI_Q": 3.3000000000000003,
      "monthly_PRELIQ_Q": 54.9,
      "monthly_PE_Q": 41.7
    },
    "2024-12": {
      "monthly_PRENEI_Q": 0.0,
      "monthly_PRELIQ_Q": 63.300000000000004,
      "monthly_PE_Q": 51.6
    }
  }
}