{
  "years": {
    "2024": {
      "annual_PRENEI_Q": 8.6,
      "annual_PRELIQ_Q": 957.0,
      "annual_PE_Q": 245.9
    }
  },
  "months": {
    "2024-01": {
      "monthly_PRENEI_Q": 7.3,
      "monthly_PRELIQ_Q": 30.1,
      "monthly_PE_Q": 22.9
    },
    "2024-02": {
      "monthly_PRENEI_Q": 0.0,
      "monthly_PRELIQ_Q": 55.5,
      "monthly_PE_Q": 33.5
    },
    "2024-03": {
      "monthly_PRENEI_Q": 0.7,
      "monthly_PRELIQ_Q": 102.6,
      "monthly_PE_Q": 50.89999999999999
    },
    "2024-04": {
      "monthly_PRENEI_Q": 0.3,
      "monthly_PRELIQ_Q": 90.9,
      "monthly_PE_Q": 7.299999999999999
    },
    "2024-05": {
      "monthly_PRENEI_Q": 0.0,
      "monthly_PRELIQ_Q": 128.3,
      "monthly_PE_Q": 43.2
    },
    "2024-06": {
      "monthly_PRENEI_Q": 0.0,
      "monthly_PRELIQ_Q": 96.1,
      "monthly_PE_Q": -21.299999999999997
    },
    "2024-07": {
      "monthly_PRENEI_Q": 0.0,
      "monthly_PRELIQ_Q": 64.1,
      "monthly_PE_Q": -57.9
    },
    "2024-08": {
      "monthly_PRENEI_Q": 0.0,
      "monthly_PRELIQ_Q": 36.2,
      "monthly_PE_Q": -30.4
    },
    "2024-09": {
      "monthly_PRENEI_Q": 0.0,
      "monthly_PRELIQ_Q": 139.20000000000002,
      "monthly_PE_Q": 73.1
    },
    "2024-10": {
      "monthly_PRENEI_Q": 0.0,
      "monthly_PRELIQ_Q": 94.60000000000001,
      "monthly_PE_Q": 46.1
    },
    "2024-11": {
      "monthly_PRENEI_Q": 0.0,
      "monthly_PRELIQ_Q": 50.2,
      "monthly_PE_Q": 25.700000000000003
    },
    "2024-12": {
      "monthly_PRENEI_Q": 0.30000000000000004,
      "monthly_PRELIQ_Q": 69.2,
      "monthly_PE_Q": 52.800000000000004
    }
  }
}