{
  "years": {
    "2024": {
      "annual_PRENEI_Q": 6.7,
      "annual_PRELIQ_Q": 1052.1,
      "annual_PE_Q": 356.3
    }
  },
  "months": {
    "2024-01": {
      "monthly_PRENEI_Q": 3.0999999999999996,
      "monthly_PRELIQ_Q": 46.1,
      "monthly_PE_Q": 35.5
    },
    "2024-02": {
      "monthly_PRENEI_Q": 0.0,
      "monthly_PRELIQ_Q": 69.9,
      "monthly_PE_Q": 47.2
    },
    "2024-03": {
      "monthly_PRENEI_Q": 0.0,
      "monthly_PRELIQ_Q": 130.8,
      "monthly_PE_Q": 81.1
    },
    "2024-04": {
      "monthly_PRENEI_Q": 0.8,
      "monthly_PRELIQ_Q": 64.8,
      "monthly_PE_Q": -10.3
    },
    "2024-05": {
      "monthly_PRENEI_Q": 0.0,
      "monthly_PRELIQ_Q": 118.8,
      "monthly_PE_Q": 35.900000000000006
    },
    "2024-06": {
      "monthly_PRENEI_Q": 0.0,
      "monthly_PRELIQ_Q": 112.8,
      "monthly_PE_Q": 8.300000000000002
    },
    "2024-07": {
      "monthly_PRENEI_Q": 0.0,
      "monthly_PRELIQ_Q": 84.10000000000001,
      "monthly_PE_Q": -37.300000000000004
    },
    "2024-08": {
      "monthly_PRENEI_Q": 0.0,
      "monthly_PRELIQ_Q": 47.8,
      "monthly_PE_Q": -46.6
    },
    "2024-09": {
      "monthly_PRENEI_Q": 0.0,
      "monthly_PRELIQ_Q": 122.6,
      "monthly_PE_Q": 60.199999999999996
    },
    "2024-10": {
      "monthly_PRENEI_Q": 0.0,
      "monthly_PRELIQ_Q": 126.80000000000001,
      "monthly_PE_Q": 87.6
    },
    "2024-11": {
      "monthly_PRENEI_Q": 2.8000000000000003,
      "monthly_PRELIQ_Q": 58.3,
      "monthly_PE_Q": 41.7
    },
    "2024-12": {
      "monthly_PRENEI_Q": 0.0,
      "monthly_PRELIQ_Q": 69.3,
      "monthly_PE_Q": 53.0
    }
  }
}