{
  "years": {
    "2024": {
      "annual_PRENEI_Q": 35.400000000000006,
      "annual_PRELIQ_Q": 1171.5,
      "annual_PE_Q": 545.3
    }
  },
  "months": {
    "2024-01": {
      "monthly_PRENEI_Q": 7.800000000000001,
      "monthly_PRELIQ_Q": 71.9,
      "monthly_PE_Q": 66.6
    },
    "2024-02": {
      "monthly_PRENEI_Q": 0.0,
      "monthly_PRELIQ_Q": 94.5,
      "monthly_PE_Q": 72.3
    },
    "2024-03": {
      "monthly_PRENEI_Q": 1.0,
      "monthly_PRELIQ_Q": 212.9,
      "monthly_PE_Q": 171.0
    },
    "2024-04": {
      "monthly_PRENEI_Q": 0.3,
      "monthly_PRELIQ_Q": 54.6,
      "monthly_PE_Q": -14.3
    },
    "2024-05": {
      "monthly_PRENEI_Q": 0.0,
      "monthly_PRELIQ_Q": 128.4,
      "monthly_PE_Q": 47.199999999999996
    },
    "2024-06": {
      "monthly_PRENEI_Q": 0.0,
      "monthly_PRELIQ_Q": 102.9,
      "monthly_PE_Q": -1.3999999999999975
    },
    "2024-07": {
      "monthly_PRENEI_Q": 0.0,
      "monthly_PRELIQ_Q": 70.7,
      "monthly_PE_Q": -42.6
    },
    "2024-08": {
      "monthly_PRENEI_Q": 0.0,
      "monthly_PRELIQ_Q": 53.0,
      "monthly_PE_Q": -32.1
    },
    "2024-09": {
      "monthly_PRENEI_Q": 0.0,
      "monthly_PRELIQ_Q": 119.3,
      "monthly_PE_Q": 60.599999999999994
    },
    "2024-10": {
      "monthly_PRENEI_Q": 0.0,
      "monthly_PRELIQ_Q": 150.0,
      "monthly_PE_Q": 109.8
    },
    "2024-11": {
      "monthly_PRENEI_Q": 22.900000000000002,
      "monthly_PRELIQ_Q": 51.0,
      "monthly_PE_Q": 55.800000000000004
    },
    "2024-12": {
      "monthly_PRENEI_Q": 3.4000000000000004,
      "monthly_PRELIQ_Q": 62.300000000000004,
      "monthly_PE_Q": 52.4
    }
  }
}