{
  "years": {
    "2024": {
      "annual_PRENEI_Q": 9.899999999999999,
      "annual_PRELIQ_Q": 1056.9,
      "annual_PE_Q": 438.3
    }
  },
  "months": {
    "2024-01": {
      "monthly_PRENEI_Q": 2.1,
      "monthly_PRELIQ_Q": 61.9,
      "monthly_PE_Q": 54.2
    },
    "2024-02": {
      "monthly_PRENEI_Q": 0.0,
      "monthly_PRELIQ_Q": 103.2,
      "monthly_PE_Q": 84.8
    },
    "2024-03": {
      "monthly_PRENEI_Q": 0.0,
      "monthly_PRELIQ_Q": 105.19999999999999,
      "monthly_PE_Q": 64.7
    },
    "2024-04": {
      "monthly_PRENEI_Q": 0.5,
      "monthly_PRELIQ_Q": 62.2,
      "monthly_PE_Q": -3.500000000000001
    },
    "2024-05": {
      "monthly_PRENEI_Q": 0.0,
      "monthly_PRELIQ_Q": 144.5,
      "monthly_PE_Q": 65.60000000000001
    },
    "2024-06": {
      "monthly_PRENEI_Q": 0.0,
      "monthly_PRELIQ_Q": 152.7,
      "monthly_PE_Q": 47.800000000000004
    },
    "2024-07": {
      "monthly_PRENEI_Q": 0.0,
      "monthly_PRELIQ_Q": 71.8,
      "monthly_PE_Q": -34.099999999999994
    },
    "2024-08": {
      "monthly_PRENEI_Q": 0.0,
      "monthly_PRELIQ_Q": 53.1,
      "monthly_PE_Q": -36.6
    },
    "2024-09": {
      "monthly_PRENEI_Q": 0.0,
      "monthly_PRELIQ_Q": 91.1,
      "monthly_PE_Q": 41.8
    },
    "2024-10": {
      "monthly_PRENEI_Q": 0.0,
      "monthly_PRELIQ_Q": 69.5,
      "monthly_PE_Q": 33.8
    },
    "2024-11": {
      "monthly_PRENEI_Q": 7.0,
      "monthly_PRELIQ_Q": 65.3,
      "monthly_PE_Q": 54.199999999999996
    },
    "2024-12": {
      "monthly_PRENEI_Q": 0.30000000000000004,
      "monthly_PRELIQ_Q": 76.39999999999999,
      "monthly_PE_Q": 65.6
    }
  }
}