{
  "years": {
    "2024": {
      "annual_PRENEI_Q": 7.3,
      "annual_PRELIQ_Q": 990.4,
      "annual_PE_Q": 355.1
    }
  },
  "months": {
    "2024-01": {
      "monthly_PRENEI_Q": 2.8,
      "monthly_PRELIQ_Q": 60.7,
      "monthly_PE_Q": 52.2
    },
    "2024-02": {
      "monthly_PRENEI_Q": 0.0,
      "monthly_PRELIQ_Q": 99.9,
      "monthly_PE_Q": 82.2
    },
    "2024-03": {
      "monthly_PRENEI_Q": 0.0,
      "monthly_PRELIQ_Q": 105.5,
      "monthly_PE_Q": 64.0
    },
    "2024-04": {
      "monthly_PRENEI_Q": 0.1,
      "monthly_PRELIQ_Q": 53.800000000000004,
      "monthly_PE_Q": -12.3
    },
    "2024-05": {
      "monthly_PRENEI_Q": 0.0,
      "monthly_PRELIQ_Q": 125.4,
      "monthly_PE_Q": 43.6
    },
    "2024-06": {
      "monthly_PRENEI_Q": 0.0,
      "monthly_PRELIQ_Q": 104.80000000000001,
      "monthly_PE_Q": 2.800000000000003
    },
    "2024-07": {
      "monthly_PRENEI_Q": 0.0,
      "monthly_PRELIQ_Q": 104.30000000000001,
      "monthly_PE_Q": -3.799999999999997
    },
    "2024-08": {
      "monthly_PRENEI_Q": 0.0,
      "monthly_PRELIQ_Q": 63.4,
      "monthly_PE_Q": -38.199999999999996
    },
    "2024-09": {
      "monthly_PRENEI_Q": 0.0,
      "monthly_PRELIQ_Q": 78.7,
      "monthly_PE_Q": 28.5
    },
    "2024-10": {
      "monthly_PRENEI_Q": 0.0,
      "monthly_PRELIQ_Q": 67.1,
      "monthly_PE_Q": 34.1
    },
    "2024-11": {
      "monthly_PRENEI_Q": 3.8000000000000003,
      "monthly_PRELIQ_Q": 65.9,
      "monthly_PE_Q": 52.0
    },
    "2024-12": {
      "monthly_PRENEI_Q": 0.6000000000000001,
      "monthly_PRELIQ_Q": 60.9,
      "monthly_PE_Q": 50.0
    }
  }
}