{
  "years": {
    "2024": {
      "annual_PRENEI_Q": 13.1,
      "annual_PRELIQ_Q": 890.1,
      "annual_PE_Q": 347.9
    }
  },
  "months": {
    "2024-01": {
      "monthly_PRENEI_Q": 11.799999999999999,
      "monthly_PRELIQ_Q": 49.3,
      "monthly_PE_Q": 51.800000000000004
    },
    "2024-02": {
      "monthly_PRENEI_Q": 0.0,
      "monthly_PRELIQ_Q": 90.7,
      "monthly_PE_Q": 72.2
    },
    "2024-03": {
      "monthly_PRENEI_Q": 0.1,
      "monthly_PRELIQ_Q": 64.6,
      "monthly_PE_Q": 28.099999999999998
    },
    "2024-04": {
      "monthly_PRENEI_Q": 0.8,
      "monthly_PRELIQ_Q": 65.2,
      "monthly_PE_Q": 13.200000000000001
    },
    "2024-05": {
      "monthly_PRENEI_Q": 0.0,
      "monthly_PRELIQ_Q": 87.2,
      "monthly_PE_Q": 17.9
    },
    "2024-06": {
      "monthly_PRENEI_Q": 0.0,
      "monthly_PRELIQ_Q": 62.1,
      "monthly_PE_Q": -28.9
    },
    "2024-07": {
      "monthly_PRENEI_Q": 0.0,
      "monthly_PRELIQ_Q": 107.7,
      "monthly_PE_Q": 14.599999999999998
    },
    "2024-08": {
      "monthly_PRENEI_Q": 0.0,
      "monthly_PRELIQ_Q": 58.800000000000004,
      "monthly_PE_Q": -15.399999999999997
    },
    "2024-09": {
      "monthly_PRENEI_Q": 0.0,
      "monthly_PRELIQ_Q": 105.9,
      "monthly_PE_Q": 57.8
    },
    "2024-10": {
      "monthly_PRENEI_Q": 0.0,
      "monthly_PRELIQ_Q": 88.8,
      "monthly_PE_Q": 52.8
    },
    "2024-11": {
      "monthly_PRENEI_Q": 0.30000000000000004,
      "monthly_PRELIQ_Q": 43.8,
      "monthly_PE_Q": 26.5
    },
    "2024-12": {
      "monthly_PRENEI_Q": 0.1,
      "monthly_PRELIQ_Q": 66.0,
      "monthly_PE_Q": 57.3
    }
  }
}