{
  "years": {
    "2024": {
      "annual_PRENEI_Q": 11.9,
      "annual_PRELIQ_Q": 881.5,
      "annual_PE_Q": 319.0
    }
  },
  "months": {
    "2024-01": {
      "monthly_PRENEI_Q": 10.7,
      "monthly_PRELIQ_Q": 49.8,
      "monthly_PE_Q": 48.9
    },
    "2024-02": {
      "monthly_PRENEI_Q": 0.0,
      "monthly_PRELIQ_Q": 89.3,
      "monthly_PE_Q": 69.0
    },
    "2024-03": {
      "monthly_PRENEI_Q": 0.1,
      "monthly_PRELIQ_Q": 63.900000000000006,
      "monthly_PE_Q": 26.699999999999996
    },
    "2024-04": {
      "monthly_PRENEI_Q": 0.7,
      "monthly_PRELIQ_Q": 64.7,
      "monthly_PE_Q": 11.100000000000001
    },
    "2024-05": {
      "monthly_PRENEI_Q": 0.0,
      "monthly_PRELIQ_Q": 86.2,
      "monthly_PE_Q": 15.200000000000001
    },
    "2024-06": {
      "monthly_PRENEI_Q": 0.0,
      "monthly_PRELIQ_Q": 61.6,
      "monthly_PE_Q": -30.299999999999997
    },
    "2024-07": {
      "monthly_PRENEI_Q": 0.0,
      "monthly_PRELIQ_Q": 106.1,
      "monthly_PE_Q": 10.399999999999999
    },
    "2024-08": {
      "monthly_PRENEI_Q": 0.0,
      "monthly_PRELIQ_Q": 58.300000000000004,
      "monthly_PE_Q": -19.1
    },
    "2024-09": {
      "monthly_PRENEI_Q": 0.0,
      "monthly_PRELIQ_Q": 105.1,
      "monthly_PE_Q": 55.099999999999994
    },
    "2024-10": {
      "monthly_PRENEI_Q": 0.0,
      "monthly_PRELIQ_Q": 87.60000000000001,
      "monthly_PE_Q": 50.8
    },
    "2024-11": {
      "monthly_PRENEI_Q": 0.30000000000000004,
      "monthly_PRELIQ_Q": 43.5,
      "monthly_PE_Q": 25.6
    },
    "2024-12": {
      "monthly_PRENEI_Q": 0.1,
      "monthly_PRELIQ_Q": 65.39999999999999,
      "monthly_PE_Q": 55.599999999999994
    }
  }
}