{
  "years": {
    "2024": {
      "annual_PRENEI_Q": 342.1,
      "annual_PRELIQ_Q": 1744.4,
      "annual_PE_Q": 1398.5
    }
  },
  "months": {
    "2024-01": {
      "monthly_PRENEI_Q": 19.1,
      "monthly_PRELIQ_Q": 20.2,
      "monthly_PE_Q": 25.9
    },
    "2024-02": {
      "monthly_PRENEI_Q": 12.9,
      "monthly_PRELIQ_Q": 100.7,
      "monthly_PE_Q": 86.7
    },
    "2024-03": {
      "monthly_PRENEI_Q": 244.1,
      "monthly_PRELIQ_Q": 273.2,
      "monthly_PE_Q": 487.7
    },
    "2024-04": {
      "monthly_PRENEI_Q": 12.4,
      "monthly_PRELIQ_Q": 158.9,
      "monthly_PE_Q": 107.30000000000001
    },
    "2024-05": {
      "monthly_PRENEI_Q": 3.7,
      "monthly_PRELIQ_Q": 157.9,
      "monthly_PE_Q": 73.4
    },
    "2024-06": {
      "monthly_PRENEI_Q": 0.0,
      "monthly_PRELIQ_Q": 117.1,
      "monthly_PE_Q": 2.8999999999999995
    },
    "2024-07": {
      "monthly_PRENEI_Q": 0.0,
      "monthly_PRELIQ_Q": 59.0,
      "monthly_PE_Q": -64.9
    },
    "2024-08": {
      "monthly_PRENEI_Q": 0.0,
      "monthly_PRELIQ_Q": 52.6,
      "monthly_PE_Q": -26.2
    },
    "2024-09": {
      "monthly_PRENEI_Q": 0.6,
      "monthly_PRELIQ_Q": 117.5,
      "monthly_PE_Q": 57.199999999999996
    },
    "2024-10": {
      "monthly_PRENEI_Q": 0.0,
      "monthly_PRELIQ_Q": 600.8000000000001,
      "monthly_PE_Q": 551.9
    },
    "2024-11": {
      "monthly_PRENEI_Q": 2.5,
      "monthly_PRELIQ_Q": 67.39999999999999,
      "monthly_PE_Q": 43.099999999999994
    },
    "2024-12": {
      "monthly_PRENEI_Q": 46.8,
      "monthly_PRELIQ_Q": 19.099999999999998,
      "monthly_PE_Q": 53.5
    }
  }
}