{
  "years": {
    "2024": {
      "annual_PRENEI_Q": 150.4,
      "annual_PRELIQ_Q": 1299.8,
      "annual_PE_Q": 718.5
    }
  },
  "months": {
    "2024-01": {
      "monthly_PRENEI_Q": 17.4,
      "monthly_PRELIQ_Q": 26.299999999999997,
      "monthly_PE_Q": 28.0
    },
    "2024-02": {
      "monthly_PRENEI_Q": 1.1,
      "monthly_PRELIQ_Q": 64.1,
      "monthly_PE_Q": 37.5
    },
    "2024-03": {
      "monthly_PRENEI_Q": 73.9,
      "monthly_PRELIQ_Q": 187.39999999999998,
      "monthly_PE_Q": 212.9
    },
    "2024-04": {
      "monthly_PRENEI_Q": 10.9,
      "monthly_PRELIQ_Q": 121.5,
      "monthly_PE_Q": 56.900000000000006
    },
    "2024-05": {
      "monthly_PRENEI_Q": 0.0,
      "monthly_PRELIQ_Q": 149.2,
      "monthly_PE_Q": 62.199999999999996
    },
    "2024-06": {
      "monthly_PRENEI_Q": 0.0,
      "monthly_PRELIQ_Q": 124.2,
      "monthly_PE_Q": 8.899999999999999
    },
    "2024-07": {
      "monthly_PRENEI_Q": 0.0,
      "monthly_PRELIQ_Q": 88.2,
      "monthly_PE_Q": -39.300000000000004
    },
    "2024-08": {
      "monthly_PRENEI_Q": 0.0,
      "monthly_PRELIQ_Q": 38.9,
      "monthly_PE_Q": -35.5
    },
    "2024-09": {
      "monthly_PRENEI_Q": 0.0,
      "monthly_PRELIQ_Q": 147.0,
      "monthly_PE_Q": 83.0
    },
    "2024-10": {
      "monthly_PRENEI_Q": 0.0,
      "monthly_PRELIQ_Q": 285.9,
      "monthly_PE_Q": 233.9
    },
    "2024-11": {
      "monthly_PRENEI_Q": 1.1,
      "monthly_PRELIQ_Q": 44.0,
      "monthly_PE_Q": 17.200000000000003
    },
    "2024-12": {
      "monthly_PRENEI_Q": 46.0,
      "monthly_PRELIQ_Q": 23.1,
      "monthly_PE_Q": 52.8
    }
  }
}