{
  "years": {
    "2024": {
      "annual_PRENEI_Q": 106.6,
      "annual_PRELIQ_Q": 935.1999999999999,
      "annual_PE_Q": 327.4
    }
  },
  "months": {
    "2024-01": {
      "monthly_PRENEI_Q": 12.6,
      "monthly_PRELIQ_Q": 17.7,
      "monthly_PE_Q": 15.6
    },
    "2024-02": {
      "monthly_PRENEI_Q": 4.6,
      "monthly_PRELIQ_Q": 40.3,
      "monthly_PE_Q": 20.599999999999998
    },
    "2024-03": {
      "monthly_PRENEI_Q": 54.699999999999996,
      "monthly_PRELIQ_Q": 90.89999999999999,
      "monthly_PE_Q": 97.9
    },
    "2024-04": {
      "monthly_PRENEI_Q": 5.7,
      "monthly_PRELIQ_Q": 85.5,
      "monthly_PE_Q": 19.099999999999998
    },
    "2024-05": {
      "monthly_PRENEI_Q": 0.0,
      "monthly_PRELIQ_Q": 117.4,
      "monthly_PE_Q": 30.4
    },
    "2024-06": {
      "monthly_PRENEI_Q": 0.0,
      "monthly_PRELIQ_Q": 115.5,
      "monthly_PE_Q": 7.699999999999999
    },
    "2024-07": {
      "monthly_PRENEI_Q": 0.0,
      "monthly_PRELIQ_Q": 98.6,
      "monthly_PE_Q": -30.500000000000004
    },
    "2024-08": {
      "monthly_PRENEI_Q": 0.0,
      "monthly_PRELIQ_Q": 27.7,
      "monthly_PE_Q": -43.6
    },
    "2024-09": {
      "monthly_PRENEI_Q": 0.0,
      "monthly_PRELIQ_Q": 145.4,
      "monthly_PE_Q": 79.9
    },
    "2024-10": {
      "monthly_PRENEI_Q": 0.0,
      "monthly_PRELIQ_Q": 133.0,
      "monthly_PE_Q": 82.4
    },
    "2024-11": {
      "monthly_PRENEI_Q": 0.7,
      "monthly_PRELIQ_Q": 39.9,
      "monthly_PE_Q": 10.9
    },
    "2024-12": {
      "monthly_PRENEI_Q": 28.299999999999997,
      "monthly_PRELIQ_Q": 23.3,
      "monthly_PE_Q": 37.0
    }
  }
}