{
  "years": {
    "2024": {
      "annual_PRENEI_Q": 24.200000000000003,
      "annual_PRELIQ_Q": 1097.5,
      "annual_PE_Q": 404.1
    }
  },
  "months": {
    "2024-01": {
      "monthly_PRENEI_Q": 10.1,
      "monthly_PRELIQ_Q": 47.699999999999996,
      "monthly_PE_Q": 45.1
    },
    "2024-02": {
      "monthly_PRENEI_Q": 0.0,
      "monthly_PRELIQ_Q": 77.8,
      "monthly_PE_Q": 56.400000000000006
    },
    "2024-03": {
      "monthly_PRENEI_Q": 2.5,
      "monthly_PRELIQ_Q": 133.8,
      "monthly_PE_Q": 86.1
    },
    "2024-04": {
      "monthly_PRENEI_Q": 1.5999999999999999,
      "monthly_PRELIQ_Q": 79.2,
      "monthly_PE_Q": 2.699999999999999
    },
    "2024-05": {
      "monthly_PRENEI_Q": 0.0,
      "monthly_PRELIQ_Q": 152.3,
      "monthly_PE_Q": 64.0
    },
    "2024-06": {
      "monthly_PRENEI_Q": 0.0,
      "monthly_PRELIQ_Q": 91.6,
      "monthly_PE_Q": -17.299999999999997
    },
    "2024-07": {
      "monthly_PRENEI_Q": 0.0,
      "monthly_PRELIQ_Q": 87.6,
      "monthly_PE_Q": -40.9
    },
    "2024-08": {
      "monthly_PRENEI_Q": 0.0,
      "monthly_PRELIQ_Q": 42.6,
      "monthly_PE_Q": -38.9
    },
    "2024-09": {
      "monthly_PRENEI_Q": 0.0,
      "monthly_PRELIQ_Q": 130.79999999999998,
      "monthly_PE_Q": 64.89999999999999
    },
    "2024-10": {
      "monthly_PRENEI_Q": 0.0,
      "monthly_PRELIQ_Q": 106.8,
      "monthly_PE_Q": 61.699999999999996
    },
    "2024-11": {
      "monthly_PRENEI_Q": 0.2,
      "monthly_PRELIQ_Q": 60.699999999999996,
      "monthly_PE_Q": 39.0
    },
    "2024-12": {
      "monthly_PRENEI_Q": 9.8,
      "monthly_PRELIQ_Q": 86.6,
      "monthly_PE_Q": 81.30000000000001
    }
  }
}