{
  "years": {
    "2024": {
      "annual_PRENEI_Q": 42.0,
      "annual_PRELIQ_Q": 1010.3,
      "annual_PE_Q": 343.3
    }
  },
  "months": {
    "2024-01": {
      "monthly_PRENEI_Q": 13.799999999999999,
      "monthly_PRELIQ_Q": 26.599999999999998,
      "monthly_PE_Q": 25.6
    },
    "2024-02": {
      "monthly_PRENEI_Q": 0.7,
      "monthly_PRELIQ_Q": 59.9,
      "monthly_PE_Q": 37.400000000000006
    },
    "2024-03": {
      "monthly_PRENEI_Q": 12.4,
      "monthly_PRELIQ_Q": 99.9,
      "monthly_PE_Q": 62.599999999999994
    },
    "2024-04": {
      "monthly_PRENEI_Q": 3.4000000000000004,
      "monthly_PRELIQ_Q": 96.0,
      "monthly_PE_Q": 21.599999999999998
    },
    "2024-05": {
      "monthly_PRENEI_Q": 0.0,
      "monthly_PRELIQ_Q": 139.5,
      "monthly_PE_Q": 58.7
    },
    "2024-06": {
      "monthly_PRENEI_Q": 0.0,
      "monthly_PRELIQ_Q": 105.6,
      "monthly_PE_Q": -1.0000000000000018
    },
    "2024-07": {
      "monthly_PRENEI_Q": 0.0,
      "monthly_PRELIQ_Q": 69.8,
      "monthly_PE_Q": -54.4
    },
    "2024-08": {
      "monthly_PRENEI_Q": 0.0,
      "monthly_PRELIQ_Q": 39.199999999999996,
      "monthly_PE_Q": -39.4
    },
    "2024-09": {
      "monthly_PRENEI_Q": 0.0,
      "monthly_PRELIQ_Q": 151.79999999999998,
      "monthly_PE_Q": 89.0
    },
    "2024-10": {
      "monthly_PRENEI_Q": 0.0,
      "monthly_PRELIQ_Q": 103.2,
      "monthly_PE_Q": 57.199999999999996
    },
    "2024-11": {
      "monthly_PRENEI_Q": 0.2,
      "monthly_PRELIQ_Q": 54.1,
      "monthly_PE_Q": 30.2
    },
    "2024-12": {
      "monthly_PRENEI_Q": 11.5,
      "monthly_PRELIQ_Q": 64.7,
      "monthly_PE_Q": 55.800000000000004
    }
  }
}