{
  "years": {
    "2024": {
      "annual_PRENEI_Q": 12.4,
      "annual_PRELIQ_Q": 1079.3,
      "annual_PE_Q": 438.8
    }
  },
  "months": {
    "2024-01": {
      "monthly_PRENEI_Q": 3.5,
      "monthly_PRELIQ_Q": 47.0,
      "monthly_PE_Q": 39.800000000000004
    },
    "2024-02": {
      "monthly_PRENEI_Q": 0.0,
      "monthly_PRELIQ_Q": 72.6,
      "monthly_PE_Q": 53.199999999999996
    },
    "2024-03": {
      "monthly_PRENEI_Q": 1.2,
      "monthly_PRELIQ_Q": 133.7,
      "monthly_PE_Q": 90.10000000000001
    },
    "2024-04": {
      "monthly_PRENEI_Q": 0.8,
      "monthly_PRELIQ_Q": 66.8,
      "monthly_PE_Q": -2.0999999999999983
    },
    "2024-05": {
      "monthly_PRENEI_Q": 0.0,
      "monthly_PRELIQ_Q": 122.3,
      "monthly_PE_Q": 44.6
    },
    "2024-06": {
      "monthly_PRENEI_Q": 0.0,
      "monthly_PRELIQ_Q": 116.2,
      "monthly_PE_Q": 17.900000000000002
    },
    "2024-07": {
      "monthly_PRENEI_Q": 0.0,
      "monthly_PRELIQ_Q": 87.1,
      "monthly_PE_Q": -26.200000000000003
    },
    "2024-08": {
      "monthly_PRENEI_Q": 0.0,
      "monthly_PRELIQ_Q": 49.2,
      "monthly_PE_Q": -44.9
    },
    "2024-09": {
      "monthly_PRENEI_Q": 0.0,
      "monthly_PRELIQ_Q": 126.19999999999999,
      "monthly_PE_Q": 68.7
    },
    "2024-10": {
      "monthly_PRENEI_Q": 0.0,
      "monthly_PRELIQ_Q": 130.5,
      "monthly_PE_Q": 93.9
    },
    "2024-11": {
      "monthly_PRENEI_Q": 4.1,
      "monthly_PRELIQ_Q": 59.0,
      "monthly_PE_Q": 46.5
    },
    "2024-12": {
      "monthly_PRENEI_Q": 2.8000000000000003,
      "monthly_PRELIQ_Q": 68.7,
      "monthly_PE_Q": 57.300000000000004
    }
  }
}