{
  "years": {
    "2024": {
      "annual_PRENEI_Q": 12.1,
      "annual_PRELIQ_Q": 1119.3,
      "annual_PE_Q": 444.3
    }
  },
  "months": {
    "2024-01": {
      "monthly_PRENEI_Q": 0.6000000000000001,
      "monthly_PRELIQ_Q": 57.0,
      "monthly_PE_Q": 44.8
    },
    "2024-02": {
      "monthly_PRENEI_Q": 0.0,
      "monthly_PRELIQ_Q": 84.89999999999999,
      "monthly_PE_Q": 62.00000000000001
    },
    "2024-03": {
      "monthly_PRENEI_Q": 0.0,
      "monthly_PRELIQ_Q": 166.4,
      "monthly_PE_Q": 123.5
    },
    "2024-04": {
      "monthly_PRENEI_Q": 0.0,
      "monthly_PRELIQ_Q": 54.6,
      "monthly_PE_Q": -16.5
    },
    "2024-05": {
      "monthly_PRENEI_Q": 0.0,
      "monthly_PRELIQ_Q": 138.20000000000002,
      "monthly_PE_Q": 59.400000000000006
    },
    "2024-06": {
      "monthly_PRENEI_Q": 0.0,
      "monthly_PRELIQ_Q": 150.4,
      "monthly_PE_Q": 37.3
    },
    "2024-07": {
      "monthly_PRENEI_Q": 0.0,
      "monthly_PRELIQ_Q": 108.30000000000001,
      "monthly_PE_Q": -8.5
    },
    "2024-08": {
      "monthly_PRENEI_Q": 0.0,
      "monthly_PRELIQ_Q": 48.8,
      "monthly_PE_Q": -51.5
    },
    "2024-09": {
      "monthly_PRENEI_Q": 0.0,
      "monthly_PRELIQ_Q": 113.1,
      "monthly_PE_Q": 54.199999999999996
    },
    "2024-10": {
      "monthly_PRENEI_Q": 0.0,
      "monthly_PRELIQ_Q": 77.8,
      "monthly_PE_Q": 39.3
    },
    "2024-11": {
      "monthly_PRENEI_Q": 9.9,
      "monthly_PRELIQ_Q": 53.699999999999996,
      "monthly_PE_Q": 45.3
    },
    "2024-12": {
      "monthly_PRENEI_Q": 1.6,
      "monthly_PRELIQ_Q": 66.1,
      "monthly_PE_Q": 55.0
    }
  }
}