{
  "years": {
    "2024": {
      "annual_PRENEI_Q": 7.0,
      "annual_PRELIQ_Q": 882.9,
      "annual_PE_Q": 361.09999999999997
    }
  },
  "months": {
    "2024-01": {
      "monthly_PRENEI_Q": 4.1000000000000005,
      "monthly_PRELIQ_Q": 59.4,
      "monthly_PE_Q": 52.5
    },
    "2024-02": {
      "monthly_PRENEI_Q": 0.0,
      "monthly_PRELIQ_Q": 91.0,
      "monthly_PE_Q": 76.8
    },
    "2024-03": {
      "monthly_PRENEI_Q": 0.0,
      "monthly_PRELIQ_Q": 69.3,
      "monthly_PE_Q": 36.5
    },
    "2024-04": {
      "monthly_PRENEI_Q": 0.0,
      "monthly_PRELIQ_Q": 59.2,
      "monthly_PE_Q": 2.0999999999999988
    },
    "2024-05": {
      "monthly_PRENEI_Q": 0.0,
      "monthly_PRELIQ_Q": 80.1,
      "monthly_PE_Q": 6.4
    },
    "2024-06": {
      "monthly_PRENEI_Q": 0.0,
      "monthly_PRELIQ_Q": 69.8,
      "monthly_PE_Q": -17.5
    },
    "2024-07": {
      "monthly_PRENEI_Q": 0.0,
      "monthly_PRELIQ_Q": 94.89999999999999,
      "monthly_PE_Q": 12.599999999999998
    },
    "2024-08": {
      "monthly_PRENEI_Q": 0.0,
      "monthly_PRELIQ_Q": 85.4,
      "monthly_PE_Q": 10.000000000000004
    },
    "2024-09": {
      "monthly_PRENEI_Q": 0.0,
      "monthly_PRELIQ_Q": 81.3,
      "monthly_PE_Q": 35.5
    },
    "2024-10": {
      "monthly_PRENEI_Q": 0.0,
      "monthly_PRELIQ_Q": 86.3,
      "monthly_PE_Q": 59.0
    },
    "2024-11": {
      "monthly_PRENEI_Q": 2.6,
      "monthly_PRELIQ_Q": 48.4,
      "monthly_PE_Q": 36.5
    },
    "2024-12": {
      "monthly_PRENEI_Q": 0.3,
      "monthly_PRELIQ_Q": 57.800000000000004,
      "monthly_PE_Q": 50.699999999999996
    }
  }
}