{
  "years": {
    "2024": {
      "annual_PRENEI_Q": 7.2,
      "annual_PRELIQ_Q": 886.5,
      "annual_PE_Q": 361.9
    }
  },
  "months": {
    "2024-01": {
      "monthly_PRENEI_Q": 4.2,
      "monthly_PRELIQ_Q": 59.699999999999996,
      "monthly_PE_Q": 54.9
    },
    "2024-02": {
      "monthly_PRENEI_Q": 0.0,
      "monthly_PRELIQ_Q": 91.4,
      "monthly_PE_Q": 77.9
    },
    "2024-03": {
      "monthly_PRENEI_Q": 0.0,
      "monthly_PRELIQ_Q": 69.5,
      "monthly_PE_Q": 36.2
    },
    "2024-04": {
      "monthly_PRENEI_Q": 0.0,
      "monthly_PRELIQ_Q": 59.3,
      "monthly_PE_Q": 2.6999999999999993
    },
    "2024-05": {
      "monthly_PRENEI_Q": 0.0,
      "monthly_PRELIQ_Q": 80.4,
      "monthly_PE_Q": 5.399999999999999
    },
    "2024-06": {
      "monthly_PRENEI_Q": 0.0,
      "monthly_PRELIQ_Q": 70.1,
      "monthly_PE_Q": -19.599999999999998
    },
    "2024-07": {
      "monthly_PRENEI_Q": 0.0,
      "monthly_PRELIQ_Q": 95.2,
      "monthly_PE_Q": 10.300000000000002
    },
    "2024-08": {
      "monthly_PRENEI_Q": 0.0,
      "monthly_PRELIQ_Q": 85.8,
      "monthly_PE_Q": 10.000000000000004
    },
    "2024-09": {
      "monthly_PRENEI_Q": 0.0,
      "monthly_PRELIQ_Q": 81.6,
      "monthly_PE_Q": 36.300000000000004
    },
    "2024-10": {
      "monthly_PRENEI_Q": 0.0,
      "monthly_PRELIQ_Q": 86.7,
      "monthly_PE_Q": 58.9
    },
    "2024-11": {
      "monthly_PRENEI_Q": 2.6999999999999997,
      "monthly_PRELIQ_Q": 48.5,
      "monthly_PE_Q": 37.199999999999996
    },
    "2024-12": {
      "monthly_PRENEI_Q": 0.3,
      "monthly_PRELIQ_Q": 58.300000000000004,
      "monthly_PE_Q": 51.7
    }
  }
}