{
  "years": {
    "2024": {
      "annual_PRENEI_Q": 7.699999999999999,
      "annual_PRELIQ_Q": 891.0,
      "annual_PE_Q": 367.9
    }
  },
  "months": {
    "2024-01": {
      "monthly_PRENEI_Q": 4.5,
      "monthly_PRELIQ_Q": 59.800000000000004,
      "monthly_PE_Q": 55.400000000000006
    },
    "2024-02": {
      "monthly_PRENEI_Q": 0.0,
      "monthly_PRELIQ_Q": 91.89999999999999,
      "monthly_PE_Q": 78.9
    },
    "2024-03": {
      "monthly_PRENEI_Q": 0.0,
      "monthly_PRELIQ_Q": 70.0,
      "monthly_PE_Q": 36.7
    },
    "2024-04": {
      "monthly_PRENEI_Q": 0.0,
      "monthly_PRELIQ_Q": 59.5,
      "monthly_PE_Q": 3.4000000000000004
    },
    "2024-05": {
      "monthly_PRENEI_Q": 0.0,
      "monthly_PRELIQ_Q": 80.9,
      "monthly_PE_Q": 5.8999999999999995
    },
    "2024-06": {
      "monthly_PRENEI_Q": 0.0,
      "monthly_PRELIQ_Q": 70.4,
      "monthly_PE_Q": -19.299999999999997
    },
    "2024-07": {
      "monthly_PRENEI_Q": 0.0,
      "monthly_PRELIQ_Q": 95.69999999999999,
      "monthly_PE_Q": 10.300000000000002
    },
    "2024-08": {
      "monthly_PRENEI_Q": 0.0,
      "monthly_PRELIQ_Q": 86.3,
      "monthly_PE_Q": 9.7
    },
    "2024-09": {
      "monthly_PRENEI_Q": 0.0,
      "monthly_PRELIQ_Q": 82.1,
      "monthly_PE_Q": 36.699999999999996
    },
    "2024-10": {
      "monthly_PRENEI_Q": 0.0,
      "monthly_PRELIQ_Q": 87.3,
      "monthly_PE_Q": 59.8
    },
    "2024-11": {
      "monthly_PRENEI_Q": 2.8999999999999995,
      "monthly_PRELIQ_Q": 48.6,
      "monthly_PE_Q": 37.8
    },
    "2024-12": {
      "monthly_PRENEI_Q": 0.3,
      "monthly_PRELIQ_Q": 58.5,
      "monthly_PE_Q": 52.6
    }
  }
}