{
  "years": {
    "2024": {
      "annual_PRENEI_Q": 12.2,
      "annual_PRELIQ_Q": 826.1,
      "annual_PE_Q": 304.5
    }
  },
  "months": {
    "2024-01": {
      "monthly_PRENEI_Q": 9.299999999999999,
      "monthly_PRELIQ_Q": 51.9,
      "monthly_PE_Q": 54.2
    },
    "2024-02": {
      "monthly_PRENEI_Q": 0.7,
      "monthly_PRELIQ_Q": 85.1,
      "monthly_PE_Q": 70.2
    },
    "2024-03": {
      "monthly_PRENEI_Q": 0.1,
      "monthly_PRELIQ_Q": 66.4,
      "monthly_PE_Q": 33.7
    },
    "2024-04": {
      "monthly_PRENEI_Q": 1.5,
      "monthly_PRELIQ_Q": 70.3,
      "monthly_PE_Q": 18.0
    },
    "2024-05": {
      "monthly_PRENEI_Q": 0.0,
      "monthly_PRELIQ_Q": 69.3,
      "monthly_PE_Q": -5.700000000000001
    },
    "2024-06": {
      "monthly_PRENEI_Q": 0.0,
      "monthly_PRELIQ_Q": 71.1,
      "monthly_PE_Q": -19.299999999999997
    },
    "2024-07": {
      "monthly_PRENEI_Q": 0.0,
      "monthly_PRELIQ_Q": 89.60000000000001,
      "monthly_PE_Q": -3.599999999999997
    },
    "2024-08": {
      "monthly_PRENEI_Q": 0.0,
      "monthly_PRELIQ_Q": 60.0,
      "monthly_PE_Q": -11.199999999999998
    },
    "2024-09": {
      "monthly_PRENEI_Q": 0.0,
      "monthly_PRELIQ_Q": 82.0,
      "monthly_PE_Q": 37.6
    },
    "2024-10": {
      "monthly_PRENEI_Q": 0.0,
      "monthly_PRELIQ_Q": 84.5,
      "monthly_PE_Q": 53.99999999999999
    },
    "2024-11": {
      "monthly_PRENEI_Q": 0.4,
      "monthly_PRELIQ_Q": 38.6,
      "monthly_PE_Q": 25.0
    },
    "2024-12": {
      "monthly_PRENEI_Q": 0.2,
      "monthly_PRELIQ_Q": 57.300000000000004,
      "monthly_PE_Q": 51.599999999999994
    }
  }
}