{
  "years": {
    "2024": {
      "annual_PRENEI_Q": 12.299999999999999,
      "annual_PRELIQ_Q": 827.2,
      "annual_PE_Q": 318.59999999999997
    }
  },
  "months": {
    "2024-01": {
      "monthly_PRENEI_Q": 9.399999999999999,
      "monthly_PRELIQ_Q": 51.9,
      "monthly_PE_Q": 54.2
    },
    "2024-02": {
      "monthly_PRENEI_Q": 0.7,
      "monthly_PRELIQ_Q": 85.2,
      "monthly_PE_Q": 69.89999999999999
    },
    "2024-03": {
      "monthly_PRENEI_Q": 0.1,
      "monthly_PRELIQ_Q": 66.60000000000001,
      "monthly_PE_Q": 32.2
    },
    "2024-04": {
      "monthly_PRENEI_Q": 1.5,
      "monthly_PRELIQ_Q": 70.4,
      "monthly_PE_Q": 17.8
    },
    "2024-05": {
      "monthly_PRENEI_Q": 0.0,
      "monthly_PRELIQ_Q": 69.3,
      "monthly_PE_Q": -5.1
    },
    "2024-06": {
      "monthly_PRENEI_Q": 0.0,
      "monthly_PRELIQ_Q": 71.3,
      "monthly_PE_Q": -18.300000000000004
    },
    "2024-07": {
      "monthly_PRENEI_Q": 0.0,
      "monthly_PRELIQ_Q": 89.60000000000001,
      "monthly_PE_Q": 1.5000000000000004
    },
    "2024-08": {
      "monthly_PRENEI_Q": 0.0,
      "monthly_PRELIQ_Q": 60.2,
      "monthly_PE_Q": -3.7000000000000015
    },
    "2024-09": {
      "monthly_PRENEI_Q": 0.0,
      "monthly_PRELIQ_Q": 82.1,
      "monthly_PE_Q": 40.1
    },
    "2024-10": {
      "monthly_PRENEI_Q": 0.0,
      "monthly_PRELIQ_Q": 84.5,
      "monthly_PE_Q": 53.5
    },
    "2024-11": {
      "monthly_PRENEI_Q": 0.4,
      "monthly_PRELIQ_Q": 38.8,
      "monthly_PE_Q": 24.900000000000002
    },
    "2024-12": {
      "monthly_PRENEI_Q": 0.2,
      "monthly_PRELIQ_Q": 57.300000000000004,
      "monthly_PE_Q": 51.6
    }
  }
}