{
  "years": {
    "2024": {
      "annual_PRENEI_Q": 10.4,
      "annual_PRELIQ_Q": 1091.9,
      "annual_PE_Q": 509.4
    }
  },
  "months": {
    "2024-01": {
      "monthly_PRENEI_Q": 7.6000000000000005,
      "monthly_PRELIQ_Q": 103.2,
      "monthly_PE_Q": 102.1
    },
    "2024-02": {
      "monthly_PRENEI_Q": 0.0,
      "monthly_PRELIQ_Q": 150.2,
      "monthly_PE_Q": 131.0
    },
    "2024-03": {
      "monthly_PRENEI_Q": 0.4,
      "monthly_PRELIQ_Q": 79.4,
      "monthly_PE_Q": 46.300000000000004
    },
    "2024-04": {
      "monthly_PRENEI_Q": 1.8,
      "monthly_PRELIQ_Q": 69.4,
      "monthly_PE_Q": 17.999999999999996
    },
    "2024-05": {
      "monthly_PRENEI_Q": 0.0,
      "monthly_PRELIQ_Q": 114.2,
      "monthly_PE_Q": 46.1
    },
    "2024-06": {
      "monthly_PRENEI_Q": 0.0,
      "monthly_PRELIQ_Q": 51.1,
      "monthly_PE_Q": -46.2
    },
    "2024-07": {
      "monthly_PRENEI_Q": 0.0,
      "monthly_PRELIQ_Q": 101.5,
      "monthly_PE_Q": -1.7999999999999972
    },
    "2024-08": {
      "monthly_PRENEI_Q": 0.0,
      "monthly_PRELIQ_Q": 72.1,
      "monthly_PE_Q": -21.900000000000002
    },
    "2024-09": {
      "monthly_PRENEI_Q": 0.0,
      "monthly_PRELIQ_Q": 117.5,
      "monthly_PE_Q": 61.1
    },
    "2024-10": {
      "monthly_PRENEI_Q": 0.0,
      "monthly_PRELIQ_Q": 98.3,
      "monthly_PE_Q": 63.9
    },
    "2024-11": {
      "monthly_PRENEI_Q": 0.5,
      "monthly_PRELIQ_Q": 53.599999999999994,
      "monthly_PE_Q": 38.800000000000004
    },
    "2024-12": {
      "monthly_PRENEI_Q": 0.1,
      "monthly_PRELIQ_Q": 81.39999999999999,
      "monthly_PE_Q": 72.0
    }
  }
}