{
  "years": {
    "2024": {
      "annual_PRENEI_Q": 13.5,
      "annual_PRELIQ_Q": 1136.0,
      "annual_PE_Q": 556.6
    }
  },
  "months": {
    "2024-01": {
      "monthly_PRENEI_Q": 9.0,
      "monthly_PRELIQ_Q": 106.39999999999999,
      "monthly_PE_Q": 106.4
    },
    "2024-02": {
      "monthly_PRENEI_Q": 0.0,
      "monthly_PRELIQ_Q": 156.6,
      "monthly_PE_Q": 138.2
    },
    "2024-03": {
      "monthly_PRENEI_Q": 0.7,
      "monthly_PRELIQ_Q": 82.4,
      "monthly_PE_Q": 51.6
    },
    "2024-04": {
      "monthly_PRENEI_Q": 2.8000000000000003,
      "monthly_PRELIQ_Q": 71.4,
      "monthly_PE_Q": 23.200000000000003
    },
    "2024-05": {
      "monthly_PRENEI_Q": 0.0,
      "monthly_PRELIQ_Q": 119.2,
      "monthly_PE_Q": 52.800000000000004
    },
    "2024-06": {
      "monthly_PRENEI_Q": 0.0,
      "monthly_PRELIQ_Q": 53.4,
      "monthly_PE_Q": -44.1
    },
    "2024-07": {
      "monthly_PRENEI_Q": 0.0,
      "monthly_PRELIQ_Q": 105.6,
      "monthly_PE_Q": 0.09999999999999876
    },
    "2024-08": {
      "monthly_PRENEI_Q": 0.0,
      "monthly_PRELIQ_Q": 75.10000000000001,
      "monthly_PE_Q": -22.7
    },
    "2024-09": {
      "monthly_PRENEI_Q": 0.0,
      "monthly_PRELIQ_Q": 122.6,
      "monthly_PE_Q": 64.4
    },
    "2024-10": {
      "monthly_PRENEI_Q": 0.0,
      "monthly_PRELIQ_Q": 102.8,
      "monthly_PE_Q": 69.3
    },
    "2024-11": {
      "monthly_PRENEI_Q": 0.8,
      "monthly_PRELIQ_Q": 55.8,
      "monthly_PE_Q": 41.8
    },
    "2024-12": {
      "monthly_PRENEI_Q": 0.2,
      "monthly_PRELIQ_Q": 84.7,
      "monthly_PE_Q": 75.60000000000001
    }
  }
}