{
  "years": {
    "2024": {
      "annual_PRENEI_Q": 10.7,
      "annual_PRELIQ_Q": 2696.7,
      "annual_PE_Q": 1967.0
    }
  },
  "months": {
    "2024-01": {
      "monthly_PRENEI_Q": 10.7,
      "monthly_PRELIQ_Q": 28.8,
      "monthly_PE_Q": 24.299999999999997
    },
    "2024-02": {
      "monthly_PRENEI_Q": 0.0,
      "monthly_PRELIQ_Q": 185.60000000000002,
      "monthly_PE_Q": 154.0
    },
    "2024-03": {
      "monthly_PRENEI_Q": 0.0,
      "monthly_PRELIQ_Q": 674.1,
      "monthly_PE_Q": 620.2
    },
    "2024-04": {
      "monthly_PRENEI_Q": 0.0,
      "monthly_PRELIQ_Q": 213.5,
      "monthly_PE_Q": 135.4
    },
    "2024-05": {
      "monthly_PRENEI_Q": 0.0,
      "monthly_PRELIQ_Q": 144.8,
      "monthly_PE_Q": 50.50000000000001
    },
    "2024-06": {
      "monthly_PRENEI_Q": 0.0,
      "monthly_PRELIQ_Q": 103.8,
      "monthly_PE_Q": -17.299999999999997
    },
    "2024-07": {
      "monthly_PRENEI_Q": 0.0,
      "monthly_PRELIQ_Q": 43.7,
      "monthly_PE_Q": -76.3
    },
    "2024-08": {
      "monthly_PRENEI_Q": 0.0,
      "monthly_PRELIQ_Q": 33.1,
      "monthly_PE_Q": -36.699999999999996
    },
    "2024-09": {
      "monthly_PRENEI_Q": 0.0,
      "monthly_PRELIQ_Q": 192.9,
      "monthly_PE_Q": 128.29999999999998
    },
    "2024-10": {
      "monthly_PRENEI_Q": 0.0,
      "monthly_PRELIQ_Q": 882.6999999999999,
      "monthly_PE_Q": 836.1999999999999
    },
    "2024-11": {
      "monthly_PRENEI_Q": 0.0,
      "monthly_PRELIQ_Q": 157.70000000000002,
      "monthly_PE_Q": 129.0
    },
    "2024-12": {
      "monthly_PRENEI_Q": 0.0,
      "monthly_PRELIQ_Q": 36.0,
      "monthly_PE_Q": 19.400000000000002
    }
  }
}