{
  "years": {
    "2024": {
      "annual_PRENEI_Q": 243.6,
      "annual_PRELIQ_Q": 1768.6,
      "annual_PE_Q": 1302.1
    }
  },
  "months": {
    "2024-01": {
      "monthly_PRENEI_Q": 17.0,
      "monthly_PRELIQ_Q": 21.0,
      "monthly_PE_Q": 23.7
    },
    "2024-02": {
      "monthly_PRENEI_Q": 3.5999999999999996,
      "monthly_PRELIQ_Q": 105.7,
      "monthly_PE_Q": 78.69999999999999
    },
    "2024-03": {
      "monthly_PRENEI_Q": 174.2,
      "monthly_PRELIQ_Q": 324.3,
      "monthly_PE_Q": 459.1
    },
    "2024-04": {
      "monthly_PRENEI_Q": 6.6,
      "monthly_PRELIQ_Q": 158.8,
      "monthly_PE_Q": 93.19999999999999
    },
    "2024-05": {
      "monthly_PRENEI_Q": 0.0,
      "monthly_PRELIQ_Q": 155.8,
      "monthly_PE_Q": 66.39999999999999
    },
    "2024-06": {
      "monthly_PRENEI_Q": 0.0,
      "monthly_PRELIQ_Q": 112.9,
      "monthly_PE_Q": -0.2000000000000007
    },
    "2024-07": {
      "monthly_PRENEI_Q": 0.0,
      "monthly_PRELIQ_Q": 57.3,
      "monthly_PE_Q": -61.4
    },
    "2024-08": {
      "monthly_PRENEI_Q": 0.0,
      "monthly_PRELIQ_Q": 50.6,
      "monthly_PE_Q": -26.200000000000003
    },
    "2024-09": {
      "monthly_PRENEI_Q": 0.0,
      "monthly_PRELIQ_Q": 114.3,
      "monthly_PE_Q": 53.7
    },
    "2024-10": {
      "monthly_PRENEI_Q": 0.0,
      "monthly_PRELIQ_Q": 578.8,
      "monthly_PE_Q": 528.9
    },
    "2024-11": {
      "monthly_PRENEI_Q": 1.4000000000000001,
      "monthly_PRELIQ_Q": 65.9,
      "monthly_PE_Q": 38.5
    },
    "2024-12": {
      "monthly_PRENEI_Q": 40.800000000000004,
      "monthly_PRELIQ_Q": 23.2,
      "monthly_PE_Q": 47.699999999999996
    }
  }
}