{
  "years": {
    "2024": {
      "annual_PRENEI_Q": 37.9,
      "annual_PRELIQ_Q": 1188.8,
      "annual_PE_Q": 602.2
    }
  },
  "months": {
    "2024-01": {
      "monthly_PRENEI_Q": 7.4,
      "monthly_PRELIQ_Q": 73.6,
      "monthly_PE_Q": 70.39999999999999
    },
    "2024-02": {
      "monthly_PRENEI_Q": 0.0,
      "monthly_PRELIQ_Q": 95.7,
      "monthly_PE_Q": 76.7
    },
    "2024-03": {
      "monthly_PRENEI_Q": 1.5,
      "monthly_PRELIQ_Q": 216.0,
      "monthly_PE_Q": 178.1
    },
    "2024-04": {
      "monthly_PRENEI_Q": 0.4,
      "monthly_PRELIQ_Q": 55.4,
      "monthly_PE_Q": -9.2
    },
    "2024-05": {
      "monthly_PRENEI_Q": 0.0,
      "monthly_PRELIQ_Q": 130.70000000000002,
      "monthly_PE_Q": 53.400000000000006
    },
    "2024-06": {
      "monthly_PRENEI_Q": 0.0,
      "monthly_PRELIQ_Q": 104.60000000000001,
      "monthly_PE_Q": 4.899999999999999
    },
    "2024-07": {
      "monthly_PRENEI_Q": 0.0,
      "monthly_PRELIQ_Q": 71.7,
      "monthly_PE_Q": -37.2
    },
    "2024-08": {
      "monthly_PRENEI_Q": 0.0,
      "monthly_PRELIQ_Q": 54.1,
      "monthly_PE_Q": -30.4
    },
    "2024-09": {
      "monthly_PRENEI_Q": 0.0,
      "monthly_PRELIQ_Q": 121.39999999999999,
      "monthly_PE_Q": 66.3
    },
    "2024-10": {
      "monthly_PRENEI_Q": 0.0,
      "monthly_PRELIQ_Q": 152.3,
      "monthly_PE_Q": 114.5
    },
    "2024-11": {
      "monthly_PRENEI_Q": 23.8,
      "monthly_PRELIQ_Q": 51.300000000000004,
      "monthly_PE_Q": 59.599999999999994
    },
    "2024-12": {
      "monthly_PRENEI_Q": 4.8,
      "monthly_PRELIQ_Q": 62.0,
      "monthly_PE_Q": 55.1
    }
  }
}