{
  "years": {
    "2024": {
      "annual_PRENEI_Q": 33.5,
      "annual_PRELIQ_Q": 1157.6,
      "annual_PE_Q": 552.2
    }
  },
  "months": {
    "2024-01": {
      "monthly_PRENEI_Q": 7.8999999999999995,
      "monthly_PRELIQ_Q": 70.5,
      "monthly_PE_Q": 67.7
    },
    "2024-02": {
      "monthly_PRENEI_Q": 0.0,
      "monthly_PRELIQ_Q": 92.9,
      "monthly_PE_Q": 73.8
    },
    "2024-03": {
      "monthly_PRENEI_Q": 0.7,
      "monthly_PRELIQ_Q": 210.8,
      "monthly_PE_Q": 170.60000000000002
    },
    "2024-04": {
      "monthly_PRENEI_Q": 0.2,
      "monthly_PRELIQ_Q": 54.0,
      "monthly_PE_Q": -12.4
    },
    "2024-05": {
      "monthly_PRENEI_Q": 0.0,
      "monthly_PRELIQ_Q": 127.10000000000001,
      "monthly_PE_Q": 48.6
    },
    "2024-06": {
      "monthly_PRENEI_Q": 0.0,
      "monthly_PRELIQ_Q": 101.5,
      "monthly_PE_Q": -0.2000000000000018
    },
    "2024-07": {
      "monthly_PRENEI_Q": 0.0,
      "monthly_PRELIQ_Q": 69.4,
      "monthly_PE_Q": -40.4
    },
    "2024-08": {
      "monthly_PRENEI_Q": 0.0,
      "monthly_PRELIQ_Q": 52.300000000000004,
      "monthly_PE_Q": -38.699999999999996
    },
    "2024-09": {
      "monthly_PRENEI_Q": 0.0,
      "monthly_PRELIQ_Q": 118.0,
      "monthly_PE_Q": 63.2
    },
    "2024-10": {
      "monthly_PRENEI_Q": 0.0,
      "monthly_PRELIQ_Q": 148.1,
      "monthly_PE_Q": 109.6
    },
    "2024-11": {
      "monthly_PRENEI_Q": 22.3,
      "monthly_PRELIQ_Q": 50.599999999999994,
      "monthly_PE_Q": 56.6
    },
    "2024-12": {
      "monthly_PRENEI_Q": 2.4000000000000004,
      "monthly_PRELIQ_Q": 62.4,
      "monthly_PE_Q": 53.800000000000004
    }
  }
}