{
  "years": {
    "2024": {
      "annual_PRENEI_Q": 20.599999999999998,
      "annual_PRELIQ_Q": 1086.0,
      "annual_PE_Q": 422.7
    }
  },
  "months": {
    "2024-01": {
      "monthly_PRENEI_Q": 1.8,
      "monthly_PRELIQ_Q": 64.3,
      "monthly_PE_Q": 56.300000000000004
    },
    "2024-02": {
      "monthly_PRENEI_Q": 0.0,
      "monthly_PRELIQ_Q": 78.3,
      "monthly_PE_Q": 59.5
    },
    "2024-03": {
      "monthly_PRENEI_Q": 0.0,
      "monthly_PRELIQ_Q": 153.9,
      "monthly_PE_Q": 113.80000000000001
    },
    "2024-04": {
      "monthly_PRENEI_Q": 1.8,
      "monthly_PRELIQ_Q": 56.300000000000004,
      "monthly_PE_Q": -16.400000000000002
    },
    "2024-05": {
      "monthly_PRENEI_Q": 0.0,
      "monthly_PRELIQ_Q": 145.5,
      "monthly_PE_Q": 60.5
    },
    "2024-06": {
      "monthly_PRENEI_Q": 0.0,
      "monthly_PRELIQ_Q": 117.5,
      "monthly_PE_Q": 4.300000000000001
    },
    "2024-07": {
      "monthly_PRENEI_Q": 0.0,
      "monthly_PRELIQ_Q": 96.2,
      "monthly_PE_Q": -25.499999999999996
    },
    "2024-08": {
      "monthly_PRENEI_Q": 0.0,
      "monthly_PRELIQ_Q": 54.7,
      "monthly_PE_Q": -48.300000000000004
    },
    "2024-09": {
      "monthly_PRENEI_Q": 0.0,
      "monthly_PRELIQ_Q": 115.8,
      "monthly_PE_Q": 60.0
    },
    "2024-10": {
      "monthly_PRENEI_Q": 0.0,
      "monthly_PRELIQ_Q": 83.8,
      "monthly_PE_Q": 47.699999999999996
    },
    "2024-11": {
      "monthly_PRENEI_Q": 12.1,
      "monthly_PRELIQ_Q": 51.1,
      "monthly_PE_Q": 48.0
    },
    "2024-12": {
      "monthly_PRENEI_Q": 4.9,
      "monthly_PRELIQ_Q": 68.60000000000001,
      "monthly_PE_Q": 62.800000000000004
    }
  }
}