{
  "years": {
    "2024": {
      "annual_PRENEI_Q": 16.4,
      "annual_PRELIQ_Q": 1064.1,
      "annual_PE_Q": 407.90000000000003
    }
  },
  "months": {
    "2024-01": {
      "monthly_PRENEI_Q": 1.5,
      "monthly_PRELIQ_Q": 63.199999999999996,
      "monthly_PE_Q": 54.8
    },
    "2024-02": {
      "monthly_PRENEI_Q": 0.0,
      "monthly_PRELIQ_Q": 76.8,
      "monthly_PE_Q": 58.0
    },
    "2024-03": {
      "monthly_PRENEI_Q": 0.0,
      "monthly_PRELIQ_Q": 150.0,
      "monthly_PE_Q": 110.6
    },
    "2024-04": {
      "monthly_PRENEI_Q": 0.8,
      "monthly_PRELIQ_Q": 55.8,
      "monthly_PE_Q": -15.200000000000001
    },
    "2024-05": {
      "monthly_PRENEI_Q": 0.0,
      "monthly_PRELIQ_Q": 142.1,
      "monthly_PE_Q": 58.9
    },
    "2024-06": {
      "monthly_PRENEI_Q": 0.0,
      "monthly_PRELIQ_Q": 114.8,
      "monthly_PE_Q": 3.2
    },
    "2024-07": {
      "monthly_PRENEI_Q": 0.0,
      "monthly_PRELIQ_Q": 94.1,
      "monthly_PE_Q": -26.999999999999996
    },
    "2024-08": {
      "monthly_PRENEI_Q": 0.0,
      "monthly_PRELIQ_Q": 53.2,
      "monthly_PE_Q": -46.99999999999999
    },
    "2024-09": {
      "monthly_PRENEI_Q": 0.0,
      "monthly_PRELIQ_Q": 113.1,
      "monthly_PE_Q": 58.1
    },
    "2024-10": {
      "monthly_PRENEI_Q": 0.0,
      "monthly_PRELIQ_Q": 81.9,
      "monthly_PE_Q": 46.2
    },
    "2024-11": {
      "monthly_PRENEI_Q": 11.799999999999999,
      "monthly_PRELIQ_Q": 49.699999999999996,
      "monthly_PE_Q": 46.4
    },
    "2024-12": {
      "monthly_PRENEI_Q": 2.3000000000000003,
      "monthly_PRELIQ_Q": 69.4,
      "monthly_PE_Q": 60.9
    }
  }
}