{
  "years": {
    "2024": {
      "annual_PRENEI_Q": 18.4,
      "annual_PRELIQ_Q": 1968.0,
      "annual_PE_Q": 1175.0
    }
  },
  "months": {
    "2024-01": {
      "monthly_PRENEI_Q": 0.7,
      "monthly_PRELIQ_Q": 96.1,
      "monthly_PE_Q": 66.4
    },
    "2024-02": {
      "monthly_PRENEI_Q": 5.7,
      "monthly_PRELIQ_Q": 252.29999999999998,
      "monthly_PE_Q": 214.60000000000002
    },
    "2024-03": {
      "monthly_PRENEI_Q": 9.1,
      "monthly_PRELIQ_Q": 219.9,
      "monthly_PE_Q": 173.8
    },
    "2024-04": {
      "monthly_PRENEI_Q": 0.0,
      "monthly_PRELIQ_Q": 100.5,
      "monthly_PE_Q": 10.7
    },
    "2024-05": {
      "monthly_PRENEI_Q": 0.0,
      "monthly_PRELIQ_Q": 163.2,
      "monthly_PE_Q": 74.80000000000001
    },
    "2024-06": {
      "monthly_PRENEI_Q": 0.0,
      "monthly_PRELIQ_Q": 107.8,
      "monthly_PE_Q": 3.4999999999999996
    },
    "2024-07": {
      "monthly_PRENEI_Q": 0.0,
      "monthly_PRELIQ_Q": 42.5,
      "monthly_PE_Q": -71.0
    },
    "2024-08": {
      "monthly_PRENEI_Q": 0.0,
      "monthly_PRELIQ_Q": 107.4,
      "monthly_PE_Q": 21.099999999999998
    },
    "2024-09": {
      "monthly_PRENEI_Q": 0.0,
      "monthly_PRELIQ_Q": 217.29999999999998,
      "monthly_PE_Q": 145.8
    },
    "2024-10": {
      "monthly_PRENEI_Q": 0.0,
      "monthly_PRELIQ_Q": 280.6,
      "monthly_PE_Q": 222.0
    },
    "2024-11": {
      "monthly_PRENEI_Q": 0.0,
      "monthly_PRELIQ_Q": 127.10000000000001,
      "monthly_PE_Q": 83.8
    },
    "2024-12": {
      "monthly_PRENEI_Q": 2.9,
      "monthly_PRELIQ_Q": 253.3,
      "monthly_PE_Q": 229.5
    }
  }
}