{
  "years": {
    "2024": {
      "annual_PRENEI_Q": 6.5,
      "annual_PRELIQ_Q": 878.8,
      "annual_PE_Q": 334.5
    }
  },
  "months": {
    "2024-01": {
      "monthly_PRENEI_Q": 3.8000000000000003,
      "monthly_PRELIQ_Q": 59.3,
      "monthly_PE_Q": 51.599999999999994
    },
    "2024-02": {
      "monthly_PRENEI_Q": 0.0,
      "monthly_PRELIQ_Q": 90.5,
      "monthly_PE_Q": 75.2
    },
    "2024-03": {
      "monthly_PRENEI_Q": 0.0,
      "monthly_PRELIQ_Q": 68.9,
      "monthly_PE_Q": 34.0
    },
    "2024-04": {
      "monthly_PRENEI_Q": 0.0,
      "monthly_PRELIQ_Q": 58.699999999999996,
      "monthly_PE_Q": 0.6000000000000001
    },
    "2024-05": {
      "monthly_PRENEI_Q": 0.0,
      "monthly_PRELIQ_Q": 79.7,
      "monthly_PE_Q": 4.700000000000001
    },
    "2024-06": {
      "monthly_PRENEI_Q": 0.0,
      "monthly_PRELIQ_Q": 69.3,
      "monthly_PE_Q": -19.3
    },
    "2024-07": {
      "monthly_PRENEI_Q": 0.0,
      "monthly_PRELIQ_Q": 94.2,
      "monthly_PE_Q": 6.500000000000002
    },
    "2024-08": {
      "monthly_PRENEI_Q": 0.0,
      "monthly_PRELIQ_Q": 85.1,
      "monthly_PE_Q": 6.1999999999999975
    },
    "2024-09": {
      "monthly_PRENEI_Q": 0.0,
      "monthly_PRELIQ_Q": 81.0,
      "monthly_PE_Q": 33.099999999999994
    },
    "2024-10": {
      "monthly_PRENEI_Q": 0.0,
      "monthly_PRELIQ_Q": 86.0,
      "monthly_PE_Q": 56.4
    },
    "2024-11": {
      "monthly_PRENEI_Q": 2.4,
      "monthly_PRELIQ_Q": 48.5,
      "monthly_PE_Q": 35.7
    },
    "2024-12": {
      "monthly_PRENEI_Q": 0.3,
      "monthly_PRELIQ_Q": 57.6,
      "monthly_PE_Q": 49.8
    }
  }
}