{
  "years": {
    "2024": {
      "annual_PRENEI_Q": 14.499999999999998,
      "annual_PRELIQ_Q": 899.4,
      "annual_PE_Q": 364.8
    }
  },
  "months": {
    "2024-01": {
      "monthly_PRENEI_Q": 13.099999999999998,
      "monthly_PRELIQ_Q": 48.7,
      "monthly_PE_Q": 53.300000000000004
    },
    "2024-02": {
      "monthly_PRENEI_Q": 0.0,
      "monthly_PRELIQ_Q": 91.4,
      "monthly_PE_Q": 74.0
    },
    "2024-03": {
      "monthly_PRENEI_Q": 0.1,
      "monthly_PRELIQ_Q": 65.4,
      "monthly_PE_Q": 30.2
    },
    "2024-04": {
      "monthly_PRENEI_Q": 0.8999999999999999,
      "monthly_PRELIQ_Q": 66.0,
      "monthly_PE_Q": 15.0
    },
    "2024-05": {
      "monthly_PRENEI_Q": 0.0,
      "monthly_PRELIQ_Q": 88.3,
      "monthly_PE_Q": 19.599999999999998
    },
    "2024-06": {
      "monthly_PRENEI_Q": 0.0,
      "monthly_PRELIQ_Q": 62.9,
      "monthly_PE_Q": -27.6
    },
    "2024-07": {
      "monthly_PRENEI_Q": 0.0,
      "monthly_PRELIQ_Q": 108.8,
      "monthly_PE_Q": 15.8
    },
    "2024-08": {
      "monthly_PRENEI_Q": 0.0,
      "monthly_PRELIQ_Q": 59.6,
      "monthly_PE_Q": -16.0
    },
    "2024-09": {
      "monthly_PRENEI_Q": 0.0,
      "monthly_PRELIQ_Q": 107.5,
      "monthly_PE_Q": 59.1
    },
    "2024-10": {
      "monthly_PRENEI_Q": 0.0,
      "monthly_PRELIQ_Q": 89.8,
      "monthly_PE_Q": 54.699999999999996
    },
    "2024-11": {
      "monthly_PRENEI_Q": 0.30000000000000004,
      "monthly_PRELIQ_Q": 44.2,
      "monthly_PE_Q": 27.599999999999998
    },
    "2024-12": {
      "monthly_PRENEI_Q": 0.1,
      "monthly_PRELIQ_Q": 66.8,
      "monthly_PE_Q": 59.099999999999994
    }
  }
}