{
  "years": {
    "2024": {
      "annual_PRENEI_Q": 46.1,
      "annual_PRELIQ_Q": 1555.3,
      "annual_PE_Q": 875.3
    }
  },
  "months": {
    "2024-01": {
      "monthly_PRENEI_Q": 10.200000000000001,
      "monthly_PRELIQ_Q": 18.0,
      "monthly_PE_Q": 11.999999999999998
    },
    "2024-02": {
      "monthly_PRENEI_Q": 0.0,
      "monthly_PRELIQ_Q": 142.3,
      "monthly_PE_Q": 111.8
    },
    "2024-03": {
      "monthly_PRENEI_Q": 33.4,
      "monthly_PRELIQ_Q": 395.7,
      "monthly_PE_Q": 373.5
    },
    "2024-04": {
      "monthly_PRENEI_Q": 0.0,
      "monthly_PRELIQ_Q": 120.3,
      "monthly_PE_Q": 44.2
    },
    "2024-05": {
      "monthly_PRENEI_Q": 0.0,
      "monthly_PRELIQ_Q": 154.79999999999998,
      "monthly_PE_Q": 61.800000000000004
    },
    "2024-06": {
      "monthly_PRENEI_Q": 0.0,
      "monthly_PRELIQ_Q": 82.5,
      "monthly_PE_Q": -34.9
    },
    "2024-07": {
      "monthly_PRENEI_Q": 0.0,
      "monthly_PRELIQ_Q": 53.6,
      "monthly_PE_Q": -60.1
    },
    "2024-08": {
      "monthly_PRENEI_Q": 0.0,
      "monthly_PRELIQ_Q": 20.0,
      "monthly_PE_Q": -40.9
    },
    "2024-09": {
      "monthly_PRENEI_Q": 0.0,
      "monthly_PRELIQ_Q": 172.2,
      "monthly_PE_Q": 108.49999999999999
    },
    "2024-10": {
      "monthly_PRENEI_Q": 0.0,
      "monthly_PRELIQ_Q": 299.7,
      "monthly_PE_Q": 248.6
    },
    "2024-11": {
      "monthly_PRENEI_Q": 0.1,
      "monthly_PRELIQ_Q": 60.1,
      "monthly_PE_Q": 30.599999999999998
    },
    "2024-12": {
      "monthly_PRENEI_Q": 2.4,
      "monthly_PRELIQ_Q": 36.1,
      "monthly_PE_Q": 20.200000000000003
    }
  }
}