{
  "years": {
    "2024": {
      "annual_PRENEI_Q": 204.5,
      "annual_PRELIQ_Q": 1747.9,
      "annual_PE_Q": 1232.2
    }
  },
  "months": {
    "2024-01": {
      "monthly_PRENEI_Q": 15.2,
      "monthly_PRELIQ_Q": 21.8,
      "monthly_PE_Q": 20.7
    },
    "2024-02": {
      "monthly_PRENEI_Q": 4.1,
      "monthly_PRELIQ_Q": 102.4,
      "monthly_PE_Q": 75.5
    },
    "2024-03": {
      "monthly_PRENEI_Q": 146.2,
      "monthly_PRELIQ_Q": 337.09999999999997,
      "monthly_PE_Q": 440.3
    },
    "2024-04": {
      "monthly_PRENEI_Q": 6.6,
      "monthly_PRELIQ_Q": 153.7,
      "monthly_PE_Q": 86.5
    },
    "2024-05": {
      "monthly_PRENEI_Q": 0.30000000000000004,
      "monthly_PRELIQ_Q": 151.29999999999998,
      "monthly_PE_Q": 59.4
    },
    "2024-06": {
      "monthly_PRENEI_Q": 0.0,
      "monthly_PRELIQ_Q": 109.6,
      "monthly_PE_Q": -5.799999999999999
    },
    "2024-07": {
      "monthly_PRENEI_Q": 0.0,
      "monthly_PRELIQ_Q": 55.300000000000004,
      "monthly_PE_Q": -62.7
    },
    "2024-08": {
      "monthly_PRENEI_Q": 0.0,
      "monthly_PRELIQ_Q": 49.1,
      "monthly_PE_Q": -25.400000000000002
    },
    "2024-09": {
      "monthly_PRENEI_Q": 0.1,
      "monthly_PRELIQ_Q": 111.1,
      "monthly_PE_Q": 49.800000000000004
    },
    "2024-10": {
      "monthly_PRENEI_Q": 0.0,
      "monthly_PRELIQ_Q": 561.2,
      "monthly_PE_Q": 511.40000000000003
    },
    "2024-11": {
      "monthly_PRENEI_Q": 1.2,
      "monthly_PRELIQ_Q": 64.1,
      "monthly_PE_Q": 36.3
    },
    "2024-12": {
      "monthly_PRENEI_Q": 30.8,
      "monthly_PRELIQ_Q": 31.2,
      "monthly_PE_Q": 46.199999999999996
    }
  }
}