{
  "years": {
    "2024": {
      "annual_PRENEI_Q": 24.4,
      "annual_PRELIQ_Q": 1099.3,
      "annual_PE_Q": 428.1
    }
  },
  "months": {
    "2024-01": {
      "monthly_PRENEI_Q": 10.1,
      "monthly_PRELIQ_Q": 47.699999999999996,
      "monthly_PE_Q": 44.9
    },
    "2024-02": {
      "monthly_PRENEI_Q": 0.0,
      "monthly_PRELIQ_Q": 77.8,
      "monthly_PE_Q": 56.4
    },
    "2024-03": {
      "monthly_PRENEI_Q": 2.5,
      "monthly_PRELIQ_Q": 134.0,
      "monthly_PE_Q": 88.4
    },
    "2024-04": {
      "monthly_PRENEI_Q": 1.5999999999999999,
      "monthly_PRELIQ_Q": 79.4,
      "monthly_PE_Q": 7.400000000000002
    },
    "2024-05": {
      "monthly_PRENEI_Q": 0.0,
      "monthly_PRELIQ_Q": 152.5,
      "monthly_PE_Q": 68.6
    },
    "2024-06": {
      "monthly_PRENEI_Q": 0.0,
      "monthly_PRELIQ_Q": 91.9,
      "monthly_PE_Q": -10.299999999999999
    },
    "2024-07": {
      "monthly_PRENEI_Q": 0.0,
      "monthly_PRELIQ_Q": 88.0,
      "monthly_PE_Q": -36.4
    },
    "2024-08": {
      "monthly_PRENEI_Q": 0.0,
      "monthly_PRELIQ_Q": 42.7,
      "monthly_PE_Q": -44.4
    },
    "2024-09": {
      "monthly_PRENEI_Q": 0.0,
      "monthly_PRELIQ_Q": 131.2,
      "monthly_PE_Q": 68.60000000000001
    },
    "2024-10": {
      "monthly_PRENEI_Q": 0.0,
      "monthly_PRELIQ_Q": 106.89999999999999,
      "monthly_PE_Q": 64.10000000000001
    },
    "2024-11": {
      "monthly_PRENEI_Q": 0.2,
      "monthly_PRELIQ_Q": 60.699999999999996,
      "monthly_PE_Q": 39.800000000000004
    },
    "2024-12": {
      "monthly_PRENEI_Q": 10.0,
      "monthly_PRELIQ_Q": 86.5,
      "monthly_PE_Q": 81.0
    }
  }
}