{
  "years": {
    "2024": {
      "annual_PRENEI_Q": 20.1,
      "annual_PRELIQ_Q": 1084.4,
      "annual_PE_Q": 469.40000000000003
    }
  },
  "months": {
    "2024-01": {
      "monthly_PRENEI_Q": 1.7,
      "monthly_PRELIQ_Q": 64.1,
      "monthly_PE_Q": 54.699999999999996
    },
    "2024-02": {
      "monthly_PRENEI_Q": 0.0,
      "monthly_PRELIQ_Q": 78.2,
      "monthly_PE_Q": 57.800000000000004
    },
    "2024-03": {
      "monthly_PRENEI_Q": 0.0,
      "monthly_PRELIQ_Q": 153.5,
      "monthly_PE_Q": 113.0
    },
    "2024-04": {
      "monthly_PRENEI_Q": 1.7000000000000002,
      "monthly_PRELIQ_Q": 56.300000000000004,
      "monthly_PE_Q": -11.2
    },
    "2024-05": {
      "monthly_PRENEI_Q": 0.0,
      "monthly_PRELIQ_Q": 145.3,
      "monthly_PE_Q": 68.30000000000001
    },
    "2024-06": {
      "monthly_PRENEI_Q": 0.0,
      "monthly_PRELIQ_Q": 117.1,
      "monthly_PE_Q": 12.600000000000001
    },
    "2024-07": {
      "monthly_PRENEI_Q": 0.0,
      "monthly_PRELIQ_Q": 96.0,
      "monthly_PE_Q": -14.0
    },
    "2024-08": {
      "monthly_PRENEI_Q": 0.0,
      "monthly_PRELIQ_Q": 54.7,
      "monthly_PE_Q": -26.699999999999996
    },
    "2024-09": {
      "monthly_PRENEI_Q": 0.0,
      "monthly_PRELIQ_Q": 115.8,
      "monthly_PE_Q": 60.6
    },
    "2024-10": {
      "monthly_PRENEI_Q": 0.0,
      "monthly_PRELIQ_Q": 83.6,
      "monthly_PE_Q": 46.8
    },
    "2024-11": {
      "monthly_PRENEI_Q": 12.1,
      "monthly_PRELIQ_Q": 51.1,
      "monthly_PE_Q": 46.2
    },
    "2024-12": {
      "monthly_PRENEI_Q": 4.6,
      "monthly_PRELIQ_Q": 68.7,
      "monthly_PE_Q": 61.3
    }
  }
}