{
  "years": {
    "2024": {
      "annual_PRENEI_Q": 11.6,
      "annual_PRELIQ_Q": 1113.6,
      "annual_PE_Q": 416.3
    }
  },
  "months": {
    "2024-01": {
      "monthly_PRENEI_Q": 0.6000000000000001,
      "monthly_PRELIQ_Q": 56.7,
      "monthly_PE_Q": 43.1
    },
    "2024-02": {
      "monthly_PRENEI_Q": 0.0,
      "monthly_PRELIQ_Q": 84.5,
      "monthly_PE_Q": 60.8
    },
    "2024-03": {
      "monthly_PRENEI_Q": 0.0,
      "monthly_PRELIQ_Q": 165.5,
      "monthly_PE_Q": 122.60000000000001
    },
    "2024-04": {
      "monthly_PRENEI_Q": 0.0,
      "monthly_PRELIQ_Q": 54.300000000000004,
      "monthly_PE_Q": -17.7
    },
    "2024-05": {
      "monthly_PRENEI_Q": 0.0,
      "monthly_PRELIQ_Q": 137.2,
      "monthly_PE_Q": 56.2
    },
    "2024-06": {
      "monthly_PRENEI_Q": 0.0,
      "monthly_PRELIQ_Q": 149.5,
      "monthly_PE_Q": 32.9
    },
    "2024-07": {
      "monthly_PRENEI_Q": 0.0,
      "monthly_PRELIQ_Q": 107.8,
      "monthly_PE_Q": -14.099999999999998
    },
    "2024-08": {
      "monthly_PRENEI_Q": 0.0,
      "monthly_PRELIQ_Q": 48.7,
      "monthly_PE_Q": -58.5
    },
    "2024-09": {
      "monthly_PRENEI_Q": 0.0,
      "monthly_PRELIQ_Q": 112.39999999999999,
      "monthly_PE_Q": 53.0
    },
    "2024-10": {
      "monthly_PRENEI_Q": 0.0,
      "monthly_PRELIQ_Q": 77.2,
      "monthly_PE_Q": 39.1
    },
    "2024-11": {
      "monthly_PRENEI_Q": 9.5,
      "monthly_PRELIQ_Q": 53.800000000000004,
      "monthly_PE_Q": 45.199999999999996
    },
    "2024-12": {
      "monthly_PRENEI_Q": 1.5,
      "monthly_PRELIQ_Q": 66.0,
      "monthly_PE_Q": 53.699999999999996
    }
  }
}