{
  "years": {
    "2024": {
      "annual_PRENEI_Q": 7.7,
      "annual_PRELIQ_Q": 994.3,
      "annual_PE_Q": 340.2
    }
  },
  "months": {
    "2024-01": {
      "monthly_PRENEI_Q": 2.9,
      "monthly_PRELIQ_Q": 60.7,
      "monthly_PE_Q": 48.6
    },
    "2024-02": {
      "monthly_PRENEI_Q": 0.0,
      "monthly_PRELIQ_Q": 100.4,
      "monthly_PE_Q": 78.4
    },
    "2024-03": {
      "monthly_PRENEI_Q": 0.0,
      "monthly_PRELIQ_Q": 105.9,
      "monthly_PE_Q": 64.4
    },
    "2024-04": {
      "monthly_PRENEI_Q": 0.1,
      "monthly_PRELIQ_Q": 54.0,
      "monthly_PE_Q": -11.700000000000001
    },
    "2024-05": {
      "monthly_PRENEI_Q": 0.0,
      "monthly_PRELIQ_Q": 125.69999999999999,
      "monthly_PE_Q": 44.8
    },
    "2024-06": {
      "monthly_PRENEI_Q": 0.0,
      "monthly_PRELIQ_Q": 105.39999999999999,
      "monthly_PE_Q": 3.000000000000002
    },
    "2024-07": {
      "monthly_PRENEI_Q": 0.0,
      "monthly_PRELIQ_Q": 104.89999999999999,
      "monthly_PE_Q": -5.4999999999999964
    },
    "2024-08": {
      "monthly_PRENEI_Q": 0.0,
      "monthly_PRELIQ_Q": 63.6,
      "monthly_PE_Q": -39.8
    },
    "2024-09": {
      "monthly_PRENEI_Q": 0.0,
      "monthly_PRELIQ_Q": 79.1,
      "monthly_PE_Q": 26.6
    },
    "2024-10": {
      "monthly_PRENEI_Q": 0.0,
      "monthly_PRELIQ_Q": 67.5,
      "monthly_PE_Q": 33.3
    },
    "2024-11": {
      "monthly_PRENEI_Q": 4.1,
      "monthly_PRELIQ_Q": 66.0,
      "monthly_PE_Q": 50.5
    },
    "2024-12": {
      "monthly_PRENEI_Q": 0.6000000000000001,
      "monthly_PRELIQ_Q": 61.1,
      "monthly_PE_Q": 47.599999999999994
    }
  }
}