{
  "years": {
    "2024": {
      "annual_PRENEI_Q": 7.9,
      "annual_PRELIQ_Q": 1009.8,
      "annual_PE_Q": 402.2
    }
  },
  "months": {
    "2024-01": {
      "monthly_PRENEI_Q": 3.3000000000000003,
      "monthly_PRELIQ_Q": 74.6,
      "monthly_PE_Q": 67.3
    },
    "2024-02": {
      "monthly_PRENEI_Q": 0.1,
      "monthly_PRELIQ_Q": 103.89999999999999,
      "monthly_PE_Q": 90.4
    },
    "2024-03": {
      "monthly_PRENEI_Q": 0.1,
      "monthly_PRELIQ_Q": 86.4,
      "monthly_PE_Q": 53.400000000000006
    },
    "2024-04": {
      "monthly_PRENEI_Q": 0.6000000000000001,
      "monthly_PRELIQ_Q": 53.5,
      "monthly_PE_Q": -5.799999999999999
    },
    "2024-05": {
      "monthly_PRENEI_Q": 0.0,
      "monthly_PRELIQ_Q": 112.7,
      "monthly_PE_Q": 29.9
    },
    "2024-06": {
      "monthly_PRENEI_Q": 0.0,
      "monthly_PRELIQ_Q": 95.9,
      "monthly_PE_Q": -0.40000000000000147
    },
    "2024-07": {
      "monthly_PRENEI_Q": 0.0,
      "monthly_PRELIQ_Q": 108.1,
      "monthly_PE_Q": 6.700000000000001
    },
    "2024-08": {
      "monthly_PRENEI_Q": 0.0,
      "monthly_PRELIQ_Q": 74.8,
      "monthly_PE_Q": -30.2
    },
    "2024-09": {
      "monthly_PRENEI_Q": 0.0,
      "monthly_PRELIQ_Q": 95.9,
      "monthly_PE_Q": 46.5
    },
    "2024-10": {
      "monthly_PRENEI_Q": 0.0,
      "monthly_PRELIQ_Q": 74.4,
      "monthly_PE_Q": 41.0
    },
    "2024-11": {
      "monthly_PRENEI_Q": 1.9000000000000001,
      "monthly_PRELIQ_Q": 58.4,
      "monthly_PE_Q": 41.9
    },
    "2024-12": {
      "monthly_PRENEI_Q": 1.9,
      "monthly_PRELIQ_Q": 71.2,
      "monthly_PE_Q": 61.5
    }
  }
}