{
  "years": {
    "2024": {
      "annual_PRENEI_Q": 7.3999999999999995,
      "annual_PRELIQ_Q": 909.1,
      "annual_PE_Q": 312.3
    }
  },
  "months": {
    "2024-01": {
      "monthly_PRENEI_Q": 5.3,
      "monthly_PRELIQ_Q": 64.39999999999999,
      "monthly_PE_Q": 59.6
    },
    "2024-02": {
      "monthly_PRENEI_Q": 0.0,
      "monthly_PRELIQ_Q": 85.8,
      "monthly_PE_Q": 73.0
    },
    "2024-03": {
      "monthly_PRENEI_Q": 0.0,
      "monthly_PRELIQ_Q": 70.6,
      "monthly_PE_Q": 38.1
    },
    "2024-04": {
      "monthly_PRENEI_Q": 0.1,
      "monthly_PRELIQ_Q": 44.699999999999996,
      "monthly_PE_Q": -14.5
    },
    "2024-05": {
      "monthly_PRENEI_Q": 0.0,
      "monthly_PRELIQ_Q": 100.2,
      "monthly_PE_Q": 18.6
    },
    "2024-06": {
      "monthly_PRENEI_Q": 0.0,
      "monthly_PRELIQ_Q": 79.6,
      "monthly_PE_Q": -17.500000000000004
    },
    "2024-07": {
      "monthly_PRENEI_Q": 0.0,
      "monthly_PRELIQ_Q": 91.7,
      "monthly_PE_Q": -9.799999999999999
    },
    "2024-08": {
      "monthly_PRENEI_Q": 0.0,
      "monthly_PRELIQ_Q": 73.7,
      "monthly_PE_Q": -25.1
    },
    "2024-09": {
      "monthly_PRENEI_Q": 0.0,
      "monthly_PRELIQ_Q": 103.7,
      "monthly_PE_Q": 54.800000000000004
    },
    "2024-10": {
      "monthly_PRENEI_Q": 0.0,
      "monthly_PRELIQ_Q": 83.7,
      "monthly_PE_Q": 51.599999999999994
    },
    "2024-11": {
      "monthly_PRENEI_Q": 1.4000000000000001,
      "monthly_PRELIQ_Q": 52.199999999999996,
      "monthly_PE_Q": 35.0
    },
    "2024-12": {
      "monthly_PRENEI_Q": 0.6,
      "monthly_PRELIQ_Q": 58.800000000000004,
      "monthly_PE_Q": 48.5
    }
  }
}