{
  "years": {
    "2024": {
      "annual_PRENEI_Q": 1.4000000000000001,
      "annual_PRELIQ_Q": 1329.7,
      "annual_PE_Q": 702.1
    }
  },
  "months": {
    "2024-01": {
      "monthly_PRENEI_Q": 1.4000000000000001,
      "monthly_PRELIQ_Q": 49.2,
      "monthly_PE_Q": 32.800000000000004
    },
    "2024-02": {
      "monthly_PRENEI_Q": 0.0,
      "monthly_PRELIQ_Q": 176.4,
      "monthly_PE_Q": 145.4
    },
    "2024-03": {
      "monthly_PRENEI_Q": 0.0,
      "monthly_PRELIQ_Q": 176.5,
      "monthly_PE_Q": 121.39999999999999
    },
    "2024-04": {
      "monthly_PRENEI_Q": 0.0,
      "monthly_PRELIQ_Q": 75.3,
      "monthly_PE_Q": 4.800000000000002
    },
    "2024-05": {
      "monthly_PRENEI_Q": 0.0,
      "monthly_PRELIQ_Q": 138.5,
      "monthly_PE_Q": 62.699999999999996
    },
    "2024-06": {
      "monthly_PRENEI_Q": 0.0,
      "monthly_PRELIQ_Q": 97.3,
      "monthly_PE_Q": 15.3
    },
    "2024-07": {
      "monthly_PRENEI_Q": 0.0,
      "monthly_PRELIQ_Q": 38.6,
      "monthly_PE_Q": -46.9
    },
    "2024-08": {
      "monthly_PRENEI_Q": 0.0,
      "monthly_PRELIQ_Q": 60.2,
      "monthly_PE_Q": -4.2
    },
    "2024-09": {
      "monthly_PRENEI_Q": 0.0,
      "monthly_PRELIQ_Q": 189.0,
      "monthly_PE_Q": 134.5
    },
    "2024-10": {
      "monthly_PRENEI_Q": 0.0,
      "monthly_PRELIQ_Q": 153.89999999999998,
      "monthly_PE_Q": 105.7
    },
    "2024-11": {
      "monthly_PRENEI_Q": 0.0,
      "monthly_PRELIQ_Q": 74.0,
      "monthly_PE_Q": 46.6
    },
    "2024-12": {
      "monthly_PRENEI_Q": 0.0,
      "monthly_PRELIQ_Q": 100.8,
      "monthly_PE_Q": 84.0
    }
  }
}