{
  "years": {
    "2024": {
      "annual_PRENEI_Q": 7.699999999999999,
      "annual_PRELIQ_Q": 890.3,
      "annual_PE_Q": 369.7
    }
  },
  "months": {
    "2024-01": {
      "monthly_PRENEI_Q": 4.5,
      "monthly_PRELIQ_Q": 59.900000000000006,
      "monthly_PE_Q": 52.8
    },
    "2024-02": {
      "monthly_PRENEI_Q": 0.0,
      "monthly_PRELIQ_Q": 91.8,
      "monthly_PE_Q": 76.9
    },
    "2024-03": {
      "monthly_PRENEI_Q": 0.0,
      "monthly_PRELIQ_Q": 69.8,
      "monthly_PE_Q": 37.699999999999996
    },
    "2024-04": {
      "monthly_PRENEI_Q": 0.0,
      "monthly_PRELIQ_Q": 59.5,
      "monthly_PE_Q": 4.400000000000001
    },
    "2024-05": {
      "monthly_PRENEI_Q": 0.0,
      "monthly_PRELIQ_Q": 80.8,
      "monthly_PE_Q": 8.500000000000002
    },
    "2024-06": {
      "monthly_PRENEI_Q": 0.0,
      "monthly_PRELIQ_Q": 70.4,
      "monthly_PE_Q": -16.099999999999998
    },
    "2024-07": {
      "monthly_PRENEI_Q": 0.0,
      "monthly_PRELIQ_Q": 95.6,
      "monthly_PE_Q": 13.000000000000002
    },
    "2024-08": {
      "monthly_PRENEI_Q": 0.0,
      "monthly_PRELIQ_Q": 86.3,
      "monthly_PE_Q": 9.200000000000003
    },
    "2024-09": {
      "monthly_PRENEI_Q": 0.0,
      "monthly_PRELIQ_Q": 82.1,
      "monthly_PE_Q": 35.099999999999994
    },
    "2024-10": {
      "monthly_PRENEI_Q": 0.0,
      "monthly_PRELIQ_Q": 87.2,
      "monthly_PE_Q": 59.8
    },
    "2024-11": {
      "monthly_PRENEI_Q": 2.8999999999999995,
      "monthly_PRELIQ_Q": 48.5,
      "monthly_PE_Q": 36.9
    },
    "2024-12": {
      "monthly_PRENEI_Q": 0.3,
      "monthly_PRELIQ_Q": 58.4,
      "monthly_PE_Q": 51.5
    }
  }
}