{
  "years": {
    "2024": {
      "annual_PRENEI_Q": 9.9,
      "annual_PRELIQ_Q": 1080.8,
      "annual_PE_Q": 443.7
    }
  },
  "months": {
    "2024-01": {
      "monthly_PRENEI_Q": 8.3,
      "monthly_PRELIQ_Q": 102.3,
      "monthly_PE_Q": 93.30000000000001
    },
    "2024-02": {
      "monthly_PRENEI_Q": 0.0,
      "monthly_PRELIQ_Q": 130.9,
      "monthly_PE_Q": 107.39999999999999
    },
    "2024-03": {
      "monthly_PRENEI_Q": 0.0,
      "monthly_PRELIQ_Q": 71.3,
      "monthly_PE_Q": 35.7
    },
    "2024-04": {
      "monthly_PRENEI_Q": 0.6,
      "monthly_PRELIQ_Q": 64.3,
      "monthly_PE_Q": 5.8999999999999995
    },
    "2024-05": {
      "monthly_PRENEI_Q": 0.0,
      "monthly_PRELIQ_Q": 111.4,
      "monthly_PE_Q": 35.300000000000004
    },
    "2024-06": {
      "monthly_PRENEI_Q": 0.0,
      "monthly_PRELIQ_Q": 68.0,
      "monthly_PE_Q": -33.699999999999996
    },
    "2024-07": {
      "monthly_PRENEI_Q": 0.0,
      "monthly_PRELIQ_Q": 99.8,
      "monthly_PE_Q": -9.399999999999999
    },
    "2024-08": {
      "monthly_PRENEI_Q": 0.0,
      "monthly_PRELIQ_Q": 69.7,
      "monthly_PE_Q": -22.099999999999998
    },
    "2024-09": {
      "monthly_PRENEI_Q": 0.0,
      "monthly_PRELIQ_Q": 114.8,
      "monthly_PE_Q": 55.800000000000004
    },
    "2024-10": {
      "monthly_PRENEI_Q": 0.0,
      "monthly_PRELIQ_Q": 103.9,
      "monthly_PE_Q": 68.0
    },
    "2024-11": {
      "monthly_PRENEI_Q": 0.30000000000000004,
      "monthly_PRELIQ_Q": 61.1,
      "monthly_PE_Q": 42.199999999999996
    },
    "2024-12": {
      "monthly_PRENEI_Q": 0.7000000000000001,
      "monthly_PRELIQ_Q": 83.3,
      "monthly_PE_Q": 65.3
    }
  }
}