{
  "years": {
    "2024": {
      "annual_PRENEI_Q": 19.4,
      "annual_PRELIQ_Q": 1147.6,
      "annual_PE_Q": 560.8
    }
  },
  "months": {
    "2024-01": {
      "monthly_PRENEI_Q": 15.899999999999999,
      "monthly_PRELIQ_Q": 82.8,
      "monthly_PE_Q": 90.3
    },
    "2024-02": {
      "monthly_PRENEI_Q": 0.3,
      "monthly_PRELIQ_Q": 137.5,
      "monthly_PE_Q": 118.2
    },
    "2024-03": {
      "monthly_PRENEI_Q": 0.0,
      "monthly_PRELIQ_Q": 73.3,
      "monthly_PE_Q": 40.8
    },
    "2024-04": {
      "monthly_PRENEI_Q": 2.4,
      "monthly_PRELIQ_Q": 71.4,
      "monthly_PE_Q": 21.4
    },
    "2024-05": {
      "monthly_PRENEI_Q": 0.0,
      "monthly_PRELIQ_Q": 140.0,
      "monthly_PE_Q": 71.5
    },
    "2024-06": {
      "monthly_PRENEI_Q": 0.0,
      "monthly_PRELIQ_Q": 86.30000000000001,
      "monthly_PE_Q": -13.899999999999999
    },
    "2024-07": {
      "monthly_PRENEI_Q": 0.0,
      "monthly_PRELIQ_Q": 99.3,
      "monthly_PE_Q": -6.1000000000000005
    },
    "2024-08": {
      "monthly_PRENEI_Q": 0.0,
      "monthly_PRELIQ_Q": 69.7,
      "monthly_PE_Q": -25.400000000000002
    },
    "2024-09": {
      "monthly_PRENEI_Q": 0.0,
      "monthly_PRELIQ_Q": 122.69999999999999,
      "monthly_PE_Q": 63.800000000000004
    },
    "2024-10": {
      "monthly_PRENEI_Q": 0.0,
      "monthly_PRELIQ_Q": 116.60000000000001,
      "monthly_PE_Q": 80.5
    },
    "2024-11": {
      "monthly_PRENEI_Q": 0.6,
      "monthly_PRELIQ_Q": 60.800000000000004,
      "monthly_PE_Q": 44.699999999999996
    },
    "2024-12": {
      "monthly_PRENEI_Q": 0.2,
      "monthly_PRELIQ_Q": 87.2,
      "monthly_PE_Q": 75.0
    }
  }
}