{
  "years": {
    "2024": {
      "annual_PRENEI_Q": 33.0,
      "annual_PRELIQ_Q": 1214.5,
      "annual_PE_Q": 634.5
    }
  },
  "months": {
    "2024-01": {
      "monthly_PRENEI_Q": 21.1,
      "monthly_PRELIQ_Q": 85.0,
      "monthly_PE_Q": 97.2
    },
    "2024-02": {
      "monthly_PRENEI_Q": 2.0,
      "monthly_PRELIQ_Q": 145.1,
      "monthly_PE_Q": 125.3
    },
    "2024-03": {
      "monthly_PRENEI_Q": 0.3,
      "monthly_PRELIQ_Q": 77.8,
      "monthly_PE_Q": 46.699999999999996
    },
    "2024-04": {
      "monthly_PRENEI_Q": 5.6000000000000005,
      "monthly_PRELIQ_Q": 72.8,
      "monthly_PE_Q": 27.099999999999998
    },
    "2024-05": {
      "monthly_PRENEI_Q": 0.0,
      "monthly_PRELIQ_Q": 149.7,
      "monthly_PE_Q": 82.0
    },
    "2024-06": {
      "monthly_PRENEI_Q": 0.0,
      "monthly_PRELIQ_Q": 92.6,
      "monthly_PE_Q": -9.100000000000001
    },
    "2024-07": {
      "monthly_PRENEI_Q": 0.0,
      "monthly_PRELIQ_Q": 106.10000000000001,
      "monthly_PE_Q": -1.3999999999999968
    },
    "2024-08": {
      "monthly_PRENEI_Q": 0.0,
      "monthly_PRELIQ_Q": 74.3,
      "monthly_PE_Q": -23.1
    },
    "2024-09": {
      "monthly_PRENEI_Q": 0.0,
      "monthly_PRELIQ_Q": 131.0,
      "monthly_PE_Q": 70.60000000000001
    },
    "2024-10": {
      "monthly_PRENEI_Q": 0.0,
      "monthly_PRELIQ_Q": 125.0,
      "monthly_PE_Q": 89.8
    },
    "2024-11": {
      "monthly_PRENEI_Q": 1.0,
      "monthly_PRELIQ_Q": 64.7,
      "monthly_PE_Q": 48.800000000000004
    },
    "2024-12": {
      "monthly_PRENEI_Q": 3.0,
      "monthly_PRELIQ_Q": 90.39999999999999,
      "monthly_PE_Q": 80.6
    }
  }
}