{
  "years": {
    "2024": {
      "annual_PRENEI_Q": 1.3,
      "annual_PRELIQ_Q": 1324.0,
      "annual_PE_Q": 683.3000000000001
    }
  },
  "months": {
    "2024-01": {
      "monthly_PRENEI_Q": 1.3,
      "monthly_PRELIQ_Q": 49.2,
      "monthly_PE_Q": 32.199999999999996
    },
    "2024-02": {
      "monthly_PRENEI_Q": 0.0,
      "monthly_PRELIQ_Q": 175.7,
      "monthly_PE_Q": 144.7
    },
    "2024-03": {
      "monthly_PRENEI_Q": 0.0,
      "monthly_PRELIQ_Q": 175.79999999999998,
      "monthly_PE_Q": 119.10000000000001
    },
    "2024-04": {
      "monthly_PRENEI_Q": 0.0,
      "monthly_PRELIQ_Q": 75.0,
      "monthly_PE_Q": 1.9
    },
    "2024-05": {
      "monthly_PRENEI_Q": 0.0,
      "monthly_PRELIQ_Q": 137.7,
      "monthly_PE_Q": 59.8
    },
    "2024-06": {
      "monthly_PRENEI_Q": 0.0,
      "monthly_PRELIQ_Q": 96.60000000000001,
      "monthly_PE_Q": 12.600000000000005
    },
    "2024-07": {
      "monthly_PRENEI_Q": 0.0,
      "monthly_PRELIQ_Q": 38.6,
      "monthly_PE_Q": -48.4
    },
    "2024-08": {
      "monthly_PRENEI_Q": 0.0,
      "monthly_PRELIQ_Q": 59.7,
      "monthly_PE_Q": -5.099999999999999
    },
    "2024-09": {
      "monthly_PRENEI_Q": 0.0,
      "monthly_PRELIQ_Q": 188.3,
      "monthly_PE_Q": 132.4
    },
    "2024-10": {
      "monthly_PRENEI_Q": 0.0,
      "monthly_PRELIQ_Q": 153.20000000000002,
      "monthly_PE_Q": 104.3
    },
    "2024-11": {
      "monthly_PRENEI_Q": 0.0,
      "monthly_PRELIQ_Q": 73.80000000000001,
      "monthly_PE_Q": 45.9
    },
    "2024-12": {
      "monthly_PRENEI_Q": 0.0,
      "monthly_PRELIQ_Q": 100.4,
      "monthly_PE_Q": 83.9
    }
  }
}