{
  "years": {
    "2024": {
      "annual_PRENEI_Q": 62.00000000000001,
      "annual_PRELIQ_Q": 1314.1000000000001,
      "annual_PE_Q": 652.6
    }
  },
  "months": {
    "2024-01": {
      "monthly_PRENEI_Q": 12.1,
      "monthly_PRELIQ_Q": 20.9,
      "monthly_PE_Q": 16.900000000000002
    },
    "2024-02": {
      "monthly_PRENEI_Q": 0.1,
      "monthly_PRELIQ_Q": 85.4,
      "monthly_PE_Q": 59.6
    },
    "2024-03": {
      "monthly_PRENEI_Q": 39.7,
      "monthly_PRELIQ_Q": 284.90000000000003,
      "monthly_PE_Q": 274.3
    },
    "2024-04": {
      "monthly_PRENEI_Q": 1.1,
      "monthly_PRELIQ_Q": 94.5,
      "monthly_PE_Q": 14.8
    },
    "2024-05": {
      "monthly_PRENEI_Q": 0.0,
      "monthly_PRELIQ_Q": 175.8,
      "monthly_PE_Q": 82.39999999999999
    },
    "2024-06": {
      "monthly_PRENEI_Q": 0.0,
      "monthly_PRELIQ_Q": 98.2,
      "monthly_PE_Q": -21.5
    },
    "2024-07": {
      "monthly_PRENEI_Q": 0.0,
      "monthly_PRELIQ_Q": 60.4,
      "monthly_PE_Q": -58.4
    },
    "2024-08": {
      "monthly_PRENEI_Q": 0.0,
      "monthly_PRELIQ_Q": 35.900000000000006,
      "monthly_PE_Q": -36.4
    },
    "2024-09": {
      "monthly_PRENEI_Q": 0.0,
      "monthly_PRELIQ_Q": 144.5,
      "monthly_PE_Q": 83.50000000000001
    },
    "2024-10": {
      "monthly_PRENEI_Q": 0.0,
      "monthly_PRELIQ_Q": 252.5,
      "monthly_PE_Q": 206.4
    },
    "2024-11": {
      "monthly_PRENEI_Q": 0.2,
      "monthly_PRELIQ_Q": 30.700000000000003,
      "monthly_PE_Q": 8.2
    },
    "2024-12": {
      "monthly_PRENEI_Q": 8.799999999999999,
      "monthly_PRELIQ_Q": 30.4,
      "monthly_PE_Q": 22.799999999999997
    }
  }
}