{
  "years": {
    "2024": {
      "annual_PRENEI_Q": 49.199999999999996,
      "annual_PRELIQ_Q": 1289.6,
      "annual_PE_Q": 623.8
    }
  },
  "months": {
    "2024-01": {
      "monthly_PRENEI_Q": 10.4,
      "monthly_PRELIQ_Q": 22.0,
      "monthly_PE_Q": 16.0
    },
    "2024-02": {
      "monthly_PRENEI_Q": 0.0,
      "monthly_PRELIQ_Q": 83.1,
      "monthly_PE_Q": 56.199999999999996
    },
    "2024-03": {
      "monthly_PRENEI_Q": 33.7,
      "monthly_PRELIQ_Q": 281.9,
      "monthly_PE_Q": 261.79999999999995
    },
    "2024-04": {
      "monthly_PRENEI_Q": 0.0,
      "monthly_PRELIQ_Q": 93.30000000000001,
      "monthly_PE_Q": 10.400000000000002
    },
    "2024-05": {
      "monthly_PRENEI_Q": 0.0,
      "monthly_PRELIQ_Q": 170.79999999999998,
      "monthly_PE_Q": 77.39999999999999
    },
    "2024-06": {
      "monthly_PRENEI_Q": 0.0,
      "monthly_PRELIQ_Q": 95.7,
      "monthly_PE_Q": -25.200000000000003
    },
    "2024-07": {
      "monthly_PRENEI_Q": 0.0,
      "monthly_PRELIQ_Q": 58.599999999999994,
      "monthly_PE_Q": -52.5
    },
    "2024-08": {
      "monthly_PRENEI_Q": 0.0,
      "monthly_PRELIQ_Q": 34.800000000000004,
      "monthly_PE_Q": -28.5
    },
    "2024-09": {
      "monthly_PRENEI_Q": 0.0,
      "monthly_PRELIQ_Q": 140.6,
      "monthly_PE_Q": 79.3
    },
    "2024-10": {
      "monthly_PRENEI_Q": 0.0,
      "monthly_PRELIQ_Q": 245.4,
      "monthly_PE_Q": 199.4
    },
    "2024-11": {
      "monthly_PRENEI_Q": 0.0,
      "monthly_PRELIQ_Q": 30.3,
      "monthly_PE_Q": 7.7
    },
    "2024-12": {
      "monthly_PRENEI_Q": 5.1,
      "monthly_PRELIQ_Q": 33.1,
      "monthly_PE_Q": 21.8
    }
  }
}