{
  "years": {
    "2024": {
      "annual_PRENEI_Q": 44.0,
      "annual_PRELIQ_Q": 1279.2,
      "annual_PE_Q": 619.1
    }
  },
  "months": {
    "2024-01": {
      "monthly_PRENEI_Q": 9.4,
      "monthly_PRELIQ_Q": 22.7,
      "monthly_PE_Q": 16.0
    },
    "2024-02": {
      "monthly_PRENEI_Q": 0.0,
      "monthly_PRELIQ_Q": 82.2,
      "monthly_PE_Q": 55.300000000000004
    },
    "2024-03": {
      "monthly_PRENEI_Q": 30.0,
      "monthly_PRELIQ_Q": 281.7,
      "monthly_PE_Q": 257.1
    },
    "2024-04": {
      "monthly_PRENEI_Q": 0.0,
      "monthly_PRELIQ_Q": 92.30000000000001,
      "monthly_PE_Q": 10.899999999999999
    },
    "2024-05": {
      "monthly_PRENEI_Q": 0.0,
      "monthly_PRELIQ_Q": 169.0,
      "monthly_PE_Q": 73.8
    },
    "2024-06": {
      "monthly_PRENEI_Q": 0.0,
      "monthly_PRELIQ_Q": 94.3,
      "monthly_PE_Q": -24.5
    },
    "2024-07": {
      "monthly_PRENEI_Q": 0.0,
      "monthly_PRELIQ_Q": 58.0,
      "monthly_PE_Q": -48.400000000000006
    },
    "2024-08": {
      "monthly_PRENEI_Q": 0.0,
      "monthly_PRELIQ_Q": 34.400000000000006,
      "monthly_PE_Q": -24.3
    },
    "2024-09": {
      "monthly_PRENEI_Q": 0.0,
      "monthly_PRELIQ_Q": 139.0,
      "monthly_PE_Q": 77.6
    },
    "2024-10": {
      "monthly_PRENEI_Q": 0.0,
      "monthly_PRELIQ_Q": 242.4,
      "monthly_PE_Q": 196.60000000000002
    },
    "2024-11": {
      "monthly_PRENEI_Q": 0.0,
      "monthly_PRELIQ_Q": 29.900000000000002,
      "monthly_PE_Q": 7.699999999999999
    },
    "2024-12": {
      "monthly_PRENEI_Q": 4.6,
      "monthly_PRELIQ_Q": 33.3,
      "monthly_PE_Q": 21.3
    }
  }
}