{
  "years": {
    "2024": {
      "annual_PRENEI_Q": 34.800000000000004,
      "annual_PRELIQ_Q": 1008.3,
      "annual_PE_Q": 472.40000000000003
    }
  },
  "months": {
    "2024-01": {
      "monthly_PRENEI_Q": 9.9,
      "monthly_PRELIQ_Q": 38.5,
      "monthly_PE_Q": 38.0
    },
    "2024-02": {
      "monthly_PRENEI_Q": 0.0,
      "monthly_PRELIQ_Q": 43.0,
      "monthly_PE_Q": 27.099999999999998
    },
    "2024-03": {
      "monthly_PRENEI_Q": 17.700000000000003,
      "monthly_PRELIQ_Q": 140.6,
      "monthly_PE_Q": 112.5
    },
    "2024-04": {
      "monthly_PRENEI_Q": 0.1,
      "monthly_PRELIQ_Q": 110.2,
      "monthly_PE_Q": 44.3
    },
    "2024-05": {
      "monthly_PRENEI_Q": 0.0,
      "monthly_PRELIQ_Q": 103.5,
      "monthly_PE_Q": 31.500000000000004
    },
    "2024-06": {
      "monthly_PRENEI_Q": 0.0,
      "monthly_PRELIQ_Q": 71.5,
      "monthly_PE_Q": -28.2
    },
    "2024-07": {
      "monthly_PRENEI_Q": 0.0,
      "monthly_PRELIQ_Q": 46.699999999999996,
      "monthly_PE_Q": -45.199999999999996
    },
    "2024-08": {
      "monthly_PRENEI_Q": 0.0,
      "monthly_PRELIQ_Q": 38.5,
      "monthly_PE_Q": -23.1
    },
    "2024-09": {
      "monthly_PRENEI_Q": 0.0,
      "monthly_PRELIQ_Q": 91.2,
      "monthly_PE_Q": 43.3
    },
    "2024-10": {
      "monthly_PRENEI_Q": 0.0,
      "monthly_PRELIQ_Q": 242.79999999999998,
      "monthly_PE_Q": 209.29999999999998
    },
    "2024-11": {
      "monthly_PRENEI_Q": 0.0,
      "monthly_PRELIQ_Q": 32.4,
      "monthly_PE_Q": 15.0
    },
    "2024-12": {
      "monthly_PRENEI_Q": 7.1,
      "monthly_PRELIQ_Q": 49.4,
      "monthly_PE_Q": 47.9
    }
  }
}