{
  "years": {
    "2024": {
      "annual_PRENEI_Q": 41.099999999999994,
      "annual_PRELIQ_Q": 1041.3,
      "annual_PE_Q": 477.2
    }
  },
  "months": {
    "2024-01": {
      "monthly_PRENEI_Q": 7.1,
      "monthly_PRELIQ_Q": 48.2,
      "monthly_PE_Q": 46.4
    },
    "2024-02": {
      "monthly_PRENEI_Q": 0.0,
      "monthly_PRELIQ_Q": 70.2,
      "monthly_PE_Q": 52.699999999999996
    },
    "2024-03": {
      "monthly_PRENEI_Q": 2.0,
      "monthly_PRELIQ_Q": 178.0,
      "monthly_PE_Q": 145.2
    },
    "2024-04": {
      "monthly_PRENEI_Q": 2.0,
      "monthly_PRELIQ_Q": 52.1,
      "monthly_PE_Q": -8.100000000000001
    },
    "2024-05": {
      "monthly_PRENEI_Q": 0.0,
      "monthly_PRELIQ_Q": 113.6,
      "monthly_PE_Q": 39.300000000000004
    },
    "2024-06": {
      "monthly_PRENEI_Q": 0.0,
      "monthly_PRELIQ_Q": 88.89999999999999,
      "monthly_PE_Q": -4.099999999999999
    },
    "2024-07": {
      "monthly_PRENEI_Q": 0.0,
      "monthly_PRELIQ_Q": 65.2,
      "monthly_PE_Q": -37.300000000000004
    },
    "2024-08": {
      "monthly_PRENEI_Q": 0.0,
      "monthly_PRELIQ_Q": 102.8,
      "monthly_PE_Q": 0.6000000000000014
    },
    "2024-09": {
      "monthly_PRENEI_Q": 0.0,
      "monthly_PRELIQ_Q": 115.2,
      "monthly_PE_Q": 61.4
    },
    "2024-10": {
      "monthly_PRENEI_Q": 0.0,
      "monthly_PRELIQ_Q": 125.2,
      "monthly_PE_Q": 93.8
    },
    "2024-11": {
      "monthly_PRENEI_Q": 22.2,
      "monthly_PRELIQ_Q": 35.7,
      "monthly_PE_Q": 43.5
    },
    "2024-12": {
      "monthly_PRENEI_Q": 7.8,
      "monthly_PRELIQ_Q": 46.2,
      "monthly_PE_Q": 43.8
    }
  }
}