{
  "years": {
    "2024": {
      "annual_PRENEI_Q": 41.9,
      "annual_PRELIQ_Q": 1044.7,
      "annual_PE_Q": 472.0
    }
  },
  "months": {
    "2024-01": {
      "monthly_PRENEI_Q": 7.0,
      "monthly_PRELIQ_Q": 48.6,
      "monthly_PE_Q": 45.199999999999996
    },
    "2024-02": {
      "monthly_PRENEI_Q": 0.0,
      "monthly_PRELIQ_Q": 70.4,
      "monthly_PE_Q": 53.0
    },
    "2024-03": {
      "monthly_PRENEI_Q": 2.1,
      "monthly_PRELIQ_Q": 178.5,
      "monthly_PE_Q": 146.6
    },
    "2024-04": {
      "monthly_PRENEI_Q": 2.1,
      "monthly_PRELIQ_Q": 52.4,
      "monthly_PE_Q": -6.700000000000001
    },
    "2024-05": {
      "monthly_PRENEI_Q": 0.0,
      "monthly_PRELIQ_Q": 113.8,
      "monthly_PE_Q": 39.300000000000004
    },
    "2024-06": {
      "monthly_PRENEI_Q": 0.0,
      "monthly_PRELIQ_Q": 89.4,
      "monthly_PE_Q": -4.300000000000001
    },
    "2024-07": {
      "monthly_PRENEI_Q": 0.0,
      "monthly_PRELIQ_Q": 65.39999999999999,
      "monthly_PE_Q": -40.699999999999996
    },
    "2024-08": {
      "monthly_PRENEI_Q": 0.0,
      "monthly_PRELIQ_Q": 103.3,
      "monthly_PE_Q": -4.299999999999997
    },
    "2024-09": {
      "monthly_PRENEI_Q": 0.0,
      "monthly_PRELIQ_Q": 115.5,
      "monthly_PE_Q": 61.699999999999996
    },
    "2024-10": {
      "monthly_PRENEI_Q": 0.0,
      "monthly_PRELIQ_Q": 125.69999999999999,
      "monthly_PE_Q": 95.1
    },
    "2024-11": {
      "monthly_PRENEI_Q": 22.3,
      "monthly_PRELIQ_Q": 35.7,
      "monthly_PE_Q": 43.5
    },
    "2024-12": {
      "monthly_PRENEI_Q": 8.4,
      "monthly_PRELIQ_Q": 46.0,
      "monthly_PE_Q": 43.6
    }
  }
}