{
  "years": {
    "2024": {
      "annual_PRENEI_Q": 12.2,
      "annual_PRELIQ_Q": 1120.4,
      "annual_PE_Q": 449.1
    }
  },
  "months": {
    "2024-01": {
      "monthly_PRENEI_Q": 0.6000000000000001,
      "monthly_PRELIQ_Q": 57.0,
      "monthly_PE_Q": 44.6
    },
    "2024-02": {
      "monthly_PRENEI_Q": 0.0,
      "monthly_PRELIQ_Q": 84.89999999999999,
      "monthly_PE_Q": 61.800000000000004
    },
    "2024-03": {
      "monthly_PRENEI_Q": 0.0,
      "monthly_PRELIQ_Q": 166.5,
      "monthly_PE_Q": 124.1
    },
    "2024-04": {
      "monthly_PRENEI_Q": 0.0,
      "monthly_PRELIQ_Q": 54.7,
      "monthly_PE_Q": -15.899999999999999
    },
    "2024-05": {
      "monthly_PRENEI_Q": 0.0,
      "monthly_PRELIQ_Q": 138.4,
      "monthly_PE_Q": 60.7
    },
    "2024-06": {
      "monthly_PRENEI_Q": 0.0,
      "monthly_PRELIQ_Q": 150.5,
      "monthly_PE_Q": 38.39999999999999
    },
    "2024-07": {
      "monthly_PRENEI_Q": 0.0,
      "monthly_PRELIQ_Q": 108.4,
      "monthly_PE_Q": -7.4999999999999964
    },
    "2024-08": {
      "monthly_PRENEI_Q": 0.0,
      "monthly_PRELIQ_Q": 48.9,
      "monthly_PE_Q": -49.4
    },
    "2024-09": {
      "monthly_PRENEI_Q": 0.0,
      "monthly_PRELIQ_Q": 113.3,
      "monthly_PE_Q": 54.4
    },
    "2024-10": {
      "monthly_PRENEI_Q": 0.0,
      "monthly_PRELIQ_Q": 77.8,
      "monthly_PE_Q": 38.599999999999994
    },
    "2024-11": {
      "monthly_PRENEI_Q": 10.0,
      "monthly_PRELIQ_Q": 53.8,
      "monthly_PE_Q": 44.800000000000004
    },
    "2024-12": {
      "monthly_PRENEI_Q": 1.6,
      "monthly_PRELIQ_Q": 66.2,
      "monthly_PE_Q": 54.5
    }
  }
}