{
  "years": {
    "2024": {
      "annual_PRENEI_Q": 17.900000000000002,
      "annual_PRELIQ_Q": 1128.8,
      "annual_PE_Q": 495.2
    }
  },
  "months": {
    "2024-01": {
      "monthly_PRENEI_Q": 2.6,
      "monthly_PRELIQ_Q": 78.5,
      "monthly_PE_Q": 69.8
    },
    "2024-02": {
      "monthly_PRENEI_Q": 0.0,
      "monthly_PRELIQ_Q": 90.8,
      "monthly_PE_Q": 68.9
    },
    "2024-03": {
      "monthly_PRENEI_Q": 0.1,
      "monthly_PRELIQ_Q": 118.0,
      "monthly_PE_Q": 81.69999999999999
    },
    "2024-04": {
      "monthly_PRENEI_Q": 1.7,
      "monthly_PRELIQ_Q": 55.1,
      "monthly_PE_Q": -8.299999999999999
    },
    "2024-05": {
      "monthly_PRENEI_Q": 0.0,
      "monthly_PRELIQ_Q": 164.8,
      "monthly_PE_Q": 88.2
    },
    "2024-06": {
      "monthly_PRENEI_Q": 0.0,
      "monthly_PRELIQ_Q": 168.5,
      "monthly_PE_Q": 60.5
    },
    "2024-07": {
      "monthly_PRENEI_Q": 0.0,
      "monthly_PRELIQ_Q": 71.9,
      "monthly_PE_Q": -36.9
    },
    "2024-08": {
      "monthly_PRENEI_Q": 0.0,
      "monthly_PRELIQ_Q": 75.89999999999999,
      "monthly_PE_Q": -28.300000000000004
    },
    "2024-09": {
      "monthly_PRENEI_Q": 0.0,
      "monthly_PRELIQ_Q": 86.9,
      "monthly_PE_Q": 34.8
    },
    "2024-10": {
      "monthly_PRENEI_Q": 0.0,
      "monthly_PRELIQ_Q": 72.10000000000001,
      "monthly_PE_Q": 34.1
    },
    "2024-11": {
      "monthly_PRENEI_Q": 10.600000000000001,
      "monthly_PRELIQ_Q": 60.9,
      "monthly_PE_Q": 55.0
    },
    "2024-12": {
      "monthly_PRENEI_Q": 2.9000000000000004,
      "monthly_PRELIQ_Q": 85.4,
      "monthly_PE_Q": 75.7
    }
  }
}