{
  "years": {
    "2024": {
      "annual_PRENEI_Q": 8.1,
      "annual_PRELIQ_Q": 911.8,
      "annual_PE_Q": 330.5
    }
  },
  "months": {
    "2024-01": {
      "monthly_PRENEI_Q": 5.6,
      "monthly_PRELIQ_Q": 64.4,
      "monthly_PE_Q": 58.4
    },
    "2024-02": {
      "monthly_PRENEI_Q": 0.0,
      "monthly_PRELIQ_Q": 86.10000000000001,
      "monthly_PE_Q": 72.7
    },
    "2024-03": {
      "monthly_PRENEI_Q": 0.1,
      "monthly_PRELIQ_Q": 70.8,
      "monthly_PE_Q": 38.5
    },
    "2024-04": {
      "monthly_PRENEI_Q": 0.1,
      "monthly_PRELIQ_Q": 44.8,
      "monthly_PE_Q": -12.399999999999999
    },
    "2024-05": {
      "monthly_PRENEI_Q": 0.0,
      "monthly_PRELIQ_Q": 100.6,
      "monthly_PE_Q": 22.799999999999997
    },
    "2024-06": {
      "monthly_PRENEI_Q": 0.0,
      "monthly_PRELIQ_Q": 80.0,
      "monthly_PE_Q": -12.9
    },
    "2024-07": {
      "monthly_PRENEI_Q": 0.0,
      "monthly_PRELIQ_Q": 91.7,
      "monthly_PE_Q": -7.399999999999999
    },
    "2024-08": {
      "monthly_PRENEI_Q": 0.0,
      "monthly_PRELIQ_Q": 73.9,
      "monthly_PE_Q": -21.6
    },
    "2024-09": {
      "monthly_PRENEI_Q": 0.0,
      "monthly_PRELIQ_Q": 104.2,
      "monthly_PE_Q": 55.9
    },
    "2024-10": {
      "monthly_PRENEI_Q": 0.0,
      "monthly_PRELIQ_Q": 83.89999999999999,
      "monthly_PE_Q": 52.4
    },
    "2024-11": {
      "monthly_PRENEI_Q": 1.5999999999999999,
      "monthly_PRELIQ_Q": 52.199999999999996,
      "monthly_PE_Q": 35.7
    },
    "2024-12": {
      "monthly_PRENEI_Q": 0.7000000000000001,
      "monthly_PRELIQ_Q": 59.2,
      "monthly_PE_Q": 48.4
    }
  }
}