{
  "years": {
    "2024": {
      "annual_PRENEI_Q": 10.6,
      "annual_PRELIQ_Q": 900.3,
      "annual_PE_Q": 355.8
    }
  },
  "months": {
    "2024-01": {
      "monthly_PRENEI_Q": 8.3,
      "monthly_PRELIQ_Q": 69.5,
      "monthly_PE_Q": 67.0
    },
    "2024-02": {
      "monthly_PRENEI_Q": 0.0,
      "monthly_PRELIQ_Q": 99.8,
      "monthly_PE_Q": 85.10000000000001
    },
    "2024-03": {
      "monthly_PRENEI_Q": 0.0,
      "monthly_PRELIQ_Q": 71.1,
      "monthly_PE_Q": 39.0
    },
    "2024-04": {
      "monthly_PRENEI_Q": 1.4,
      "monthly_PRELIQ_Q": 55.199999999999996,
      "monthly_PE_Q": 1.799999999999999
    },
    "2024-05": {
      "monthly_PRENEI_Q": 0.0,
      "monthly_PRELIQ_Q": 86.9,
      "monthly_PE_Q": 12.500000000000002
    },
    "2024-06": {
      "monthly_PRENEI_Q": 0.0,
      "monthly_PRELIQ_Q": 86.3,
      "monthly_PE_Q": -4.499999999999998
    },
    "2024-07": {
      "monthly_PRENEI_Q": 0.0,
      "monthly_PRELIQ_Q": 101.30000000000001,
      "monthly_PE_Q": 9.299999999999997
    },
    "2024-08": {
      "monthly_PRENEI_Q": 0.0,
      "monthly_PRELIQ_Q": 58.7,
      "monthly_PE_Q": -22.900000000000002
    },
    "2024-09": {
      "monthly_PRENEI_Q": 0.0,
      "monthly_PRELIQ_Q": 72.7,
      "monthly_PE_Q": 28.0
    },
    "2024-10": {
      "monthly_PRENEI_Q": 0.0,
      "monthly_PRELIQ_Q": 71.2,
      "monthly_PE_Q": 40.0
    },
    "2024-11": {
      "monthly_PRENEI_Q": 0.5,
      "monthly_PRELIQ_Q": 56.0,
      "monthly_PE_Q": 39.9
    },
    "2024-12": {
      "monthly_PRENEI_Q": 0.4,
      "monthly_PRELIQ_Q": 71.6,
      "monthly_PE_Q": 60.6
    }
  }
}