{
  "years": {
    "2024": {
      "annual_PRENEI_Q": 3.1999999999999997,
      "annual_PRELIQ_Q": 945.1,
      "annual_PE_Q": 329.1
    }
  },
  "months": {
    "2024-01": {
      "monthly_PRENEI_Q": 2.9,
      "monthly_PRELIQ_Q": 33.1,
      "monthly_PE_Q": 21.5
    },
    "2024-02": {
      "monthly_PRENEI_Q": 0.0,
      "monthly_PRELIQ_Q": 49.0,
      "monthly_PE_Q": 27.400000000000002
    },
    "2024-03": {
      "monthly_PRENEI_Q": 0.0,
      "monthly_PRELIQ_Q": 132.70000000000002,
      "monthly_PE_Q": 87.0
    },
    "2024-04": {
      "monthly_PRENEI_Q": 0.0,
      "monthly_PRELIQ_Q": 90.60000000000001,
      "monthly_PE_Q": 26.200000000000003
    },
    "2024-05": {
      "monthly_PRENEI_Q": 0.0,
      "monthly_PRELIQ_Q": 117.8,
      "monthly_PE_Q": 40.5
    },
    "2024-06": {
      "monthly_PRENEI_Q": 0.0,
      "monthly_PRELIQ_Q": 80.6,
      "monthly_PE_Q": -13.0
    },
    "2024-07": {
      "monthly_PRENEI_Q": 0.0,
      "monthly_PRELIQ_Q": 98.19999999999999,
      "monthly_PE_Q": 2.8999999999999986
    },
    "2024-08": {
      "monthly_PRENEI_Q": 0.0,
      "monthly_PRELIQ_Q": 29.6,
      "monthly_PE_Q": -58.7
    },
    "2024-09": {
      "monthly_PRENEI_Q": 0.0,
      "monthly_PRELIQ_Q": 79.7,
      "monthly_PE_Q": 29.9
    },
    "2024-10": {
      "monthly_PRENEI_Q": 0.0,
      "monthly_PRELIQ_Q": 150.5,
      "monthly_PE_Q": 112.2
    },
    "2024-11": {
      "monthly_PRENEI_Q": 0.0,
      "monthly_PRELIQ_Q": 39.5,
      "monthly_PE_Q": 18.9
    },
    "2024-12": {
      "monthly_PRENEI_Q": 0.30000000000000004,
      "monthly_PRELIQ_Q": 43.8,
      "monthly_PE_Q": 34.3
    }
  }
}