{
  "years": {
    "2024": {
      "annual_PRENEI_Q": 10.6,
      "annual_PRELIQ_Q": 1148.8,
      "annual_PE_Q": 528.2
    }
  },
  "months": {
    "2024-01": {
      "monthly_PRENEI_Q": 4.9,
      "monthly_PRELIQ_Q": 71.0,
      "monthly_PE_Q": 61.49999999999999
    },
    "2024-02": {
      "monthly_PRENEI_Q": 0.0,
      "monthly_PRELIQ_Q": 78.2,
      "monthly_PE_Q": 56.300000000000004
    },
    "2024-03": {
      "monthly_PRENEI_Q": 5.3,
      "monthly_PRELIQ_Q": 116.3,
      "monthly_PE_Q": 77.9
    },
    "2024-04": {
      "monthly_PRENEI_Q": 0.0,
      "monthly_PRELIQ_Q": 126.4,
      "monthly_PE_Q": 62.7
    },
    "2024-05": {
      "monthly_PRENEI_Q": 0.0,
      "monthly_PRELIQ_Q": 141.3,
      "monthly_PE_Q": 64.6
    },
    "2024-06": {
      "monthly_PRENEI_Q": 0.0,
      "monthly_PRELIQ_Q": 81.0,
      "monthly_PE_Q": -23.099999999999994
    },
    "2024-07": {
      "monthly_PRENEI_Q": 0.0,
      "monthly_PRELIQ_Q": 66.1,
      "monthly_PE_Q": -36.2
    },
    "2024-08": {
      "monthly_PRENEI_Q": 0.0,
      "monthly_PRELIQ_Q": 65.7,
      "monthly_PE_Q": -21.400000000000002
    },
    "2024-09": {
      "monthly_PRENEI_Q": 0.0,
      "monthly_PRELIQ_Q": 125.4,
      "monthly_PE_Q": 71.1
    },
    "2024-10": {
      "monthly_PRENEI_Q": 0.0,
      "monthly_PRELIQ_Q": 154.2,
      "monthly_PE_Q": 119.19999999999999
    },
    "2024-11": {
      "monthly_PRENEI_Q": 0.1,
      "monthly_PRELIQ_Q": 39.800000000000004,
      "monthly_PE_Q": 21.099999999999998
    },
    "2024-12": {
      "monthly_PRENEI_Q": 0.30000000000000004,
      "monthly_PRELIQ_Q": 83.39999999999999,
      "monthly_PE_Q": 74.5
    }
  }
}