{
  "years": {
    "2024": {
      "annual_PRENEI_Q": 3.1999999999999997,
      "annual_PRELIQ_Q": 945.3,
      "annual_PE_Q": 320.2
    }
  },
  "months": {
    "2024-01": {
      "monthly_PRENEI_Q": 2.9,
      "monthly_PRELIQ_Q": 33.1,
      "monthly_PE_Q": 21.7
    },
    "2024-02": {
      "monthly_PRENEI_Q": 0.0,
      "monthly_PRELIQ_Q": 49.0,
      "monthly_PE_Q": 27.900000000000002
    },
    "2024-03": {
      "monthly_PRENEI_Q": 0.0,
      "monthly_PRELIQ_Q": 132.70000000000002,
      "monthly_PE_Q": 87.7
    },
    "2024-04": {
      "monthly_PRENEI_Q": 0.0,
      "monthly_PRELIQ_Q": 90.60000000000001,
      "monthly_PE_Q": 24.800000000000004
    },
    "2024-05": {
      "monthly_PRENEI_Q": 0.0,
      "monthly_PRELIQ_Q": 117.8,
      "monthly_PE_Q": 37.4
    },
    "2024-06": {
      "monthly_PRENEI_Q": 0.0,
      "monthly_PRELIQ_Q": 80.6,
      "monthly_PE_Q": -19.7
    },
    "2024-07": {
      "monthly_PRENEI_Q": 0.0,
      "monthly_PRELIQ_Q": 98.3,
      "monthly_PE_Q": 2.8999999999999986
    },
    "2024-08": {
      "monthly_PRENEI_Q": 0.0,
      "monthly_PRELIQ_Q": 29.6,
      "monthly_PE_Q": -55.5
    },
    "2024-09": {
      "monthly_PRENEI_Q": 0.0,
      "monthly_PRELIQ_Q": 79.7,
      "monthly_PE_Q": 27.599999999999998
    },
    "2024-10": {
      "monthly_PRENEI_Q": 0.0,
      "monthly_PRELIQ_Q": 150.6,
      "monthly_PE_Q": 111.5
    },
    "2024-11": {
      "monthly_PRENEI_Q": 0.0,
      "monthly_PRELIQ_Q": 39.5,
      "monthly_PE_Q": 18.8
    },
    "2024-12": {
      "monthly_PRENEI_Q": 0.30000000000000004,
      "monthly_PRELIQ_Q": 43.8,
      "monthly_PE_Q": 35.1
    }
  }
}