{
  "years": {
    "2024": {
      "annual_PRENEI_Q": 11.9,
      "annual_PRELIQ_Q": 1074.8,
      "annual_PE_Q": 460.5
    }
  },
  "months": {
    "2024-01": {
      "monthly_PRENEI_Q": 4.0,
      "monthly_PRELIQ_Q": 54.3,
      "monthly_PE_Q": 47.699999999999996
    },
    "2024-02": {
      "monthly_PRENEI_Q": 0.0,
      "monthly_PRELIQ_Q": 76.10000000000001,
      "monthly_PE_Q": 58.7
    },
    "2024-03": {
      "monthly_PRENEI_Q": 1.8,
      "monthly_PRELIQ_Q": 163.8,
      "monthly_PE_Q": 125.6
    },
    "2024-04": {
      "monthly_PRENEI_Q": 0.4,
      "monthly_PRELIQ_Q": 94.10000000000001,
      "monthly_PE_Q": 27.900000000000002
    },
    "2024-05": {
      "monthly_PRENEI_Q": 0.0,
      "monthly_PRELIQ_Q": 107.1,
      "monthly_PE_Q": 27.6
    },
    "2024-06": {
      "monthly_PRENEI_Q": 0.0,
      "monthly_PRELIQ_Q": 103.5,
      "monthly_PE_Q": 0.20000000000000062
    },
    "2024-07": {
      "monthly_PRENEI_Q": 0.0,
      "monthly_PRELIQ_Q": 91.2,
      "monthly_PE_Q": -27.7
    },
    "2024-08": {
      "monthly_PRENEI_Q": 0.0,
      "monthly_PRELIQ_Q": 26.5,
      "monthly_PE_Q": -52.5
    },
    "2024-09": {
      "monthly_PRENEI_Q": 0.0,
      "monthly_PRELIQ_Q": 89.8,
      "monthly_PE_Q": 39.0
    },
    "2024-10": {
      "monthly_PRENEI_Q": 0.0,
      "monthly_PRELIQ_Q": 139.5,
      "monthly_PE_Q": 104.39999999999999
    },
    "2024-11": {
      "monthly_PRENEI_Q": 4.5,
      "monthly_PRELIQ_Q": 58.5,
      "monthly_PE_Q": 48.4
    },
    "2024-12": {
      "monthly_PRENEI_Q": 1.2000000000000002,
      "monthly_PRELIQ_Q": 70.39999999999999,
      "monthly_PE_Q": 61.199999999999996
    }
  }
}