{
  "years": {
    "2024": {
      "annual_PRENEI_Q": 19.400000000000002,
      "annual_PRELIQ_Q": 936.1,
      "annual_PE_Q": 393.7
    }
  },
  "months": {
    "2024-01": {
      "monthly_PRENEI_Q": 1.5,
      "monthly_PRELIQ_Q": 51.6,
      "monthly_PE_Q": 44.6
    },
    "2024-02": {
      "monthly_PRENEI_Q": 0.0,
      "monthly_PRELIQ_Q": 69.60000000000001,
      "monthly_PE_Q": 53.2
    },
    "2024-03": {
      "monthly_PRENEI_Q": 0.0,
      "monthly_PRELIQ_Q": 115.4,
      "monthly_PE_Q": 84.19999999999999
    },
    "2024-04": {
      "monthly_PRENEI_Q": 0.0,
      "monthly_PRELIQ_Q": 55.8,
      "monthly_PE_Q": -5.499999999999999
    },
    "2024-05": {
      "monthly_PRENEI_Q": 0.0,
      "monthly_PRELIQ_Q": 103.6,
      "monthly_PE_Q": 29.599999999999998
    },
    "2024-06": {
      "monthly_PRENEI_Q": 0.0,
      "monthly_PRELIQ_Q": 96.8,
      "monthly_PE_Q": 4.100000000000002
    },
    "2024-07": {
      "monthly_PRENEI_Q": 0.0,
      "monthly_PRELIQ_Q": 56.9,
      "monthly_PE_Q": -34.1
    },
    "2024-08": {
      "monthly_PRENEI_Q": 0.0,
      "monthly_PRELIQ_Q": 70.4,
      "monthly_PE_Q": -9.400000000000002
    },
    "2024-09": {
      "monthly_PRENEI_Q": 0.0,
      "monthly_PRELIQ_Q": 99.6,
      "monthly_PE_Q": 50.7
    },
    "2024-10": {
      "monthly_PRENEI_Q": 0.0,
      "monthly_PRELIQ_Q": 122.69999999999999,
      "monthly_PE_Q": 90.3
    },
    "2024-11": {
      "monthly_PRENEI_Q": 15.1,
      "monthly_PRELIQ_Q": 39.0,
      "monthly_PE_Q": 37.7
    },
    "2024-12": {
      "monthly_PRENEI_Q": 2.8,
      "monthly_PRELIQ_Q": 54.7,
      "monthly_PE_Q": 48.300000000000004
    }
  }
}