{
  "years": {
    "2024": {
      "annual_PRENEI_Q": 45.2,
      "annual_PRELIQ_Q": 1058.7,
      "annual_PE_Q": 483.2
    }
  },
  "months": {
    "2024-01": {
      "monthly_PRENEI_Q": 6.6,
      "monthly_PRELIQ_Q": 49.8,
      "monthly_PE_Q": 46.3
    },
    "2024-02": {
      "monthly_PRENEI_Q": 0.0,
      "monthly_PRELIQ_Q": 71.60000000000001,
      "monthly_PE_Q": 53.599999999999994
    },
    "2024-03": {
      "monthly_PRENEI_Q": 2.7,
      "monthly_PRELIQ_Q": 180.9,
      "monthly_PE_Q": 148.4
    },
    "2024-04": {
      "monthly_PRENEI_Q": 2.7,
      "monthly_PRELIQ_Q": 52.5,
      "monthly_PE_Q": -8.0
    },
    "2024-05": {
      "monthly_PRENEI_Q": 0.0,
      "monthly_PRELIQ_Q": 115.6,
      "monthly_PE_Q": 40.300000000000004
    },
    "2024-06": {
      "monthly_PRENEI_Q": 0.0,
      "monthly_PRELIQ_Q": 90.8,
      "monthly_PE_Q": -3.6000000000000005
    },
    "2024-07": {
      "monthly_PRENEI_Q": 0.0,
      "monthly_PRELIQ_Q": 66.39999999999999,
      "monthly_PE_Q": -39.199999999999996
    },
    "2024-08": {
      "monthly_PRENEI_Q": 0.0,
      "monthly_PRELIQ_Q": 105.0,
      "monthly_PE_Q": -2.399999999999997
    },
    "2024-09": {
      "monthly_PRENEI_Q": 0.0,
      "monthly_PRELIQ_Q": 117.4,
      "monthly_PE_Q": 62.599999999999994
    },
    "2024-10": {
      "monthly_PRENEI_Q": 0.0,
      "monthly_PRELIQ_Q": 127.7,
      "monthly_PE_Q": 96.4
    },
    "2024-11": {
      "monthly_PRENEI_Q": 22.599999999999998,
      "monthly_PRELIQ_Q": 36.3,
      "monthly_PE_Q": 44.599999999999994
    },
    "2024-12": {
      "monthly_PRENEI_Q": 10.6,
      "monthly_PRELIQ_Q": 44.7,
      "monthly_PE_Q": 44.2
    }
  }
}