{
  "years": {
    "2024": {
      "annual_PRENEI_Q": 23.599999999999998,
      "annual_PRELIQ_Q": 1102.5,
      "annual_PE_Q": 476.5
    }
  },
  "months": {
    "2024-01": {
      "monthly_PRENEI_Q": 2.1,
      "monthly_PRELIQ_Q": 65.2,
      "monthly_PE_Q": 57.3
    },
    "2024-02": {
      "monthly_PRENEI_Q": 0.0,
      "monthly_PRELIQ_Q": 79.6,
      "monthly_PE_Q": 62.0
    },
    "2024-03": {
      "monthly_PRENEI_Q": 0.0,
      "monthly_PRELIQ_Q": 156.7,
      "monthly_PE_Q": 119.8
    },
    "2024-04": {
      "monthly_PRENEI_Q": 2.5,
      "monthly_PRELIQ_Q": 56.4,
      "monthly_PE_Q": -9.200000000000001
    },
    "2024-05": {
      "monthly_PRENEI_Q": 0.0,
      "monthly_PRELIQ_Q": 148.2,
      "monthly_PE_Q": 68.5
    },
    "2024-06": {
      "monthly_PRENEI_Q": 0.0,
      "monthly_PRELIQ_Q": 119.39999999999999,
      "monthly_PE_Q": 12.1
    },
    "2024-07": {
      "monthly_PRENEI_Q": 0.0,
      "monthly_PRELIQ_Q": 97.89999999999999,
      "monthly_PE_Q": -20.400000000000002
    },
    "2024-08": {
      "monthly_PRENEI_Q": 0.0,
      "monthly_PRELIQ_Q": 55.9,
      "monthly_PE_Q": -41.6
    },
    "2024-09": {
      "monthly_PRENEI_Q": 0.0,
      "monthly_PRELIQ_Q": 117.80000000000001,
      "monthly_PE_Q": 63.7
    },
    "2024-10": {
      "monthly_PRENEI_Q": 0.0,
      "monthly_PRELIQ_Q": 85.3,
      "monthly_PE_Q": 50.199999999999996
    },
    "2024-11": {
      "monthly_PRENEI_Q": 12.299999999999999,
      "monthly_PRELIQ_Q": 52.2,
      "monthly_PE_Q": 50.1
    },
    "2024-12": {
      "monthly_PRENEI_Q": 6.699999999999999,
      "monthly_PRELIQ_Q": 67.9,
      "monthly_PE_Q": 64.0
    }
  }
}