{
  "years": {
    "2024": {
      "annual_PRENEI_Q": 9.1,
      "annual_PRELIQ_Q": 1023.2,
      "annual_PE_Q": 405.9
    }
  },
  "months": {
    "2024-01": {
      "monthly_PRENEI_Q": 3.5,
      "monthly_PRELIQ_Q": 75.4,
      "monthly_PE_Q": 65.8
    },
    "2024-02": {
      "monthly_PRENEI_Q": 0.2,
      "monthly_PRELIQ_Q": 105.2,
      "monthly_PE_Q": 89.7
    },
    "2024-03": {
      "monthly_PRENEI_Q": 0.1,
      "monthly_PRELIQ_Q": 87.5,
      "monthly_PE_Q": 53.599999999999994
    },
    "2024-04": {
      "monthly_PRENEI_Q": 0.7,
      "monthly_PRELIQ_Q": 54.3,
      "monthly_PE_Q": -4.8999999999999995
    },
    "2024-05": {
      "monthly_PRENEI_Q": 0.0,
      "monthly_PRELIQ_Q": 114.39999999999999,
      "monthly_PE_Q": 32.4
    },
    "2024-06": {
      "monthly_PRENEI_Q": 0.0,
      "monthly_PRELIQ_Q": 97.3,
      "monthly_PE_Q": 0.8000000000000029
    },
    "2024-07": {
      "monthly_PRENEI_Q": 0.0,
      "monthly_PRELIQ_Q": 109.7,
      "monthly_PE_Q": 7.000000000000001
    },
    "2024-08": {
      "monthly_PRENEI_Q": 0.0,
      "monthly_PRELIQ_Q": 75.9,
      "monthly_PE_Q": -29.9
    },
    "2024-09": {
      "monthly_PRENEI_Q": 0.0,
      "monthly_PRELIQ_Q": 97.2,
      "monthly_PE_Q": 46.0
    },
    "2024-10": {
      "monthly_PRENEI_Q": 0.0,
      "monthly_PRELIQ_Q": 75.60000000000001,
      "monthly_PE_Q": 42.400000000000006
    },
    "2024-11": {
      "monthly_PRENEI_Q": 2.3,
      "monthly_PRELIQ_Q": 58.800000000000004,
      "monthly_PE_Q": 42.300000000000004
    },
    "2024-12": {
      "monthly_PRENEI_Q": 2.3,
      "monthly_PRELIQ_Q": 71.9,
      "monthly_PE_Q": 60.7
    }
  }
}