{
  "years": {
    "2024": {
      "annual_PRENEI_Q": 8.5,
      "annual_PRELIQ_Q": 1016.1,
      "annual_PE_Q": 401.4
    }
  },
  "months": {
    "2024-01": {
      "monthly_PRENEI_Q": 3.4,
      "monthly_PRELIQ_Q": 75.0,
      "monthly_PE_Q": 65.8
    },
    "2024-02": {
      "monthly_PRENEI_Q": 0.2,
      "monthly_PRELIQ_Q": 104.4,
      "monthly_PE_Q": 89.0
    },
    "2024-03": {
      "monthly_PRENEI_Q": 0.1,
      "monthly_PRELIQ_Q": 86.80000000000001,
      "monthly_PE_Q": 52.9
    },
    "2024-04": {
      "monthly_PRENEI_Q": 0.6000000000000001,
      "monthly_PRELIQ_Q": 53.9,
      "monthly_PE_Q": -5.2
    },
    "2024-05": {
      "monthly_PRENEI_Q": 0.0,
      "monthly_PRELIQ_Q": 113.5,
      "monthly_PE_Q": 31.299999999999997
    },
    "2024-06": {
      "monthly_PRENEI_Q": 0.0,
      "monthly_PRELIQ_Q": 96.6,
      "monthly_PE_Q": 0.19999999999999996
    },
    "2024-07": {
      "monthly_PRENEI_Q": 0.0,
      "monthly_PRELIQ_Q": 108.8,
      "monthly_PE_Q": 6.999999999999997
    },
    "2024-08": {
      "monthly_PRENEI_Q": 0.0,
      "monthly_PRELIQ_Q": 75.3,
      "monthly_PE_Q": -29.200000000000003
    },
    "2024-09": {
      "monthly_PRENEI_Q": 0.0,
      "monthly_PRELIQ_Q": 96.4,
      "monthly_PE_Q": 45.9
    },
    "2024-10": {
      "monthly_PRENEI_Q": 0.0,
      "monthly_PRELIQ_Q": 75.10000000000001,
      "monthly_PE_Q": 41.5
    },
    "2024-11": {
      "monthly_PRENEI_Q": 2.1,
      "monthly_PRELIQ_Q": 58.699999999999996,
      "monthly_PE_Q": 41.9
    },
    "2024-12": {
      "monthly_PRENEI_Q": 2.1,
      "monthly_PRELIQ_Q": 71.60000000000001,
      "monthly_PE_Q": 60.3
    }
  }
}