{
  "years": {
    "2024": {
      "annual_PRENEI_Q": 12.3,
      "annual_PRELIQ_Q": 910.6,
      "annual_PE_Q": 350.5
    }
  },
  "months": {
    "2024-01": {
      "monthly_PRENEI_Q": 9.4,
      "monthly_PRELIQ_Q": 69.3,
      "monthly_PE_Q": 67.0
    },
    "2024-02": {
      "monthly_PRENEI_Q": 0.0,
      "monthly_PRELIQ_Q": 101.4,
      "monthly_PE_Q": 86.1
    },
    "2024-03": {
      "monthly_PRENEI_Q": 0.0,
      "monthly_PRELIQ_Q": 71.89999999999999,
      "monthly_PE_Q": 40.3
    },
    "2024-04": {
      "monthly_PRENEI_Q": 1.7000000000000002,
      "monthly_PRELIQ_Q": 55.5,
      "monthly_PE_Q": 3.100000000000002
    },
    "2024-05": {
      "monthly_PRENEI_Q": 0.0,
      "monthly_PRELIQ_Q": 88.2,
      "monthly_PE_Q": 14.200000000000001
    },
    "2024-06": {
      "monthly_PRENEI_Q": 0.0,
      "monthly_PRELIQ_Q": 87.6,
      "monthly_PE_Q": -3.800000000000003
    },
    "2024-07": {
      "monthly_PRENEI_Q": 0.0,
      "monthly_PRELIQ_Q": 102.6,
      "monthly_PE_Q": 5.9999999999999964
    },
    "2024-08": {
      "monthly_PRENEI_Q": 0.0,
      "monthly_PRELIQ_Q": 59.5,
      "monthly_PE_Q": -30.299999999999997
    },
    "2024-09": {
      "monthly_PRENEI_Q": 0.0,
      "monthly_PRELIQ_Q": 73.5,
      "monthly_PE_Q": 26.2
    },
    "2024-10": {
      "monthly_PRENEI_Q": 0.0,
      "monthly_PRELIQ_Q": 72.2,
      "monthly_PE_Q": 41.099999999999994
    },
    "2024-11": {
      "monthly_PRENEI_Q": 0.6000000000000001,
      "monthly_PRELIQ_Q": 56.6,
      "monthly_PE_Q": 40.3
    },
    "2024-12": {
      "monthly_PRENEI_Q": 0.6,
      "monthly_PRELIQ_Q": 72.3,
      "monthly_PE_Q": 60.300000000000004
    }
  }
}