{
  "years": {
    "2024": {
      "annual_PRENEI_Q": 13.5,
      "annual_PRELIQ_Q": 917.8,
      "annual_PE_Q": 331.79999999999995
    }
  },
  "months": {
    "2024-01": {
      "monthly_PRENEI_Q": 10.4,
      "monthly_PRELIQ_Q": 69.0,
      "monthly_PE_Q": 62.699999999999996
    },
    "2024-02": {
      "monthly_PRENEI_Q": 0.0,
      "monthly_PRELIQ_Q": 102.39999999999999,
      "monthly_PE_Q": 83.0
    },
    "2024-03": {
      "monthly_PRENEI_Q": 0.0,
      "monthly_PRELIQ_Q": 72.4,
      "monthly_PE_Q": 38.4
    },
    "2024-04": {
      "monthly_PRENEI_Q": 1.9,
      "monthly_PRELIQ_Q": 56.0,
      "monthly_PE_Q": 3.0999999999999974
    },
    "2024-05": {
      "monthly_PRENEI_Q": 0.0,
      "monthly_PRELIQ_Q": 88.7,
      "monthly_PE_Q": 15.099999999999998
    },
    "2024-06": {
      "monthly_PRENEI_Q": 0.0,
      "monthly_PRELIQ_Q": 88.2,
      "monthly_PE_Q": -4.000000000000003
    },
    "2024-07": {
      "monthly_PRENEI_Q": 0.0,
      "monthly_PRELIQ_Q": 103.6,
      "monthly_PE_Q": 4.199999999999996
    },
    "2024-08": {
      "monthly_PRENEI_Q": 0.0,
      "monthly_PRELIQ_Q": 60.1,
      "monthly_PE_Q": -34.0
    },
    "2024-09": {
      "monthly_PRENEI_Q": 0.0,
      "monthly_PRELIQ_Q": 74.5,
      "monthly_PE_Q": 23.9
    },
    "2024-10": {
      "monthly_PRENEI_Q": 0.0,
      "monthly_PRELIQ_Q": 72.7,
      "monthly_PE_Q": 40.3
    },
    "2024-11": {
      "monthly_PRENEI_Q": 0.6000000000000001,
      "monthly_PRELIQ_Q": 57.2,
      "monthly_PE_Q": 38.699999999999996
    },
    "2024-12": {
      "monthly_PRENEI_Q": 0.6,
      "monthly_PRELIQ_Q": 73.0,
      "monthly_PE_Q": 60.4
    }
  }
}