{
  "years": {
    "2024": {
      "annual_PRENEI_Q": 0.0,
      "annual_PRELIQ_Q": 646.8,
      "annual_PE_Q": 83.99999999999999
    }
  },
  "months": {
    "2024-01": {
      "monthly_PRENEI_Q": 0.0,
      "monthly_PRELIQ_Q": 23.6,
      "monthly_PE_Q": 8.8
    },
    "2024-02": {
      "monthly_PRENEI_Q": 0.0,
      "monthly_PRELIQ_Q": 51.9,
      "monthly_PE_Q": 30.0
    },
    "2024-03": {
      "monthly_PRENEI_Q": 0.0,
      "monthly_PRELIQ_Q": 166.4,
      "monthly_PE_Q": 109.8
    },
    "2024-04": {
      "monthly_PRENEI_Q": 0.0,
      "monthly_PRELIQ_Q": 29.200000000000003,
      "monthly_PE_Q": -35.8
    },
    "2024-05": {
      "monthly_PRENEI_Q": 0.0,
      "monthly_PRELIQ_Q": 79.0,
      "monthly_PE_Q": -13.700000000000003
    },
    "2024-06": {
      "monthly_PRENEI_Q": 0.0,
      "monthly_PRELIQ_Q": 47.0,
      "monthly_PE_Q": -37.400000000000006
    },
    "2024-07": {
      "monthly_PRENEI_Q": 0.0,
      "monthly_PRELIQ_Q": 47.8,
      "monthly_PE_Q": -15.799999999999999
    },
    "2024-08": {
      "monthly_PRENEI_Q": 0.0,
      "monthly_PRELIQ_Q": 19.599999999999998,
      "monthly_PE_Q": -9.1
    },
    "2024-09": {
      "monthly_PRENEI_Q": 0.0,
      "monthly_PRELIQ_Q": 62.1,
      "monthly_PE_Q": 12.999999999999998
    },
    "2024-10": {
      "monthly_PRENEI_Q": 0.0,
      "monthly_PRELIQ_Q": 77.7,
      "monthly_PE_Q": 36.1
    },
    "2024-11": {
      "monthly_PRENEI_Q": 0.0,
      "monthly_PRELIQ_Q": 25.5,
      "monthly_PE_Q": -2.1000000000000005
    },
    "2024-12": {
      "monthly_PRENEI_Q": 0.0,
      "monthly_PRELIQ_Q": 17.0,
      "monthly_PE_Q": 0.2
    }
  }
}