{
  "years": {
    "2024": {
      "annual_PRENEI_Q": 0.0,
      "annual_PRELIQ_Q": 723.6,
      "annual_PE_Q": 138.39999999999998
    }
  },
  "months": {
    "2024-01": {
      "monthly_PRENEI_Q": 0.0,
      "monthly_PRELIQ_Q": 23.3,
      "monthly_PE_Q": 1.5999999999999999
    },
    "2024-02": {
      "monthly_PRENEI_Q": 0.0,
      "monthly_PRELIQ_Q": 77.1,
      "monthly_PE_Q": 43.099999999999994
    },
    "2024-03": {
      "monthly_PRENEI_Q": 0.0,
      "monthly_PRELIQ_Q": 207.6,
      "monthly_PE_Q": 150.7
    },
    "2024-04": {
      "monthly_PRENEI_Q": 0.0,
      "monthly_PRELIQ_Q": 43.6,
      "monthly_PE_Q": -27.2
    },
    "2024-05": {
      "monthly_PRENEI_Q": 0.0,
      "monthly_PRELIQ_Q": 91.2,
      "monthly_PE_Q": -2.7000000000000055
    },
    "2024-06": {
      "monthly_PRENEI_Q": 0.0,
      "monthly_PRELIQ_Q": 34.0,
      "monthly_PE_Q": -41.6
    },
    "2024-07": {
      "monthly_PRENEI_Q": 0.0,
      "monthly_PRELIQ_Q": 30.099999999999998,
      "monthly_PE_Q": -23.5
    },
    "2024-08": {
      "monthly_PRENEI_Q": 0.0,
      "monthly_PRELIQ_Q": 20.5,
      "monthly_PE_Q": -15.4
    },
    "2024-09": {
      "monthly_PRENEI_Q": 0.0,
      "monthly_PRELIQ_Q": 91.0,
      "monthly_PE_Q": 35.699999999999996
    },
    "2024-10": {
      "monthly_PRENEI_Q": 0.0,
      "monthly_PRELIQ_Q": 65.5,
      "monthly_PE_Q": 21.9
    },
    "2024-11": {
      "monthly_PRENEI_Q": 0.0,
      "monthly_PRELIQ_Q": 26.3,
      "monthly_PE_Q": 0.9999999999999994
    },
    "2024-12": {
      "monthly_PRENEI_Q": 0.0,
      "monthly_PRELIQ_Q": 13.399999999999999,
      "monthly_PE_Q": -5.199999999999999
    }
  }
}