{
  "years": {
    "2024": {
      "annual_PRENEI_Q": 18.7,
      "annual_PRELIQ_Q": 929.8,
      "annual_PE_Q": 263.29999999999995
    }
  },
  "months": {
    "2024-01": {
      "monthly_PRENEI_Q": 1.4000000000000001,
      "monthly_PRELIQ_Q": 34.400000000000006,
      "monthly_PE_Q": 16.900000000000002
    },
    "2024-02": {
      "monthly_PRENEI_Q": 0.0,
      "monthly_PRELIQ_Q": 43.0,
      "monthly_PE_Q": 18.3
    },
    "2024-03": {
      "monthly_PRENEI_Q": 17.1,
      "monthly_PRELIQ_Q": 163.2,
      "monthly_PE_Q": 127.6
    },
    "2024-04": {
      "monthly_PRENEI_Q": 0.0,
      "monthly_PRELIQ_Q": 51.6,
      "monthly_PE_Q": -31.2
    },
    "2024-05": {
      "monthly_PRENEI_Q": 0.0,
      "monthly_PRELIQ_Q": 154.9,
      "monthly_PE_Q": 62.09999999999999
    },
    "2024-06": {
      "monthly_PRENEI_Q": 0.0,
      "monthly_PRELIQ_Q": 79.4,
      "monthly_PE_Q": -40.7
    },
    "2024-07": {
      "monthly_PRENEI_Q": 0.0,
      "monthly_PRELIQ_Q": 59.1,
      "monthly_PE_Q": -53.8
    },
    "2024-08": {
      "monthly_PRENEI_Q": 0.0,
      "monthly_PRELIQ_Q": 6.800000000000001,
      "monthly_PE_Q": -33.1
    },
    "2024-09": {
      "monthly_PRENEI_Q": 0.0,
      "monthly_PRELIQ_Q": 140.89999999999998,
      "monthly_PE_Q": 83.39999999999999
    },
    "2024-10": {
      "monthly_PRENEI_Q": 0.0,
      "monthly_PRELIQ_Q": 122.0,
      "monthly_PE_Q": 78.0
    },
    "2024-11": {
      "monthly_PRENEI_Q": 0.0,
      "monthly_PRELIQ_Q": 23.3,
      "monthly_PE_Q": 2.0999999999999996
    },
    "2024-12": {
      "monthly_PRENEI_Q": 0.2,
      "monthly_PRELIQ_Q": 51.2,
      "monthly_PE_Q": 33.7
    }
  }
}