{
  "years": {
    "2024": {
      "annual_PRENEI_Q": 39.3,
      "annual_PRELIQ_Q": 1169.3,
      "annual_PE_Q": 555.6
    }
  },
  "months": {
    "2024-01": {
      "monthly_PRENEI_Q": 4.9,
      "monthly_PRELIQ_Q": 30.2,
      "monthly_PE_Q": 19.6
    },
    "2024-02": {
      "monthly_PRENEI_Q": 0.0,
      "monthly_PRELIQ_Q": 78.30000000000001,
      "monthly_PE_Q": 56.400000000000006
    },
    "2024-03": {
      "monthly_PRENEI_Q": 33.1,
      "monthly_PRELIQ_Q": 223.20000000000002,
      "monthly_PE_Q": 209.29999999999998
    },
    "2024-04": {
      "monthly_PRENEI_Q": 0.0,
      "monthly_PRELIQ_Q": 73.2,
      "monthly_PE_Q": -4.1999999999999975
    },
    "2024-05": {
      "monthly_PRENEI_Q": 0.0,
      "monthly_PRELIQ_Q": 181.8,
      "monthly_PE_Q": 96.3
    },
    "2024-06": {
      "monthly_PRENEI_Q": 0.0,
      "monthly_PRELIQ_Q": 96.7,
      "monthly_PE_Q": -14.399999999999995
    },
    "2024-07": {
      "monthly_PRENEI_Q": 0.0,
      "monthly_PRELIQ_Q": 61.3,
      "monthly_PE_Q": -53.5
    },
    "2024-08": {
      "monthly_PRENEI_Q": 0.0,
      "monthly_PRELIQ_Q": 9.399999999999999,
      "monthly_PE_Q": -38.7
    },
    "2024-09": {
      "monthly_PRENEI_Q": 0.0,
      "monthly_PRELIQ_Q": 175.1,
      "monthly_PE_Q": 120.5
    },
    "2024-10": {
      "monthly_PRENEI_Q": 0.0,
      "monthly_PRELIQ_Q": 166.79999999999998,
      "monthly_PE_Q": 124.0
    },
    "2024-11": {
      "monthly_PRENEI_Q": 0.0,
      "monthly_PRELIQ_Q": 26.8,
      "monthly_PE_Q": 8.2
    },
    "2024-12": {
      "monthly_PRENEI_Q": 1.3,
      "monthly_PRELIQ_Q": 46.5,
      "monthly_PE_Q": 32.1
    }
  }
}