{
  "years": {
    "2024": {
      "annual_PRENEI_Q": 20.8,
      "annual_PRELIQ_Q": 878.4,
      "annual_PE_Q": 289.8
    }
  },
  "months": {
    "2024-01": {
      "monthly_PRENEI_Q": 2.4000000000000004,
      "monthly_PRELIQ_Q": 37.2,
      "monthly_PE_Q": 23.400000000000002
    },
    "2024-02": {
      "monthly_PRENEI_Q": 0.0,
      "monthly_PRELIQ_Q": 41.7,
      "monthly_PE_Q": 21.7
    },
    "2024-03": {
      "monthly_PRENEI_Q": 18.1,
      "monthly_PRELIQ_Q": 139.8,
      "monthly_PE_Q": 114.4
    },
    "2024-04": {
      "monthly_PRENEI_Q": 0.0,
      "monthly_PRELIQ_Q": 57.4,
      "monthly_PE_Q": -13.599999999999998
    },
    "2024-05": {
      "monthly_PRENEI_Q": 0.0,
      "monthly_PRELIQ_Q": 119.8,
      "monthly_PE_Q": 40.1
    },
    "2024-06": {
      "monthly_PRENEI_Q": 0.0,
      "monthly_PRELIQ_Q": 82.60000000000001,
      "monthly_PE_Q": -23.0
    },
    "2024-07": {
      "monthly_PRENEI_Q": 0.0,
      "monthly_PRELIQ_Q": 54.3,
      "monthly_PE_Q": -46.1
    },
    "2024-08": {
      "monthly_PRENEI_Q": 0.0,
      "monthly_PRELIQ_Q": 19.3,
      "monthly_PE_Q": -31.4
    },
    "2024-09": {
      "monthly_PRENEI_Q": 0.0,
      "monthly_PRELIQ_Q": 112.3,
      "monthly_PE_Q": 59.6
    },
    "2024-10": {
      "monthly_PRENEI_Q": 0.0,
      "monthly_PRELIQ_Q": 135.2,
      "monthly_PE_Q": 96.3
    },
    "2024-11": {
      "monthly_PRENEI_Q": 0.0,
      "monthly_PRELIQ_Q": 25.299999999999997,
      "monthly_PE_Q": 4.8999999999999995
    },
    "2024-12": {
      "monthly_PRENEI_Q": 0.30000000000000004,
      "monthly_PRELIQ_Q": 53.5,
      "monthly_PE_Q": 43.5
    }
  }
}