{
  "years": {
    "2024": {
      "annual_PRENEI_Q": 7.3999999999999995,
      "annual_PRELIQ_Q": 1008.0,
      "annual_PE_Q": 413.8
    }
  },
  "months": {
    "2024-01": {
      "monthly_PRENEI_Q": 2.6,
      "monthly_PRELIQ_Q": 62.800000000000004,
      "monthly_PE_Q": 49.900000000000006
    },
    "2024-02": {
      "monthly_PRENEI_Q": 0.0,
      "monthly_PRELIQ_Q": 46.9,
      "monthly_PE_Q": 26.8
    },
    "2024-03": {
      "monthly_PRENEI_Q": 4.7,
      "monthly_PRELIQ_Q": 100.2,
      "monthly_PE_Q": 64.0
    },
    "2024-04": {
      "monthly_PRENEI_Q": 0.0,
      "monthly_PRELIQ_Q": 65.7,
      "monthly_PE_Q": 3.1999999999999993
    },
    "2024-05": {
      "monthly_PRENEI_Q": 0.0,
      "monthly_PRELIQ_Q": 146.7,
      "monthly_PE_Q": 70.39999999999999
    },
    "2024-06": {
      "monthly_PRENEI_Q": 0.0,
      "monthly_PRELIQ_Q": 82.4,
      "monthly_PE_Q": -14.999999999999998
    },
    "2024-07": {
      "monthly_PRENEI_Q": 0.0,
      "monthly_PRELIQ_Q": 58.300000000000004,
      "monthly_PE_Q": -38.6
    },
    "2024-08": {
      "monthly_PRENEI_Q": 0.0,
      "monthly_PRELIQ_Q": 46.6,
      "monthly_PE_Q": -19.299999999999997
    },
    "2024-09": {
      "monthly_PRENEI_Q": 0.0,
      "monthly_PRELIQ_Q": 136.6,
      "monthly_PE_Q": 83.0
    },
    "2024-10": {
      "monthly_PRENEI_Q": 0.0,
      "monthly_PRELIQ_Q": 140.1,
      "monthly_PE_Q": 102.5
    },
    "2024-11": {
      "monthly_PRENEI_Q": 0.0,
      "monthly_PRELIQ_Q": 28.9,
      "monthly_PE_Q": 6.2
    },
    "2024-12": {
      "monthly_PRENEI_Q": 0.1,
      "monthly_PRELIQ_Q": 92.8,
      "monthly_PE_Q": 80.7
    }
  }
}