{
  "years": {
    "2024": {
      "annual_PRENEI_Q": 10.2,
      "annual_PRELIQ_Q": 1145.2,
      "annual_PE_Q": 507.4
    }
  },
  "months": {
    "2024-01": {
      "monthly_PRENEI_Q": 4.699999999999999,
      "monthly_PRELIQ_Q": 70.8,
      "monthly_PE_Q": 61.199999999999996
    },
    "2024-02": {
      "monthly_PRENEI_Q": 0.0,
      "monthly_PRELIQ_Q": 77.9,
      "monthly_PE_Q": 56.800000000000004
    },
    "2024-03": {
      "monthly_PRENEI_Q": 5.1,
      "monthly_PRELIQ_Q": 116.0,
      "monthly_PE_Q": 78.69999999999999
    },
    "2024-04": {
      "monthly_PRENEI_Q": 0.0,
      "monthly_PRELIQ_Q": 125.9,
      "monthly_PE_Q": 61.2
    },
    "2024-05": {
      "monthly_PRENEI_Q": 0.0,
      "monthly_PRELIQ_Q": 140.7,
      "monthly_PE_Q": 61.10000000000001
    },
    "2024-06": {
      "monthly_PRENEI_Q": 0.0,
      "monthly_PRELIQ_Q": 80.8,
      "monthly_PE_Q": -30.6
    },
    "2024-07": {
      "monthly_PRENEI_Q": 0.0,
      "monthly_PRELIQ_Q": 65.8,
      "monthly_PE_Q": -41.6
    },
    "2024-08": {
      "monthly_PRENEI_Q": 0.0,
      "monthly_PRELIQ_Q": 65.4,
      "monthly_PE_Q": -20.9
    },
    "2024-09": {
      "monthly_PRENEI_Q": 0.0,
      "monthly_PRELIQ_Q": 125.1,
      "monthly_PE_Q": 67.89999999999999
    },
    "2024-10": {
      "monthly_PRENEI_Q": 0.0,
      "monthly_PRELIQ_Q": 153.8,
      "monthly_PE_Q": 117.89999999999999
    },
    "2024-11": {
      "monthly_PRENEI_Q": 0.1,
      "monthly_PRELIQ_Q": 39.7,
      "monthly_PE_Q": 21.400000000000002
    },
    "2024-12": {
      "monthly_PRENEI_Q": 0.30000000000000004,
      "monthly_PRELIQ_Q": 83.3,
      "monthly_PE_Q": 74.3
    }
  }
}