{
  "years": {
    "2024": {
      "annual_PRENEI_Q": 15.9,
      "annual_PRELIQ_Q": 918.2,
      "annual_PE_Q": 339.8
    }
  },
  "months": {
    "2024-01": {
      "monthly_PRENEI_Q": 1.5,
      "monthly_PRELIQ_Q": 50.199999999999996,
      "monthly_PE_Q": 40.800000000000004
    },
    "2024-02": {
      "monthly_PRENEI_Q": 0.0,
      "monthly_PRELIQ_Q": 67.8,
      "monthly_PE_Q": 49.6
    },
    "2024-03": {
      "monthly_PRENEI_Q": 0.0,
      "monthly_PRELIQ_Q": 112.7,
      "monthly_PE_Q": 79.0
    },
    "2024-04": {
      "monthly_PRENEI_Q": 0.0,
      "monthly_PRELIQ_Q": 54.6,
      "monthly_PE_Q": -11.7
    },
    "2024-05": {
      "monthly_PRENEI_Q": 0.0,
      "monthly_PRELIQ_Q": 101.5,
      "monthly_PE_Q": 22.1
    },
    "2024-06": {
      "monthly_PRENEI_Q": 0.0,
      "monthly_PRELIQ_Q": 94.7,
      "monthly_PE_Q": -6.500000000000003
    },
    "2024-07": {
      "monthly_PRENEI_Q": 0.0,
      "monthly_PRELIQ_Q": 55.800000000000004,
      "monthly_PE_Q": -37.1
    },
    "2024-08": {
      "monthly_PRENEI_Q": 0.0,
      "monthly_PRELIQ_Q": 68.9,
      "monthly_PE_Q": -7.8999999999999995
    },
    "2024-09": {
      "monthly_PRENEI_Q": 0.0,
      "monthly_PRELIQ_Q": 97.4,
      "monthly_PE_Q": 47.0
    },
    "2024-10": {
      "monthly_PRENEI_Q": 0.0,
      "monthly_PRELIQ_Q": 120.10000000000001,
      "monthly_PE_Q": 85.39999999999999
    },
    "2024-11": {
      "monthly_PRENEI_Q": 12.2,
      "monthly_PRELIQ_Q": 40.6,
      "monthly_PE_Q": 33.5
    },
    "2024-12": {
      "monthly_PRENEI_Q": 2.1999999999999997,
      "monthly_PRELIQ_Q": 53.9,
      "monthly_PE_Q": 45.6
    }
  }
}