{
  "years": {
    "2024": {
      "annual_PRENEI_Q": 12.299999999999999,
      "annual_PRELIQ_Q": 1298.5,
      "annual_PE_Q": 665.3
    }
  },
  "months": {
    "2024-01": {
      "monthly_PRENEI_Q": 2.0,
      "monthly_PRELIQ_Q": 93.1,
      "monthly_PE_Q": 83.60000000000001
    },
    "2024-02": {
      "monthly_PRENEI_Q": 0.0,
      "monthly_PRELIQ_Q": 129.0,
      "monthly_PE_Q": 111.5
    },
    "2024-03": {
      "monthly_PRENEI_Q": 0.0,
      "monthly_PRELIQ_Q": 112.5,
      "monthly_PE_Q": 76.2
    },
    "2024-04": {
      "monthly_PRENEI_Q": 2.3,
      "monthly_PRELIQ_Q": 65.1,
      "monthly_PE_Q": 4.6000000000000005
    },
    "2024-05": {
      "monthly_PRENEI_Q": 0.0,
      "monthly_PRELIQ_Q": 181.5,
      "monthly_PE_Q": 101.6
    },
    "2024-06": {
      "monthly_PRENEI_Q": 0.0,
      "monthly_PRELIQ_Q": 155.1,
      "monthly_PE_Q": 51.8
    },
    "2024-07": {
      "monthly_PRENEI_Q": 0.0,
      "monthly_PRELIQ_Q": 82.0,
      "monthly_PE_Q": -25.2
    },
    "2024-08": {
      "monthly_PRENEI_Q": 0.0,
      "monthly_PRELIQ_Q": 100.80000000000001,
      "monthly_PE_Q": -4.299999999999995
    },
    "2024-09": {
      "monthly_PRENEI_Q": 0.0,
      "monthly_PRELIQ_Q": 124.39999999999999,
      "monthly_PE_Q": 70.8
    },
    "2024-10": {
      "monthly_PRENEI_Q": 0.0,
      "monthly_PRELIQ_Q": 80.5,
      "monthly_PE_Q": 44.49999999999999
    },
    "2024-11": {
      "monthly_PRENEI_Q": 6.199999999999999,
      "monthly_PRELIQ_Q": 75.3,
      "monthly_PE_Q": 63.1
    },
    "2024-12": {
      "monthly_PRENEI_Q": 1.8,
      "monthly_PRELIQ_Q": 99.2,
      "monthly_PE_Q": 87.10000000000001
    }
  }
}