{
  "years": {
    "2024": {
      "annual_PRENEI_Q": 9.5,
      "annual_PRELIQ_Q": 1138.6,
      "annual_PE_Q": 518.0
    }
  },
  "months": {
    "2024-01": {
      "monthly_PRENEI_Q": 4.8,
      "monthly_PRELIQ_Q": 95.0,
      "monthly_PE_Q": 87.3
    },
    "2024-02": {
      "monthly_PRENEI_Q": 0.0,
      "monthly_PRELIQ_Q": 133.20000000000002,
      "monthly_PE_Q": 115.2
    },
    "2024-03": {
      "monthly_PRENEI_Q": 0.1,
      "monthly_PRELIQ_Q": 88.4,
      "monthly_PE_Q": 54.6
    },
    "2024-04": {
      "monthly_PRENEI_Q": 1.1,
      "monthly_PRELIQ_Q": 60.9,
      "monthly_PE_Q": 2.700000000000001
    },
    "2024-05": {
      "monthly_PRENEI_Q": 0.0,
      "monthly_PRELIQ_Q": 141.8,
      "monthly_PE_Q": 60.6
    },
    "2024-06": {
      "monthly_PRENEI_Q": 0.0,
      "monthly_PRELIQ_Q": 99.1,
      "monthly_PE_Q": 3.300000000000003
    },
    "2024-07": {
      "monthly_PRENEI_Q": 0.0,
      "monthly_PRELIQ_Q": 96.0,
      "monthly_PE_Q": -6.300000000000001
    },
    "2024-08": {
      "monthly_PRENEI_Q": 0.0,
      "monthly_PRELIQ_Q": 86.8,
      "monthly_PE_Q": -17.799999999999997
    },
    "2024-09": {
      "monthly_PRENEI_Q": 0.0,
      "monthly_PRELIQ_Q": 99.9,
      "monthly_PE_Q": 45.1
    },
    "2024-10": {
      "monthly_PRENEI_Q": 0.0,
      "monthly_PRELIQ_Q": 74.8,
      "monthly_PE_Q": 40.400000000000006
    },
    "2024-11": {
      "monthly_PRENEI_Q": 1.9000000000000001,
      "monthly_PRELIQ_Q": 74.4,
      "monthly_PE_Q": 58.3
    },
    "2024-12": {
      "monthly_PRENEI_Q": 1.6,
      "monthly_PRELIQ_Q": 88.3,
      "monthly_PE_Q": 74.60000000000001
    }
  }
}