{
  "years": {
    "2024": {
      "annual_PRENEI_Q": 12.6,
      "annual_PRELIQ_Q": 912.6999999999999,
      "annual_PE_Q": 317.2
    }
  },
  "months": {
    "2024-01": {
      "monthly_PRENEI_Q": 9.7,
      "monthly_PRELIQ_Q": 69.3,
      "monthly_PE_Q": 67.9
    },
    "2024-02": {
      "monthly_PRENEI_Q": 0.0,
      "monthly_PRELIQ_Q": 101.5,
      "monthly_PE_Q": 86.2
    },
    "2024-03": {
      "monthly_PRENEI_Q": 0.0,
      "monthly_PRELIQ_Q": 72.1,
      "monthly_PE_Q": 38.6
    },
    "2024-04": {
      "monthly_PRENEI_Q": 1.7000000000000002,
      "monthly_PRELIQ_Q": 55.699999999999996,
      "monthly_PE_Q": -0.5999999999999999
    },
    "2024-05": {
      "monthly_PRENEI_Q": 0.0,
      "monthly_PRELIQ_Q": 88.3,
      "monthly_PE_Q": 9.499999999999998
    },
    "2024-06": {
      "monthly_PRENEI_Q": 0.0,
      "monthly_PRELIQ_Q": 87.6,
      "monthly_PE_Q": -9.100000000000001
    },
    "2024-07": {
      "monthly_PRENEI_Q": 0.0,
      "monthly_PRELIQ_Q": 103.0,
      "monthly_PE_Q": 1.200000000000001
    },
    "2024-08": {
      "monthly_PRENEI_Q": 0.0,
      "monthly_PRELIQ_Q": 59.8,
      "monthly_PE_Q": -40.6
    },
    "2024-09": {
      "monthly_PRENEI_Q": 0.0,
      "monthly_PRELIQ_Q": 74.0,
      "monthly_PE_Q": 23.3
    },
    "2024-10": {
      "monthly_PRENEI_Q": 0.0,
      "monthly_PRELIQ_Q": 72.2,
      "monthly_PE_Q": 39.699999999999996
    },
    "2024-11": {
      "monthly_PRENEI_Q": 0.6000000000000001,
      "monthly_PRELIQ_Q": 56.699999999999996,
      "monthly_PE_Q": 40.1
    },
    "2024-12": {
      "monthly_PRENEI_Q": 0.6,
      "monthly_PRELIQ_Q": 72.5,
      "monthly_PE_Q": 61.0
    }
  }
}