{
  "years": {
    "2024": {
      "annual_PRENEI_Q": 10.0,
      "annual_PRELIQ_Q": 1169.1,
      "annual_PE_Q": 503.40000000000003
    }
  },
  "months": {
    "2024-01": {
      "monthly_PRENEI_Q": 7.5,
      "monthly_PRELIQ_Q": 84.1,
      "monthly_PE_Q": 72.4
    },
    "2024-02": {
      "monthly_PRENEI_Q": 0.0,
      "monthly_PRELIQ_Q": 144.0,
      "monthly_PE_Q": 122.8
    },
    "2024-03": {
      "monthly_PRENEI_Q": 0.0,
      "monthly_PRELIQ_Q": 87.1,
      "monthly_PE_Q": 51.5
    },
    "2024-04": {
      "monthly_PRENEI_Q": 1.4000000000000001,
      "monthly_PRELIQ_Q": 65.9,
      "monthly_PE_Q": 8.600000000000001
    },
    "2024-05": {
      "monthly_PRENEI_Q": 0.0,
      "monthly_PRELIQ_Q": 136.79999999999998,
      "monthly_PE_Q": 56.4
    },
    "2024-06": {
      "monthly_PRENEI_Q": 0.0,
      "monthly_PRELIQ_Q": 78.7,
      "monthly_PE_Q": -23.6
    },
    "2024-07": {
      "monthly_PRENEI_Q": 0.0,
      "monthly_PRELIQ_Q": 129.6,
      "monthly_PE_Q": 18.4
    },
    "2024-08": {
      "monthly_PRENEI_Q": 0.0,
      "monthly_PRELIQ_Q": 89.2,
      "monthly_PE_Q": -22.5
    },
    "2024-09": {
      "monthly_PRENEI_Q": 0.0,
      "monthly_PRELIQ_Q": 113.0,
      "monthly_PE_Q": 48.9
    },
    "2024-10": {
      "monthly_PRENEI_Q": 0.0,
      "monthly_PRELIQ_Q": 83.4,
      "monthly_PE_Q": 50.300000000000004
    },
    "2024-11": {
      "monthly_PRENEI_Q": 0.9,
      "monthly_PRELIQ_Q": 76.7,
      "monthly_PE_Q": 59.400000000000006
    },
    "2024-12": {
      "monthly_PRENEI_Q": 0.2,
      "monthly_PRELIQ_Q": 80.60000000000001,
      "monthly_PE_Q": 60.800000000000004
    }
  }
}