{
  "years": {
    "2024": {
      "annual_PRENEI_Q": 13.5,
      "annual_PRELIQ_Q": 1138.1,
      "annual_PE_Q": 535.9
    }
  },
  "months": {
    "2024-01": {
      "monthly_PRENEI_Q": 10.6,
      "monthly_PRELIQ_Q": 105.7,
      "monthly_PE_Q": 104.3
    },
    "2024-02": {
      "monthly_PRENEI_Q": 0.0,
      "monthly_PRELIQ_Q": 138.29999999999998,
      "monthly_PE_Q": 120.2
    },
    "2024-03": {
      "monthly_PRENEI_Q": 0.0,
      "monthly_PRELIQ_Q": 75.4,
      "monthly_PE_Q": 43.6
    },
    "2024-04": {
      "monthly_PRENEI_Q": 1.2000000000000002,
      "monthly_PRELIQ_Q": 67.1,
      "monthly_PE_Q": 14.099999999999998
    },
    "2024-05": {
      "monthly_PRENEI_Q": 0.0,
      "monthly_PRELIQ_Q": 117.89999999999999,
      "monthly_PE_Q": 44.199999999999996
    },
    "2024-06": {
      "monthly_PRENEI_Q": 0.0,
      "monthly_PRELIQ_Q": 71.60000000000001,
      "monthly_PE_Q": -29.300000000000004
    },
    "2024-07": {
      "monthly_PRENEI_Q": 0.0,
      "monthly_PRELIQ_Q": 105.7,
      "monthly_PE_Q": -3.5000000000000018
    },
    "2024-08": {
      "monthly_PRENEI_Q": 0.0,
      "monthly_PRELIQ_Q": 73.9,
      "monthly_PE_Q": -24.000000000000004
    },
    "2024-09": {
      "monthly_PRENEI_Q": 0.0,
      "monthly_PRELIQ_Q": 121.3,
      "monthly_PE_Q": 62.3
    },
    "2024-10": {
      "monthly_PRENEI_Q": 0.0,
      "monthly_PRELIQ_Q": 109.89999999999999,
      "monthly_PE_Q": 77.2
    },
    "2024-11": {
      "monthly_PRENEI_Q": 0.5,
      "monthly_PRELIQ_Q": 64.2,
      "monthly_PE_Q": 49.4
    },
    "2024-12": {
      "monthly_PRENEI_Q": 1.2,
      "monthly_PRELIQ_Q": 87.1,
      "monthly_PE_Q": 77.4
    }
  }
}