{
  "years": {
    "2024": {
      "annual_PRENEI_Q": 11.799999999999999,
      "annual_PRELIQ_Q": 1111.4,
      "annual_PE_Q": 452.7
    }
  },
  "months": {
    "2024-01": {
      "monthly_PRENEI_Q": 9.5,
      "monthly_PRELIQ_Q": 104.1,
      "monthly_PE_Q": 93.8
    },
    "2024-02": {
      "monthly_PRENEI_Q": 0.0,
      "monthly_PRELIQ_Q": 134.6,
      "monthly_PE_Q": 110.39999999999999
    },
    "2024-03": {
      "monthly_PRENEI_Q": 0.0,
      "monthly_PRELIQ_Q": 73.60000000000001,
      "monthly_PE_Q": 37.1
    },
    "2024-04": {
      "monthly_PRENEI_Q": 1.0,
      "monthly_PRELIQ_Q": 65.8,
      "monthly_PE_Q": 6.6000000000000005
    },
    "2024-05": {
      "monthly_PRENEI_Q": 0.0,
      "monthly_PRELIQ_Q": 115.0,
      "monthly_PE_Q": 37.400000000000006
    },
    "2024-06": {
      "monthly_PRENEI_Q": 0.0,
      "monthly_PRELIQ_Q": 69.89999999999999,
      "monthly_PE_Q": -35.2
    },
    "2024-07": {
      "monthly_PRENEI_Q": 0.0,
      "monthly_PRELIQ_Q": 103.0,
      "monthly_PE_Q": -9.9
    },
    "2024-08": {
      "monthly_PRENEI_Q": 0.0,
      "monthly_PRELIQ_Q": 71.9,
      "monthly_PE_Q": -25.799999999999997
    },
    "2024-09": {
      "monthly_PRENEI_Q": 0.0,
      "monthly_PRELIQ_Q": 118.2,
      "monthly_PE_Q": 55.2
    },
    "2024-10": {
      "monthly_PRENEI_Q": 0.0,
      "monthly_PRELIQ_Q": 107.1,
      "monthly_PE_Q": 71.5
    },
    "2024-11": {
      "monthly_PRENEI_Q": 0.4,
      "monthly_PRELIQ_Q": 62.8,
      "monthly_PE_Q": 43.699999999999996
    },
    "2024-12": {
      "monthly_PRENEI_Q": 0.9,
      "monthly_PRELIQ_Q": 85.4,
      "monthly_PE_Q": 67.9
    }
  }
}