{
  "years": {
    "2024": {
      "annual_PRENEI_Q": 0.2,
      "annual_PRELIQ_Q": 627.6,
      "annual_PE_Q": 93.1
    }
  },
  "months": {
    "2024-01": {
      "monthly_PRENEI_Q": 0.0,
      "monthly_PRELIQ_Q": 21.8,
      "monthly_PE_Q": 5.300000000000001
    },
    "2024-02": {
      "monthly_PRENEI_Q": 0.0,
      "monthly_PRELIQ_Q": 75.8,
      "monthly_PE_Q": 49.3
    },
    "2024-03": {
      "monthly_PRENEI_Q": 0.0,
      "monthly_PRELIQ_Q": 181.29999999999998,
      "monthly_PE_Q": 128.8
    },
    "2024-04": {
      "monthly_PRENEI_Q": 0.0,
      "monthly_PRELIQ_Q": 32.2,
      "monthly_PE_Q": -47.4
    },
    "2024-05": {
      "monthly_PRENEI_Q": 0.0,
      "monthly_PRELIQ_Q": 56.6,
      "monthly_PE_Q": -34.800000000000004
    },
    "2024-06": {
      "monthly_PRENEI_Q": 0.0,
      "monthly_PRELIQ_Q": 18.1,
      "monthly_PE_Q": -42.5
    },
    "2024-07": {
      "monthly_PRENEI_Q": 0.0,
      "monthly_PRELIQ_Q": 33.6,
      "monthly_PE_Q": -17.3
    },
    "2024-08": {
      "monthly_PRENEI_Q": 0.0,
      "monthly_PRELIQ_Q": 14.9,
      "monthly_PE_Q": -13.899999999999999
    },
    "2024-09": {
      "monthly_PRENEI_Q": 0.0,
      "monthly_PRELIQ_Q": 80.10000000000001,
      "monthly_PE_Q": 30.499999999999993
    },
    "2024-10": {
      "monthly_PRENEI_Q": 0.0,
      "monthly_PRELIQ_Q": 72.2,
      "monthly_PE_Q": 32.1
    },
    "2024-11": {
      "monthly_PRENEI_Q": 0.0,
      "monthly_PRELIQ_Q": 29.299999999999997,
      "monthly_PE_Q": 6.000000000000002
    },
    "2024-12": {
      "monthly_PRENEI_Q": 0.2,
      "monthly_PRELIQ_Q": 11.7,
      "monthly_PE_Q": -2.9999999999999996
    }
  }
}