{
  "years": {
    "2024": {
      "annual_PRENEI_Q": 33.0,
      "annual_PRELIQ_Q": 975.7,
      "annual_PE_Q": 339.5
    }
  },
  "months": {
    "2024-01": {
      "monthly_PRENEI_Q": 2.4000000000000004,
      "monthly_PRELIQ_Q": 35.7,
      "monthly_PE_Q": 23.1
    },
    "2024-02": {
      "monthly_PRENEI_Q": 0.0,
      "monthly_PRELIQ_Q": 45.7,
      "monthly_PE_Q": 23.799999999999997
    },
    "2024-03": {
      "monthly_PRENEI_Q": 29.599999999999998,
      "monthly_PRELIQ_Q": 162.6,
      "monthly_PE_Q": 146.79999999999998
    },
    "2024-04": {
      "monthly_PRENEI_Q": 0.0,
      "monthly_PRELIQ_Q": 55.0,
      "monthly_PE_Q": -22.5
    },
    "2024-05": {
      "monthly_PRENEI_Q": 0.0,
      "monthly_PRELIQ_Q": 164.3,
      "monthly_PE_Q": 75.7
    },
    "2024-06": {
      "monthly_PRENEI_Q": 0.0,
      "monthly_PRELIQ_Q": 84.4,
      "monthly_PE_Q": -32.5
    },
    "2024-07": {
      "monthly_PRENEI_Q": 0.0,
      "monthly_PRELIQ_Q": 62.800000000000004,
      "monthly_PE_Q": -58.7
    },
    "2024-08": {
      "monthly_PRENEI_Q": 0.0,
      "monthly_PRELIQ_Q": 7.1,
      "monthly_PE_Q": -46.5
    },
    "2024-09": {
      "monthly_PRENEI_Q": 0.0,
      "monthly_PRELIQ_Q": 150.1,
      "monthly_PE_Q": 94.7
    },
    "2024-10": {
      "monthly_PRENEI_Q": 0.0,
      "monthly_PRELIQ_Q": 129.8,
      "monthly_PE_Q": 90.0
    },
    "2024-11": {
      "monthly_PRENEI_Q": 0.0,
      "monthly_PRELIQ_Q": 25.0,
      "monthly_PE_Q": 6.3999999999999995
    },
    "2024-12": {
      "monthly_PRENEI_Q": 1.0,
      "monthly_PRELIQ_Q": 53.199999999999996,
      "monthly_PE_Q": 39.199999999999996
    }
  }
}