{
  "years": {
    "2024": {
      "annual_PRENEI_Q": 16.4,
      "annual_PRELIQ_Q": 921.3,
      "annual_PE_Q": 290.09999999999997
    }
  },
  "months": {
    "2024-01": {
      "monthly_PRENEI_Q": 1.2000000000000002,
      "monthly_PRELIQ_Q": 34.0,
      "monthly_PE_Q": 16.400000000000002
    },
    "2024-02": {
      "monthly_PRENEI_Q": 0.0,
      "monthly_PRELIQ_Q": 42.4,
      "monthly_PE_Q": 18.599999999999998
    },
    "2024-03": {
      "monthly_PRENEI_Q": 15.0,
      "monthly_PRELIQ_Q": 163.4,
      "monthly_PE_Q": 128.1
    },
    "2024-04": {
      "monthly_PRENEI_Q": 0.0,
      "monthly_PRELIQ_Q": 51.1,
      "monthly_PE_Q": -26.5
    },
    "2024-05": {
      "monthly_PRENEI_Q": 0.0,
      "monthly_PRELIQ_Q": 153.1,
      "monthly_PE_Q": 65.8
    },
    "2024-06": {
      "monthly_PRENEI_Q": 0.0,
      "monthly_PRELIQ_Q": 78.5,
      "monthly_PE_Q": -30.0
    },
    "2024-07": {
      "monthly_PRENEI_Q": 0.0,
      "monthly_PRELIQ_Q": 58.4,
      "monthly_PE_Q": -47.8
    },
    "2024-08": {
      "monthly_PRENEI_Q": 0.0,
      "monthly_PRELIQ_Q": 6.699999999999999,
      "monthly_PE_Q": -33.9
    },
    "2024-09": {
      "monthly_PRENEI_Q": 0.0,
      "monthly_PRELIQ_Q": 139.3,
      "monthly_PE_Q": 85.89999999999999
    },
    "2024-10": {
      "monthly_PRENEI_Q": 0.0,
      "monthly_PRELIQ_Q": 120.60000000000001,
      "monthly_PE_Q": 78.5
    },
    "2024-11": {
      "monthly_PRENEI_Q": 0.0,
      "monthly_PRELIQ_Q": 23.0,
      "monthly_PE_Q": 2.200000000000001
    },
    "2024-12": {
      "monthly_PRENEI_Q": 0.2,
      "monthly_PRELIQ_Q": 50.8,
      "monthly_PE_Q": 32.800000000000004
    }
  }
}