{
  "years": {
    "2024": {
      "annual_PRENEI_Q": 23.999999999999996,
      "annual_PRELIQ_Q": 891.7,
      "annual_PE_Q": 310.90000000000003
    }
  },
  "months": {
    "2024-01": {
      "monthly_PRENEI_Q": 2.7,
      "monthly_PRELIQ_Q": 37.3,
      "monthly_PE_Q": 24.7
    },
    "2024-02": {
      "monthly_PRENEI_Q": 0.0,
      "monthly_PRELIQ_Q": 42.5,
      "monthly_PE_Q": 22.799999999999997
    },
    "2024-03": {
      "monthly_PRENEI_Q": 20.9,
      "monthly_PRELIQ_Q": 139.8,
      "monthly_PE_Q": 117.50000000000001
    },
    "2024-04": {
      "monthly_PRENEI_Q": 0.0,
      "monthly_PRELIQ_Q": 58.6,
      "monthly_PE_Q": -12.7
    },
    "2024-05": {
      "monthly_PRENEI_Q": 0.0,
      "monthly_PRELIQ_Q": 121.60000000000001,
      "monthly_PE_Q": 43.6
    },
    "2024-06": {
      "monthly_PRENEI_Q": 0.0,
      "monthly_PRELIQ_Q": 83.8,
      "monthly_PE_Q": -20.599999999999998
    },
    "2024-07": {
      "monthly_PRENEI_Q": 0.0,
      "monthly_PRELIQ_Q": 55.4,
      "monthly_PE_Q": -46.300000000000004
    },
    "2024-08": {
      "monthly_PRENEI_Q": 0.0,
      "monthly_PRELIQ_Q": 19.9,
      "monthly_PE_Q": -30.599999999999998
    },
    "2024-09": {
      "monthly_PRENEI_Q": 0.0,
      "monthly_PRELIQ_Q": 114.7,
      "monthly_PE_Q": 63.199999999999996
    },
    "2024-10": {
      "monthly_PRENEI_Q": 0.0,
      "monthly_PRELIQ_Q": 137.6,
      "monthly_PE_Q": 99.39999999999999
    },
    "2024-11": {
      "monthly_PRENEI_Q": 0.0,
      "monthly_PRELIQ_Q": 25.9,
      "monthly_PE_Q": 5.000000000000002
    },
    "2024-12": {
      "monthly_PRENEI_Q": 0.4,
      "monthly_PRELIQ_Q": 54.6,
      "monthly_PE_Q": 44.9
    }
  }
}