{
  "years": {
    "2024": {
      "annual_PRENEI_Q": 7.3999999999999995,
      "annual_PRELIQ_Q": 1008.0,
      "annual_PE_Q": 409.7
    }
  },
  "months": {
    "2024-01": {
      "monthly_PRENEI_Q": 2.6,
      "monthly_PRELIQ_Q": 62.800000000000004,
      "monthly_PE_Q": 49.900000000000006
    },
    "2024-02": {
      "monthly_PRENEI_Q": 0.0,
      "monthly_PRELIQ_Q": 46.9,
      "monthly_PE_Q": 26.599999999999998
    },
    "2024-03": {
      "monthly_PRENEI_Q": 4.7,
      "monthly_PRELIQ_Q": 100.2,
      "monthly_PE_Q": 64.1
    },
    "2024-04": {
      "monthly_PRENEI_Q": 0.0,
      "monthly_PRELIQ_Q": 65.7,
      "monthly_PE_Q": 3.0
    },
    "2024-05": {
      "monthly_PRENEI_Q": 0.0,
      "monthly_PRELIQ_Q": 146.7,
      "monthly_PE_Q": 70.8
    },
    "2024-06": {
      "monthly_PRENEI_Q": 0.0,
      "monthly_PRELIQ_Q": 82.4,
      "monthly_PE_Q": -14.099999999999998
    },
    "2024-07": {
      "monthly_PRENEI_Q": 0.0,
      "monthly_PRELIQ_Q": 58.300000000000004,
      "monthly_PE_Q": -40.2
    },
    "2024-08": {
      "monthly_PRENEI_Q": 0.0,
      "monthly_PRELIQ_Q": 46.6,
      "monthly_PE_Q": -24.900000000000002
    },
    "2024-09": {
      "monthly_PRENEI_Q": 0.0,
      "monthly_PRELIQ_Q": 136.6,
      "monthly_PE_Q": 84.5
    },
    "2024-10": {
      "monthly_PRENEI_Q": 0.0,
      "monthly_PRELIQ_Q": 140.1,
      "monthly_PE_Q": 103.0
    },
    "2024-11": {
      "monthly_PRENEI_Q": 0.0,
      "monthly_PRELIQ_Q": 28.9,
      "monthly_PE_Q": 6.299999999999999
    },
    "2024-12": {
      "monthly_PRENEI_Q": 0.1,
      "monthly_PRELIQ_Q": 92.8,
      "monthly_PE_Q": 80.7
    }
  }
}