{
  "years": {
    "2024": {
      "annual_PRENEI_Q": 5.2,
      "annual_PRELIQ_Q": 1012.9,
      "annual_PE_Q": 407.6
    }
  },
  "months": {
    "2024-01": {
      "monthly_PRENEI_Q": 1.6,
      "monthly_PRELIQ_Q": 45.1,
      "monthly_PE_Q": 30.400000000000002
    },
    "2024-02": {
      "monthly_PRENEI_Q": 0.0,
      "monthly_PRELIQ_Q": 45.6,
      "monthly_PE_Q": 24.099999999999998
    },
    "2024-03": {
      "monthly_PRENEI_Q": 3.6,
      "monthly_PRELIQ_Q": 136.3,
      "monthly_PE_Q": 93.69999999999999
    },
    "2024-04": {
      "monthly_PRENEI_Q": 0.0,
      "monthly_PRELIQ_Q": 121.6,
      "monthly_PE_Q": 53.2
    },
    "2024-05": {
      "monthly_PRENEI_Q": 0.0,
      "monthly_PRELIQ_Q": 125.9,
      "monthly_PE_Q": 41.7
    },
    "2024-06": {
      "monthly_PRENEI_Q": 0.0,
      "monthly_PRELIQ_Q": 64.3,
      "monthly_PE_Q": -39.2
    },
    "2024-07": {
      "monthly_PRENEI_Q": 0.0,
      "monthly_PRELIQ_Q": 47.0,
      "monthly_PE_Q": -41.699999999999996
    },
    "2024-08": {
      "monthly_PRENEI_Q": 0.0,
      "monthly_PRELIQ_Q": 43.6,
      "monthly_PE_Q": -18.4
    },
    "2024-09": {
      "monthly_PRENEI_Q": 0.0,
      "monthly_PRELIQ_Q": 112.39999999999999,
      "monthly_PE_Q": 60.900000000000006
    },
    "2024-10": {
      "monthly_PRENEI_Q": 0.0,
      "monthly_PRELIQ_Q": 191.5,
      "monthly_PE_Q": 153.9
    },
    "2024-11": {
      "monthly_PRENEI_Q": 0.0,
      "monthly_PRELIQ_Q": 26.599999999999998,
      "monthly_PE_Q": 4.199999999999999
    },
    "2024-12": {
      "monthly_PRENEI_Q": 0.0,
      "monthly_PRELIQ_Q": 53.0,
      "monthly_PE_Q": 44.8
    }
  }
}