{
  "years": {
    "2024": {
      "annual_PRENEI_Q": 10.700000000000001,
      "annual_PRELIQ_Q": 1149.9,
      "annual_PE_Q": 504.7
    }
  },
  "months": {
    "2024-01": {
      "monthly_PRENEI_Q": 4.9,
      "monthly_PRELIQ_Q": 71.1,
      "monthly_PE_Q": 61.9
    },
    "2024-02": {
      "monthly_PRENEI_Q": 0.0,
      "monthly_PRELIQ_Q": 78.2,
      "monthly_PE_Q": 56.699999999999996
    },
    "2024-03": {
      "monthly_PRENEI_Q": 5.4,
      "monthly_PRELIQ_Q": 116.3,
      "monthly_PE_Q": 77.7
    },
    "2024-04": {
      "monthly_PRENEI_Q": 0.0,
      "monthly_PRELIQ_Q": 126.6,
      "monthly_PE_Q": 60.3
    },
    "2024-05": {
      "monthly_PRENEI_Q": 0.0,
      "monthly_PRELIQ_Q": 141.6,
      "monthly_PE_Q": 61.8
    },
    "2024-06": {
      "monthly_PRENEI_Q": 0.0,
      "monthly_PRELIQ_Q": 81.1,
      "monthly_PE_Q": -31.3
    },
    "2024-07": {
      "monthly_PRENEI_Q": 0.0,
      "monthly_PRELIQ_Q": 66.2,
      "monthly_PE_Q": -42.4
    },
    "2024-08": {
      "monthly_PRENEI_Q": 0.0,
      "monthly_PRELIQ_Q": 65.7,
      "monthly_PE_Q": -21.500000000000004
    },
    "2024-09": {
      "monthly_PRENEI_Q": 0.0,
      "monthly_PRELIQ_Q": 125.5,
      "monthly_PE_Q": 68.0
    },
    "2024-10": {
      "monthly_PRENEI_Q": 0.0,
      "monthly_PRELIQ_Q": 154.39999999999998,
      "monthly_PE_Q": 118.5
    },
    "2024-11": {
      "monthly_PRENEI_Q": 0.1,
      "monthly_PRELIQ_Q": 39.800000000000004,
      "monthly_PE_Q": 20.6
    },
    "2024-12": {
      "monthly_PRENEI_Q": 0.30000000000000004,
      "monthly_PRELIQ_Q": 83.39999999999999,
      "monthly_PE_Q": 74.39999999999999
    }
  }
}