{
  "years": {
    "2024": {
      "annual_PRENEI_Q": 14.399999999999999,
      "annual_PRELIQ_Q": 965.4,
      "annual_PE_Q": 376.40000000000003
    }
  },
  "months": {
    "2024-01": {
      "monthly_PRENEI_Q": 2.6,
      "monthly_PRELIQ_Q": 45.0,
      "monthly_PE_Q": 35.5
    },
    "2024-02": {
      "monthly_PRENEI_Q": 0.0,
      "monthly_PRELIQ_Q": 61.2,
      "monthly_PE_Q": 42.9
    },
    "2024-03": {
      "monthly_PRENEI_Q": 0.0,
      "monthly_PRELIQ_Q": 155.7,
      "monthly_PE_Q": 119.80000000000001
    },
    "2024-04": {
      "monthly_PRENEI_Q": 0.0,
      "monthly_PRELIQ_Q": 57.9,
      "monthly_PE_Q": -5.699999999999998
    },
    "2024-05": {
      "monthly_PRENEI_Q": 0.0,
      "monthly_PRELIQ_Q": 76.0,
      "monthly_PE_Q": 1.3000000000000003
    },
    "2024-06": {
      "monthly_PRENEI_Q": 0.0,
      "monthly_PRELIQ_Q": 113.8,
      "monthly_PE_Q": 14.799999999999999
    },
    "2024-07": {
      "monthly_PRENEI_Q": 0.0,
      "monthly_PRELIQ_Q": 64.2,
      "monthly_PE_Q": -45.4
    },
    "2024-08": {
      "monthly_PRENEI_Q": 0.0,
      "monthly_PRELIQ_Q": 53.800000000000004,
      "monthly_PE_Q": -25.1
    },
    "2024-09": {
      "monthly_PRENEI_Q": 0.0,
      "monthly_PRELIQ_Q": 95.60000000000001,
      "monthly_PE_Q": 42.0
    },
    "2024-10": {
      "monthly_PRENEI_Q": 0.0,
      "monthly_PRELIQ_Q": 145.7,
      "monthly_PE_Q": 113.7
    },
    "2024-11": {
      "monthly_PRENEI_Q": 11.7,
      "monthly_PRELIQ_Q": 51.9,
      "monthly_PE_Q": 47.9
    },
    "2024-12": {
      "monthly_PRENEI_Q": 0.1,
      "monthly_PRELIQ_Q": 44.6,
      "monthly_PE_Q": 34.7
    }
  }
}