{
  "years": {
    "2024": {
      "annual_PRENEI_Q": 13.0,
      "annual_PRELIQ_Q": 959.4,
      "annual_PE_Q": 403.40000000000003
    }
  },
  "months": {
    "2024-01": {
      "monthly_PRENEI_Q": 2.5,
      "monthly_PRELIQ_Q": 44.6,
      "monthly_PE_Q": 36.5
    },
    "2024-02": {
      "monthly_PRENEI_Q": 0.0,
      "monthly_PRELIQ_Q": 60.9,
      "monthly_PE_Q": 44.800000000000004
    },
    "2024-03": {
      "monthly_PRENEI_Q": 0.0,
      "monthly_PRELIQ_Q": 154.6,
      "monthly_PE_Q": 118.0
    },
    "2024-04": {
      "monthly_PRENEI_Q": 0.0,
      "monthly_PRELIQ_Q": 57.7,
      "monthly_PE_Q": -6.199999999999999
    },
    "2024-05": {
      "monthly_PRENEI_Q": 0.0,
      "monthly_PRELIQ_Q": 75.6,
      "monthly_PE_Q": 1.7000000000000024
    },
    "2024-06": {
      "monthly_PRENEI_Q": 0.0,
      "monthly_PRELIQ_Q": 112.9,
      "monthly_PE_Q": 15.799999999999999
    },
    "2024-07": {
      "monthly_PRENEI_Q": 0.0,
      "monthly_PRELIQ_Q": 63.699999999999996,
      "monthly_PE_Q": -35.9
    },
    "2024-08": {
      "monthly_PRENEI_Q": 0.0,
      "monthly_PRELIQ_Q": 53.4,
      "monthly_PE_Q": -14.999999999999998
    },
    "2024-09": {
      "monthly_PRENEI_Q": 0.0,
      "monthly_PRELIQ_Q": 94.7,
      "monthly_PE_Q": 46.6
    },
    "2024-10": {
      "monthly_PRENEI_Q": 0.0,
      "monthly_PRELIQ_Q": 144.5,
      "monthly_PE_Q": 113.3
    },
    "2024-11": {
      "monthly_PRENEI_Q": 10.4,
      "monthly_PRELIQ_Q": 52.5,
      "monthly_PE_Q": 48.4
    },
    "2024-12": {
      "monthly_PRENEI_Q": 0.1,
      "monthly_PRELIQ_Q": 44.300000000000004,
      "monthly_PE_Q": 35.4
    }
  }
}