{
  "years": {
    "2024": {
      "annual_PRENEI_Q": 16.900000000000002,
      "annual_PRELIQ_Q": 922.7,
      "annual_PE_Q": 321.59999999999997
    }
  },
  "months": {
    "2024-01": {
      "monthly_PRENEI_Q": 1.5,
      "monthly_PRELIQ_Q": 50.699999999999996,
      "monthly_PE_Q": 40.699999999999996
    },
    "2024-02": {
      "monthly_PRENEI_Q": 0.0,
      "monthly_PRELIQ_Q": 68.3,
      "monthly_PE_Q": 49.7
    },
    "2024-03": {
      "monthly_PRENEI_Q": 0.0,
      "monthly_PRELIQ_Q": 113.2,
      "monthly_PE_Q": 80.8
    },
    "2024-04": {
      "monthly_PRENEI_Q": 0.0,
      "monthly_PRELIQ_Q": 54.8,
      "monthly_PE_Q": -11.500000000000002
    },
    "2024-05": {
      "monthly_PRENEI_Q": 0.0,
      "monthly_PRELIQ_Q": 102.3,
      "monthly_PE_Q": 21.800000000000004
    },
    "2024-06": {
      "monthly_PRENEI_Q": 0.0,
      "monthly_PRELIQ_Q": 95.1,
      "monthly_PE_Q": -8.2
    },
    "2024-07": {
      "monthly_PRENEI_Q": 0.0,
      "monthly_PRELIQ_Q": 56.1,
      "monthly_PE_Q": -46.7
    },
    "2024-08": {
      "monthly_PRENEI_Q": 0.0,
      "monthly_PRELIQ_Q": 69.4,
      "monthly_PE_Q": -15.900000000000002
    },
    "2024-09": {
      "monthly_PRENEI_Q": 0.0,
      "monthly_PRELIQ_Q": 98.0,
      "monthly_PE_Q": 45.199999999999996
    },
    "2024-10": {
      "monthly_PRENEI_Q": 0.0,
      "monthly_PRELIQ_Q": 120.8,
      "monthly_PE_Q": 86.6
    },
    "2024-11": {
      "monthly_PRENEI_Q": 13.0,
      "monthly_PRELIQ_Q": 40.1,
      "monthly_PE_Q": 33.8
    },
    "2024-12": {
      "monthly_PRENEI_Q": 2.4,
      "monthly_PRELIQ_Q": 53.9,
      "monthly_PE_Q": 45.3
    }
  }
}