{
  "years": {
    "2024": {
      "annual_PRENEI_Q": 18.0,
      "annual_PRELIQ_Q": 927.3000000000001,
      "annual_PE_Q": 372.1
    }
  },
  "months": {
    "2024-01": {
      "monthly_PRENEI_Q": 1.5,
      "monthly_PRELIQ_Q": 50.9,
      "monthly_PE_Q": 43.0
    },
    "2024-02": {
      "monthly_PRENEI_Q": 0.0,
      "monthly_PRELIQ_Q": 68.7,
      "monthly_PE_Q": 52.2
    },
    "2024-03": {
      "monthly_PRENEI_Q": 0.0,
      "monthly_PRELIQ_Q": 114.19999999999999,
      "monthly_PE_Q": 81.7
    },
    "2024-04": {
      "monthly_PRENEI_Q": 0.0,
      "monthly_PRELIQ_Q": 55.2,
      "monthly_PE_Q": -8.7
    },
    "2024-05": {
      "monthly_PRENEI_Q": 0.0,
      "monthly_PRELIQ_Q": 102.7,
      "monthly_PE_Q": 27.0
    },
    "2024-06": {
      "monthly_PRENEI_Q": 0.0,
      "monthly_PRELIQ_Q": 95.8,
      "monthly_PE_Q": -2.0000000000000018
    },
    "2024-07": {
      "monthly_PRENEI_Q": 0.0,
      "monthly_PRELIQ_Q": 56.199999999999996,
      "monthly_PE_Q": -35.199999999999996
    },
    "2024-08": {
      "monthly_PRENEI_Q": 0.0,
      "monthly_PRELIQ_Q": 69.8,
      "monthly_PE_Q": -6.599999999999999
    },
    "2024-09": {
      "monthly_PRENEI_Q": 0.0,
      "monthly_PRELIQ_Q": 98.5,
      "monthly_PE_Q": 49.00000000000001
    },
    "2024-10": {
      "monthly_PRENEI_Q": 0.0,
      "monthly_PRELIQ_Q": 121.60000000000001,
      "monthly_PE_Q": 88.10000000000001
    },
    "2024-11": {
      "monthly_PRENEI_Q": 14.0,
      "monthly_PRELIQ_Q": 39.6,
      "monthly_PE_Q": 35.7
    },
    "2024-12": {
      "monthly_PRENEI_Q": 2.5,
      "monthly_PRELIQ_Q": 54.1,
      "monthly_PE_Q": 47.9
    }
  }
}