{
  "years": {
    "2024": {
      "annual_PRENEI_Q": 18.1,
      "annual_PRELIQ_Q": 929.0,
      "annual_PE_Q": 385.8
    }
  },
  "months": {
    "2024-01": {
      "monthly_PRENEI_Q": 1.5,
      "monthly_PRELIQ_Q": 53.5,
      "monthly_PE_Q": 44.9
    },
    "2024-02": {
      "monthly_PRENEI_Q": 0.0,
      "monthly_PRELIQ_Q": 60.800000000000004,
      "monthly_PE_Q": 41.3
    },
    "2024-03": {
      "monthly_PRENEI_Q": 0.0,
      "monthly_PRELIQ_Q": 123.69999999999999,
      "monthly_PE_Q": 86.89999999999999
    },
    "2024-04": {
      "monthly_PRENEI_Q": 0.0,
      "monthly_PRELIQ_Q": 39.7,
      "monthly_PE_Q": -22.5
    },
    "2024-05": {
      "monthly_PRENEI_Q": 0.0,
      "monthly_PRELIQ_Q": 134.29999999999998,
      "monthly_PE_Q": 58.1
    },
    "2024-06": {
      "monthly_PRENEI_Q": 0.0,
      "monthly_PRELIQ_Q": 88.5,
      "monthly_PE_Q": -0.5999999999999985
    },
    "2024-07": {
      "monthly_PRENEI_Q": 0.0,
      "monthly_PRELIQ_Q": 39.1,
      "monthly_PE_Q": -41.8
    },
    "2024-08": {
      "monthly_PRENEI_Q": 0.0,
      "monthly_PRELIQ_Q": 69.1,
      "monthly_PE_Q": -1.3000000000000005
    },
    "2024-09": {
      "monthly_PRENEI_Q": 0.0,
      "monthly_PRELIQ_Q": 122.0,
      "monthly_PE_Q": 68.2
    },
    "2024-10": {
      "monthly_PRENEI_Q": 0.0,
      "monthly_PRELIQ_Q": 110.9,
      "monthly_PE_Q": 75.10000000000001
    },
    "2024-11": {
      "monthly_PRENEI_Q": 16.5,
      "monthly_PRELIQ_Q": 34.2,
      "monthly_PE_Q": 33.7
    },
    "2024-12": {
      "monthly_PRENEI_Q": 0.1,
      "monthly_PRELIQ_Q": 53.199999999999996,
      "monthly_PE_Q": 43.8
    }
  }
}