{
  "years": {
    "2024": {
      "annual_PRENEI_Q": 19.200000000000003,
      "annual_PRELIQ_Q": 1080.3,
      "annual_PE_Q": 434.3
    }
  },
  "months": {
    "2024-01": {
      "monthly_PRENEI_Q": 1.7,
      "monthly_PRELIQ_Q": 63.9,
      "monthly_PE_Q": 53.800000000000004
    },
    "2024-02": {
      "monthly_PRENEI_Q": 0.0,
      "monthly_PRELIQ_Q": 77.9,
      "monthly_PE_Q": 57.900000000000006
    },
    "2024-03": {
      "monthly_PRENEI_Q": 0.0,
      "monthly_PRELIQ_Q": 153.0,
      "monthly_PE_Q": 114.1
    },
    "2024-04": {
      "monthly_PRENEI_Q": 1.5,
      "monthly_PRELIQ_Q": 56.2,
      "monthly_PE_Q": -13.0
    },
    "2024-05": {
      "monthly_PRENEI_Q": 0.0,
      "monthly_PRELIQ_Q": 144.7,
      "monthly_PE_Q": 63.5
    },
    "2024-06": {
      "monthly_PRENEI_Q": 0.0,
      "monthly_PRELIQ_Q": 116.7,
      "monthly_PE_Q": 6.499999999999997
    },
    "2024-07": {
      "monthly_PRENEI_Q": 0.0,
      "monthly_PRELIQ_Q": 95.60000000000001,
      "monthly_PE_Q": -24.099999999999998
    },
    "2024-08": {
      "monthly_PRENEI_Q": 0.0,
      "monthly_PRELIQ_Q": 54.4,
      "monthly_PE_Q": -39.0
    },
    "2024-09": {
      "monthly_PRENEI_Q": 0.0,
      "monthly_PRELIQ_Q": 115.1,
      "monthly_PE_Q": 59.0
    },
    "2024-10": {
      "monthly_PRENEI_Q": 0.0,
      "monthly_PRELIQ_Q": 83.2,
      "monthly_PE_Q": 47.5
    },
    "2024-11": {
      "monthly_PRENEI_Q": 12.0,
      "monthly_PRELIQ_Q": 50.8,
      "monthly_PE_Q": 46.800000000000004
    },
    "2024-12": {
      "monthly_PRENEI_Q": 4.0,
      "monthly_PRELIQ_Q": 68.8,
      "monthly_PE_Q": 61.300000000000004
    }
  }
}