{
  "years": {
    "2024": {
      "annual_PRENEI_Q": 0.5,
      "annual_PRELIQ_Q": 1023.1,
      "annual_PE_Q": 419.3
    }
  },
  "months": {
    "2024-01": {
      "monthly_PRENEI_Q": 0.5,
      "monthly_PRELIQ_Q": 104.10000000000001,
      "monthly_PE_Q": 86.89999999999999
    },
    "2024-02": {
      "monthly_PRENEI_Q": 0.0,
      "monthly_PRELIQ_Q": 116.0,
      "monthly_PE_Q": 92.10000000000001
    },
    "2024-03": {
      "monthly_PRENEI_Q": 0.0,
      "monthly_PRELIQ_Q": 101.2,
      "monthly_PE_Q": 56.2
    },
    "2024-04": {
      "monthly_PRENEI_Q": 0.0,
      "monthly_PRELIQ_Q": 84.10000000000001,
      "monthly_PE_Q": 10.0
    },
    "2024-05": {
      "monthly_PRENEI_Q": 0.0,
      "monthly_PRELIQ_Q": 81.2,
      "monthly_PE_Q": -5.7
    },
    "2024-06": {
      "monthly_PRENEI_Q": 0.0,
      "monthly_PRELIQ_Q": 95.7,
      "monthly_PE_Q": 4.4000000000000075
    },
    "2024-07": {
      "monthly_PRENEI_Q": 0.0,
      "monthly_PRELIQ_Q": 62.0,
      "monthly_PE_Q": -23.3
    },
    "2024-08": {
      "monthly_PRENEI_Q": 0.0,
      "monthly_PRELIQ_Q": 46.8,
      "monthly_PE_Q": -13.700000000000003
    },
    "2024-09": {
      "monthly_PRENEI_Q": 0.0,
      "monthly_PRELIQ_Q": 86.1,
      "monthly_PE_Q": 33.900000000000006
    },
    "2024-10": {
      "monthly_PRENEI_Q": 0.0,
      "monthly_PRELIQ_Q": 135.9,
      "monthly_PE_Q": 100.60000000000001
    },
    "2024-11": {
      "monthly_PRENEI_Q": 0.0,
      "monthly_PRELIQ_Q": 73.6,
      "monthly_PE_Q": 56.599999999999994
    },
    "2024-12": {
      "monthly_PRENEI_Q": 0.0,
      "monthly_PRELIQ_Q": 36.4,
      "monthly_PE_Q": 21.3
    }
  }
}