{
  "years": {
    "2024": {
      "annual_PRENEI_Q": 14.299999999999999,
      "annual_PRELIQ_Q": 1328.3,
      "annual_PE_Q": 696.9
    }
  },
  "months": {
    "2024-01": {
      "monthly_PRENEI_Q": 2.0,
      "monthly_PRELIQ_Q": 95.39999999999999,
      "monthly_PE_Q": 85.9
    },
    "2024-02": {
      "monthly_PRENEI_Q": 0.0,
      "monthly_PRELIQ_Q": 132.2,
      "monthly_PE_Q": 114.1
    },
    "2024-03": {
      "monthly_PRENEI_Q": 0.0,
      "monthly_PRELIQ_Q": 115.2,
      "monthly_PE_Q": 79.7
    },
    "2024-04": {
      "monthly_PRENEI_Q": 2.5999999999999996,
      "monthly_PRELIQ_Q": 66.5,
      "monthly_PE_Q": 7.8
    },
    "2024-05": {
      "monthly_PRENEI_Q": 0.0,
      "monthly_PRELIQ_Q": 185.9,
      "monthly_PE_Q": 104.7
    },
    "2024-06": {
      "monthly_PRENEI_Q": 0.0,
      "monthly_PRELIQ_Q": 158.70000000000002,
      "monthly_PE_Q": 55.7
    },
    "2024-07": {
      "monthly_PRENEI_Q": 0.0,
      "monthly_PRELIQ_Q": 84.0,
      "monthly_PE_Q": -24.6
    },
    "2024-08": {
      "monthly_PRENEI_Q": 0.0,
      "monthly_PRELIQ_Q": 103.2,
      "monthly_PE_Q": -4.8999999999999995
    },
    "2024-09": {
      "monthly_PRENEI_Q": 0.0,
      "monthly_PRELIQ_Q": 127.39999999999999,
      "monthly_PE_Q": 73.5
    },
    "2024-10": {
      "monthly_PRENEI_Q": 0.0,
      "monthly_PRELIQ_Q": 82.4,
      "monthly_PE_Q": 47.5
    },
    "2024-11": {
      "monthly_PRENEI_Q": 7.3999999999999995,
      "monthly_PRELIQ_Q": 76.0,
      "monthly_PE_Q": 66.39999999999999
    },
    "2024-12": {
      "monthly_PRENEI_Q": 2.3000000000000003,
      "monthly_PRELIQ_Q": 101.4,
      "monthly_PE_Q": 91.10000000000001
    }
  }
}