{
  "years": {
    "2024": {
      "annual_PRENEI_Q": 12.1,
      "annual_PRELIQ_Q": 1164.7,
      "annual_PE_Q": 554.6
    }
  },
  "months": {
    "2024-01": {
      "monthly_PRENEI_Q": 6.0,
      "monthly_PRELIQ_Q": 96.10000000000001,
      "monthly_PE_Q": 91.1
    },
    "2024-02": {
      "monthly_PRENEI_Q": 0.0,
      "monthly_PRELIQ_Q": 136.4,
      "monthly_PE_Q": 119.3
    },
    "2024-03": {
      "monthly_PRENEI_Q": 0.1,
      "monthly_PRELIQ_Q": 90.4,
      "monthly_PE_Q": 56.3
    },
    "2024-04": {
      "monthly_PRENEI_Q": 1.4,
      "monthly_PRELIQ_Q": 62.0,
      "monthly_PE_Q": 4.500000000000001
    },
    "2024-05": {
      "monthly_PRENEI_Q": 0.0,
      "monthly_PRELIQ_Q": 145.79999999999998,
      "monthly_PE_Q": 66.8
    },
    "2024-06": {
      "monthly_PRENEI_Q": 0.0,
      "monthly_PRELIQ_Q": 101.9,
      "monthly_PE_Q": 5.8000000000000025
    },
    "2024-07": {
      "monthly_PRENEI_Q": 0.0,
      "monthly_PRELIQ_Q": 98.1,
      "monthly_PE_Q": -3.5
    },
    "2024-08": {
      "monthly_PRENEI_Q": 0.0,
      "monthly_PRELIQ_Q": 89.10000000000001,
      "monthly_PE_Q": -14.600000000000001
    },
    "2024-09": {
      "monthly_PRENEI_Q": 0.0,
      "monthly_PRELIQ_Q": 102.19999999999999,
      "monthly_PE_Q": 47.3
    },
    "2024-10": {
      "monthly_PRENEI_Q": 0.0,
      "monthly_PRELIQ_Q": 76.9,
      "monthly_PE_Q": 42.1
    },
    "2024-11": {
      "monthly_PRENEI_Q": 2.5,
      "monthly_PRELIQ_Q": 75.7,
      "monthly_PE_Q": 60.6
    },
    "2024-12": {
      "monthly_PRENEI_Q": 2.1,
      "monthly_PRELIQ_Q": 90.1,
      "monthly_PE_Q": 78.89999999999999
    }
  }
}