{
  "years": {
    "2024": {
      "annual_PRENEI_Q": 24.9,
      "annual_PRELIQ_Q": 894.8,
      "annual_PE_Q": 321.0
    }
  },
  "months": {
    "2024-01": {
      "monthly_PRENEI_Q": 2.8000000000000003,
      "monthly_PRELIQ_Q": 37.6,
      "monthly_PE_Q": 25.799999999999997
    },
    "2024-02": {
      "monthly_PRENEI_Q": 0.0,
      "monthly_PRELIQ_Q": 42.7,
      "monthly_PE_Q": 23.400000000000002
    },
    "2024-03": {
      "monthly_PRENEI_Q": 21.7,
      "monthly_PRELIQ_Q": 139.9,
      "monthly_PE_Q": 119.60000000000001
    },
    "2024-04": {
      "monthly_PRENEI_Q": 0.0,
      "monthly_PRELIQ_Q": 58.8,
      "monthly_PE_Q": -12.099999999999998
    },
    "2024-05": {
      "monthly_PRENEI_Q": 0.0,
      "monthly_PRELIQ_Q": 122.0,
      "monthly_PE_Q": 42.6
    },
    "2024-06": {
      "monthly_PRENEI_Q": 0.0,
      "monthly_PRELIQ_Q": 84.0,
      "monthly_PE_Q": -22.700000000000003
    },
    "2024-07": {
      "monthly_PRENEI_Q": 0.0,
      "monthly_PRELIQ_Q": 55.5,
      "monthly_PE_Q": -44.6
    },
    "2024-08": {
      "monthly_PRENEI_Q": 0.0,
      "monthly_PRELIQ_Q": 20.1,
      "monthly_PE_Q": -24.7
    },
    "2024-09": {
      "monthly_PRENEI_Q": 0.0,
      "monthly_PRELIQ_Q": 115.10000000000001,
      "monthly_PE_Q": 62.5
    },
    "2024-10": {
      "monthly_PRENEI_Q": 0.0,
      "monthly_PRELIQ_Q": 138.2,
      "monthly_PE_Q": 100.0
    },
    "2024-11": {
      "monthly_PRENEI_Q": 0.0,
      "monthly_PRELIQ_Q": 25.9,
      "monthly_PE_Q": 6.299999999999999
    },
    "2024-12": {
      "monthly_PRENEI_Q": 0.4,
      "monthly_PRELIQ_Q": 55.0,
      "monthly_PE_Q": 44.9
    }
  }
}