{
  "years": {
    "2024": {
      "annual_PRENEI_Q": 16.2,
      "annual_PRELIQ_Q": 1037.8,
      "annual_PE_Q": 431.9
    }
  },
  "months": {
    "2024-01": {
      "monthly_PRENEI_Q": 4.1,
      "monthly_PRELIQ_Q": 63.6,
      "monthly_PE_Q": 53.7
    },
    "2024-02": {
      "monthly_PRENEI_Q": 0.0,
      "monthly_PRELIQ_Q": 48.6,
      "monthly_PE_Q": 29.4
    },
    "2024-03": {
      "monthly_PRENEI_Q": 6.199999999999999,
      "monthly_PRELIQ_Q": 102.8,
      "monthly_PE_Q": 68.9
    },
    "2024-04": {
      "monthly_PRENEI_Q": 0.0,
      "monthly_PRELIQ_Q": 68.60000000000001,
      "monthly_PE_Q": 4.799999999999999
    },
    "2024-05": {
      "monthly_PRENEI_Q": 0.0,
      "monthly_PRELIQ_Q": 152.3,
      "monthly_PE_Q": 74.5
    },
    "2024-06": {
      "monthly_PRENEI_Q": 0.0,
      "monthly_PRELIQ_Q": 85.5,
      "monthly_PE_Q": -16.799999999999997
    },
    "2024-07": {
      "monthly_PRENEI_Q": 0.0,
      "monthly_PRELIQ_Q": 60.6,
      "monthly_PE_Q": -46.199999999999996
    },
    "2024-08": {
      "monthly_PRENEI_Q": 0.0,
      "monthly_PRELIQ_Q": 48.5,
      "monthly_PE_Q": -25.599999999999994
    },
    "2024-09": {
      "monthly_PRENEI_Q": 0.0,
      "monthly_PRELIQ_Q": 141.8,
      "monthly_PE_Q": 87.7
    },
    "2024-10": {
      "monthly_PRENEI_Q": 0.0,
      "monthly_PRELIQ_Q": 145.1,
      "monthly_PE_Q": 108.10000000000001
    },
    "2024-11": {
      "monthly_PRENEI_Q": 0.0,
      "monthly_PRELIQ_Q": 30.0,
      "monthly_PE_Q": 8.6
    },
    "2024-12": {
      "monthly_PRENEI_Q": 5.9,
      "monthly_PRELIQ_Q": 90.39999999999999,
      "monthly_PE_Q": 84.8
    }
  }
}