{
  "years": {
    "2024": {
      "annual_PRENEI_Q": 10.700000000000001,
      "annual_PRELIQ_Q": 1150.3,
      "annual_PE_Q": 495.0
    }
  },
  "months": {
    "2024-01": {
      "monthly_PRENEI_Q": 4.9,
      "monthly_PRELIQ_Q": 71.0,
      "monthly_PE_Q": 61.699999999999996
    },
    "2024-02": {
      "monthly_PRENEI_Q": 0.0,
      "monthly_PRELIQ_Q": 78.2,
      "monthly_PE_Q": 56.5
    },
    "2024-03": {
      "monthly_PRENEI_Q": 5.4,
      "monthly_PRELIQ_Q": 116.3,
      "monthly_PE_Q": 75.8
    },
    "2024-04": {
      "monthly_PRENEI_Q": 0.0,
      "monthly_PRELIQ_Q": 126.7,
      "monthly_PE_Q": 58.89999999999999
    },
    "2024-05": {
      "monthly_PRENEI_Q": 0.0,
      "monthly_PRELIQ_Q": 141.6,
      "monthly_PE_Q": 61.1
    },
    "2024-06": {
      "monthly_PRENEI_Q": 0.0,
      "monthly_PRELIQ_Q": 81.2,
      "monthly_PE_Q": -32.800000000000004
    },
    "2024-07": {
      "monthly_PRENEI_Q": 0.0,
      "monthly_PRELIQ_Q": 66.2,
      "monthly_PE_Q": -46.4
    },
    "2024-08": {
      "monthly_PRENEI_Q": 0.0,
      "monthly_PRELIQ_Q": 65.7,
      "monthly_PE_Q": -21.900000000000002
    },
    "2024-09": {
      "monthly_PRENEI_Q": 0.0,
      "monthly_PRELIQ_Q": 125.6,
      "monthly_PE_Q": 67.7
    },
    "2024-10": {
      "monthly_PRENEI_Q": 0.0,
      "monthly_PRELIQ_Q": 154.5,
      "monthly_PE_Q": 118.7
    },
    "2024-11": {
      "monthly_PRENEI_Q": 0.1,
      "monthly_PRELIQ_Q": 39.800000000000004,
      "monthly_PE_Q": 20.8
    },
    "2024-12": {
      "monthly_PRENEI_Q": 0.30000000000000004,
      "monthly_PRELIQ_Q": 83.5,
      "monthly_PE_Q": 74.89999999999999
    }
  }
}