{
  "years": {
    "2024": {
      "annual_PRENEI_Q": 17.8,
      "annual_PRELIQ_Q": 926.7,
      "annual_PE_Q": 384.09999999999997
    }
  },
  "months": {
    "2024-01": {
      "monthly_PRENEI_Q": 1.5,
      "monthly_PRELIQ_Q": 50.9,
      "monthly_PE_Q": 43.1
    },
    "2024-02": {
      "monthly_PRENEI_Q": 0.0,
      "monthly_PRELIQ_Q": 68.6,
      "monthly_PE_Q": 52.1
    },
    "2024-03": {
      "monthly_PRENEI_Q": 0.0,
      "monthly_PRELIQ_Q": 114.1,
      "monthly_PE_Q": 82.1
    },
    "2024-04": {
      "monthly_PRENEI_Q": 0.0,
      "monthly_PRELIQ_Q": 55.1,
      "monthly_PE_Q": -8.200000000000001
    },
    "2024-05": {
      "monthly_PRENEI_Q": 0.0,
      "monthly_PRELIQ_Q": 102.6,
      "monthly_PE_Q": 27.400000000000006
    },
    "2024-06": {
      "monthly_PRENEI_Q": 0.0,
      "monthly_PRELIQ_Q": 95.8,
      "monthly_PE_Q": 0.09999999999999876
    },
    "2024-07": {
      "monthly_PRENEI_Q": 0.0,
      "monthly_PRELIQ_Q": 56.199999999999996,
      "monthly_PE_Q": -31.2
    },
    "2024-08": {
      "monthly_PRENEI_Q": 0.0,
      "monthly_PRELIQ_Q": 69.8,
      "monthly_PE_Q": -4.300000000000003
    },
    "2024-09": {
      "monthly_PRENEI_Q": 0.0,
      "monthly_PRELIQ_Q": 98.5,
      "monthly_PE_Q": 50.699999999999996
    },
    "2024-10": {
      "monthly_PRENEI_Q": 0.0,
      "monthly_PRELIQ_Q": 121.5,
      "monthly_PE_Q": 88.6
    },
    "2024-11": {
      "monthly_PRENEI_Q": 13.799999999999999,
      "monthly_PRELIQ_Q": 39.5,
      "monthly_PE_Q": 36.099999999999994
    },
    "2024-12": {
      "monthly_PRENEI_Q": 2.5,
      "monthly_PRELIQ_Q": 54.1,
      "monthly_PE_Q": 47.6
    }
  }
}