{
  "years": {
    "2024": {
      "annual_PRENEI_Q": 22.299999999999997,
      "annual_PRELIQ_Q": 948.8,
      "annual_PE_Q": 430.5
    }
  },
  "months": {
    "2024-01": {
      "monthly_PRENEI_Q": 1.5,
      "monthly_PRELIQ_Q": 52.5,
      "monthly_PE_Q": 46.0
    },
    "2024-02": {
      "monthly_PRENEI_Q": 0.0,
      "monthly_PRELIQ_Q": 70.8,
      "monthly_PE_Q": 55.4
    },
    "2024-03": {
      "monthly_PRENEI_Q": 0.0,
      "monthly_PRELIQ_Q": 117.3,
      "monthly_PE_Q": 86.7
    },
    "2024-04": {
      "monthly_PRENEI_Q": 0.0,
      "monthly_PRELIQ_Q": 56.5,
      "monthly_PE_Q": -3.300000000000001
    },
    "2024-05": {
      "monthly_PRENEI_Q": 0.0,
      "monthly_PRELIQ_Q": 105.4,
      "monthly_PE_Q": 33.699999999999996
    },
    "2024-06": {
      "monthly_PRENEI_Q": 0.0,
      "monthly_PRELIQ_Q": 98.4,
      "monthly_PE_Q": 5.999999999999999
    },
    "2024-07": {
      "monthly_PRENEI_Q": 0.0,
      "monthly_PRELIQ_Q": 57.9,
      "monthly_PE_Q": -27.800000000000004
    },
    "2024-08": {
      "monthly_PRENEI_Q": 0.0,
      "monthly_PRELIQ_Q": 71.7,
      "monthly_PE_Q": -2.8000000000000007
    },
    "2024-09": {
      "monthly_PRENEI_Q": 0.0,
      "monthly_PRELIQ_Q": 101.1,
      "monthly_PE_Q": 53.50000000000001
    },
    "2024-10": {
      "monthly_PRENEI_Q": 0.0,
      "monthly_PRELIQ_Q": 124.5,
      "monthly_PE_Q": 93.3
    },
    "2024-11": {
      "monthly_PRENEI_Q": 17.599999999999998,
      "monthly_PRELIQ_Q": 37.5,
      "monthly_PE_Q": 39.3
    },
    "2024-12": {
      "monthly_PRENEI_Q": 3.1999999999999997,
      "monthly_PRELIQ_Q": 55.199999999999996,
      "monthly_PE_Q": 50.5
    }
  }
}