{
  "years": {
    "2024": {
      "annual_PRENEI_Q": 25.5,
      "annual_PRELIQ_Q": 1188.5,
      "annual_PE_Q": 605.5
    }
  },
  "months": {
    "2024-01": {
      "monthly_PRENEI_Q": 2.9,
      "monthly_PRELIQ_Q": 79.89999999999999,
      "monthly_PE_Q": 76.7
    },
    "2024-02": {
      "monthly_PRENEI_Q": 0.0,
      "monthly_PRELIQ_Q": 99.6,
      "monthly_PE_Q": 84.3
    },
    "2024-03": {
      "monthly_PRENEI_Q": 0.0,
      "monthly_PRELIQ_Q": 133.0,
      "monthly_PE_Q": 102.6
    },
    "2024-04": {
      "monthly_PRENEI_Q": 2.7,
      "monthly_PRELIQ_Q": 66.7,
      "monthly_PE_Q": 8.8
    },
    "2024-05": {
      "monthly_PRENEI_Q": 0.0,
      "monthly_PRELIQ_Q": 138.8,
      "monthly_PE_Q": 67.7
    },
    "2024-06": {
      "monthly_PRENEI_Q": 0.0,
      "monthly_PRELIQ_Q": 150.70000000000002,
      "monthly_PE_Q": 48.0
    },
    "2024-07": {
      "monthly_PRENEI_Q": 0.0,
      "monthly_PRELIQ_Q": 92.8,
      "monthly_PE_Q": -16.099999999999998
    },
    "2024-08": {
      "monthly_PRENEI_Q": 0.0,
      "monthly_PRELIQ_Q": 77.6,
      "monthly_PE_Q": -31.4
    },
    "2024-09": {
      "monthly_PRENEI_Q": 0.0,
      "monthly_PRELIQ_Q": 119.2,
      "monthly_PE_Q": 67.8
    },
    "2024-10": {
      "monthly_PRENEI_Q": 0.0,
      "monthly_PRELIQ_Q": 82.5,
      "monthly_PE_Q": 49.400000000000006
    },
    "2024-11": {
      "monthly_PRENEI_Q": 12.0,
      "monthly_PRELIQ_Q": 63.099999999999994,
      "monthly_PE_Q": 63.699999999999996
    },
    "2024-12": {
      "monthly_PRENEI_Q": 7.8999999999999995,
      "monthly_PRELIQ_Q": 84.60000000000001,
      "monthly_PE_Q": 84.0
    }
  }
}