{
  "years": {
    "2024": {
      "annual_PRENEI_Q": 27.8,
      "annual_PRELIQ_Q": 1176.0,
      "annual_PE_Q": 567.7
    }
  },
  "months": {
    "2024-01": {
      "monthly_PRENEI_Q": 3.3000000000000003,
      "monthly_PRELIQ_Q": 81.60000000000001,
      "monthly_PE_Q": 75.2
    },
    "2024-02": {
      "monthly_PRENEI_Q": 0.2,
      "monthly_PRELIQ_Q": 94.89999999999999,
      "monthly_PE_Q": 74.4
    },
    "2024-03": {
      "monthly_PRENEI_Q": 0.2,
      "monthly_PRELIQ_Q": 123.9,
      "monthly_PE_Q": 88.5
    },
    "2024-04": {
      "monthly_PRENEI_Q": 4.0,
      "monthly_PRELIQ_Q": 55.8,
      "monthly_PE_Q": -3.400000000000001
    },
    "2024-05": {
      "monthly_PRENEI_Q": 0.0,
      "monthly_PRELIQ_Q": 173.2,
      "monthly_PE_Q": 97.4
    },
    "2024-06": {
      "monthly_PRENEI_Q": 0.0,
      "monthly_PRELIQ_Q": 176.9,
      "monthly_PE_Q": 70.8
    },
    "2024-07": {
      "monthly_PRENEI_Q": 0.0,
      "monthly_PRELIQ_Q": 75.5,
      "monthly_PE_Q": -31.5
    },
    "2024-08": {
      "monthly_PRENEI_Q": 0.0,
      "monthly_PRELIQ_Q": 79.8,
      "monthly_PE_Q": -23.299999999999997
    },
    "2024-09": {
      "monthly_PRENEI_Q": 0.0,
      "monthly_PRELIQ_Q": 91.2,
      "monthly_PE_Q": 40.8
    },
    "2024-10": {
      "monthly_PRENEI_Q": 0.0,
      "monthly_PRELIQ_Q": 75.4,
      "monthly_PE_Q": 39.1
    },
    "2024-11": {
      "monthly_PRENEI_Q": 11.700000000000001,
      "monthly_PRELIQ_Q": 63.300000000000004,
      "monthly_PE_Q": 59.6
    },
    "2024-12": {
      "monthly_PRENEI_Q": 8.4,
      "monthly_PRELIQ_Q": 84.5,
      "monthly_PE_Q": 80.10000000000001
    }
  }
}