{
  "years": {
    "2024": {
      "annual_PRENEI_Q": 22.299999999999997,
      "annual_PRELIQ_Q": 1152.6,
      "annual_PE_Q": 547.9
    }
  },
  "months": {
    "2024-01": {
      "monthly_PRENEI_Q": 2.8000000000000003,
      "monthly_PRELIQ_Q": 79.9,
      "monthly_PE_Q": 73.6
    },
    "2024-02": {
      "monthly_PRENEI_Q": 0.1,
      "monthly_PRELIQ_Q": 93.0,
      "monthly_PE_Q": 73.6
    },
    "2024-03": {
      "monthly_PRENEI_Q": 0.1,
      "monthly_PRELIQ_Q": 120.80000000000001,
      "monthly_PE_Q": 86.69999999999999
    },
    "2024-04": {
      "monthly_PRENEI_Q": 2.6999999999999997,
      "monthly_PRELIQ_Q": 55.5,
      "monthly_PE_Q": -3.6
    },
    "2024-05": {
      "monthly_PRENEI_Q": 0.0,
      "monthly_PRELIQ_Q": 169.3,
      "monthly_PE_Q": 94.0
    },
    "2024-06": {
      "monthly_PRENEI_Q": 0.0,
      "monthly_PRELIQ_Q": 172.8,
      "monthly_PE_Q": 67.3
    },
    "2024-07": {
      "monthly_PRENEI_Q": 0.0,
      "monthly_PRELIQ_Q": 73.5,
      "monthly_PE_Q": -32.7
    },
    "2024-08": {
      "monthly_PRENEI_Q": 0.0,
      "monthly_PRELIQ_Q": 77.89999999999999,
      "monthly_PE_Q": -25.600000000000005
    },
    "2024-09": {
      "monthly_PRENEI_Q": 0.0,
      "monthly_PRELIQ_Q": 89.0,
      "monthly_PE_Q": 39.099999999999994
    },
    "2024-10": {
      "monthly_PRENEI_Q": 0.0,
      "monthly_PRELIQ_Q": 73.9,
      "monthly_PE_Q": 38.5
    },
    "2024-11": {
      "monthly_PRENEI_Q": 11.4,
      "monthly_PRELIQ_Q": 61.8,
      "monthly_PE_Q": 58.199999999999996
    },
    "2024-12": {
      "monthly_PRENEI_Q": 5.2,
      "monthly_PRELIQ_Q": 85.2,
      "monthly_PE_Q": 78.8
    }
  }
}