{
  "years": {
    "2024": {
      "annual_PRENEI_Q": 21.1,
      "annual_PRELIQ_Q": 1147.4,
      "annual_PE_Q": 546.4
    }
  },
  "months": {
    "2024-01": {
      "monthly_PRENEI_Q": 2.7,
      "monthly_PRELIQ_Q": 79.6,
      "monthly_PE_Q": 73.3
    },
    "2024-02": {
      "monthly_PRENEI_Q": 0.1,
      "monthly_PRELIQ_Q": 92.5,
      "monthly_PE_Q": 72.3
    },
    "2024-03": {
      "monthly_PRENEI_Q": 0.1,
      "monthly_PRELIQ_Q": 120.3,
      "monthly_PE_Q": 84.5
    },
    "2024-04": {
      "monthly_PRENEI_Q": 2.4,
      "monthly_PRELIQ_Q": 55.6,
      "monthly_PE_Q": -4.6000000000000005
    },
    "2024-05": {
      "monthly_PRENEI_Q": 0.0,
      "monthly_PRELIQ_Q": 168.2,
      "monthly_PE_Q": 93.5
    },
    "2024-06": {
      "monthly_PRENEI_Q": 0.0,
      "monthly_PRELIQ_Q": 171.8,
      "monthly_PE_Q": 67.60000000000001
    },
    "2024-07": {
      "monthly_PRENEI_Q": 0.0,
      "monthly_PRELIQ_Q": 73.0,
      "monthly_PE_Q": -31.099999999999998
    },
    "2024-08": {
      "monthly_PRENEI_Q": 0.0,
      "monthly_PRELIQ_Q": 77.39999999999999,
      "monthly_PE_Q": -21.400000000000002
    },
    "2024-09": {
      "monthly_PRENEI_Q": 0.0,
      "monthly_PRELIQ_Q": 88.7,
      "monthly_PE_Q": 39.1
    },
    "2024-10": {
      "monthly_PRENEI_Q": 0.0,
      "monthly_PRELIQ_Q": 73.5,
      "monthly_PE_Q": 37.4
    },
    "2024-11": {
      "monthly_PRENEI_Q": 11.4,
      "monthly_PRELIQ_Q": 61.5,
      "monthly_PE_Q": 57.400000000000006
    },
    "2024-12": {
      "monthly_PRENEI_Q": 4.3999999999999995,
      "monthly_PRELIQ_Q": 85.3,
      "monthly_PE_Q": 78.39999999999999
    }
  }
}