{
  "years": {
    "2024": {
      "annual_PRENEI_Q": 15.700000000000001,
      "annual_PRELIQ_Q": 1339.5,
      "annual_PE_Q": 705.9
    }
  },
  "months": {
    "2024-01": {
      "monthly_PRENEI_Q": 2.2,
      "monthly_PRELIQ_Q": 96.1,
      "monthly_PE_Q": 86.3
    },
    "2024-02": {
      "monthly_PRENEI_Q": 0.0,
      "monthly_PRELIQ_Q": 133.2,
      "monthly_PE_Q": 115.4
    },
    "2024-03": {
      "monthly_PRENEI_Q": 0.0,
      "monthly_PRELIQ_Q": 116.4,
      "monthly_PE_Q": 80.69999999999999
    },
    "2024-04": {
      "monthly_PRENEI_Q": 2.9000000000000004,
      "monthly_PRELIQ_Q": 66.8,
      "monthly_PE_Q": 8.3
    },
    "2024-05": {
      "monthly_PRENEI_Q": 0.0,
      "monthly_PRELIQ_Q": 187.5,
      "monthly_PE_Q": 106.19999999999999
    },
    "2024-06": {
      "monthly_PRENEI_Q": 0.0,
      "monthly_PRELIQ_Q": 160.2,
      "monthly_PE_Q": 56.300000000000004
    },
    "2024-07": {
      "monthly_PRENEI_Q": 0.0,
      "monthly_PRELIQ_Q": 84.8,
      "monthly_PE_Q": -24.4
    },
    "2024-08": {
      "monthly_PRENEI_Q": 0.0,
      "monthly_PRELIQ_Q": 104.10000000000001,
      "monthly_PE_Q": -5.6999999999999975
    },
    "2024-09": {
      "monthly_PRENEI_Q": 0.0,
      "monthly_PRELIQ_Q": 128.7,
      "monthly_PE_Q": 74.5
    },
    "2024-10": {
      "monthly_PRENEI_Q": 0.0,
      "monthly_PRELIQ_Q": 83.3,
      "monthly_PE_Q": 48.699999999999996
    },
    "2024-11": {
      "monthly_PRENEI_Q": 7.6,
      "monthly_PRELIQ_Q": 76.7,
      "monthly_PE_Q": 67.5
    },
    "2024-12": {
      "monthly_PRENEI_Q": 3.0,
      "monthly_PRELIQ_Q": 101.7,
      "monthly_PE_Q": 92.1
    }
  }
}