{
  "years": {
    "2024": {
      "annual_PRENEI_Q": 16.6,
      "annual_PRELIQ_Q": 1343.7,
      "annual_PE_Q": 725.4
    }
  },
  "months": {
    "2024-01": {
      "monthly_PRENEI_Q": 2.4000000000000004,
      "monthly_PRELIQ_Q": 96.3,
      "monthly_PE_Q": 88.3
    },
    "2024-02": {
      "monthly_PRENEI_Q": 0.1,
      "monthly_PRELIQ_Q": 133.5,
      "monthly_PE_Q": 117.0
    },
    "2024-03": {
      "monthly_PRENEI_Q": 0.0,
      "monthly_PRELIQ_Q": 116.7,
      "monthly_PE_Q": 82.6
    },
    "2024-04": {
      "monthly_PRENEI_Q": 3.0,
      "monthly_PRELIQ_Q": 67.0,
      "monthly_PE_Q": 10.5
    },
    "2024-05": {
      "monthly_PRENEI_Q": 0.0,
      "monthly_PRELIQ_Q": 188.5,
      "monthly_PE_Q": 108.0
    },
    "2024-06": {
      "monthly_PRENEI_Q": 0.0,
      "monthly_PRELIQ_Q": 160.79999999999998,
      "monthly_PE_Q": 58.0
    },
    "2024-07": {
      "monthly_PRENEI_Q": 0.0,
      "monthly_PRELIQ_Q": 85.0,
      "monthly_PE_Q": -22.700000000000003
    },
    "2024-08": {
      "monthly_PRENEI_Q": 0.0,
      "monthly_PRELIQ_Q": 104.4,
      "monthly_PE_Q": -4.399999999999995
    },
    "2024-09": {
      "monthly_PRENEI_Q": 0.0,
      "monthly_PRELIQ_Q": 129.2,
      "monthly_PE_Q": 75.7
    },
    "2024-10": {
      "monthly_PRENEI_Q": 0.0,
      "monthly_PRELIQ_Q": 83.6,
      "monthly_PE_Q": 50.2
    },
    "2024-11": {
      "monthly_PRENEI_Q": 7.699999999999999,
      "monthly_PRELIQ_Q": 77.1,
      "monthly_PE_Q": 69.1
    },
    "2024-12": {
      "monthly_PRENEI_Q": 3.4000000000000004,
      "monthly_PRELIQ_Q": 101.60000000000001,
      "monthly_PE_Q": 93.1
    }
  }
}