{
  "years": {
    "2024": {
      "annual_PRENEI_Q": 10.6,
      "annual_PRELIQ_Q": 1104.2,
      "annual_PE_Q": 418.4
    }
  },
  "months": {
    "2024-01": {
      "monthly_PRENEI_Q": 6.300000000000001,
      "monthly_PRELIQ_Q": 93.3,
      "monthly_PE_Q": 79.9
    },
    "2024-02": {
      "monthly_PRENEI_Q": 0.0,
      "monthly_PRELIQ_Q": 117.7,
      "monthly_PE_Q": 95.7
    },
    "2024-03": {
      "monthly_PRENEI_Q": 0.0,
      "monthly_PRELIQ_Q": 77.5,
      "monthly_PE_Q": 40.3
    },
    "2024-04": {
      "monthly_PRENEI_Q": 2.3,
      "monthly_PRELIQ_Q": 60.9,
      "monthly_PE_Q": 0.9999999999999982
    },
    "2024-05": {
      "monthly_PRENEI_Q": 0.0,
      "monthly_PRELIQ_Q": 102.8,
      "monthly_PE_Q": 21.200000000000006
    },
    "2024-06": {
      "monthly_PRENEI_Q": 0.0,
      "monthly_PRELIQ_Q": 95.2,
      "monthly_PE_Q": -11.999999999999996
    },
    "2024-07": {
      "monthly_PRENEI_Q": 0.0,
      "monthly_PRELIQ_Q": 110.19999999999999,
      "monthly_PE_Q": -4.699999999999999
    },
    "2024-08": {
      "monthly_PRENEI_Q": 0.0,
      "monthly_PRELIQ_Q": 89.0,
      "monthly_PE_Q": -23.599999999999998
    },
    "2024-09": {
      "monthly_PRENEI_Q": 0.0,
      "monthly_PRELIQ_Q": 124.3,
      "monthly_PE_Q": 57.4
    },
    "2024-10": {
      "monthly_PRENEI_Q": 0.0,
      "monthly_PRELIQ_Q": 84.10000000000001,
      "monthly_PE_Q": 48.6
    },
    "2024-11": {
      "monthly_PRENEI_Q": 1.2999999999999998,
      "monthly_PRELIQ_Q": 72.3,
      "monthly_PE_Q": 55.699999999999996
    },
    "2024-12": {
      "monthly_PRENEI_Q": 0.7,
      "monthly_PRELIQ_Q": 76.89999999999999,
      "monthly_PE_Q": 58.9
    }
  }
}