{
  "years": {
    "2024": {
      "annual_PRENEI_Q": 11.299999999999999,
      "annual_PRELIQ_Q": 1109.6,
      "annual_PE_Q": 442.0
    }
  },
  "months": {
    "2024-01": {
      "monthly_PRENEI_Q": 6.699999999999999,
      "monthly_PRELIQ_Q": 93.6,
      "monthly_PE_Q": 85.3
    },
    "2024-02": {
      "monthly_PRENEI_Q": 0.0,
      "monthly_PRELIQ_Q": 118.3,
      "monthly_PE_Q": 99.3
    },
    "2024-03": {
      "monthly_PRENEI_Q": 0.0,
      "monthly_PRELIQ_Q": 77.9,
      "monthly_PE_Q": 41.3
    },
    "2024-04": {
      "monthly_PRENEI_Q": 2.4000000000000004,
      "monthly_PRELIQ_Q": 61.300000000000004,
      "monthly_PE_Q": 2.500000000000001
    },
    "2024-05": {
      "monthly_PRENEI_Q": 0.0,
      "monthly_PRELIQ_Q": 103.2,
      "monthly_PE_Q": 21.400000000000002
    },
    "2024-06": {
      "monthly_PRENEI_Q": 0.0,
      "monthly_PRELIQ_Q": 95.6,
      "monthly_PE_Q": -12.200000000000001
    },
    "2024-07": {
      "monthly_PRENEI_Q": 0.0,
      "monthly_PRELIQ_Q": 110.9,
      "monthly_PE_Q": -2.4999999999999964
    },
    "2024-08": {
      "monthly_PRENEI_Q": 0.0,
      "monthly_PRELIQ_Q": 89.5,
      "monthly_PE_Q": -20.700000000000003
    },
    "2024-09": {
      "monthly_PRENEI_Q": 0.0,
      "monthly_PRELIQ_Q": 124.8,
      "monthly_PE_Q": 59.6
    },
    "2024-10": {
      "monthly_PRENEI_Q": 0.0,
      "monthly_PRELIQ_Q": 84.5,
      "monthly_PE_Q": 48.900000000000006
    },
    "2024-11": {
      "monthly_PRENEI_Q": 1.5,
      "monthly_PRELIQ_Q": 72.6,
      "monthly_PE_Q": 57.0
    },
    "2024-12": {
      "monthly_PRENEI_Q": 0.7,
      "monthly_PRELIQ_Q": 77.39999999999999,
      "monthly_PE_Q": 62.1
    }
  }
}