{
  "years": {
    "2024": {
      "annual_PRENEI_Q": 0.0,
      "annual_PRELIQ_Q": 601.8,
      "annual_PE_Q": 52.89999999999999
    }
  },
  "months": {
    "2024-01": {
      "monthly_PRENEI_Q": 0.0,
      "monthly_PRELIQ_Q": 20.0,
      "monthly_PE_Q": 0.8999999999999996
    },
    "2024-02": {
      "monthly_PRENEI_Q": 0.0,
      "monthly_PRELIQ_Q": 73.5,
      "monthly_PE_Q": 42.2
    },
    "2024-03": {
      "monthly_PRENEI_Q": 0.0,
      "monthly_PRELIQ_Q": 133.4,
      "monthly_PE_Q": 66.7
    },
    "2024-04": {
      "monthly_PRENEI_Q": 0.0,
      "monthly_PRELIQ_Q": 14.6,
      "monthly_PE_Q": -54.4
    },
    "2024-05": {
      "monthly_PRENEI_Q": 0.0,
      "monthly_PRELIQ_Q": 58.9,
      "monthly_PE_Q": -12.199999999999998
    },
    "2024-06": {
      "monthly_PRENEI_Q": 0.0,
      "monthly_PRELIQ_Q": 57.800000000000004,
      "monthly_PE_Q": -11.000000000000004
    },
    "2024-07": {
      "monthly_PRENEI_Q": 0.0,
      "monthly_PRELIQ_Q": 14.299999999999999,
      "monthly_PE_Q": -21.7
    },
    "2024-08": {
      "monthly_PRENEI_Q": 0.0,
      "monthly_PRELIQ_Q": 14.799999999999999,
      "monthly_PE_Q": -11.5
    },
    "2024-09": {
      "monthly_PRENEI_Q": 0.0,
      "monthly_PRELIQ_Q": 90.6,
      "monthly_PE_Q": 30.199999999999996
    },
    "2024-10": {
      "monthly_PRENEI_Q": 0.0,
      "monthly_PRELIQ_Q": 73.9,
      "monthly_PE_Q": 24.9
    },
    "2024-11": {
      "monthly_PRENEI_Q": 0.0,
      "monthly_PRELIQ_Q": 33.1,
      "monthly_PE_Q": 3.3999999999999995
    },
    "2024-12": {
      "monthly_PRENEI_Q": 0.0,
      "monthly_PRELIQ_Q": 16.900000000000002,
      "monthly_PE_Q": -4.6000000000000005
    }
  }
}