{
  "years": {
    "2024": {
      "annual_PRENEI_Q": 35.9,
      "annual_PRELIQ_Q": 985.7,
      "annual_PE_Q": 403.8
    }
  },
  "months": {
    "2024-01": {
      "monthly_PRENEI_Q": 2.6,
      "monthly_PRELIQ_Q": 35.800000000000004,
      "monthly_PE_Q": 24.8
    },
    "2024-02": {
      "monthly_PRENEI_Q": 0.0,
      "monthly_PRELIQ_Q": 46.2,
      "monthly_PE_Q": 25.7
    },
    "2024-03": {
      "monthly_PRENEI_Q": 31.599999999999998,
      "monthly_PRELIQ_Q": 163.0,
      "monthly_PE_Q": 152.1
    },
    "2024-04": {
      "monthly_PRENEI_Q": 0.0,
      "monthly_PRELIQ_Q": 55.6,
      "monthly_PE_Q": -16.599999999999998
    },
    "2024-05": {
      "monthly_PRENEI_Q": 0.0,
      "monthly_PRELIQ_Q": 166.8,
      "monthly_PE_Q": 83.19999999999999
    },
    "2024-06": {
      "monthly_PRENEI_Q": 0.0,
      "monthly_PRELIQ_Q": 85.3,
      "monthly_PE_Q": -22.999999999999996
    },
    "2024-07": {
      "monthly_PRENEI_Q": 0.0,
      "monthly_PRELIQ_Q": 63.400000000000006,
      "monthly_PE_Q": -48.5
    },
    "2024-08": {
      "monthly_PRENEI_Q": 0.0,
      "monthly_PRELIQ_Q": 7.4,
      "monthly_PE_Q": -36.2
    },
    "2024-09": {
      "monthly_PRENEI_Q": 0.0,
      "monthly_PRELIQ_Q": 152.0,
      "monthly_PE_Q": 100.4
    },
    "2024-10": {
      "monthly_PRENEI_Q": 0.0,
      "monthly_PRELIQ_Q": 131.6,
      "monthly_PE_Q": 93.69999999999999
    },
    "2024-11": {
      "monthly_PRENEI_Q": 0.0,
      "monthly_PRELIQ_Q": 25.2,
      "monthly_PE_Q": 7.700000000000001
    },
    "2024-12": {
      "monthly_PRENEI_Q": 1.7,
      "monthly_PRELIQ_Q": 53.4,
      "monthly_PE_Q": 40.5
    }
  }
}