{
  "years": {
    "2024": {
      "annual_PRENEI_Q": 46.8,
      "annual_PRELIQ_Q": 1072.0,
      "annual_PE_Q": 481.7
    }
  },
  "months": {
    "2024-01": {
      "monthly_PRENEI_Q": 8.5,
      "monthly_PRELIQ_Q": 63.5,
      "monthly_PE_Q": 59.4
    },
    "2024-02": {
      "monthly_PRENEI_Q": 0.0,
      "monthly_PRELIQ_Q": 51.400000000000006,
      "monthly_PE_Q": 32.699999999999996
    },
    "2024-03": {
      "monthly_PRENEI_Q": 8.299999999999999,
      "monthly_PRELIQ_Q": 107.1,
      "monthly_PE_Q": 74.3
    },
    "2024-04": {
      "monthly_PRENEI_Q": 0.1,
      "monthly_PRELIQ_Q": 73.4,
      "monthly_PE_Q": 10.299999999999997
    },
    "2024-05": {
      "monthly_PRENEI_Q": 0.0,
      "monthly_PRELIQ_Q": 162.7,
      "monthly_PE_Q": 83.5
    },
    "2024-06": {
      "monthly_PRENEI_Q": 0.0,
      "monthly_PRELIQ_Q": 90.4,
      "monthly_PE_Q": -13.600000000000003
    },
    "2024-07": {
      "monthly_PRENEI_Q": 0.0,
      "monthly_PRELIQ_Q": 63.9,
      "monthly_PE_Q": -49.800000000000004
    },
    "2024-08": {
      "monthly_PRENEI_Q": 0.0,
      "monthly_PRELIQ_Q": 51.300000000000004,
      "monthly_PE_Q": -29.799999999999997
    },
    "2024-09": {
      "monthly_PRENEI_Q": 0.0,
      "monthly_PRELIQ_Q": 151.1,
      "monthly_PE_Q": 96.19999999999999
    },
    "2024-10": {
      "monthly_PRENEI_Q": 0.0,
      "monthly_PRELIQ_Q": 153.8,
      "monthly_PE_Q": 117.1
    },
    "2024-11": {
      "monthly_PRENEI_Q": 0.0,
      "monthly_PRELIQ_Q": 31.400000000000002,
      "monthly_PE_Q": 11.199999999999998
    },
    "2024-12": {
      "monthly_PRENEI_Q": 29.9,
      "monthly_PRELIQ_Q": 72.0,
      "monthly_PE_Q": 90.2
    }
  }
}