{
  "years": {
    "2024": {
      "annual_PRENEI_Q": 11.9,
      "annual_PRELIQ_Q": 1159.3,
      "annual_PE_Q": 512.7
    }
  },
  "months": {
    "2024-01": {
      "monthly_PRENEI_Q": 5.5,
      "monthly_PRELIQ_Q": 71.3,
      "monthly_PE_Q": 63.300000000000004
    },
    "2024-02": {
      "monthly_PRENEI_Q": 0.0,
      "monthly_PRELIQ_Q": 79.0,
      "monthly_PE_Q": 58.199999999999996
    },
    "2024-03": {
      "monthly_PRENEI_Q": 6.0,
      "monthly_PRELIQ_Q": 116.9,
      "monthly_PE_Q": 78.6
    },
    "2024-04": {
      "monthly_PRENEI_Q": 0.0,
      "monthly_PRELIQ_Q": 127.6,
      "monthly_PE_Q": 61.0
    },
    "2024-05": {
      "monthly_PRENEI_Q": 0.0,
      "monthly_PRELIQ_Q": 142.7,
      "monthly_PE_Q": 62.400000000000006
    },
    "2024-06": {
      "monthly_PRENEI_Q": 0.0,
      "monthly_PRELIQ_Q": 81.8,
      "monthly_PE_Q": -30.7
    },
    "2024-07": {
      "monthly_PRENEI_Q": 0.0,
      "monthly_PRELIQ_Q": 66.8,
      "monthly_PE_Q": -45.800000000000004
    },
    "2024-08": {
      "monthly_PRENEI_Q": 0.0,
      "monthly_PRELIQ_Q": 66.2,
      "monthly_PE_Q": -22.999999999999996
    },
    "2024-09": {
      "monthly_PRENEI_Q": 0.0,
      "monthly_PRELIQ_Q": 126.9,
      "monthly_PE_Q": 69.5
    },
    "2024-10": {
      "monthly_PRENEI_Q": 0.0,
      "monthly_PRELIQ_Q": 155.8,
      "monthly_PE_Q": 121.0
    },
    "2024-11": {
      "monthly_PRENEI_Q": 0.1,
      "monthly_PRELIQ_Q": 40.2,
      "monthly_PE_Q": 22.200000000000003
    },
    "2024-12": {
      "monthly_PRENEI_Q": 0.30000000000000004,
      "monthly_PRELIQ_Q": 84.1,
      "monthly_PE_Q": 76.0
    }
  }
}