{
  "years": {
    "2024": {
      "annual_PRENEI_Q": 11.4,
      "annual_PRELIQ_Q": 1154.6,
      "annual_PE_Q": 507.90000000000003
    }
  },
  "months": {
    "2024-01": {
      "monthly_PRENEI_Q": 5.300000000000001,
      "monthly_PRELIQ_Q": 71.1,
      "monthly_PE_Q": 62.699999999999996
    },
    "2024-02": {
      "monthly_PRENEI_Q": 0.0,
      "monthly_PRELIQ_Q": 78.6,
      "monthly_PE_Q": 57.800000000000004
    },
    "2024-03": {
      "monthly_PRENEI_Q": 5.7,
      "monthly_PRELIQ_Q": 116.7,
      "monthly_PE_Q": 78.3
    },
    "2024-04": {
      "monthly_PRENEI_Q": 0.0,
      "monthly_PRELIQ_Q": 127.10000000000001,
      "monthly_PE_Q": 61.0
    },
    "2024-05": {
      "monthly_PRENEI_Q": 0.0,
      "monthly_PRELIQ_Q": 142.0,
      "monthly_PE_Q": 62.300000000000004
    },
    "2024-06": {
      "monthly_PRENEI_Q": 0.0,
      "monthly_PRELIQ_Q": 81.3,
      "monthly_PE_Q": -31.400000000000002
    },
    "2024-07": {
      "monthly_PRENEI_Q": 0.0,
      "monthly_PRELIQ_Q": 66.4,
      "monthly_PE_Q": -46.1
    },
    "2024-08": {
      "monthly_PRENEI_Q": 0.0,
      "monthly_PRELIQ_Q": 65.89999999999999,
      "monthly_PE_Q": -22.700000000000003
    },
    "2024-09": {
      "monthly_PRENEI_Q": 0.0,
      "monthly_PRELIQ_Q": 126.2,
      "monthly_PE_Q": 68.7
    },
    "2024-10": {
      "monthly_PRENEI_Q": 0.0,
      "monthly_PRELIQ_Q": 155.3,
      "monthly_PE_Q": 119.80000000000001
    },
    "2024-11": {
      "monthly_PRENEI_Q": 0.1,
      "monthly_PRELIQ_Q": 40.1,
      "monthly_PE_Q": 22.0
    },
    "2024-12": {
      "monthly_PRENEI_Q": 0.30000000000000004,
      "monthly_PRELIQ_Q": 83.9,
      "monthly_PE_Q": 75.5
    }
  }
}