{
  "years": {
    "2024": {
      "annual_PRENEI_Q": 12.9,
      "annual_PRELIQ_Q": 954.4,
      "annual_PE_Q": 390.4
    }
  },
  "months": {
    "2024-01": {
      "monthly_PRENEI_Q": 2.5,
      "monthly_PRELIQ_Q": 44.6,
      "monthly_PE_Q": 36.199999999999996
    },
    "2024-02": {
      "monthly_PRENEI_Q": 0.0,
      "monthly_PRELIQ_Q": 60.4,
      "monthly_PE_Q": 44.099999999999994
    },
    "2024-03": {
      "monthly_PRENEI_Q": 0.0,
      "monthly_PRELIQ_Q": 153.60000000000002,
      "monthly_PE_Q": 116.8
    },
    "2024-04": {
      "monthly_PRENEI_Q": 0.0,
      "monthly_PRELIQ_Q": 56.8,
      "monthly_PE_Q": -6.4
    },
    "2024-05": {
      "monthly_PRENEI_Q": 0.0,
      "monthly_PRELIQ_Q": 74.9,
      "monthly_PE_Q": 2.3000000000000007
    },
    "2024-06": {
      "monthly_PRENEI_Q": 0.0,
      "monthly_PRELIQ_Q": 112.39999999999999,
      "monthly_PE_Q": 15.299999999999999
    },
    "2024-07": {
      "monthly_PRENEI_Q": 0.0,
      "monthly_PRELIQ_Q": 63.3,
      "monthly_PE_Q": -38.800000000000004
    },
    "2024-08": {
      "monthly_PRENEI_Q": 0.0,
      "monthly_PRELIQ_Q": 53.3,
      "monthly_PE_Q": -18.000000000000004
    },
    "2024-09": {
      "monthly_PRENEI_Q": 0.0,
      "monthly_PRELIQ_Q": 94.1,
      "monthly_PE_Q": 43.6
    },
    "2024-10": {
      "monthly_PRENEI_Q": 0.0,
      "monthly_PRELIQ_Q": 144.3,
      "monthly_PE_Q": 112.7
    },
    "2024-11": {
      "monthly_PRENEI_Q": 10.3,
      "monthly_PRELIQ_Q": 52.4,
      "monthly_PE_Q": 47.6
    },
    "2024-12": {
      "monthly_PRENEI_Q": 0.1,
      "monthly_PRELIQ_Q": 44.300000000000004,
      "monthly_PE_Q": 35.0
    }
  }
}