{
  "years": {
    "2024": {
      "annual_PRENEI_Q": 17.5,
      "annual_PRELIQ_Q": 925.8,
      "annual_PE_Q": 376.4
    }
  },
  "months": {
    "2024-01": {
      "monthly_PRENEI_Q": 1.5,
      "monthly_PRELIQ_Q": 50.8,
      "monthly_PE_Q": 42.199999999999996
    },
    "2024-02": {
      "monthly_PRENEI_Q": 0.0,
      "monthly_PRELIQ_Q": 68.6,
      "monthly_PE_Q": 51.5
    },
    "2024-03": {
      "monthly_PRENEI_Q": 0.0,
      "monthly_PRELIQ_Q": 113.8,
      "monthly_PE_Q": 81.9
    },
    "2024-04": {
      "monthly_PRENEI_Q": 0.0,
      "monthly_PRELIQ_Q": 55.0,
      "monthly_PE_Q": -6.699999999999999
    },
    "2024-05": {
      "monthly_PRENEI_Q": 0.0,
      "monthly_PRELIQ_Q": 102.6,
      "monthly_PE_Q": 29.099999999999998
    },
    "2024-06": {
      "monthly_PRENEI_Q": 0.0,
      "monthly_PRELIQ_Q": 95.7,
      "monthly_PE_Q": -0.8000000000000007
    },
    "2024-07": {
      "monthly_PRENEI_Q": 0.0,
      "monthly_PRELIQ_Q": 56.199999999999996,
      "monthly_PE_Q": -32.5
    },
    "2024-08": {
      "monthly_PRENEI_Q": 0.0,
      "monthly_PRELIQ_Q": 69.7,
      "monthly_PE_Q": -5.6
    },
    "2024-09": {
      "monthly_PRENEI_Q": 0.0,
      "monthly_PRELIQ_Q": 98.3,
      "monthly_PE_Q": 48.60000000000001
    },
    "2024-10": {
      "monthly_PRENEI_Q": 0.0,
      "monthly_PRELIQ_Q": 121.3,
      "monthly_PE_Q": 87.60000000000001
    },
    "2024-11": {
      "monthly_PRENEI_Q": 13.5,
      "monthly_PRELIQ_Q": 39.800000000000004,
      "monthly_PE_Q": 34.6
    },
    "2024-12": {
      "monthly_PRENEI_Q": 2.5,
      "monthly_PRELIQ_Q": 54.0,
      "monthly_PE_Q": 46.5
    }
  }
}