{
  "years": {
    "2024": {
      "annual_PRENEI_Q": 18.5,
      "annual_PRELIQ_Q": 931.6,
      "annual_PE_Q": 385.0
    }
  },
  "months": {
    "2024-01": {
      "monthly_PRENEI_Q": 1.5,
      "monthly_PRELIQ_Q": 51.3,
      "monthly_PE_Q": 43.5
    },
    "2024-02": {
      "monthly_PRENEI_Q": 0.0,
      "monthly_PRELIQ_Q": 69.0,
      "monthly_PE_Q": 52.7
    },
    "2024-03": {
      "monthly_PRENEI_Q": 0.0,
      "monthly_PRELIQ_Q": 114.7,
      "monthly_PE_Q": 82.80000000000001
    },
    "2024-04": {
      "monthly_PRENEI_Q": 0.0,
      "monthly_PRELIQ_Q": 55.6,
      "monthly_PE_Q": -6.200000000000001
    },
    "2024-05": {
      "monthly_PRENEI_Q": 0.0,
      "monthly_PRELIQ_Q": 103.3,
      "monthly_PE_Q": 29.9
    },
    "2024-06": {
      "monthly_PRENEI_Q": 0.0,
      "monthly_PRELIQ_Q": 96.2,
      "monthly_PE_Q": -0.5999999999999988
    },
    "2024-07": {
      "monthly_PRENEI_Q": 0.0,
      "monthly_PRELIQ_Q": 56.5,
      "monthly_PE_Q": -33.5
    },
    "2024-08": {
      "monthly_PRENEI_Q": 0.0,
      "monthly_PRELIQ_Q": 70.0,
      "monthly_PE_Q": -6.2
    },
    "2024-09": {
      "monthly_PRENEI_Q": 0.0,
      "monthly_PRELIQ_Q": 99.10000000000001,
      "monthly_PE_Q": 49.3
    },
    "2024-10": {
      "monthly_PRENEI_Q": 0.0,
      "monthly_PRELIQ_Q": 122.10000000000001,
      "monthly_PE_Q": 89.0
    },
    "2024-11": {
      "monthly_PRENEI_Q": 14.299999999999999,
      "monthly_PRELIQ_Q": 39.5,
      "monthly_PE_Q": 36.699999999999996
    },
    "2024-12": {
      "monthly_PRENEI_Q": 2.6999999999999997,
      "monthly_PRELIQ_Q": 54.300000000000004,
      "monthly_PE_Q": 47.6
    }
  }
}