{
  "years": {
    "2024": {
      "annual_PRENEI_Q": 20.7,
      "annual_PRELIQ_Q": 940.7,
      "annual_PE_Q": 377.7
    }
  },
  "months": {
    "2024-01": {
      "monthly_PRENEI_Q": 1.5,
      "monthly_PRELIQ_Q": 51.699999999999996,
      "monthly_PE_Q": 44.5
    },
    "2024-02": {
      "monthly_PRENEI_Q": 0.0,
      "monthly_PRELIQ_Q": 70.10000000000001,
      "monthly_PE_Q": 53.3
    },
    "2024-03": {
      "monthly_PRENEI_Q": 0.0,
      "monthly_PRELIQ_Q": 116.3,
      "monthly_PE_Q": 84.3
    },
    "2024-04": {
      "monthly_PRENEI_Q": 0.0,
      "monthly_PRELIQ_Q": 56.0,
      "monthly_PE_Q": -6.799999999999999
    },
    "2024-05": {
      "monthly_PRENEI_Q": 0.0,
      "monthly_PRELIQ_Q": 104.60000000000001,
      "monthly_PE_Q": 28.2
    },
    "2024-06": {
      "monthly_PRENEI_Q": 0.0,
      "monthly_PRELIQ_Q": 97.3,
      "monthly_PE_Q": -1.599999999999997
    },
    "2024-07": {
      "monthly_PRENEI_Q": 0.0,
      "monthly_PRELIQ_Q": 57.199999999999996,
      "monthly_PE_Q": -40.6
    },
    "2024-08": {
      "monthly_PRENEI_Q": 0.0,
      "monthly_PRELIQ_Q": 70.8,
      "monthly_PE_Q": -12.000000000000002
    },
    "2024-09": {
      "monthly_PRENEI_Q": 0.0,
      "monthly_PRELIQ_Q": 100.3,
      "monthly_PE_Q": 50.1
    },
    "2024-10": {
      "monthly_PRENEI_Q": 0.0,
      "monthly_PRELIQ_Q": 123.39999999999999,
      "monthly_PE_Q": 91.2
    },
    "2024-11": {
      "monthly_PRENEI_Q": 16.2,
      "monthly_PRELIQ_Q": 38.300000000000004,
      "monthly_PE_Q": 38.3
    },
    "2024-12": {
      "monthly_PRENEI_Q": 3.0,
      "monthly_PRELIQ_Q": 54.699999999999996,
      "monthly_PE_Q": 48.800000000000004
    }
  }
}