{
  "years": {
    "2024": {
      "annual_PRENEI_Q": 9.0,
      "annual_PRELIQ_Q": 891.9,
      "annual_PE_Q": 268.5
    }
  },
  "months": {
    "2024-01": {
      "monthly_PRENEI_Q": 1.0,
      "monthly_PRELIQ_Q": 85.0,
      "monthly_PE_Q": 65.7
    },
    "2024-02": {
      "monthly_PRENEI_Q": 0.0,
      "monthly_PRELIQ_Q": 92.4,
      "monthly_PE_Q": 62.099999999999994
    },
    "2024-03": {
      "monthly_PRENEI_Q": 0.0,
      "monthly_PRELIQ_Q": 52.0,
      "monthly_PE_Q": 1.9999999999999996
    },
    "2024-04": {
      "monthly_PRENEI_Q": 0.0,
      "monthly_PRELIQ_Q": 69.3,
      "monthly_PE_Q": -5.999999999999998
    },
    "2024-05": {
      "monthly_PRENEI_Q": 0.0,
      "monthly_PRELIQ_Q": 80.7,
      "monthly_PE_Q": -18.400000000000002
    },
    "2024-06": {
      "monthly_PRENEI_Q": 0.0,
      "monthly_PRELIQ_Q": 26.3,
      "monthly_PE_Q": -61.1
    },
    "2024-07": {
      "monthly_PRENEI_Q": 0.0,
      "monthly_PRELIQ_Q": 53.699999999999996,
      "monthly_PE_Q": -15.100000000000001
    },
    "2024-08": {
      "monthly_PRENEI_Q": 0.0,
      "monthly_PRELIQ_Q": 65.5,
      "monthly_PE_Q": 5.299999999999998
    },
    "2024-09": {
      "monthly_PRENEI_Q": 0.0,
      "monthly_PRELIQ_Q": 112.9,
      "monthly_PE_Q": 55.6
    },
    "2024-10": {
      "monthly_PRENEI_Q": 0.0,
      "monthly_PRELIQ_Q": 121.5,
      "monthly_PE_Q": 77.9
    },
    "2024-11": {
      "monthly_PRENEI_Q": 8.0,
      "monthly_PRELIQ_Q": 83.9,
      "monthly_PE_Q": 70.39999999999999
    },
    "2024-12": {
      "monthly_PRENEI_Q": 0.0,
      "monthly_PRELIQ_Q": 48.699999999999996,
      "monthly_PE_Q": 30.1
    }
  }
}