{
  "years": {
    "2024": {
      "annual_PRENEI_Q": 19.6,
      "annual_PRELIQ_Q": 1142.9,
      "annual_PE_Q": 540.0
    }
  },
  "months": {
    "2024-01": {
      "monthly_PRENEI_Q": 2.4,
      "monthly_PRELIQ_Q": 78.39999999999999,
      "monthly_PE_Q": 74.6
    },
    "2024-02": {
      "monthly_PRENEI_Q": 0.0,
      "monthly_PRELIQ_Q": 101.2,
      "monthly_PE_Q": 85.1
    },
    "2024-03": {
      "monthly_PRENEI_Q": 0.8,
      "monthly_PRELIQ_Q": 113.6,
      "monthly_PE_Q": 81.1
    },
    "2024-04": {
      "monthly_PRENEI_Q": 1.6,
      "monthly_PRELIQ_Q": 58.300000000000004,
      "monthly_PE_Q": -2.900000000000001
    },
    "2024-05": {
      "monthly_PRENEI_Q": 0.0,
      "monthly_PRELIQ_Q": 160.3,
      "monthly_PE_Q": 83.6
    },
    "2024-06": {
      "monthly_PRENEI_Q": 0.0,
      "monthly_PRELIQ_Q": 144.9,
      "monthly_PE_Q": 39.3
    },
    "2024-07": {
      "monthly_PRENEI_Q": 0.0,
      "monthly_PRELIQ_Q": 82.60000000000001,
      "monthly_PE_Q": -25.400000000000002
    },
    "2024-08": {
      "monthly_PRENEI_Q": 0.0,
      "monthly_PRELIQ_Q": 75.2,
      "monthly_PE_Q": -32.199999999999996
    },
    "2024-09": {
      "monthly_PRENEI_Q": 0.0,
      "monthly_PRELIQ_Q": 112.7,
      "monthly_PE_Q": 60.2
    },
    "2024-10": {
      "monthly_PRENEI_Q": 0.0,
      "monthly_PRELIQ_Q": 77.4,
      "monthly_PE_Q": 42.6
    },
    "2024-11": {
      "monthly_PRENEI_Q": 10.200000000000001,
      "monthly_PRELIQ_Q": 58.699999999999996,
      "monthly_PE_Q": 57.3
    },
    "2024-12": {
      "monthly_PRENEI_Q": 4.6,
      "monthly_PRELIQ_Q": 79.6,
      "monthly_PE_Q": 76.7
    }
  }
}