{
  "years": {
    "2024": {
      "annual_PRENEI_Q": 11.799999999999999,
      "annual_PRELIQ_Q": 1114.8,
      "annual_PE_Q": 475.8
    }
  },
  "months": {
    "2024-01": {
      "monthly_PRENEI_Q": 7.0,
      "monthly_PRELIQ_Q": 93.9,
      "monthly_PE_Q": 89.3
    },
    "2024-02": {
      "monthly_PRENEI_Q": 0.0,
      "monthly_PRELIQ_Q": 118.8,
      "monthly_PE_Q": 101.4
    },
    "2024-03": {
      "monthly_PRENEI_Q": 0.0,
      "monthly_PRELIQ_Q": 78.5,
      "monthly_PE_Q": 42.0
    },
    "2024-04": {
      "monthly_PRENEI_Q": 2.5,
      "monthly_PRELIQ_Q": 61.4,
      "monthly_PE_Q": 4.1
    },
    "2024-05": {
      "monthly_PRENEI_Q": 0.0,
      "monthly_PRELIQ_Q": 103.7,
      "monthly_PE_Q": 24.2
    },
    "2024-06": {
      "monthly_PRENEI_Q": 0.0,
      "monthly_PRELIQ_Q": 96.10000000000001,
      "monthly_PE_Q": -7.499999999999998
    },
    "2024-07": {
      "monthly_PRENEI_Q": 0.0,
      "monthly_PRELIQ_Q": 111.3,
      "monthly_PE_Q": 2.700000000000001
    },
    "2024-08": {
      "monthly_PRENEI_Q": 0.0,
      "monthly_PRELIQ_Q": 89.8,
      "monthly_PE_Q": -15.0
    },
    "2024-09": {
      "monthly_PRENEI_Q": 0.0,
      "monthly_PRELIQ_Q": 125.5,
      "monthly_PE_Q": 62.1
    },
    "2024-10": {
      "monthly_PRENEI_Q": 0.0,
      "monthly_PRELIQ_Q": 84.9,
      "monthly_PE_Q": 49.400000000000006
    },
    "2024-11": {
      "monthly_PRENEI_Q": 1.5,
      "monthly_PRELIQ_Q": 72.9,
      "monthly_PE_Q": 58.699999999999996
    },
    "2024-12": {
      "monthly_PRENEI_Q": 0.7999999999999999,
      "monthly_PRELIQ_Q": 78.0,
      "monthly_PE_Q": 64.39999999999999
    }
  }
}