{
  "years": {
    "2024": {
      "annual_PRENEI_Q": 12.6,
      "annual_PRELIQ_Q": 962.2,
      "annual_PE_Q": 317.90000000000003
    }
  },
  "months": {
    "2024-01": {
      "monthly_PRENEI_Q": 5.300000000000001,
      "monthly_PRELIQ_Q": 74.1,
      "monthly_PE_Q": 65.6
    },
    "2024-02": {
      "monthly_PRENEI_Q": 0.0,
      "monthly_PRELIQ_Q": 90.9,
      "monthly_PE_Q": 73.10000000000001
    },
    "2024-03": {
      "monthly_PRENEI_Q": 0.0,
      "monthly_PRELIQ_Q": 75.7,
      "monthly_PE_Q": 40.2
    },
    "2024-04": {
      "monthly_PRENEI_Q": 1.8,
      "monthly_PRELIQ_Q": 54.1,
      "monthly_PE_Q": -5.5
    },
    "2024-05": {
      "monthly_PRENEI_Q": 0.0,
      "monthly_PRELIQ_Q": 97.8,
      "monthly_PE_Q": 18.900000000000002
    },
    "2024-06": {
      "monthly_PRENEI_Q": 0.0,
      "monthly_PRELIQ_Q": 90.0,
      "monthly_PE_Q": -16.999999999999996
    },
    "2024-07": {
      "monthly_PRENEI_Q": 0.0,
      "monthly_PRELIQ_Q": 100.6,
      "monthly_PE_Q": -12.9
    },
    "2024-08": {
      "monthly_PRENEI_Q": 0.0,
      "monthly_PRELIQ_Q": 94.5,
      "monthly_PE_Q": -12.399999999999999
    },
    "2024-09": {
      "monthly_PRENEI_Q": 0.0,
      "monthly_PRELIQ_Q": 95.0,
      "monthly_PE_Q": 33.8
    },
    "2024-10": {
      "monthly_PRENEI_Q": 0.0,
      "monthly_PRELIQ_Q": 73.39999999999999,
      "monthly_PE_Q": 40.4
    },
    "2024-11": {
      "monthly_PRENEI_Q": 0.7,
      "monthly_PRELIQ_Q": 58.1,
      "monthly_PE_Q": 44.199999999999996
    },
    "2024-12": {
      "monthly_PRENEI_Q": 4.8,
      "monthly_PRELIQ_Q": 58.0,
      "monthly_PE_Q": 49.5
    }
  }
}