{
  "years": {
    "2024": {
      "annual_PRENEI_Q": 10.9,
      "annual_PRELIQ_Q": 950.4,
      "annual_PE_Q": 293.5
    }
  },
  "months": {
    "2024-01": {
      "monthly_PRENEI_Q": 4.699999999999999,
      "monthly_PRELIQ_Q": 73.6,
      "monthly_PE_Q": 64.39999999999999
    },
    "2024-02": {
      "monthly_PRENEI_Q": 0.0,
      "monthly_PRELIQ_Q": 89.5,
      "monthly_PE_Q": 70.9
    },
    "2024-03": {
      "monthly_PRENEI_Q": 0.0,
      "monthly_PRELIQ_Q": 74.9,
      "monthly_PE_Q": 37.5
    },
    "2024-04": {
      "monthly_PRENEI_Q": 1.5,
      "monthly_PRELIQ_Q": 53.7,
      "monthly_PE_Q": -8.1
    },
    "2024-05": {
      "monthly_PRENEI_Q": 0.0,
      "monthly_PRELIQ_Q": 96.4,
      "monthly_PE_Q": 14.6
    },
    "2024-06": {
      "monthly_PRENEI_Q": 0.0,
      "monthly_PRELIQ_Q": 88.7,
      "monthly_PE_Q": -20.000000000000004
    },
    "2024-07": {
      "monthly_PRENEI_Q": 0.0,
      "monthly_PRELIQ_Q": 99.5,
      "monthly_PE_Q": -13.699999999999996
    },
    "2024-08": {
      "monthly_PRENEI_Q": 0.0,
      "monthly_PRELIQ_Q": 93.30000000000001,
      "monthly_PE_Q": -10.899999999999999
    },
    "2024-09": {
      "monthly_PRENEI_Q": 0.0,
      "monthly_PRELIQ_Q": 93.6,
      "monthly_PE_Q": 33.0
    },
    "2024-10": {
      "monthly_PRENEI_Q": 0.0,
      "monthly_PRELIQ_Q": 72.39999999999999,
      "monthly_PE_Q": 36.8
    },
    "2024-11": {
      "monthly_PRENEI_Q": 0.6,
      "monthly_PRELIQ_Q": 57.3,
      "monthly_PE_Q": 42.0
    },
    "2024-12": {
      "monthly_PRENEI_Q": 4.1000000000000005,
      "monthly_PRELIQ_Q": 57.5,
      "monthly_PE_Q": 47.0
    }
  }
}