{
  "years": {
    "2024": {
      "annual_PRENEI_Q": 3.3,
      "annual_PRELIQ_Q": 1054.8,
      "annual_PE_Q": 318.59999999999997
    }
  },
  "months": {
    "2024-01": {
      "monthly_PRENEI_Q": 0.1,
      "monthly_PRELIQ_Q": 58.800000000000004,
      "monthly_PE_Q": 36.6
    },
    "2024-02": {
      "monthly_PRENEI_Q": 0.0,
      "monthly_PRELIQ_Q": 112.39999999999999,
      "monthly_PE_Q": 79.1
    },
    "2024-03": {
      "monthly_PRENEI_Q": 2.4,
      "monthly_PRELIQ_Q": 251.0,
      "monthly_PE_Q": 186.4
    },
    "2024-04": {
      "monthly_PRENEI_Q": 0.0,
      "monthly_PRELIQ_Q": 35.6,
      "monthly_PE_Q": -49.6
    },
    "2024-05": {
      "monthly_PRENEI_Q": 0.0,
      "monthly_PRELIQ_Q": 119.6,
      "monthly_PE_Q": 22.3
    },
    "2024-06": {
      "monthly_PRENEI_Q": 0.0,
      "monthly_PRELIQ_Q": 75.1,
      "monthly_PE_Q": -39.699999999999996
    },
    "2024-07": {
      "monthly_PRENEI_Q": 0.0,
      "monthly_PRELIQ_Q": 35.2,
      "monthly_PE_Q": -57.800000000000004
    },
    "2024-08": {
      "monthly_PRENEI_Q": 0.0,
      "monthly_PRELIQ_Q": 36.3,
      "monthly_PE_Q": -23.599999999999998
    },
    "2024-09": {
      "monthly_PRENEI_Q": 0.0,
      "monthly_PRELIQ_Q": 114.5,
      "monthly_PE_Q": 46.300000000000004
    },
    "2024-10": {
      "monthly_PRENEI_Q": 0.0,
      "monthly_PRELIQ_Q": 144.1,
      "monthly_PE_Q": 93.2
    },
    "2024-11": {
      "monthly_PRENEI_Q": 0.30000000000000004,
      "monthly_PRELIQ_Q": 43.9,
      "monthly_PE_Q": 17.5
    },
    "2024-12": {
      "monthly_PRENEI_Q": 0.5,
      "monthly_PRELIQ_Q": 28.3,
      "monthly_PE_Q": 7.900000000000001
    }
  }
}