{
  "years": {
    "2024": {
      "annual_PRENEI_Q": 57.6,
      "annual_PRELIQ_Q": 1148.3,
      "annual_PE_Q": 501.7
    }
  },
  "months": {
    "2024-01": {
      "monthly_PRENEI_Q": 7.6000000000000005,
      "monthly_PRELIQ_Q": 60.9,
      "monthly_PE_Q": 53.0
    },
    "2024-02": {
      "monthly_PRENEI_Q": 3.9000000000000004,
      "monthly_PRELIQ_Q": 77.5,
      "monthly_PE_Q": 55.50000000000001
    },
    "2024-03": {
      "monthly_PRENEI_Q": 25.0,
      "monthly_PRELIQ_Q": 200.89999999999998,
      "monthly_PE_Q": 174.9
    },
    "2024-04": {
      "monthly_PRENEI_Q": 0.7,
      "monthly_PRELIQ_Q": 42.300000000000004,
      "monthly_PE_Q": -33.3
    },
    "2024-05": {
      "monthly_PRENEI_Q": 0.0,
      "monthly_PRELIQ_Q": 174.5,
      "monthly_PE_Q": 86.9
    },
    "2024-06": {
      "monthly_PRENEI_Q": 0.0,
      "monthly_PRELIQ_Q": 103.4,
      "monthly_PE_Q": -14.0
    },
    "2024-07": {
      "monthly_PRENEI_Q": 0.0,
      "monthly_PRELIQ_Q": 42.699999999999996,
      "monthly_PE_Q": -73.3
    },
    "2024-08": {
      "monthly_PRENEI_Q": 0.0,
      "monthly_PRELIQ_Q": 31.4,
      "monthly_PE_Q": -35.5
    },
    "2024-09": {
      "monthly_PRENEI_Q": 0.0,
      "monthly_PRELIQ_Q": 164.4,
      "monthly_PE_Q": 103.60000000000001
    },
    "2024-10": {
      "monthly_PRENEI_Q": 0.0,
      "monthly_PRELIQ_Q": 139.5,
      "monthly_PE_Q": 94.10000000000001
    },
    "2024-11": {
      "monthly_PRENEI_Q": 1.3,
      "monthly_PRELIQ_Q": 48.3,
      "monthly_PE_Q": 26.099999999999998
    },
    "2024-12": {
      "monthly_PRENEI_Q": 19.099999999999998,
      "monthly_PRELIQ_Q": 62.5,
      "monthly_PE_Q": 63.699999999999996
    }
  }
}