{
  "years": {
    "2024": {
      "annual_PRENEI_Q": 111.1,
      "annual_PRELIQ_Q": 1272.9,
      "annual_PE_Q": 641.8
    }
  },
  "months": {
    "2024-01": {
      "monthly_PRENEI_Q": 20.2,
      "monthly_PRELIQ_Q": 72.8,
      "monthly_PE_Q": 77.9
    },
    "2024-02": {
      "monthly_PRENEI_Q": 0.8999999999999999,
      "monthly_PRELIQ_Q": 69.7,
      "monthly_PE_Q": 44.3
    },
    "2024-03": {
      "monthly_PRENEI_Q": 27.4,
      "monthly_PRELIQ_Q": 161.7,
      "monthly_PE_Q": 133.60000000000002
    },
    "2024-04": {
      "monthly_PRENEI_Q": 7.0,
      "monthly_PRELIQ_Q": 52.0,
      "monthly_PE_Q": -20.200000000000003
    },
    "2024-05": {
      "monthly_PRENEI_Q": 0.0,
      "monthly_PRELIQ_Q": 217.7,
      "monthly_PE_Q": 132.6
    },
    "2024-06": {
      "monthly_PRENEI_Q": 0.0,
      "monthly_PRELIQ_Q": 131.3,
      "monthly_PE_Q": 11.299999999999999
    },
    "2024-07": {
      "monthly_PRENEI_Q": 0.0,
      "monthly_PRELIQ_Q": 73.9,
      "monthly_PE_Q": -61.7
    },
    "2024-08": {
      "monthly_PRENEI_Q": 0.0,
      "monthly_PRELIQ_Q": 42.199999999999996,
      "monthly_PE_Q": -36.8
    },
    "2024-09": {
      "monthly_PRENEI_Q": 0.0,
      "monthly_PRELIQ_Q": 165.9,
      "monthly_PE_Q": 100.4
    },
    "2024-10": {
      "monthly_PRENEI_Q": 0.0,
      "monthly_PRELIQ_Q": 157.0,
      "monthly_PE_Q": 111.3
    },
    "2024-11": {
      "monthly_PRENEI_Q": 1.8,
      "monthly_PRELIQ_Q": 48.0,
      "monthly_PE_Q": 28.300000000000004
    },
    "2024-12": {
      "monthly_PRENEI_Q": 53.800000000000004,
      "monthly_PRELIQ_Q": 80.7,
      "monthly_PE_Q": 120.8
    }
  }
}