{
  "years": {
    "2024": {
      "annual_PRENEI_Q": 12.9,
      "annual_PRELIQ_Q": 1033.8,
      "annual_PE_Q": 397.9
    }
  },
  "months": {
    "2024-01": {
      "monthly_PRENEI_Q": 3.7,
      "monthly_PRELIQ_Q": 63.7,
      "monthly_PE_Q": 52.2
    },
    "2024-02": {
      "monthly_PRENEI_Q": 0.0,
      "monthly_PRELIQ_Q": 48.2,
      "monthly_PE_Q": 27.799999999999997
    },
    "2024-03": {
      "monthly_PRENEI_Q": 6.0,
      "monthly_PRELIQ_Q": 102.30000000000001,
      "monthly_PE_Q": 66.39999999999999
    },
    "2024-04": {
      "monthly_PRENEI_Q": 0.0,
      "monthly_PRELIQ_Q": 68.0,
      "monthly_PE_Q": 1.7000000000000008
    },
    "2024-05": {
      "monthly_PRENEI_Q": 0.0,
      "monthly_PRELIQ_Q": 151.4,
      "monthly_PE_Q": 69.89999999999999
    },
    "2024-06": {
      "monthly_PRENEI_Q": 0.0,
      "monthly_PRELIQ_Q": 85.0,
      "monthly_PE_Q": -22.5
    },
    "2024-07": {
      "monthly_PRENEI_Q": 0.0,
      "monthly_PRELIQ_Q": 59.800000000000004,
      "monthly_PE_Q": -51.1
    },
    "2024-08": {
      "monthly_PRENEI_Q": 0.0,
      "monthly_PRELIQ_Q": 48.199999999999996,
      "monthly_PE_Q": -26.900000000000002
    },
    "2024-09": {
      "monthly_PRENEI_Q": 0.0,
      "monthly_PRELIQ_Q": 140.7,
      "monthly_PE_Q": 84.19999999999999
    },
    "2024-10": {
      "monthly_PRENEI_Q": 0.0,
      "monthly_PRELIQ_Q": 144.0,
      "monthly_PE_Q": 105.0
    },
    "2024-11": {
      "monthly_PRENEI_Q": 0.0,
      "monthly_PRELIQ_Q": 29.8,
      "monthly_PE_Q": 7.999999999999999
    },
    "2024-12": {
      "monthly_PRENEI_Q": 3.2,
      "monthly_PRELIQ_Q": 92.7,
      "monthly_PE_Q": 83.2
    }
  }
}