{
  "years": {
    "2024": {
      "annual_PRENEI_Q": 16.9,
      "annual_PRELIQ_Q": 1237.3,
      "annual_PE_Q": 602.8000000000001
    }
  },
  "months": {
    "2024-01": {
      "monthly_PRENEI_Q": 2.8,
      "monthly_PRELIQ_Q": 65.8,
      "monthly_PE_Q": 52.300000000000004
    },
    "2024-02": {
      "monthly_PRENEI_Q": 0.0,
      "monthly_PRELIQ_Q": 82.6,
      "monthly_PE_Q": 61.0
    },
    "2024-03": {
      "monthly_PRENEI_Q": 0.0,
      "monthly_PRELIQ_Q": 119.5,
      "monthly_PE_Q": 83.2
    },
    "2024-04": {
      "monthly_PRENEI_Q": 0.4,
      "monthly_PRELIQ_Q": 108.6,
      "monthly_PE_Q": 44.0
    },
    "2024-05": {
      "monthly_PRENEI_Q": 0.0,
      "monthly_PRELIQ_Q": 143.4,
      "monthly_PE_Q": 62.7
    },
    "2024-06": {
      "monthly_PRENEI_Q": 0.0,
      "monthly_PRELIQ_Q": 101.6,
      "monthly_PE_Q": 0.5999999999999979
    },
    "2024-07": {
      "monthly_PRENEI_Q": 0.0,
      "monthly_PRELIQ_Q": 68.0,
      "monthly_PE_Q": -41.2
    },
    "2024-08": {
      "monthly_PRENEI_Q": 0.0,
      "monthly_PRELIQ_Q": 89.30000000000001,
      "monthly_PE_Q": -11.899999999999997
    },
    "2024-09": {
      "monthly_PRENEI_Q": 0.0,
      "monthly_PRELIQ_Q": 122.8,
      "monthly_PE_Q": 67.10000000000001
    },
    "2024-10": {
      "monthly_PRENEI_Q": 0.0,
      "monthly_PRELIQ_Q": 190.9,
      "monthly_PE_Q": 157.7
    },
    "2024-11": {
      "monthly_PRENEI_Q": 5.8999999999999995,
      "monthly_PRELIQ_Q": 62.800000000000004,
      "monthly_PE_Q": 47.0
    },
    "2024-12": {
      "monthly_PRENEI_Q": 7.800000000000001,
      "monthly_PRELIQ_Q": 82.0,
      "monthly_PE_Q": 80.3
    }
  }
}