{
  "years": {
    "2024": {
      "annual_PRENEI_Q": 20.4,
      "annual_PRELIQ_Q": 939.8,
      "annual_PE_Q": 379.3
    }
  },
  "months": {
    "2024-01": {
      "monthly_PRENEI_Q": 1.5,
      "monthly_PRELIQ_Q": 51.699999999999996,
      "monthly_PE_Q": 44.800000000000004
    },
    "2024-02": {
      "monthly_PRENEI_Q": 0.0,
      "monthly_PRELIQ_Q": 70.10000000000001,
      "monthly_PE_Q": 54.300000000000004
    },
    "2024-03": {
      "monthly_PRENEI_Q": 0.0,
      "monthly_PRELIQ_Q": 116.1,
      "monthly_PE_Q": 84.1
    },
    "2024-04": {
      "monthly_PRENEI_Q": 0.0,
      "monthly_PRELIQ_Q": 56.0,
      "monthly_PE_Q": -6.6000000000000005
    },
    "2024-05": {
      "monthly_PRENEI_Q": 0.0,
      "monthly_PRELIQ_Q": 104.4,
      "monthly_PE_Q": 27.5
    },
    "2024-06": {
      "monthly_PRENEI_Q": 0.0,
      "monthly_PRELIQ_Q": 97.2,
      "monthly_PE_Q": -1.6999999999999984
    },
    "2024-07": {
      "monthly_PRENEI_Q": 0.0,
      "monthly_PRELIQ_Q": 57.0,
      "monthly_PE_Q": -40.4
    },
    "2024-08": {
      "monthly_PRENEI_Q": 0.0,
      "monthly_PRELIQ_Q": 70.7,
      "monthly_PE_Q": -12.599999999999996
    },
    "2024-09": {
      "monthly_PRENEI_Q": 0.0,
      "monthly_PRELIQ_Q": 100.1,
      "monthly_PE_Q": 50.900000000000006
    },
    "2024-10": {
      "monthly_PRENEI_Q": 0.0,
      "monthly_PRELIQ_Q": 123.2,
      "monthly_PE_Q": 91.2
    },
    "2024-11": {
      "monthly_PRENEI_Q": 15.899999999999999,
      "monthly_PRELIQ_Q": 38.5,
      "monthly_PE_Q": 38.599999999999994
    },
    "2024-12": {
      "monthly_PRENEI_Q": 3.0,
      "monthly_PRELIQ_Q": 54.8,
      "monthly_PE_Q": 49.2
    }
  }
}