{
  "years": {
    "2024": {
      "annual_PRENEI_Q": 17.7,
      "annual_PRELIQ_Q": 1173.2,
      "annual_PE_Q": 623.3
    }
  },
  "months": {
    "2024-01": {
      "monthly_PRENEI_Q": 0.30000000000000004,
      "monthly_PRELIQ_Q": 56.5,
      "monthly_PE_Q": 50.5
    },
    "2024-02": {
      "monthly_PRENEI_Q": 0.2,
      "monthly_PRELIQ_Q": 74.2,
      "monthly_PE_Q": 62.1
    },
    "2024-03": {
      "monthly_PRENEI_Q": 0.0,
      "monthly_PRELIQ_Q": 108.69999999999999,
      "monthly_PE_Q": 79.19999999999999
    },
    "2024-04": {
      "monthly_PRENEI_Q": 0.0,
      "monthly_PRELIQ_Q": 77.2,
      "monthly_PE_Q": 17.5
    },
    "2024-05": {
      "monthly_PRENEI_Q": 0.0,
      "monthly_PRELIQ_Q": 157.7,
      "monthly_PE_Q": 85.39999999999999
    },
    "2024-06": {
      "monthly_PRENEI_Q": 0.0,
      "monthly_PRELIQ_Q": 133.3,
      "monthly_PE_Q": 40.4
    },
    "2024-07": {
      "monthly_PRENEI_Q": 0.0,
      "monthly_PRELIQ_Q": 74.8,
      "monthly_PE_Q": -24.2
    },
    "2024-08": {
      "monthly_PRENEI_Q": 0.0,
      "monthly_PRELIQ_Q": 80.69999999999999,
      "monthly_PE_Q": -11.400000000000002
    },
    "2024-09": {
      "monthly_PRENEI_Q": 0.0,
      "monthly_PRELIQ_Q": 146.5,
      "monthly_PE_Q": 96.10000000000001
    },
    "2024-10": {
      "monthly_PRENEI_Q": 0.0,
      "monthly_PRELIQ_Q": 148.0,
      "monthly_PE_Q": 118.2
    },
    "2024-11": {
      "monthly_PRENEI_Q": 11.0,
      "monthly_PRELIQ_Q": 48.5,
      "monthly_PE_Q": 43.599999999999994
    },
    "2024-12": {
      "monthly_PRENEI_Q": 6.2,
      "monthly_PRELIQ_Q": 67.1,
      "monthly_PE_Q": 65.9
    }
  }
}