{
  "years": {
    "2024": {
      "annual_PRENEI_Q": 15.1,
      "annual_PRELIQ_Q": 1121.2,
      "annual_PE_Q": 518.1
    }
  },
  "months": {
    "2024-01": {
      "monthly_PRENEI_Q": 2.3,
      "monthly_PRELIQ_Q": 76.60000000000001,
      "monthly_PE_Q": 70.6
    },
    "2024-02": {
      "monthly_PRENEI_Q": 0.0,
      "monthly_PRELIQ_Q": 98.7,
      "monthly_PE_Q": 81.2
    },
    "2024-03": {
      "monthly_PRENEI_Q": 0.6,
      "monthly_PRELIQ_Q": 111.4,
      "monthly_PE_Q": 78.69999999999999
    },
    "2024-04": {
      "monthly_PRENEI_Q": 0.7000000000000001,
      "monthly_PRELIQ_Q": 57.9,
      "monthly_PE_Q": -3.8999999999999995
    },
    "2024-05": {
      "monthly_PRENEI_Q": 0.0,
      "monthly_PRELIQ_Q": 156.9,
      "monthly_PE_Q": 81.60000000000001
    },
    "2024-06": {
      "monthly_PRENEI_Q": 0.0,
      "monthly_PRELIQ_Q": 141.6,
      "monthly_PE_Q": 38.0
    },
    "2024-07": {
      "monthly_PRENEI_Q": 0.0,
      "monthly_PRELIQ_Q": 80.5,
      "monthly_PE_Q": -25.900000000000002
    },
    "2024-08": {
      "monthly_PRENEI_Q": 0.0,
      "monthly_PRELIQ_Q": 73.6,
      "monthly_PE_Q": -28.9
    },
    "2024-09": {
      "monthly_PRENEI_Q": 0.0,
      "monthly_PRELIQ_Q": 110.4,
      "monthly_PE_Q": 58.300000000000004
    },
    "2024-10": {
      "monthly_PRENEI_Q": 0.0,
      "monthly_PRELIQ_Q": 75.8,
      "monthly_PE_Q": 40.3
    },
    "2024-11": {
      "monthly_PRENEI_Q": 9.9,
      "monthly_PRELIQ_Q": 57.300000000000004,
      "monthly_PE_Q": 53.9
    },
    "2024-12": {
      "monthly_PRENEI_Q": 1.6,
      "monthly_PRELIQ_Q": 80.5,
      "monthly_PE_Q": 74.2
    }
  }
}