{
  "years": {
    "2024": {
      "annual_PRENEI_Q": 23.0,
      "annual_PRELIQ_Q": 1150.8,
      "annual_PE_Q": 568.2
    }
  },
  "months": {
    "2024-01": {
      "monthly_PRENEI_Q": 4.8,
      "monthly_PRELIQ_Q": 89.0,
      "monthly_PE_Q": 82.8
    },
    "2024-02": {
      "monthly_PRENEI_Q": 0.3,
      "monthly_PRELIQ_Q": 94.10000000000001,
      "monthly_PE_Q": 78.1
    },
    "2024-03": {
      "monthly_PRENEI_Q": 0.6,
      "monthly_PRELIQ_Q": 92.80000000000001,
      "monthly_PE_Q": 66.4
    },
    "2024-04": {
      "monthly_PRENEI_Q": 2.7,
      "monthly_PRELIQ_Q": 57.6,
      "monthly_PE_Q": 0.7999999999999998
    },
    "2024-05": {
      "monthly_PRENEI_Q": 0.0,
      "monthly_PRELIQ_Q": 155.4,
      "monthly_PE_Q": 79.10000000000001
    },
    "2024-06": {
      "monthly_PRENEI_Q": 0.0,
      "monthly_PRELIQ_Q": 138.5,
      "monthly_PE_Q": 38.8
    },
    "2024-07": {
      "monthly_PRENEI_Q": 0.0,
      "monthly_PRELIQ_Q": 77.1,
      "monthly_PE_Q": -27.900000000000002
    },
    "2024-08": {
      "monthly_PRENEI_Q": 0.0,
      "monthly_PRELIQ_Q": 80.2,
      "monthly_PE_Q": -22.9
    },
    "2024-09": {
      "monthly_PRENEI_Q": 0.0,
      "monthly_PRELIQ_Q": 126.0,
      "monthly_PE_Q": 75.5
    },
    "2024-10": {
      "monthly_PRENEI_Q": 0.0,
      "monthly_PRELIQ_Q": 83.60000000000001,
      "monthly_PE_Q": 52.599999999999994
    },
    "2024-11": {
      "monthly_PRENEI_Q": 9.299999999999999,
      "monthly_PRELIQ_Q": 69.1,
      "monthly_PE_Q": 63.6
    },
    "2024-12": {
      "monthly_PRENEI_Q": 5.300000000000001,
      "monthly_PRELIQ_Q": 87.4,
      "monthly_PE_Q": 81.3
    }
  }
}