{
  "years": {
    "2024": {
      "annual_PRENEI_Q": 15.9,
      "annual_PRELIQ_Q": 1275.4,
      "annual_PE_Q": 696.0
    }
  },
  "months": {
    "2024-01": {
      "monthly_PRENEI_Q": 2.5,
      "monthly_PRELIQ_Q": 108.9,
      "monthly_PE_Q": 101.5
    },
    "2024-02": {
      "monthly_PRENEI_Q": 0.0,
      "monthly_PRELIQ_Q": 138.0,
      "monthly_PE_Q": 121.3
    },
    "2024-03": {
      "monthly_PRENEI_Q": 1.0,
      "monthly_PRELIQ_Q": 100.2,
      "monthly_PE_Q": 68.6
    },
    "2024-04": {
      "monthly_PRENEI_Q": 0.7,
      "monthly_PRELIQ_Q": 72.6,
      "monthly_PE_Q": 14.599999999999998
    },
    "2024-05": {
      "monthly_PRENEI_Q": 0.0,
      "monthly_PRELIQ_Q": 170.3,
      "monthly_PE_Q": 97.9
    },
    "2024-06": {
      "monthly_PRENEI_Q": 0.0,
      "monthly_PRELIQ_Q": 121.4,
      "monthly_PE_Q": 28.900000000000002
    },
    "2024-07": {
      "monthly_PRENEI_Q": 0.0,
      "monthly_PRELIQ_Q": 65.9,
      "monthly_PE_Q": -30.0
    },
    "2024-08": {
      "monthly_PRENEI_Q": 0.0,
      "monthly_PRELIQ_Q": 111.39999999999999,
      "monthly_PE_Q": 13.200000000000005
    },
    "2024-09": {
      "monthly_PRENEI_Q": 0.0,
      "monthly_PRELIQ_Q": 129.0,
      "monthly_PE_Q": 73.0
    },
    "2024-10": {
      "monthly_PRENEI_Q": 0.0,
      "monthly_PRELIQ_Q": 84.2,
      "monthly_PE_Q": 50.0
    },
    "2024-11": {
      "monthly_PRENEI_Q": 5.3,
      "monthly_PRELIQ_Q": 77.89999999999999,
      "monthly_PE_Q": 67.30000000000001
    },
    "2024-12": {
      "monthly_PRENEI_Q": 6.3999999999999995,
      "monthly_PRELIQ_Q": 95.6,
      "monthly_PE_Q": 89.7
    }
  }
}