{
  "years": {
    "2024": {
      "annual_PRENEI_Q": 14.4,
      "annual_PRELIQ_Q": 977.8,
      "annual_PE_Q": 354.4
    }
  },
  "months": {
    "2024-01": {
      "monthly_PRENEI_Q": 6.0,
      "monthly_PRELIQ_Q": 74.8,
      "monthly_PE_Q": 66.5
    },
    "2024-02": {
      "monthly_PRENEI_Q": 0.0,
      "monthly_PRELIQ_Q": 92.60000000000001,
      "monthly_PE_Q": 73.7
    },
    "2024-03": {
      "monthly_PRENEI_Q": 0.0,
      "monthly_PRELIQ_Q": 77.0,
      "monthly_PE_Q": 41.5
    },
    "2024-04": {
      "monthly_PRENEI_Q": 2.1,
      "monthly_PRELIQ_Q": 55.1,
      "monthly_PE_Q": -2.2999999999999994
    },
    "2024-05": {
      "monthly_PRENEI_Q": 0.0,
      "monthly_PRELIQ_Q": 99.5,
      "monthly_PE_Q": 22.900000000000002
    },
    "2024-06": {
      "monthly_PRENEI_Q": 0.0,
      "monthly_PRELIQ_Q": 91.6,
      "monthly_PE_Q": -11.400000000000002
    },
    "2024-07": {
      "monthly_PRENEI_Q": 0.0,
      "monthly_PRELIQ_Q": 102.6,
      "monthly_PE_Q": -7.200000000000002
    },
    "2024-08": {
      "monthly_PRENEI_Q": 0.0,
      "monthly_PRELIQ_Q": 95.7,
      "monthly_PE_Q": -6.600000000000003
    },
    "2024-09": {
      "monthly_PRENEI_Q": 0.0,
      "monthly_PRELIQ_Q": 96.89999999999999,
      "monthly_PE_Q": 36.6
    },
    "2024-10": {
      "monthly_PRENEI_Q": 0.0,
      "monthly_PRELIQ_Q": 74.6,
      "monthly_PE_Q": 42.4
    },
    "2024-11": {
      "monthly_PRENEI_Q": 0.8,
      "monthly_PRELIQ_Q": 59.3,
      "monthly_PE_Q": 45.6
    },
    "2024-12": {
      "monthly_PRENEI_Q": 5.5,
      "monthly_PRELIQ_Q": 58.1,
      "monthly_PE_Q": 52.699999999999996
    }
  }
}