{
  "years": {
    "2024": {
      "annual_PRENEI_Q": 17.5,
      "annual_PRELIQ_Q": 1178.9,
      "annual_PE_Q": 555.2
    }
  },
  "months": {
    "2024-01": {
      "monthly_PRENEI_Q": 9.2,
      "monthly_PRELIQ_Q": 103.8,
      "monthly_PE_Q": 101.7
    },
    "2024-02": {
      "monthly_PRENEI_Q": 0.0,
      "monthly_PRELIQ_Q": 134.1,
      "monthly_PE_Q": 115.7
    },
    "2024-03": {
      "monthly_PRENEI_Q": 0.0,
      "monthly_PRELIQ_Q": 83.9,
      "monthly_PE_Q": 48.1
    },
    "2024-04": {
      "monthly_PRENEI_Q": 2.1,
      "monthly_PRELIQ_Q": 64.8,
      "monthly_PE_Q": 7.1000000000000005
    },
    "2024-05": {
      "monthly_PRENEI_Q": 0.0,
      "monthly_PRELIQ_Q": 110.8,
      "monthly_PE_Q": 33.5
    },
    "2024-06": {
      "monthly_PRENEI_Q": 0.0,
      "monthly_PRELIQ_Q": 100.6,
      "monthly_PE_Q": -6.599999999999997
    },
    "2024-07": {
      "monthly_PRENEI_Q": 0.0,
      "monthly_PRELIQ_Q": 93.7,
      "monthly_PE_Q": -15.200000000000001
    },
    "2024-08": {
      "monthly_PRENEI_Q": 0.0,
      "monthly_PRELIQ_Q": 89.39999999999999,
      "monthly_PE_Q": -12.000000000000002
    },
    "2024-09": {
      "monthly_PRENEI_Q": 0.0,
      "monthly_PRELIQ_Q": 121.0,
      "monthly_PE_Q": 62.1
    },
    "2024-10": {
      "monthly_PRENEI_Q": 0.0,
      "monthly_PRELIQ_Q": 97.89999999999999,
      "monthly_PE_Q": 63.99999999999999
    },
    "2024-11": {
      "monthly_PRENEI_Q": 1.1,
      "monthly_PRELIQ_Q": 87.9,
      "monthly_PE_Q": 73.3
    },
    "2024-12": {
      "monthly_PRENEI_Q": 5.1000000000000005,
      "monthly_PRELIQ_Q": 91.0,
      "monthly_PE_Q": 83.5
    }
  }
}