{
  "years": {
    "2024": {
      "annual_PRENEI_Q": 22.099999999999998,
      "annual_PRELIQ_Q": 1113.4,
      "annual_PE_Q": 391.7
    }
  },
  "months": {
    "2024-01": {
      "monthly_PRENEI_Q": 1.0,
      "monthly_PRELIQ_Q": 62.300000000000004,
      "monthly_PE_Q": 40.8
    },
    "2024-02": {
      "monthly_PRENEI_Q": 0.0,
      "monthly_PRELIQ_Q": 120.6,
      "monthly_PE_Q": 87.9
    },
    "2024-03": {
      "monthly_PRENEI_Q": 18.299999999999997,
      "monthly_PRELIQ_Q": 253.6,
      "monthly_PE_Q": 209.2
    },
    "2024-04": {
      "monthly_PRENEI_Q": 0.0,
      "monthly_PRELIQ_Q": 37.9,
      "monthly_PE_Q": -45.699999999999996
    },
    "2024-05": {
      "monthly_PRENEI_Q": 0.0,
      "monthly_PRELIQ_Q": 128.8,
      "monthly_PE_Q": 32.4
    },
    "2024-06": {
      "monthly_PRENEI_Q": 0.0,
      "monthly_PRELIQ_Q": 80.4,
      "monthly_PE_Q": -36.599999999999994
    },
    "2024-07": {
      "monthly_PRENEI_Q": 0.0,
      "monthly_PRELIQ_Q": 37.9,
      "monthly_PE_Q": -60.5
    },
    "2024-08": {
      "monthly_PRENEI_Q": 0.0,
      "monthly_PRELIQ_Q": 39.0,
      "monthly_PE_Q": -23.5
    },
    "2024-09": {
      "monthly_PRENEI_Q": 0.0,
      "monthly_PRELIQ_Q": 122.8,
      "monthly_PE_Q": 53.5
    },
    "2024-10": {
      "monthly_PRENEI_Q": 0.0,
      "monthly_PRELIQ_Q": 154.5,
      "monthly_PE_Q": 103.2
    },
    "2024-11": {
      "monthly_PRENEI_Q": 2.0,
      "monthly_PRELIQ_Q": 45.5,
      "monthly_PE_Q": 21.599999999999998
    },
    "2024-12": {
      "monthly_PRENEI_Q": 0.7999999999999999,
      "monthly_PRELIQ_Q": 30.1,
      "monthly_PE_Q": 9.4
    }
  }
}