{
  "years": {
    "2024": {
      "annual_PRENEI_Q": 7.1,
      "annual_PRELIQ_Q": 1050.3,
      "annual_PE_Q": 350.8
    }
  },
  "months": {
    "2024-01": {
      "monthly_PRENEI_Q": 0.30000000000000004,
      "monthly_PRELIQ_Q": 57.699999999999996,
      "monthly_PE_Q": 39.4
    },
    "2024-02": {
      "monthly_PRENEI_Q": 0.0,
      "monthly_PRELIQ_Q": 85.2,
      "monthly_PE_Q": 53.300000000000004
    },
    "2024-03": {
      "monthly_PRENEI_Q": 4.7,
      "monthly_PRELIQ_Q": 229.6,
      "monthly_PE_Q": 174.60000000000002
    },
    "2024-04": {
      "monthly_PRENEI_Q": 0.0,
      "monthly_PRELIQ_Q": 30.799999999999997,
      "monthly_PE_Q": -48.6
    },
    "2024-05": {
      "monthly_PRENEI_Q": 0.0,
      "monthly_PRELIQ_Q": 130.79999999999998,
      "monthly_PE_Q": 37.3
    },
    "2024-06": {
      "monthly_PRENEI_Q": 0.0,
      "monthly_PRELIQ_Q": 81.6,
      "monthly_PE_Q": -35.1
    },
    "2024-07": {
      "monthly_PRENEI_Q": 0.0,
      "monthly_PRELIQ_Q": 34.7,
      "monthly_PE_Q": -54.1
    },
    "2024-08": {
      "monthly_PRENEI_Q": 0.0,
      "monthly_PRELIQ_Q": 22.599999999999998,
      "monthly_PE_Q": -24.7
    },
    "2024-09": {
      "monthly_PRENEI_Q": 0.0,
      "monthly_PRELIQ_Q": 147.0,
      "monthly_PE_Q": 78.3
    },
    "2024-10": {
      "monthly_PRENEI_Q": 0.0,
      "monthly_PRELIQ_Q": 141.7,
      "monthly_PE_Q": 90.1
    },
    "2024-11": {
      "monthly_PRENEI_Q": 0.4,
      "monthly_PRELIQ_Q": 44.0,
      "monthly_PE_Q": 16.5
    },
    "2024-12": {
      "monthly_PRENEI_Q": 1.7000000000000002,
      "monthly_PRELIQ_Q": 44.6,
      "monthly_PE_Q": 23.8
    }
  }
}