{
  "years": {
    "2024": {
      "annual_PRENEI_Q": 151.7,
      "annual_PRELIQ_Q": 1286.5,
      "annual_PE_Q": 706.7
    }
  },
  "months": {
    "2024-01": {
      "monthly_PRENEI_Q": 26.599999999999998,
      "monthly_PRELIQ_Q": 70.1,
      "monthly_PE_Q": 82.2
    },
    "2024-02": {
      "monthly_PRENEI_Q": 4.3999999999999995,
      "monthly_PRELIQ_Q": 69.2,
      "monthly_PE_Q": 46.8
    },
    "2024-03": {
      "monthly_PRENEI_Q": 36.6,
      "monthly_PRELIQ_Q": 159.7,
      "monthly_PE_Q": 144.1
    },
    "2024-04": {
      "monthly_PRENEI_Q": 9.9,
      "monthly_PRELIQ_Q": 51.1,
      "monthly_PE_Q": -15.299999999999999
    },
    "2024-05": {
      "monthly_PRENEI_Q": 1.2,
      "monthly_PRELIQ_Q": 225.20000000000002,
      "monthly_PE_Q": 141.9
    },
    "2024-06": {
      "monthly_PRENEI_Q": 0.0,
      "monthly_PRELIQ_Q": 136.6,
      "monthly_PE_Q": 18.799999999999997
    },
    "2024-07": {
      "monthly_PRENEI_Q": 0.0,
      "monthly_PRELIQ_Q": 76.7,
      "monthly_PE_Q": -57.4
    },
    "2024-08": {
      "monthly_PRENEI_Q": 0.0,
      "monthly_PRELIQ_Q": 43.9,
      "monthly_PE_Q": -36.5
    },
    "2024-09": {
      "monthly_PRENEI_Q": 0.0,
      "monthly_PRELIQ_Q": 172.4,
      "monthly_PE_Q": 107.1
    },
    "2024-10": {
      "monthly_PRENEI_Q": 0.0,
      "monthly_PRELIQ_Q": 163.29999999999998,
      "monthly_PE_Q": 117.4
    },
    "2024-11": {
      "monthly_PRENEI_Q": 6.1,
      "monthly_PRELIQ_Q": 45.4,
      "monthly_PE_Q": 30.200000000000003
    },
    "2024-12": {
      "monthly_PRENEI_Q": 66.9,
      "monthly_PRELIQ_Q": 72.9,
      "monthly_PE_Q": 127.4
    }
  }
}