{
  "years": {
    "2024": {
      "annual_PRENEI_Q": 36.7,
      "annual_PRELIQ_Q": 1470.0,
      "annual_PE_Q": 840.5
    }
  },
  "months": {
    "2024-01": {
      "monthly_PRENEI_Q": 8.399999999999999,
      "monthly_PRELIQ_Q": 108.6,
      "monthly_PE_Q": 103.9
    },
    "2024-02": {
      "monthly_PRENEI_Q": 0.0,
      "monthly_PRELIQ_Q": 103.4,
      "monthly_PE_Q": 82.0
    },
    "2024-03": {
      "monthly_PRENEI_Q": 6.300000000000001,
      "monthly_PRELIQ_Q": 105.1,
      "monthly_PE_Q": 69.4
    },
    "2024-04": {
      "monthly_PRENEI_Q": 4.1,
      "monthly_PRELIQ_Q": 141.5,
      "monthly_PE_Q": 81.1
    },
    "2024-05": {
      "monthly_PRENEI_Q": 0.0,
      "monthly_PRELIQ_Q": 169.8,
      "monthly_PE_Q": 88.9
    },
    "2024-06": {
      "monthly_PRENEI_Q": 0.0,
      "monthly_PRELIQ_Q": 96.1,
      "monthly_PE_Q": -8.900000000000002
    },
    "2024-07": {
      "monthly_PRENEI_Q": 0.0,
      "monthly_PRELIQ_Q": 67.6,
      "monthly_PE_Q": -54.0
    },
    "2024-08": {
      "monthly_PRENEI_Q": 0.0,
      "monthly_PRELIQ_Q": 80.5,
      "monthly_PE_Q": -5.899999999999997
    },
    "2024-09": {
      "monthly_PRENEI_Q": 0.0,
      "monthly_PRELIQ_Q": 206.0,
      "monthly_PE_Q": 142.0
    },
    "2024-10": {
      "monthly_PRENEI_Q": 0.0,
      "monthly_PRELIQ_Q": 189.70000000000002,
      "monthly_PE_Q": 152.79999999999998
    },
    "2024-11": {
      "monthly_PRENEI_Q": 1.8,
      "monthly_PRELIQ_Q": 70.0,
      "monthly_PE_Q": 53.4
    },
    "2024-12": {
      "monthly_PRENEI_Q": 16.1,
      "monthly_PRELIQ_Q": 131.7,
      "monthly_PE_Q": 135.79999999999998
    }
  }
}