{
  "years": {
    "2024": {
      "annual_PRENEI_Q": 14.7,
      "annual_PRELIQ_Q": 1433.5,
      "annual_PE_Q": 773.5
    }
  },
  "months": {
    "2024-01": {
      "monthly_PRENEI_Q": 6.3,
      "monthly_PRELIQ_Q": 106.10000000000001,
      "monthly_PE_Q": 98.39999999999999
    },
    "2024-02": {
      "monthly_PRENEI_Q": 0.0,
      "monthly_PRELIQ_Q": 99.3,
      "monthly_PE_Q": 77.7
    },
    "2024-03": {
      "monthly_PRENEI_Q": 5.199999999999999,
      "monthly_PRELIQ_Q": 101.8,
      "monthly_PE_Q": 63.599999999999994
    },
    "2024-04": {
      "monthly_PRENEI_Q": 1.1,
      "monthly_PRELIQ_Q": 138.6,
      "monthly_PE_Q": 73.6
    },
    "2024-05": {
      "monthly_PRENEI_Q": 0.0,
      "monthly_PRELIQ_Q": 163.3,
      "monthly_PE_Q": 81.5
    },
    "2024-06": {
      "monthly_PRENEI_Q": 0.0,
      "monthly_PRELIQ_Q": 92.5,
      "monthly_PE_Q": -13.9
    },
    "2024-07": {
      "monthly_PRENEI_Q": 0.0,
      "monthly_PRELIQ_Q": 65.1,
      "monthly_PE_Q": -55.9
    },
    "2024-08": {
      "monthly_PRENEI_Q": 0.0,
      "monthly_PRELIQ_Q": 77.39999999999999,
      "monthly_PE_Q": -9.000000000000004
    },
    "2024-09": {
      "monthly_PRENEI_Q": 0.0,
      "monthly_PRELIQ_Q": 198.0,
      "monthly_PE_Q": 134.2
    },
    "2024-10": {
      "monthly_PRENEI_Q": 0.0,
      "monthly_PRELIQ_Q": 182.4,
      "monthly_PE_Q": 144.0
    },
    "2024-11": {
      "monthly_PRENEI_Q": 0.2,
      "monthly_PRELIQ_Q": 69.0,
      "monthly_PE_Q": 49.699999999999996
    },
    "2024-12": {
      "monthly_PRENEI_Q": 1.9000000000000001,
      "monthly_PRELIQ_Q": 140.0,
      "monthly_PE_Q": 129.6
    }
  }
}