{
  "years": {
    "2024": {
      "annual_PRENEI_Q": 12.9,
      "annual_PRELIQ_Q": 1283.5,
      "annual_PE_Q": 653.9
    }
  },
  "months": {
    "2024-01": {
      "monthly_PRENEI_Q": 2.8000000000000003,
      "monthly_PRELIQ_Q": 69.3,
      "monthly_PE_Q": 56.699999999999996
    },
    "2024-02": {
      "monthly_PRENEI_Q": 0.0,
      "monthly_PRELIQ_Q": 72.8,
      "monthly_PE_Q": 52.6
    },
    "2024-03": {
      "monthly_PRENEI_Q": 0.3,
      "monthly_PRELIQ_Q": 108.89999999999999,
      "monthly_PE_Q": 71.6
    },
    "2024-04": {
      "monthly_PRENEI_Q": 0.5,
      "monthly_PRELIQ_Q": 132.7,
      "monthly_PE_Q": 69.4
    },
    "2024-05": {
      "monthly_PRENEI_Q": 0.0,
      "monthly_PRELIQ_Q": 150.0,
      "monthly_PE_Q": 69.19999999999999
    },
    "2024-06": {
      "monthly_PRENEI_Q": 0.0,
      "monthly_PRELIQ_Q": 116.60000000000001,
      "monthly_PE_Q": 15.1
    },
    "2024-07": {
      "monthly_PRENEI_Q": 0.0,
      "monthly_PRELIQ_Q": 84.89999999999999,
      "monthly_PE_Q": -32.2
    },
    "2024-08": {
      "monthly_PRENEI_Q": 0.0,
      "monthly_PRELIQ_Q": 51.7,
      "monthly_PE_Q": -41.3
    },
    "2024-09": {
      "monthly_PRENEI_Q": 0.0,
      "monthly_PRELIQ_Q": 167.4,
      "monthly_PE_Q": 111.80000000000001
    },
    "2024-10": {
      "monthly_PRENEI_Q": 0.0,
      "monthly_PRELIQ_Q": 164.1,
      "monthly_PE_Q": 131.6
    },
    "2024-11": {
      "monthly_PRENEI_Q": 6.699999999999999,
      "monthly_PRELIQ_Q": 70.2,
      "monthly_PE_Q": 59.300000000000004
    },
    "2024-12": {
      "monthly_PRENEI_Q": 2.6,
      "monthly_PRELIQ_Q": 94.9,
      "monthly_PE_Q": 90.1
    }
  }
}