{
  "years": {
    "2024": {
      "annual_PRENEI_Q": 19.599999999999998,
      "annual_PRELIQ_Q": 1257.0,
      "annual_PE_Q": 653.1
    }
  },
  "months": {
    "2024-01": {
      "monthly_PRENEI_Q": 3.0,
      "monthly_PRELIQ_Q": 66.7,
      "monthly_PE_Q": 56.300000000000004
    },
    "2024-02": {
      "monthly_PRENEI_Q": 0.0,
      "monthly_PRELIQ_Q": 84.3,
      "monthly_PE_Q": 65.9
    },
    "2024-03": {
      "monthly_PRENEI_Q": 0.0,
      "monthly_PRELIQ_Q": 121.60000000000001,
      "monthly_PE_Q": 86.7
    },
    "2024-04": {
      "monthly_PRENEI_Q": 0.4,
      "monthly_PRELIQ_Q": 109.89999999999999,
      "monthly_PE_Q": 49.7
    },
    "2024-05": {
      "monthly_PRENEI_Q": 0.0,
      "monthly_PRELIQ_Q": 145.5,
      "monthly_PE_Q": 67.3
    },
    "2024-06": {
      "monthly_PRENEI_Q": 0.0,
      "monthly_PRELIQ_Q": 103.5,
      "monthly_PE_Q": 5.799999999999999
    },
    "2024-07": {
      "monthly_PRENEI_Q": 0.0,
      "monthly_PRELIQ_Q": 69.2,
      "monthly_PE_Q": -37.699999999999996
    },
    "2024-08": {
      "monthly_PRENEI_Q": 0.0,
      "monthly_PRELIQ_Q": 91.1,
      "monthly_PE_Q": -10.9
    },
    "2024-09": {
      "monthly_PRENEI_Q": 0.0,
      "monthly_PRELIQ_Q": 124.9,
      "monthly_PE_Q": 71.60000000000001
    },
    "2024-10": {
      "monthly_PRENEI_Q": 0.0,
      "monthly_PRELIQ_Q": 194.9,
      "monthly_PE_Q": 164.3
    },
    "2024-11": {
      "monthly_PRENEI_Q": 7.1000000000000005,
      "monthly_PRELIQ_Q": 63.4,
      "monthly_PE_Q": 51.4
    },
    "2024-12": {
      "monthly_PRENEI_Q": 9.1,
      "monthly_PRELIQ_Q": 82.0,
      "monthly_PE_Q": 82.7
    }
  }
}