{
  "years": {
    "2024": {
      "annual_PRENEI_Q": 107.60000000000001,
      "annual_PRELIQ_Q": 1926.7,
      "annual_PE_Q": 1211.2
    }
  },
  "months": {
    "2024-01": {
      "monthly_PRENEI_Q": 15.2,
      "monthly_PRELIQ_Q": 84.10000000000001,
      "monthly_PE_Q": 67.3
    },
    "2024-02": {
      "monthly_PRENEI_Q": 26.7,
      "monthly_PRELIQ_Q": 237.7,
      "monthly_PE_Q": 222.0
    },
    "2024-03": {
      "monthly_PRENEI_Q": 31.400000000000002,
      "monthly_PRELIQ_Q": 203.6,
      "monthly_PE_Q": 181.3
    },
    "2024-04": {
      "monthly_PRENEI_Q": 1.4,
      "monthly_PRELIQ_Q": 101.3,
      "monthly_PE_Q": 13.9
    },
    "2024-05": {
      "monthly_PRENEI_Q": 0.0,
      "monthly_PRELIQ_Q": 167.5,
      "monthly_PE_Q": 76.9
    },
    "2024-06": {
      "monthly_PRENEI_Q": 0.0,
      "monthly_PRELIQ_Q": 109.7,
      "monthly_PE_Q": 3.900000000000002
    },
    "2024-07": {
      "monthly_PRENEI_Q": 0.0,
      "monthly_PRELIQ_Q": 43.2,
      "monthly_PE_Q": -71.9
    },
    "2024-08": {
      "monthly_PRENEI_Q": 0.0,
      "monthly_PRELIQ_Q": 109.6,
      "monthly_PE_Q": 22.399999999999995
    },
    "2024-09": {
      "monthly_PRENEI_Q": 0.0,
      "monthly_PRELIQ_Q": 223.0,
      "monthly_PE_Q": 149.0
    },
    "2024-10": {
      "monthly_PRENEI_Q": 0.0,
      "monthly_PRELIQ_Q": 287.5,
      "monthly_PE_Q": 226.1
    },
    "2024-11": {
      "monthly_PRENEI_Q": 0.2,
      "monthly_PRELIQ_Q": 129.8,
      "monthly_PE_Q": 85.39999999999999
    },
    "2024-12": {
      "monthly_PRENEI_Q": 32.7,
      "monthly_PRELIQ_Q": 229.70000000000002,
      "monthly_PE_Q": 234.9
    }
  }
}