{
  "years": {
    "2024": {
      "annual_PRENEI_Q": 17.7,
      "annual_PRELIQ_Q": 1172.4,
      "annual_PE_Q": 614.9
    }
  },
  "months": {
    "2024-01": {
      "monthly_PRENEI_Q": 0.30000000000000004,
      "monthly_PRELIQ_Q": 56.3,
      "monthly_PE_Q": 50.5
    },
    "2024-02": {
      "monthly_PRENEI_Q": 0.2,
      "monthly_PRELIQ_Q": 74.2,
      "monthly_PE_Q": 62.6
    },
    "2024-03": {
      "monthly_PRENEI_Q": 0.0,
      "monthly_PRELIQ_Q": 108.69999999999999,
      "monthly_PE_Q": 79.8
    },
    "2024-04": {
      "monthly_PRENEI_Q": 0.0,
      "monthly_PRELIQ_Q": 76.9,
      "monthly_PE_Q": 17.599999999999998
    },
    "2024-05": {
      "monthly_PRENEI_Q": 0.0,
      "monthly_PRELIQ_Q": 157.7,
      "monthly_PE_Q": 84.4
    },
    "2024-06": {
      "monthly_PRENEI_Q": 0.0,
      "monthly_PRELIQ_Q": 133.20000000000002,
      "monthly_PE_Q": 38.7
    },
    "2024-07": {
      "monthly_PRENEI_Q": 0.0,
      "monthly_PRELIQ_Q": 74.7,
      "monthly_PE_Q": -26.800000000000004
    },
    "2024-08": {
      "monthly_PRENEI_Q": 0.0,
      "monthly_PRELIQ_Q": 80.69999999999999,
      "monthly_PE_Q": -16.799999999999997
    },
    "2024-09": {
      "monthly_PRENEI_Q": 0.0,
      "monthly_PRELIQ_Q": 146.4,
      "monthly_PE_Q": 96.30000000000001
    },
    "2024-10": {
      "monthly_PRENEI_Q": 0.0,
      "monthly_PRELIQ_Q": 147.9,
      "monthly_PE_Q": 118.39999999999999
    },
    "2024-11": {
      "monthly_PRENEI_Q": 11.0,
      "monthly_PRELIQ_Q": 48.7,
      "monthly_PE_Q": 44.5
    },
    "2024-12": {
      "monthly_PRENEI_Q": 6.2,
      "monthly_PRELIQ_Q": 67.0,
      "monthly_PE_Q": 65.7
    }
  }
}