{
  "years": {
    "2024": {
      "annual_PRENEI_Q": 22.400000000000002,
      "annual_PRELIQ_Q": 1148.9,
      "annual_PE_Q": 573.6999999999999
    }
  },
  "months": {
    "2024-01": {
      "monthly_PRENEI_Q": 4.7,
      "monthly_PRELIQ_Q": 89.1,
      "monthly_PE_Q": 83.6
    },
    "2024-02": {
      "monthly_PRENEI_Q": 0.3,
      "monthly_PRELIQ_Q": 93.80000000000001,
      "monthly_PE_Q": 78.89999999999999
    },
    "2024-03": {
      "monthly_PRENEI_Q": 0.6,
      "monthly_PRELIQ_Q": 92.4,
      "monthly_PE_Q": 67.0
    },
    "2024-04": {
      "monthly_PRENEI_Q": 2.5,
      "monthly_PRELIQ_Q": 57.6,
      "monthly_PE_Q": 2.2999999999999994
    },
    "2024-05": {
      "monthly_PRENEI_Q": 0.0,
      "monthly_PRELIQ_Q": 155.3,
      "monthly_PE_Q": 79.0
    },
    "2024-06": {
      "monthly_PRENEI_Q": 0.0,
      "monthly_PRELIQ_Q": 138.3,
      "monthly_PE_Q": 39.599999999999994
    },
    "2024-07": {
      "monthly_PRENEI_Q": 0.0,
      "monthly_PRELIQ_Q": 77.0,
      "monthly_PE_Q": -28.0
    },
    "2024-08": {
      "monthly_PRENEI_Q": 0.0,
      "monthly_PRELIQ_Q": 79.89999999999999,
      "monthly_PE_Q": -24.200000000000003
    },
    "2024-09": {
      "monthly_PRENEI_Q": 0.0,
      "monthly_PRELIQ_Q": 125.7,
      "monthly_PE_Q": 75.9
    },
    "2024-10": {
      "monthly_PRENEI_Q": 0.0,
      "monthly_PRELIQ_Q": 83.4,
      "monthly_PE_Q": 53.099999999999994
    },
    "2024-11": {
      "monthly_PRENEI_Q": 9.299999999999999,
      "monthly_PRELIQ_Q": 69.0,
      "monthly_PE_Q": 64.7
    },
    "2024-12": {
      "monthly_PRENEI_Q": 5.0,
      "monthly_PRELIQ_Q": 87.4,
      "monthly_PE_Q": 81.8
    }
  }
}