{
  "years": {
    "2024": {
      "annual_PRENEI_Q": 19.7,
      "annual_PRELIQ_Q": 1228.4,
      "annual_PE_Q": 655.1
    }
  },
  "months": {
    "2024-01": {
      "monthly_PRENEI_Q": 8.2,
      "monthly_PRELIQ_Q": 100.2,
      "monthly_PE_Q": 99.39999999999999
    },
    "2024-02": {
      "monthly_PRENEI_Q": 0.7999999999999999,
      "monthly_PRELIQ_Q": 143.5,
      "monthly_PE_Q": 128.3
    },
    "2024-03": {
      "monthly_PRENEI_Q": 0.3,
      "monthly_PRELIQ_Q": 95.7,
      "monthly_PE_Q": 66.0
    },
    "2024-04": {
      "monthly_PRENEI_Q": 2.4,
      "monthly_PRELIQ_Q": 65.0,
      "monthly_PE_Q": 13.200000000000001
    },
    "2024-05": {
      "monthly_PRENEI_Q": 0.0,
      "monthly_PRELIQ_Q": 154.79999999999998,
      "monthly_PE_Q": 79.30000000000001
    },
    "2024-06": {
      "monthly_PRENEI_Q": 0.0,
      "monthly_PRELIQ_Q": 108.10000000000001,
      "monthly_PE_Q": 14.800000000000004
    },
    "2024-07": {
      "monthly_PRENEI_Q": 0.0,
      "monthly_PRELIQ_Q": 104.2,
      "monthly_PE_Q": 2.8999999999999986
    },
    "2024-08": {
      "monthly_PRENEI_Q": 0.0,
      "monthly_PRELIQ_Q": 94.39999999999999,
      "monthly_PE_Q": -11.0
    },
    "2024-09": {
      "monthly_PRENEI_Q": 0.0,
      "monthly_PRELIQ_Q": 108.4,
      "monthly_PE_Q": 53.800000000000004
    },
    "2024-10": {
      "monthly_PRENEI_Q": 0.0,
      "monthly_PRELIQ_Q": 81.4,
      "monthly_PE_Q": 50.7
    },
    "2024-11": {
      "monthly_PRENEI_Q": 3.4,
      "monthly_PRELIQ_Q": 79.5,
      "monthly_PE_Q": 68.39999999999999
    },
    "2024-12": {
      "monthly_PRENEI_Q": 4.6000000000000005,
      "monthly_PRELIQ_Q": 93.2,
      "monthly_PE_Q": 89.3
    }
  }
}