{
  "years": {
    "2024": {
      "annual_PRENEI_Q": 0.2,
      "annual_PRELIQ_Q": 1938.4,
      "annual_PE_Q": 1187.7
    }
  },
  "months": {
    "2024-01": {
      "monthly_PRENEI_Q": 0.2,
      "monthly_PRELIQ_Q": 111.89999999999999,
      "monthly_PE_Q": 91.9
    },
    "2024-02": {
      "monthly_PRENEI_Q": 0.0,
      "monthly_PRELIQ_Q": 232.3,
      "monthly_PE_Q": 200.1
    },
    "2024-03": {
      "monthly_PRENEI_Q": 0.0,
      "monthly_PRELIQ_Q": 204.20000000000002,
      "monthly_PE_Q": 150.9
    },
    "2024-04": {
      "monthly_PRENEI_Q": 0.0,
      "monthly_PRELIQ_Q": 90.9,
      "monthly_PE_Q": 5.6000000000000005
    },
    "2024-05": {
      "monthly_PRENEI_Q": 0.0,
      "monthly_PRELIQ_Q": 162.2,
      "monthly_PE_Q": 82.39999999999999
    },
    "2024-06": {
      "monthly_PRENEI_Q": 0.0,
      "monthly_PRELIQ_Q": 118.0,
      "monthly_PE_Q": 14.899999999999999
    },
    "2024-07": {
      "monthly_PRENEI_Q": 0.0,
      "monthly_PRELIQ_Q": 41.0,
      "monthly_PE_Q": -65.2
    },
    "2024-08": {
      "monthly_PRENEI_Q": 0.0,
      "monthly_PRELIQ_Q": 89.1,
      "monthly_PE_Q": -4.599999999999998
    },
    "2024-09": {
      "monthly_PRENEI_Q": 0.0,
      "monthly_PRELIQ_Q": 230.6,
      "monthly_PE_Q": 162.4
    },
    "2024-10": {
      "monthly_PRENEI_Q": 0.0,
      "monthly_PRELIQ_Q": 293.6,
      "monthly_PE_Q": 242.10000000000002
    },
    "2024-11": {
      "monthly_PRENEI_Q": 0.0,
      "monthly_PRELIQ_Q": 159.4,
      "monthly_PE_Q": 123.5
    },
    "2024-12": {
      "monthly_PRENEI_Q": 0.0,
      "monthly_PRELIQ_Q": 205.2,
      "monthly_PE_Q": 183.7
    }
  }
}