{
  "years": {
    "2024": {
      "annual_PRENEI_Q": 22.2,
      "annual_PRELIQ_Q": 1115.3,
      "annual_PE_Q": 560.3
    }
  },
  "months": {
    "2024-01": {
      "monthly_PRENEI_Q": 8.399999999999999,
      "monthly_PRELIQ_Q": 99.10000000000001,
      "monthly_PE_Q": 96.6
    },
    "2024-02": {
      "monthly_PRENEI_Q": 0.0,
      "monthly_PRELIQ_Q": 128.1,
      "monthly_PE_Q": 110.5
    },
    "2024-03": {
      "monthly_PRENEI_Q": 1.1,
      "monthly_PRELIQ_Q": 90.7,
      "monthly_PE_Q": 61.1
    },
    "2024-04": {
      "monthly_PRENEI_Q": 0.6,
      "monthly_PRELIQ_Q": 81.9,
      "monthly_PE_Q": 25.9
    },
    "2024-05": {
      "monthly_PRENEI_Q": 0.0,
      "monthly_PRELIQ_Q": 101.0,
      "monthly_PE_Q": 29.0
    },
    "2024-06": {
      "monthly_PRENEI_Q": 0.0,
      "monthly_PRELIQ_Q": 94.5,
      "monthly_PE_Q": 6.300000000000003
    },
    "2024-07": {
      "monthly_PRENEI_Q": 0.0,
      "monthly_PRELIQ_Q": 84.1,
      "monthly_PE_Q": -12.100000000000001
    },
    "2024-08": {
      "monthly_PRENEI_Q": 0.0,
      "monthly_PRELIQ_Q": 82.5,
      "monthly_PE_Q": -14.599999999999998
    },
    "2024-09": {
      "monthly_PRENEI_Q": 0.0,
      "monthly_PRELIQ_Q": 119.5,
      "monthly_PE_Q": 65.8
    },
    "2024-10": {
      "monthly_PRENEI_Q": 0.0,
      "monthly_PRELIQ_Q": 82.0,
      "monthly_PE_Q": 51.699999999999996
    },
    "2024-11": {
      "monthly_PRENEI_Q": 4.2,
      "monthly_PRELIQ_Q": 77.8,
      "monthly_PE_Q": 67.0
    },
    "2024-12": {
      "monthly_PRENEI_Q": 7.8999999999999995,
      "monthly_PRELIQ_Q": 74.1,
      "monthly_PE_Q": 73.10000000000001
    }
  }
}