{
  "years": {
    "2024": {
      "annual_PRENEI_Q": 10.9,
      "annual_PRELIQ_Q": 950.4,
      "annual_PE_Q": 300.09999999999997
    }
  },
  "months": {
    "2024-01": {
      "monthly_PRENEI_Q": 4.699999999999999,
      "monthly_PRELIQ_Q": 73.6,
      "monthly_PE_Q": 62.7
    },
    "2024-02": {
      "monthly_PRENEI_Q": 0.0,
      "monthly_PRELIQ_Q": 89.5,
      "monthly_PE_Q": 69.8
    },
    "2024-03": {
      "monthly_PRENEI_Q": 0.0,
      "monthly_PRELIQ_Q": 74.9,
      "monthly_PE_Q": 38.8
    },
    "2024-04": {
      "monthly_PRENEI_Q": 1.5,
      "monthly_PRELIQ_Q": 53.7,
      "monthly_PE_Q": -6.9
    },
    "2024-05": {
      "monthly_PRENEI_Q": 0.0,
      "monthly_PRELIQ_Q": 96.4,
      "monthly_PE_Q": 17.0
    },
    "2024-06": {
      "monthly_PRENEI_Q": 0.0,
      "monthly_PRELIQ_Q": 88.7,
      "monthly_PE_Q": -17.200000000000006
    },
    "2024-07": {
      "monthly_PRENEI_Q": 0.0,
      "monthly_PRELIQ_Q": 99.5,
      "monthly_PE_Q": -12.899999999999999
    },
    "2024-08": {
      "monthly_PRENEI_Q": 0.0,
      "monthly_PRELIQ_Q": 93.30000000000001,
      "monthly_PE_Q": -10.700000000000001
    },
    "2024-09": {
      "monthly_PRENEI_Q": 0.0,
      "monthly_PRELIQ_Q": 93.6,
      "monthly_PE_Q": 32.9
    },
    "2024-10": {
      "monthly_PRENEI_Q": 0.0,
      "monthly_PRELIQ_Q": 72.39999999999999,
      "monthly_PE_Q": 38.3
    },
    "2024-11": {
      "monthly_PRENEI_Q": 0.6,
      "monthly_PRELIQ_Q": 57.3,
      "monthly_PE_Q": 42.0
    },
    "2024-12": {
      "monthly_PRENEI_Q": 4.1000000000000005,
      "monthly_PRELIQ_Q": 57.5,
      "monthly_PE_Q": 46.3
    }
  }
}