{
  "years": {
    "2024": {
      "annual_PRENEI_Q": 55.0,
      "annual_PRELIQ_Q": 1147.4,
      "annual_PE_Q": 526.0
    }
  },
  "months": {
    "2024-01": {
      "monthly_PRENEI_Q": 7.4,
      "monthly_PRELIQ_Q": 61.0,
      "monthly_PE_Q": 53.699999999999996
    },
    "2024-02": {
      "monthly_PRENEI_Q": 3.7,
      "monthly_PRELIQ_Q": 77.6,
      "monthly_PE_Q": 56.5
    },
    "2024-03": {
      "monthly_PRENEI_Q": 23.900000000000002,
      "monthly_PRELIQ_Q": 200.8,
      "monthly_PE_Q": 175.9
    },
    "2024-04": {
      "monthly_PRENEI_Q": 0.6000000000000001,
      "monthly_PRELIQ_Q": 42.300000000000004,
      "monthly_PE_Q": -29.5
    },
    "2024-05": {
      "monthly_PRENEI_Q": 0.0,
      "monthly_PRELIQ_Q": 174.0,
      "monthly_PE_Q": 89.5
    },
    "2024-06": {
      "monthly_PRENEI_Q": 0.0,
      "monthly_PRELIQ_Q": 103.2,
      "monthly_PE_Q": -8.299999999999999
    },
    "2024-07": {
      "monthly_PRENEI_Q": 0.0,
      "monthly_PRELIQ_Q": 42.6,
      "monthly_PE_Q": -68.8
    },
    "2024-08": {
      "monthly_PRENEI_Q": 0.0,
      "monthly_PRELIQ_Q": 31.4,
      "monthly_PE_Q": -33.4
    },
    "2024-09": {
      "monthly_PRENEI_Q": 0.0,
      "monthly_PRELIQ_Q": 163.9,
      "monthly_PE_Q": 105.5
    },
    "2024-10": {
      "monthly_PRENEI_Q": 0.0,
      "monthly_PRELIQ_Q": 139.0,
      "monthly_PE_Q": 94.89999999999999
    },
    "2024-11": {
      "monthly_PRENEI_Q": 1.3,
      "monthly_PRELIQ_Q": 48.2,
      "monthly_PE_Q": 26.7
    },
    "2024-12": {
      "monthly_PRENEI_Q": 18.099999999999998,
      "monthly_PRELIQ_Q": 63.4,
      "monthly_PE_Q": 63.3
    }
  }
}