{
  "years": {
    "2024": {
      "annual_PRENEI_Q": 86.4,
      "annual_PRELIQ_Q": 1247.5,
      "annual_PE_Q": 681.8
    }
  },
  "months": {
    "2024-01": {
      "monthly_PRENEI_Q": 18.7,
      "monthly_PRELIQ_Q": 92.3,
      "monthly_PE_Q": 101.1
    },
    "2024-02": {
      "monthly_PRENEI_Q": 0.7,
      "monthly_PRELIQ_Q": 90.5,
      "monthly_PE_Q": 71.9
    },
    "2024-03": {
      "monthly_PRENEI_Q": 12.100000000000001,
      "monthly_PRELIQ_Q": 83.5,
      "monthly_PE_Q": 55.5
    },
    "2024-04": {
      "monthly_PRENEI_Q": 3.3,
      "monthly_PRELIQ_Q": 90.39999999999999,
      "monthly_PE_Q": 30.099999999999998
    },
    "2024-05": {
      "monthly_PRENEI_Q": 0.0,
      "monthly_PRELIQ_Q": 195.3,
      "monthly_PE_Q": 110.0
    },
    "2024-06": {
      "monthly_PRENEI_Q": 0.0,
      "monthly_PRELIQ_Q": 112.19999999999999,
      "monthly_PE_Q": 6.600000000000001
    },
    "2024-07": {
      "monthly_PRENEI_Q": 0.0,
      "monthly_PRELIQ_Q": 72.1,
      "monthly_PE_Q": -56.199999999999996
    },
    "2024-08": {
      "monthly_PRENEI_Q": 0.0,
      "monthly_PRELIQ_Q": 50.3,
      "monthly_PE_Q": -35.9
    },
    "2024-09": {
      "monthly_PRENEI_Q": 0.0,
      "monthly_PRELIQ_Q": 159.1,
      "monthly_PE_Q": 101.60000000000001
    },
    "2024-10": {
      "monthly_PRENEI_Q": 0.0,
      "monthly_PRELIQ_Q": 198.1,
      "monthly_PE_Q": 165.2
    },
    "2024-11": {
      "monthly_PRENEI_Q": 4.2,
      "monthly_PRELIQ_Q": 46.2,
      "monthly_PE_Q": 34.4
    },
    "2024-12": {
      "monthly_PRENEI_Q": 47.4,
      "monthly_PRELIQ_Q": 57.5,
      "monthly_PE_Q": 97.5
    }
  }
}