{
  "years": {
    "2024": {
      "annual_PRENEI_Q": 84.7,
      "annual_PRELIQ_Q": 1544.7,
      "annual_PE_Q": 971.2
    }
  },
  "months": {
    "2024-01": {
      "monthly_PRENEI_Q": 12.299999999999999,
      "monthly_PRELIQ_Q": 114.0,
      "monthly_PE_Q": 115.6
    },
    "2024-02": {
      "monthly_PRENEI_Q": 0.6,
      "monthly_PRELIQ_Q": 111.1,
      "monthly_PE_Q": 90.8
    },
    "2024-03": {
      "monthly_PRENEI_Q": 8.9,
      "monthly_PRELIQ_Q": 111.3,
      "monthly_PE_Q": 80.0
    },
    "2024-04": {
      "monthly_PRENEI_Q": 10.7,
      "monthly_PRELIQ_Q": 147.1,
      "monthly_PE_Q": 95.4
    },
    "2024-05": {
      "monthly_PRENEI_Q": 0.0,
      "monthly_PRELIQ_Q": 183.7,
      "monthly_PE_Q": 105.2
    },
    "2024-06": {
      "monthly_PRENEI_Q": 0.0,
      "monthly_PRELIQ_Q": 104.10000000000001,
      "monthly_PE_Q": 0.4999999999999948
    },
    "2024-07": {
      "monthly_PRENEI_Q": 0.0,
      "monthly_PRELIQ_Q": 73.0,
      "monthly_PE_Q": -53.0
    },
    "2024-08": {
      "monthly_PRENEI_Q": 0.0,
      "monthly_PRELIQ_Q": 87.2,
      "monthly_PE_Q": -4.399999999999996
    },
    "2024-09": {
      "monthly_PRENEI_Q": 0.0,
      "monthly_PRELIQ_Q": 223.0,
      "monthly_PE_Q": 159.5
    },
    "2024-10": {
      "monthly_PRENEI_Q": 0.0,
      "monthly_PRELIQ_Q": 205.20000000000002,
      "monthly_PE_Q": 170.7
    },
    "2024-11": {
      "monthly_PRENEI_Q": 5.0,
      "monthly_PRELIQ_Q": 72.4,
      "monthly_PE_Q": 60.699999999999996
    },
    "2024-12": {
      "monthly_PRENEI_Q": 47.199999999999996,
      "monthly_PRELIQ_Q": 112.6,
      "monthly_PE_Q": 150.2
    }
  }
}