{
  "years": {
    "2024": {
      "annual_PRENEI_Q": 59.1,
      "annual_PRELIQ_Q": 1564.2,
      "annual_PE_Q": 912.2
    }
  },
  "months": {
    "2024-01": {
      "monthly_PRENEI_Q": 10.1,
      "monthly_PRELIQ_Q": 123.60000000000001,
      "monthly_PE_Q": 117.0
    },
    "2024-02": {
      "monthly_PRENEI_Q": 0.1,
      "monthly_PRELIQ_Q": 107.5,
      "monthly_PE_Q": 81.0
    },
    "2024-03": {
      "monthly_PRENEI_Q": 6.3999999999999995,
      "monthly_PRELIQ_Q": 109.2,
      "monthly_PE_Q": 69.7
    },
    "2024-04": {
      "monthly_PRENEI_Q": 0.7,
      "monthly_PRELIQ_Q": 162.0,
      "monthly_PE_Q": 94.2
    },
    "2024-05": {
      "monthly_PRENEI_Q": 0.0,
      "monthly_PRELIQ_Q": 213.8,
      "monthly_PE_Q": 129.8
    },
    "2024-06": {
      "monthly_PRENEI_Q": 0.0,
      "monthly_PRELIQ_Q": 109.0,
      "monthly_PE_Q": 0.10000000000000031
    },
    "2024-07": {
      "monthly_PRENEI_Q": 0.0,
      "monthly_PRELIQ_Q": 92.9,
      "monthly_PE_Q": -33.3
    },
    "2024-08": {
      "monthly_PRENEI_Q": 0.0,
      "monthly_PRELIQ_Q": 87.9,
      "monthly_PE_Q": -13.3
    },
    "2024-09": {
      "monthly_PRENEI_Q": 0.0,
      "monthly_PRELIQ_Q": 178.5,
      "monthly_PE_Q": 115.1
    },
    "2024-10": {
      "monthly_PRENEI_Q": 0.0,
      "monthly_PRELIQ_Q": 177.70000000000002,
      "monthly_PE_Q": 139.79999999999998
    },
    "2024-11": {
      "monthly_PRENEI_Q": 3.5,
      "monthly_PRELIQ_Q": 78.89999999999999,
      "monthly_PE_Q": 62.5
    },
    "2024-12": {
      "monthly_PRENEI_Q": 38.300000000000004,
      "monthly_PRELIQ_Q": 123.2,
      "monthly_PE_Q": 149.6
    }
  }
}