{
  "years": {
    "2024": {
      "annual_PRENEI_Q": 9.1,
      "annual_PRELIQ_Q": 1269.0,
      "annual_PE_Q": 634.2
    }
  },
  "months": {
    "2024-01": {
      "monthly_PRENEI_Q": 2.7,
      "monthly_PRELIQ_Q": 68.5,
      "monthly_PE_Q": 57.2
    },
    "2024-02": {
      "monthly_PRENEI_Q": 0.0,
      "monthly_PRELIQ_Q": 72.1,
      "monthly_PE_Q": 52.4
    },
    "2024-03": {
      "monthly_PRENEI_Q": 0.0,
      "monthly_PRELIQ_Q": 107.6,
      "monthly_PE_Q": 67.8
    },
    "2024-04": {
      "monthly_PRENEI_Q": 0.0,
      "monthly_PRELIQ_Q": 131.3,
      "monthly_PE_Q": 65.80000000000001
    },
    "2024-05": {
      "monthly_PRENEI_Q": 0.0,
      "monthly_PRELIQ_Q": 147.9,
      "monthly_PE_Q": 65.9
    },
    "2024-06": {
      "monthly_PRENEI_Q": 0.0,
      "monthly_PRELIQ_Q": 114.69999999999999,
      "monthly_PE_Q": 12.799999999999997
    },
    "2024-07": {
      "monthly_PRENEI_Q": 0.0,
      "monthly_PRELIQ_Q": 83.8,
      "monthly_PE_Q": -31.599999999999998
    },
    "2024-08": {
      "monthly_PRENEI_Q": 0.0,
      "monthly_PRELIQ_Q": 50.900000000000006,
      "monthly_PE_Q": -41.4
    },
    "2024-09": {
      "monthly_PRENEI_Q": 0.0,
      "monthly_PRELIQ_Q": 165.0,
      "monthly_PE_Q": 110.2
    },
    "2024-10": {
      "monthly_PRENEI_Q": 0.0,
      "monthly_PRELIQ_Q": 161.6,
      "monthly_PE_Q": 128.70000000000002
    },
    "2024-11": {
      "monthly_PRENEI_Q": 5.8999999999999995,
      "monthly_PRELIQ_Q": 69.9,
      "monthly_PE_Q": 58.300000000000004
    },
    "2024-12": {
      "monthly_PRENEI_Q": 0.5,
      "monthly_PRELIQ_Q": 95.7,
      "monthly_PE_Q": 88.10000000000001
    }
  }
}