{
  "years": {
    "2024": {
      "annual_PRENEI_Q": 15.000000000000002,
      "annual_PRELIQ_Q": 1150.6,
      "annual_PE_Q": 574.5
    }
  },
  "months": {
    "2024-01": {
      "monthly_PRENEI_Q": 0.30000000000000004,
      "monthly_PRELIQ_Q": 55.1,
      "monthly_PE_Q": 48.0
    },
    "2024-02": {
      "monthly_PRENEI_Q": 0.2,
      "monthly_PRELIQ_Q": 72.6,
      "monthly_PE_Q": 60.699999999999996
    },
    "2024-03": {
      "monthly_PRENEI_Q": 0.0,
      "monthly_PRELIQ_Q": 106.4,
      "monthly_PE_Q": 77.1
    },
    "2024-04": {
      "monthly_PRENEI_Q": 0.0,
      "monthly_PRELIQ_Q": 75.1,
      "monthly_PE_Q": 14.8
    },
    "2024-05": {
      "monthly_PRENEI_Q": 0.0,
      "monthly_PRELIQ_Q": 154.5,
      "monthly_PE_Q": 79.80000000000001
    },
    "2024-06": {
      "monthly_PRENEI_Q": 0.0,
      "monthly_PRELIQ_Q": 130.6,
      "monthly_PE_Q": 34.9
    },
    "2024-07": {
      "monthly_PRENEI_Q": 0.0,
      "monthly_PRELIQ_Q": 73.2,
      "monthly_PE_Q": -30.5
    },
    "2024-08": {
      "monthly_PRENEI_Q": 0.0,
      "monthly_PRELIQ_Q": 79.1,
      "monthly_PE_Q": -21.299999999999997
    },
    "2024-09": {
      "monthly_PRENEI_Q": 0.0,
      "monthly_PRELIQ_Q": 143.3,
      "monthly_PE_Q": 92.10000000000001
    },
    "2024-10": {
      "monthly_PRENEI_Q": 0.0,
      "monthly_PRELIQ_Q": 145.0,
      "monthly_PE_Q": 114.7
    },
    "2024-11": {
      "monthly_PRENEI_Q": 9.200000000000001,
      "monthly_PRELIQ_Q": 49.199999999999996,
      "monthly_PE_Q": 41.8
    },
    "2024-12": {
      "monthly_PRENEI_Q": 5.3,
      "monthly_PRELIQ_Q": 66.5,
      "monthly_PE_Q": 62.4
    }
  }
}