{
  "years": {
    "2024": {
      "annual_PRENEI_Q": 18.099999999999998,
      "annual_PRELIQ_Q": 1136.9,
      "annual_PE_Q": 496.6
    }
  },
  "months": {
    "2024-01": {
      "monthly_PRENEI_Q": 2.4,
      "monthly_PRELIQ_Q": 77.7,
      "monthly_PE_Q": 73.60000000000001
    },
    "2024-02": {
      "monthly_PRENEI_Q": 0.0,
      "monthly_PRELIQ_Q": 100.60000000000001,
      "monthly_PE_Q": 83.8
    },
    "2024-03": {
      "monthly_PRENEI_Q": 0.7,
      "monthly_PRELIQ_Q": 113.0,
      "monthly_PE_Q": 78.4
    },
    "2024-04": {
      "monthly_PRENEI_Q": 1.3,
      "monthly_PRELIQ_Q": 58.300000000000004,
      "monthly_PE_Q": -7.5
    },
    "2024-05": {
      "monthly_PRENEI_Q": 0.0,
      "monthly_PRELIQ_Q": 159.7,
      "monthly_PE_Q": 77.8
    },
    "2024-06": {
      "monthly_PRENEI_Q": 0.0,
      "monthly_PRELIQ_Q": 144.0,
      "monthly_PE_Q": 32.300000000000004
    },
    "2024-07": {
      "monthly_PRENEI_Q": 0.0,
      "monthly_PRELIQ_Q": 82.2,
      "monthly_PE_Q": -30.299999999999997
    },
    "2024-08": {
      "monthly_PRENEI_Q": 0.0,
      "monthly_PRELIQ_Q": 74.6,
      "monthly_PE_Q": -41.3
    },
    "2024-09": {
      "monthly_PRENEI_Q": 0.0,
      "monthly_PRELIQ_Q": 111.9,
      "monthly_PE_Q": 56.6
    },
    "2024-10": {
      "monthly_PRENEI_Q": 0.0,
      "monthly_PRELIQ_Q": 76.9,
      "monthly_PE_Q": 40.6
    },
    "2024-11": {
      "monthly_PRENEI_Q": 10.100000000000001,
      "monthly_PRELIQ_Q": 58.199999999999996,
      "monthly_PE_Q": 56.3
    },
    "2024-12": {
      "monthly_PRENEI_Q": 3.6,
      "monthly_PRELIQ_Q": 79.8,
      "monthly_PE_Q": 76.3
    }
  }
}