{
  "years": {
    "2024": {
      "annual_PRENEI_Q": 16.7,
      "annual_PRELIQ_Q": 1282.1,
      "annual_PE_Q": 704.9
    }
  },
  "months": {
    "2024-01": {
      "monthly_PRENEI_Q": 2.7,
      "monthly_PRELIQ_Q": 109.39999999999999,
      "monthly_PE_Q": 103.0
    },
    "2024-02": {
      "monthly_PRENEI_Q": 0.0,
      "monthly_PRELIQ_Q": 138.6,
      "monthly_PE_Q": 122.5
    },
    "2024-03": {
      "monthly_PRENEI_Q": 1.0,
      "monthly_PRELIQ_Q": 101.1,
      "monthly_PE_Q": 69.2
    },
    "2024-04": {
      "monthly_PRENEI_Q": 0.7,
      "monthly_PRELIQ_Q": 73.10000000000001,
      "monthly_PE_Q": 15.099999999999998
    },
    "2024-05": {
      "monthly_PRENEI_Q": 0.0,
      "monthly_PRELIQ_Q": 171.4,
      "monthly_PE_Q": 98.5
    },
    "2024-06": {
      "monthly_PRENEI_Q": 0.0,
      "monthly_PRELIQ_Q": 122.2,
      "monthly_PE_Q": 29.599999999999998
    },
    "2024-07": {
      "monthly_PRENEI_Q": 0.0,
      "monthly_PRELIQ_Q": 66.2,
      "monthly_PE_Q": -30.4
    },
    "2024-08": {
      "monthly_PRENEI_Q": 0.0,
      "monthly_PRELIQ_Q": 111.8,
      "monthly_PE_Q": 12.699999999999996
    },
    "2024-09": {
      "monthly_PRENEI_Q": 0.0,
      "monthly_PRELIQ_Q": 129.8,
      "monthly_PE_Q": 74.1
    },
    "2024-10": {
      "monthly_PRENEI_Q": 0.0,
      "monthly_PRELIQ_Q": 84.7,
      "monthly_PE_Q": 50.900000000000006
    },
    "2024-11": {
      "monthly_PRENEI_Q": 5.5,
      "monthly_PRELIQ_Q": 78.2,
      "monthly_PE_Q": 68.5
    },
    "2024-12": {
      "monthly_PRENEI_Q": 6.8,
      "monthly_PRELIQ_Q": 95.60000000000001,
      "monthly_PE_Q": 91.2
    }
  }
}