{
  "years": {
    "2024": {
      "annual_PRENEI_Q": 21.1,
      "annual_PRELIQ_Q": 1103.6,
      "annual_PE_Q": 505.59999999999997
    }
  },
  "months": {
    "2024-01": {
      "monthly_PRENEI_Q": 8.1,
      "monthly_PRELIQ_Q": 98.2,
      "monthly_PE_Q": 90.5
    },
    "2024-02": {
      "monthly_PRENEI_Q": 0.0,
      "monthly_PRELIQ_Q": 126.6,
      "monthly_PE_Q": 103.7
    },
    "2024-03": {
      "monthly_PRENEI_Q": 1.1,
      "monthly_PRELIQ_Q": 89.80000000000001,
      "monthly_PE_Q": 56.1
    },
    "2024-04": {
      "monthly_PRENEI_Q": 0.3,
      "monthly_PRELIQ_Q": 81.10000000000001,
      "monthly_PE_Q": 18.799999999999997
    },
    "2024-05": {
      "monthly_PRENEI_Q": 0.0,
      "monthly_PRELIQ_Q": 99.7,
      "monthly_PE_Q": 23.799999999999997
    },
    "2024-06": {
      "monthly_PRENEI_Q": 0.0,
      "monthly_PRELIQ_Q": 93.3,
      "monthly_PE_Q": 2.4000000000000012
    },
    "2024-07": {
      "monthly_PRENEI_Q": 0.0,
      "monthly_PRELIQ_Q": 83.0,
      "monthly_PE_Q": -16.2
    },
    "2024-08": {
      "monthly_PRENEI_Q": 0.0,
      "monthly_PRELIQ_Q": 81.4,
      "monthly_PE_Q": -17.000000000000007
    },
    "2024-09": {
      "monthly_PRENEI_Q": 0.0,
      "monthly_PRELIQ_Q": 118.4,
      "monthly_PE_Q": 61.4
    },
    "2024-10": {
      "monthly_PRENEI_Q": 0.0,
      "monthly_PRELIQ_Q": 81.1,
      "monthly_PE_Q": 48.5
    },
    "2024-11": {
      "monthly_PRENEI_Q": 4.1000000000000005,
      "monthly_PRELIQ_Q": 77.2,
      "monthly_PE_Q": 62.6
    },
    "2024-12": {
      "monthly_PRENEI_Q": 7.5,
      "monthly_PRELIQ_Q": 73.8,
      "monthly_PE_Q": 71.0
    }
  }
}