{
  "years": {
    "2024": {
      "annual_PRENEI_Q": 1.4000000000000001,
      "annual_PRELIQ_Q": 1330.9,
      "annual_PE_Q": 703.6
    }
  },
  "months": {
    "2024-01": {
      "monthly_PRENEI_Q": 1.4000000000000001,
      "monthly_PRELIQ_Q": 49.2,
      "monthly_PE_Q": 32.900000000000006
    },
    "2024-02": {
      "monthly_PRENEI_Q": 0.0,
      "monthly_PRELIQ_Q": 176.7,
      "monthly_PE_Q": 146.2
    },
    "2024-03": {
      "monthly_PRENEI_Q": 0.0,
      "monthly_PRELIQ_Q": 176.7,
      "monthly_PE_Q": 122.0
    },
    "2024-04": {
      "monthly_PRENEI_Q": 0.0,
      "monthly_PRELIQ_Q": 75.3,
      "monthly_PE_Q": 4.800000000000002
    },
    "2024-05": {
      "monthly_PRENEI_Q": 0.0,
      "monthly_PRELIQ_Q": 138.6,
      "monthly_PE_Q": 62.7
    },
    "2024-06": {
      "monthly_PRENEI_Q": 0.0,
      "monthly_PRELIQ_Q": 97.39999999999999,
      "monthly_PE_Q": 15.399999999999999
    },
    "2024-07": {
      "monthly_PRENEI_Q": 0.0,
      "monthly_PRELIQ_Q": 38.7,
      "monthly_PE_Q": -47.0
    },
    "2024-08": {
      "monthly_PRENEI_Q": 0.0,
      "monthly_PRELIQ_Q": 60.2,
      "monthly_PE_Q": -4.299999999999999
    },
    "2024-09": {
      "monthly_PRENEI_Q": 0.0,
      "monthly_PRELIQ_Q": 189.1,
      "monthly_PE_Q": 134.1
    },
    "2024-10": {
      "monthly_PRENEI_Q": 0.0,
      "monthly_PRELIQ_Q": 154.0,
      "monthly_PE_Q": 105.9
    },
    "2024-11": {
      "monthly_PRENEI_Q": 0.0,
      "monthly_PRELIQ_Q": 74.10000000000001,
      "monthly_PE_Q": 46.7
    },
    "2024-12": {
      "monthly_PRENEI_Q": 0.0,
      "monthly_PRELIQ_Q": 100.9,
      "monthly_PE_Q": 84.2
    }
  }
}