{
  "years": {
    "2024": {
      "annual_PRENEI_Q": 13.0,
      "annual_PRELIQ_Q": 966.2,
      "annual_PE_Q": 353.7
    }
  },
  "months": {
    "2024-01": {
      "monthly_PRENEI_Q": 5.5,
      "monthly_PRELIQ_Q": 74.4,
      "monthly_PE_Q": 68.5
    },
    "2024-02": {
      "monthly_PRENEI_Q": 0.0,
      "monthly_PRELIQ_Q": 91.3,
      "monthly_PE_Q": 75.4
    },
    "2024-03": {
      "monthly_PRENEI_Q": 0.0,
      "monthly_PRELIQ_Q": 76.1,
      "monthly_PE_Q": 40.5
    },
    "2024-04": {
      "monthly_PRENEI_Q": 1.9000000000000001,
      "monthly_PRELIQ_Q": 54.6,
      "monthly_PE_Q": -3.5000000000000018
    },
    "2024-05": {
      "monthly_PRENEI_Q": 0.0,
      "monthly_PRELIQ_Q": 98.3,
      "monthly_PE_Q": 20.2
    },
    "2024-06": {
      "monthly_PRENEI_Q": 0.0,
      "monthly_PRELIQ_Q": 90.30000000000001,
      "monthly_PE_Q": -13.999999999999998
    },
    "2024-07": {
      "monthly_PRENEI_Q": 0.0,
      "monthly_PRELIQ_Q": 101.2,
      "monthly_PE_Q": -4.6
    },
    "2024-08": {
      "monthly_PRENEI_Q": 0.0,
      "monthly_PRELIQ_Q": 94.69999999999999,
      "monthly_PE_Q": -1.7999999999999992
    },
    "2024-09": {
      "monthly_PRENEI_Q": 0.0,
      "monthly_PRELIQ_Q": 95.4,
      "monthly_PE_Q": 38.400000000000006
    },
    "2024-10": {
      "monthly_PRENEI_Q": 0.0,
      "monthly_PRELIQ_Q": 73.6,
      "monthly_PE_Q": 39.9
    },
    "2024-11": {
      "monthly_PRENEI_Q": 0.7,
      "monthly_PRELIQ_Q": 58.400000000000006,
      "monthly_PE_Q": 43.9
    },
    "2024-12": {
      "monthly_PRENEI_Q": 4.9,
      "monthly_PRELIQ_Q": 57.9,
      "monthly_PE_Q": 50.800000000000004
    }
  }
}