{
  "years": {
    "2024": {
      "annual_PRENEI_Q": 15.8,
      "annual_PRELIQ_Q": 1034.9,
      "annual_PE_Q": 487.7
    }
  },
  "months": {
    "2024-01": {
      "monthly_PRENEI_Q": 7.8,
      "monthly_PRELIQ_Q": 91.4,
      "monthly_PE_Q": 91.2
    },
    "2024-02": {
      "monthly_PRENEI_Q": 0.0,
      "monthly_PRELIQ_Q": 108.6,
      "monthly_PE_Q": 94.8
    },
    "2024-03": {
      "monthly_PRENEI_Q": 0.0,
      "monthly_PRELIQ_Q": 86.0,
      "monthly_PE_Q": 53.8
    },
    "2024-04": {
      "monthly_PRENEI_Q": 0.8,
      "monthly_PRELIQ_Q": 61.400000000000006,
      "monthly_PE_Q": 5.299999999999999
    },
    "2024-05": {
      "monthly_PRENEI_Q": 0.0,
      "monthly_PRELIQ_Q": 121.2,
      "monthly_PE_Q": 48.800000000000004
    },
    "2024-06": {
      "monthly_PRENEI_Q": 0.0,
      "monthly_PRELIQ_Q": 69.9,
      "monthly_PE_Q": -21.2
    },
    "2024-07": {
      "monthly_PRENEI_Q": 0.0,
      "monthly_PRELIQ_Q": 100.4,
      "monthly_PE_Q": 4.299999999999996
    },
    "2024-08": {
      "monthly_PRENEI_Q": 0.0,
      "monthly_PRELIQ_Q": 88.2,
      "monthly_PE_Q": -5.600000000000003
    },
    "2024-09": {
      "monthly_PRENEI_Q": 0.0,
      "monthly_PRELIQ_Q": 97.3,
      "monthly_PE_Q": 46.5
    },
    "2024-10": {
      "monthly_PRENEI_Q": 0.0,
      "monthly_PRELIQ_Q": 80.2,
      "monthly_PE_Q": 51.3
    },
    "2024-11": {
      "monthly_PRENEI_Q": 1.6,
      "monthly_PRELIQ_Q": 63.199999999999996,
      "monthly_PE_Q": 52.599999999999994
    },
    "2024-12": {
      "monthly_PRENEI_Q": 5.6000000000000005,
      "monthly_PRELIQ_Q": 67.1,
      "monthly_PE_Q": 65.9
    }
  }
}