{
  "years": {
    "2024": {
      "annual_PRENEI_Q": 216.3,
      "annual_PRELIQ_Q": 1259.8,
      "annual_PE_Q": 749.8
    }
  },
  "months": {
    "2024-01": {
      "monthly_PRENEI_Q": 32.7,
      "monthly_PRELIQ_Q": 89.2,
      "monthly_PE_Q": 112.2
    },
    "2024-02": {
      "monthly_PRENEI_Q": 8.9,
      "monthly_PRELIQ_Q": 67.0,
      "monthly_PE_Q": 53.4
    },
    "2024-03": {
      "monthly_PRENEI_Q": 34.2,
      "monthly_PRELIQ_Q": 124.89999999999999,
      "monthly_PE_Q": 111.3
    },
    "2024-04": {
      "monthly_PRENEI_Q": 19.599999999999998,
      "monthly_PRELIQ_Q": 52.400000000000006,
      "monthly_PE_Q": 2.7000000000000006
    },
    "2024-05": {
      "monthly_PRENEI_Q": 6.3,
      "monthly_PRELIQ_Q": 208.9,
      "monthly_PE_Q": 130.2
    },
    "2024-06": {
      "monthly_PRENEI_Q": 0.0,
      "monthly_PRELIQ_Q": 120.6,
      "monthly_PE_Q": 0.6000000000000032
    },
    "2024-07": {
      "monthly_PRENEI_Q": 0.0,
      "monthly_PRELIQ_Q": 90.6,
      "monthly_PE_Q": -49.099999999999994
    },
    "2024-08": {
      "monthly_PRENEI_Q": 0.0,
      "monthly_PRELIQ_Q": 78.0,
      "monthly_PE_Q": -18.2
    },
    "2024-09": {
      "monthly_PRENEI_Q": 0.0,
      "monthly_PRELIQ_Q": 163.5,
      "monthly_PE_Q": 100.7
    },
    "2024-10": {
      "monthly_PRENEI_Q": 0.0,
      "monthly_PRELIQ_Q": 154.0,
      "monthly_PE_Q": 106.4
    },
    "2024-11": {
      "monthly_PRENEI_Q": 4.3999999999999995,
      "monthly_PRELIQ_Q": 48.4,
      "monthly_PE_Q": 31.2
    },
    "2024-12": {
      "monthly_PRENEI_Q": 110.2,
      "monthly_PRELIQ_Q": 62.3,
      "monthly_PE_Q": 168.4
    }
  }
}