{
  "years": {
    "2024": {
      "annual_PRENEI_Q": 271.8,
      "annual_PRELIQ_Q": 1254.5,
      "annual_PE_Q": 837.1
    }
  },
  "months": {
    "2024-01": {
      "monthly_PRENEI_Q": 41.1,
      "monthly_PRELIQ_Q": 85.1,
      "monthly_PE_Q": 118.2
    },
    "2024-02": {
      "monthly_PRENEI_Q": 15.6,
      "monthly_PRELIQ_Q": 62.9,
      "monthly_PE_Q": 59.699999999999996
    },
    "2024-03": {
      "monthly_PRENEI_Q": 45.0,
      "monthly_PRELIQ_Q": 119.60000000000001,
      "monthly_PE_Q": 123.1
    },
    "2024-04": {
      "monthly_PRENEI_Q": 26.9,
      "monthly_PRELIQ_Q": 47.2,
      "monthly_PE_Q": 10.800000000000002
    },
    "2024-05": {
      "monthly_PRENEI_Q": 11.4,
      "monthly_PRELIQ_Q": 210.9,
      "monthly_PE_Q": 140.79999999999998
    },
    "2024-06": {
      "monthly_PRENEI_Q": 0.0,
      "monthly_PRELIQ_Q": 124.8,
      "monthly_PE_Q": 10.1
    },
    "2024-07": {
      "monthly_PRENEI_Q": 0.0,
      "monthly_PRELIQ_Q": 93.80000000000001,
      "monthly_PE_Q": -40.8
    },
    "2024-08": {
      "monthly_PRENEI_Q": 0.0,
      "monthly_PRELIQ_Q": 80.7,
      "monthly_PE_Q": -15.600000000000005
    },
    "2024-09": {
      "monthly_PRENEI_Q": 0.0,
      "monthly_PRELIQ_Q": 169.1,
      "monthly_PE_Q": 108.3
    },
    "2024-10": {
      "monthly_PRENEI_Q": 0.0,
      "monthly_PRELIQ_Q": 159.4,
      "monthly_PE_Q": 113.9
    },
    "2024-11": {
      "monthly_PRENEI_Q": 12.600000000000001,
      "monthly_PRELIQ_Q": 41.9,
      "monthly_PE_Q": 34.699999999999996
    },
    "2024-12": {
      "monthly_PRENEI_Q": 119.2,
      "monthly_PRELIQ_Q": 59.1,
      "monthly_PE_Q": 173.9
    }
  }
}