{
  "years": {
    "2024": {
      "annual_PRENEI_Q": 55.0,
      "annual_PRELIQ_Q": 1082.3,
      "annual_PE_Q": 522.1
    }
  },
  "months": {
    "2024-01": {
      "monthly_PRENEI_Q": 9.5,
      "monthly_PRELIQ_Q": 63.4,
      "monthly_PE_Q": 61.599999999999994
    },
    "2024-02": {
      "monthly_PRENEI_Q": 0.0,
      "monthly_PRELIQ_Q": 52.1,
      "monthly_PE_Q": 34.3
    },
    "2024-03": {
      "monthly_PRENEI_Q": 8.9,
      "monthly_PRELIQ_Q": 108.4,
      "monthly_PE_Q": 78.9
    },
    "2024-04": {
      "monthly_PRENEI_Q": 0.1,
      "monthly_PRELIQ_Q": 74.8,
      "monthly_PE_Q": 14.399999999999995
    },
    "2024-05": {
      "monthly_PRENEI_Q": 0.0,
      "monthly_PRELIQ_Q": 165.7,
      "monthly_PE_Q": 88.8
    },
    "2024-06": {
      "monthly_PRENEI_Q": 0.0,
      "monthly_PRELIQ_Q": 91.9,
      "monthly_PE_Q": -8.899999999999999
    },
    "2024-07": {
      "monthly_PRENEI_Q": 0.0,
      "monthly_PRELIQ_Q": 65.1,
      "monthly_PE_Q": -44.6
    },
    "2024-08": {
      "monthly_PRENEI_Q": 0.0,
      "monthly_PRELIQ_Q": 52.300000000000004,
      "monthly_PE_Q": -27.5
    },
    "2024-09": {
      "monthly_PRENEI_Q": 0.0,
      "monthly_PRELIQ_Q": 153.8,
      "monthly_PE_Q": 99.69999999999999
    },
    "2024-10": {
      "monthly_PRENEI_Q": 0.0,
      "monthly_PRELIQ_Q": 156.0,
      "monthly_PE_Q": 120.4
    },
    "2024-11": {
      "monthly_PRENEI_Q": 0.0,
      "monthly_PRELIQ_Q": 31.900000000000002,
      "monthly_PE_Q": 12.400000000000002
    },
    "2024-12": {
      "monthly_PRENEI_Q": 36.5,
      "monthly_PRELIQ_Q": 66.9,
      "monthly_PE_Q": 92.60000000000001
    }
  }
}