{
  "years": {
    "2024": {
      "annual_PRENEI_Q": 198.20000000000002,
      "annual_PRELIQ_Q": 1701.2,
      "annual_PE_Q": 1240.2
    }
  },
  "months": {
    "2024-01": {
      "monthly_PRENEI_Q": 13.9,
      "monthly_PRELIQ_Q": 170.20000000000002,
      "monthly_PE_Q": 174.9
    },
    "2024-02": {
      "monthly_PRENEI_Q": 13.2,
      "monthly_PRELIQ_Q": 134.29999999999998,
      "monthly_PE_Q": 127.10000000000001
    },
    "2024-03": {
      "monthly_PRENEI_Q": 34.0,
      "monthly_PRELIQ_Q": 105.80000000000001,
      "monthly_PE_Q": 101.6
    },
    "2024-04": {
      "monthly_PRENEI_Q": 14.799999999999999,
      "monthly_PRELIQ_Q": 121.39999999999999,
      "monthly_PE_Q": 77.1
    },
    "2024-05": {
      "monthly_PRENEI_Q": 0.0,
      "monthly_PRELIQ_Q": 232.5,
      "monthly_PE_Q": 151.7
    },
    "2024-06": {
      "monthly_PRENEI_Q": 0.0,
      "monthly_PRELIQ_Q": 126.5,
      "monthly_PE_Q": 20.0
    },
    "2024-07": {
      "monthly_PRENEI_Q": 0.0,
      "monthly_PRELIQ_Q": 75.8,
      "monthly_PE_Q": -55.699999999999996
    },
    "2024-08": {
      "monthly_PRENEI_Q": 0.0,
      "monthly_PRELIQ_Q": 68.1,
      "monthly_PE_Q": -28.6
    },
    "2024-09": {
      "monthly_PRENEI_Q": 0.0,
      "monthly_PRELIQ_Q": 251.9,
      "monthly_PE_Q": 191.4
    },
    "2024-10": {
      "monthly_PRENEI_Q": 0.0,
      "monthly_PRELIQ_Q": 220.5,
      "monthly_PE_Q": 186.2
    },
    "2024-11": {
      "monthly_PRENEI_Q": 13.6,
      "monthly_PRELIQ_Q": 93.1,
      "monthly_PE_Q": 90.1
    },
    "2024-12": {
      "monthly_PRENEI_Q": 108.7,
      "monthly_PRELIQ_Q": 101.1,
      "monthly_PE_Q": 204.4
    }
  }
}