{
  "years": {
    "2024": {
      "annual_PRENEI_Q": 211.5,
      "annual_PRELIQ_Q": 1710.1,
      "annual_PE_Q": 1264.3
    }
  },
  "months": {
    "2024-01": {
      "monthly_PRENEI_Q": 15.0,
      "monthly_PRELIQ_Q": 171.20000000000002,
      "monthly_PE_Q": 177.20000000000002
    },
    "2024-02": {
      "monthly_PRENEI_Q": 14.299999999999999,
      "monthly_PRELIQ_Q": 134.8,
      "monthly_PE_Q": 128.1
    },
    "2024-03": {
      "monthly_PRENEI_Q": 37.2,
      "monthly_PRELIQ_Q": 104.3,
      "monthly_PE_Q": 102.9
    },
    "2024-04": {
      "monthly_PRENEI_Q": 17.6,
      "monthly_PRELIQ_Q": 120.3,
      "monthly_PE_Q": 78.9
    },
    "2024-05": {
      "monthly_PRENEI_Q": 0.0,
      "monthly_PRELIQ_Q": 234.8,
      "monthly_PE_Q": 155.0
    },
    "2024-06": {
      "monthly_PRENEI_Q": 0.0,
      "monthly_PRELIQ_Q": 128.0,
      "monthly_PE_Q": 22.700000000000003
    },
    "2024-07": {
      "monthly_PRENEI_Q": 0.0,
      "monthly_PRELIQ_Q": 76.8,
      "monthly_PE_Q": -53.800000000000004
    },
    "2024-08": {
      "monthly_PRENEI_Q": 0.0,
      "monthly_PRELIQ_Q": 68.89999999999999,
      "monthly_PE_Q": -27.5
    },
    "2024-09": {
      "monthly_PRENEI_Q": 0.0,
      "monthly_PRELIQ_Q": 254.79999999999998,
      "monthly_PE_Q": 194.0
    },
    "2024-10": {
      "monthly_PRENEI_Q": 0.0,
      "monthly_PRELIQ_Q": 223.0,
      "monthly_PE_Q": 188.3
    },
    "2024-11": {
      "monthly_PRENEI_Q": 14.2,
      "monthly_PRELIQ_Q": 93.8,
      "monthly_PE_Q": 90.9
    },
    "2024-12": {
      "monthly_PRENEI_Q": 113.2,
      "monthly_PRELIQ_Q": 99.39999999999999,
      "monthly_PE_Q": 207.6
    }
  }
}