{
  "years": {
    "2024": {
      "annual_PRENEI_Q": 70.8,
      "annual_PRELIQ_Q": 1529.0,
      "annual_PE_Q": 939.2
    }
  },
  "months": {
    "2024-01": {
      "monthly_PRENEI_Q": 11.399999999999999,
      "monthly_PRELIQ_Q": 112.8,
      "monthly_PE_Q": 112.3
    },
    "2024-02": {
      "monthly_PRENEI_Q": 0.0,
      "monthly_PRELIQ_Q": 109.7,
      "monthly_PE_Q": 88.1
    },
    "2024-03": {
      "monthly_PRENEI_Q": 7.9,
      "monthly_PRELIQ_Q": 110.19999999999999,
      "monthly_PE_Q": 75.9
    },
    "2024-04": {
      "monthly_PRENEI_Q": 8.700000000000001,
      "monthly_PRELIQ_Q": 146.1,
      "monthly_PE_Q": 91.3
    },
    "2024-05": {
      "monthly_PRENEI_Q": 0.0,
      "monthly_PRELIQ_Q": 180.4,
      "monthly_PE_Q": 101.8
    },
    "2024-06": {
      "monthly_PRENEI_Q": 0.0,
      "monthly_PRELIQ_Q": 102.4,
      "monthly_PE_Q": -0.8999999999999962
    },
    "2024-07": {
      "monthly_PRENEI_Q": 0.0,
      "monthly_PRELIQ_Q": 71.60000000000001,
      "monthly_PE_Q": -51.199999999999996
    },
    "2024-08": {
      "monthly_PRENEI_Q": 0.0,
      "monthly_PRELIQ_Q": 85.6,
      "monthly_PE_Q": -4.300000000000001
    },
    "2024-09": {
      "monthly_PRENEI_Q": 0.0,
      "monthly_PRELIQ_Q": 218.6,
      "monthly_PE_Q": 155.1
    },
    "2024-10": {
      "monthly_PRENEI_Q": 0.0,
      "monthly_PRELIQ_Q": 201.5,
      "monthly_PE_Q": 166.3
    },
    "2024-11": {
      "monthly_PRENEI_Q": 4.300000000000001,
      "monthly_PRELIQ_Q": 71.8,
      "monthly_PE_Q": 58.7
    },
    "2024-12": {
      "monthly_PRENEI_Q": 38.5,
      "monthly_PRELIQ_Q": 118.3,
      "monthly_PE_Q": 146.1
    }
  }
}