{
  "years": {
    "2024": {
      "annual_PRENEI_Q": 60.3,
      "annual_PRELIQ_Q": 1617.6,
      "annual_PE_Q": 1003.8
    }
  },
  "months": {
    "2024-01": {
      "monthly_PRENEI_Q": 7.7,
      "monthly_PRELIQ_Q": 125.0,
      "monthly_PE_Q": 117.9
    },
    "2024-02": {
      "monthly_PRENEI_Q": 0.1,
      "monthly_PRELIQ_Q": 107.4,
      "monthly_PE_Q": 86.8
    },
    "2024-03": {
      "monthly_PRENEI_Q": 5.2,
      "monthly_PRELIQ_Q": 119.1,
      "monthly_PE_Q": 85.5
    },
    "2024-04": {
      "monthly_PRENEI_Q": 2.7,
      "monthly_PRELIQ_Q": 149.9,
      "monthly_PE_Q": 89.69999999999999
    },
    "2024-05": {
      "monthly_PRENEI_Q": 0.0,
      "monthly_PRELIQ_Q": 194.29999999999998,
      "monthly_PE_Q": 113.60000000000001
    },
    "2024-06": {
      "monthly_PRENEI_Q": 0.0,
      "monthly_PRELIQ_Q": 112.6,
      "monthly_PE_Q": 9.600000000000003
    },
    "2024-07": {
      "monthly_PRENEI_Q": 0.0,
      "monthly_PRELIQ_Q": 95.7,
      "monthly_PE_Q": -23.300000000000004
    },
    "2024-08": {
      "monthly_PRENEI_Q": 0.0,
      "monthly_PRELIQ_Q": 109.0,
      "monthly_PE_Q": -3.700000000000004
    },
    "2024-09": {
      "monthly_PRENEI_Q": 0.0,
      "monthly_PRELIQ_Q": 203.0,
      "monthly_PE_Q": 144.9
    },
    "2024-10": {
      "monthly_PRENEI_Q": 0.0,
      "monthly_PRELIQ_Q": 174.8,
      "monthly_PE_Q": 142.1
    },
    "2024-11": {
      "monthly_PRENEI_Q": 13.299999999999999,
      "monthly_PRELIQ_Q": 95.9,
      "monthly_PE_Q": 89.5
    },
    "2024-12": {
      "monthly_PRENEI_Q": 31.299999999999997,
      "monthly_PRELIQ_Q": 130.9,
      "monthly_PE_Q": 151.2
    }
  }
}