{
  "years": {
    "2024": {
      "annual_PRENEI_Q": 10.5,
      "annual_PRELIQ_Q": 1280.6,
      "annual_PE_Q": 621.0
    }
  },
  "months": {
    "2024-01": {
      "monthly_PRENEI_Q": 2.8000000000000003,
      "monthly_PRELIQ_Q": 69.1,
      "monthly_PE_Q": 54.699999999999996
    },
    "2024-02": {
      "monthly_PRENEI_Q": 0.0,
      "monthly_PRELIQ_Q": 72.7,
      "monthly_PE_Q": 50.300000000000004
    },
    "2024-03": {
      "monthly_PRENEI_Q": 0.1,
      "monthly_PRELIQ_Q": 108.8,
      "monthly_PE_Q": 68.3
    },
    "2024-04": {
      "monthly_PRENEI_Q": 0.1,
      "monthly_PRELIQ_Q": 132.5,
      "monthly_PE_Q": 64.8
    },
    "2024-05": {
      "monthly_PRENEI_Q": 0.0,
      "monthly_PRELIQ_Q": 149.4,
      "monthly_PE_Q": 66.1
    },
    "2024-06": {
      "monthly_PRENEI_Q": 0.0,
      "monthly_PRELIQ_Q": 115.99999999999999,
      "monthly_PE_Q": 11.299999999999997
    },
    "2024-07": {
      "monthly_PRENEI_Q": 0.0,
      "monthly_PRELIQ_Q": 84.5,
      "monthly_PE_Q": -34.8
    },
    "2024-08": {
      "monthly_PRENEI_Q": 0.0,
      "monthly_PRELIQ_Q": 51.4,
      "monthly_PE_Q": -44.8
    },
    "2024-09": {
      "monthly_PRENEI_Q": 0.0,
      "monthly_PRELIQ_Q": 166.7,
      "monthly_PE_Q": 109.4
    },
    "2024-10": {
      "monthly_PRENEI_Q": 0.0,
      "monthly_PRELIQ_Q": 163.29999999999998,
      "monthly_PE_Q": 128.9
    },
    "2024-11": {
      "monthly_PRENEI_Q": 6.3999999999999995,
      "monthly_PRELIQ_Q": 70.10000000000001,
      "monthly_PE_Q": 57.6
    },
    "2024-12": {
      "monthly_PRENEI_Q": 1.1,
      "monthly_PRELIQ_Q": 96.1,
      "monthly_PE_Q": 89.2
    }
  }
}