{
  "years": {
    "2024": {
      "annual_PRENEI_Q": 13.9,
      "annual_PRELIQ_Q": 1145.8,
      "annual_PE_Q": 571.1
    }
  },
  "months": {
    "2024-01": {
      "monthly_PRENEI_Q": 0.30000000000000004,
      "monthly_PRELIQ_Q": 54.9,
      "monthly_PE_Q": 48.199999999999996
    },
    "2024-02": {
      "monthly_PRENEI_Q": 0.2,
      "monthly_PRELIQ_Q": 72.5,
      "monthly_PE_Q": 60.9
    },
    "2024-03": {
      "monthly_PRENEI_Q": 0.0,
      "monthly_PRELIQ_Q": 106.1,
      "monthly_PE_Q": 76.2
    },
    "2024-04": {
      "monthly_PRENEI_Q": 0.0,
      "monthly_PRELIQ_Q": 74.9,
      "monthly_PE_Q": 14.299999999999999
    },
    "2024-05": {
      "monthly_PRENEI_Q": 0.0,
      "monthly_PRELIQ_Q": 153.7,
      "monthly_PE_Q": 78.5
    },
    "2024-06": {
      "monthly_PRENEI_Q": 0.0,
      "monthly_PRELIQ_Q": 129.8,
      "monthly_PE_Q": 33.8
    },
    "2024-07": {
      "monthly_PRENEI_Q": 0.0,
      "monthly_PRELIQ_Q": 72.8,
      "monthly_PE_Q": -29.600000000000005
    },
    "2024-08": {
      "monthly_PRENEI_Q": 0.0,
      "monthly_PRELIQ_Q": 78.5,
      "monthly_PE_Q": -20.3
    },
    "2024-09": {
      "monthly_PRENEI_Q": 0.0,
      "monthly_PRELIQ_Q": 142.5,
      "monthly_PE_Q": 91.80000000000001
    },
    "2024-10": {
      "monthly_PRENEI_Q": 0.0,
      "monthly_PRELIQ_Q": 144.20000000000002,
      "monthly_PE_Q": 113.5
    },
    "2024-11": {
      "monthly_PRENEI_Q": 8.5,
      "monthly_PRELIQ_Q": 49.5,
      "monthly_PE_Q": 41.8
    },
    "2024-12": {
      "monthly_PRENEI_Q": 4.8999999999999995,
      "monthly_PRELIQ_Q": 66.4,
      "monthly_PE_Q": 62.0
    }
  }
}