{
  "years": {
    "2024": {
      "annual_PRENEI_Q": 15.1,
      "annual_PRELIQ_Q": 1168.0,
      "annual_PE_Q": 545.8
    }
  },
  "months": {
    "2024-01": {
      "monthly_PRENEI_Q": 2.0,
      "monthly_PRELIQ_Q": 74.3,
      "monthly_PE_Q": 67.2
    },
    "2024-02": {
      "monthly_PRENEI_Q": 0.1,
      "monthly_PRELIQ_Q": 94.7,
      "monthly_PE_Q": 79.5
    },
    "2024-03": {
      "monthly_PRENEI_Q": 0.7,
      "monthly_PRELIQ_Q": 104.4,
      "monthly_PE_Q": 72.8
    },
    "2024-04": {
      "monthly_PRENEI_Q": 0.3,
      "monthly_PRELIQ_Q": 73.9,
      "monthly_PE_Q": 7.899999999999999
    },
    "2024-05": {
      "monthly_PRENEI_Q": 0.0,
      "monthly_PRELIQ_Q": 143.29999999999998,
      "monthly_PE_Q": 66.8
    },
    "2024-06": {
      "monthly_PRENEI_Q": 0.0,
      "monthly_PRELIQ_Q": 138.0,
      "monthly_PE_Q": 36.60000000000001
    },
    "2024-07": {
      "monthly_PRENEI_Q": 0.0,
      "monthly_PRELIQ_Q": 85.1,
      "monthly_PE_Q": -25.1
    },
    "2024-08": {
      "monthly_PRENEI_Q": 0.0,
      "monthly_PRELIQ_Q": 91.7,
      "monthly_PE_Q": -21.500000000000004
    },
    "2024-09": {
      "monthly_PRENEI_Q": 0.0,
      "monthly_PRELIQ_Q": 121.5,
      "monthly_PE_Q": 66.89999999999999
    },
    "2024-10": {
      "monthly_PRENEI_Q": 0.0,
      "monthly_PRELIQ_Q": 94.6,
      "monthly_PE_Q": 61.99999999999999
    },
    "2024-11": {
      "monthly_PRENEI_Q": 11.4,
      "monthly_PRELIQ_Q": 58.800000000000004,
      "monthly_PE_Q": 53.9
    },
    "2024-12": {
      "monthly_PRENEI_Q": 0.6000000000000001,
      "monthly_PRELIQ_Q": 87.69999999999999,
      "monthly_PE_Q": 78.8
    }
  }
}