{
  "years": {
    "2024": {
      "annual_PRENEI_Q": 24.6,
      "annual_PRELIQ_Q": 1155.9,
      "annual_PE_Q": 525.0
    }
  },
  "months": {
    "2024-01": {
      "monthly_PRENEI_Q": 5.300000000000001,
      "monthly_PRELIQ_Q": 89.1,
      "monthly_PE_Q": 78.5
    },
    "2024-02": {
      "monthly_PRENEI_Q": 0.3,
      "monthly_PRELIQ_Q": 94.5,
      "monthly_PE_Q": 74.9
    },
    "2024-03": {
      "monthly_PRENEI_Q": 0.6,
      "monthly_PRELIQ_Q": 93.30000000000001,
      "monthly_PE_Q": 64.9
    },
    "2024-04": {
      "monthly_PRENEI_Q": 2.9000000000000004,
      "monthly_PRELIQ_Q": 57.7,
      "monthly_PE_Q": -3.4999999999999996
    },
    "2024-05": {
      "monthly_PRENEI_Q": 0.0,
      "monthly_PRELIQ_Q": 156.3,
      "monthly_PE_Q": 74.5
    },
    "2024-06": {
      "monthly_PRENEI_Q": 0.0,
      "monthly_PRELIQ_Q": 139.5,
      "monthly_PE_Q": 34.9
    },
    "2024-07": {
      "monthly_PRENEI_Q": 0.0,
      "monthly_PRELIQ_Q": 77.60000000000001,
      "monthly_PE_Q": -33.5
    },
    "2024-08": {
      "monthly_PRENEI_Q": 0.0,
      "monthly_PRELIQ_Q": 80.5,
      "monthly_PE_Q": -30.599999999999998
    },
    "2024-09": {
      "monthly_PRENEI_Q": 0.0,
      "monthly_PRELIQ_Q": 126.5,
      "monthly_PE_Q": 72.5
    },
    "2024-10": {
      "monthly_PRENEI_Q": 0.0,
      "monthly_PRELIQ_Q": 84.0,
      "monthly_PE_Q": 50.10000000000001
    },
    "2024-11": {
      "monthly_PRENEI_Q": 9.299999999999999,
      "monthly_PRELIQ_Q": 69.7,
      "monthly_PE_Q": 62.2
    },
    "2024-12": {
      "monthly_PRENEI_Q": 6.2,
      "monthly_PRELIQ_Q": 87.2,
      "monthly_PE_Q": 80.1
    }
  }
}