{
  "years": {
    "2024": {
      "annual_PRENEI_Q": 22.200000000000003,
      "annual_PRELIQ_Q": 1148.4,
      "annual_PE_Q": 537.8
    }
  },
  "months": {
    "2024-01": {
      "monthly_PRENEI_Q": 4.7,
      "monthly_PRELIQ_Q": 89.0,
      "monthly_PE_Q": 82.5
    },
    "2024-02": {
      "monthly_PRENEI_Q": 0.3,
      "monthly_PRELIQ_Q": 93.80000000000001,
      "monthly_PE_Q": 77.89999999999999
    },
    "2024-03": {
      "monthly_PRENEI_Q": 0.6,
      "monthly_PRELIQ_Q": 92.4,
      "monthly_PE_Q": 65.0
    },
    "2024-04": {
      "monthly_PRENEI_Q": 2.4000000000000004,
      "monthly_PRELIQ_Q": 57.6,
      "monthly_PE_Q": -1.8000000000000003
    },
    "2024-05": {
      "monthly_PRENEI_Q": 0.0,
      "monthly_PRELIQ_Q": 155.1,
      "monthly_PE_Q": 73.8
    },
    "2024-06": {
      "monthly_PRENEI_Q": 0.0,
      "monthly_PRELIQ_Q": 138.3,
      "monthly_PE_Q": 35.099999999999994
    },
    "2024-07": {
      "monthly_PRENEI_Q": 0.0,
      "monthly_PRELIQ_Q": 77.0,
      "monthly_PE_Q": -32.4
    },
    "2024-08": {
      "monthly_PRENEI_Q": 0.0,
      "monthly_PRELIQ_Q": 79.8,
      "monthly_PE_Q": -32.5
    },
    "2024-09": {
      "monthly_PRENEI_Q": 0.0,
      "monthly_PRELIQ_Q": 125.7,
      "monthly_PE_Q": 73.39999999999999
    },
    "2024-10": {
      "monthly_PRENEI_Q": 0.0,
      "monthly_PRELIQ_Q": 83.3,
      "monthly_PE_Q": 51.5
    },
    "2024-11": {
      "monthly_PRENEI_Q": 9.299999999999999,
      "monthly_PRELIQ_Q": 69.0,
      "monthly_PE_Q": 63.800000000000004
    },
    "2024-12": {
      "monthly_PRENEI_Q": 4.9,
      "monthly_PRELIQ_Q": 87.4,
      "monthly_PE_Q": 81.5
    }
  }
}