{
  "years": {
    "2024": {
      "annual_PRENEI_Q": 1.5,
      "annual_PRELIQ_Q": 1230.9,
      "annual_PE_Q": 602.0
    }
  },
  "months": {
    "2024-01": {
      "monthly_PRENEI_Q": 1.5,
      "monthly_PRELIQ_Q": 48.3,
      "monthly_PE_Q": 33.300000000000004
    },
    "2024-02": {
      "monthly_PRENEI_Q": 0.0,
      "monthly_PRELIQ_Q": 156.29999999999998,
      "monthly_PE_Q": 126.4
    },
    "2024-03": {
      "monthly_PRENEI_Q": 0.0,
      "monthly_PRELIQ_Q": 148.4,
      "monthly_PE_Q": 98.4
    },
    "2024-04": {
      "monthly_PRENEI_Q": 0.0,
      "monthly_PRELIQ_Q": 62.2,
      "monthly_PE_Q": -10.600000000000001
    },
    "2024-05": {
      "monthly_PRENEI_Q": 0.0,
      "monthly_PRELIQ_Q": 135.2,
      "monthly_PE_Q": 52.300000000000004
    },
    "2024-06": {
      "monthly_PRENEI_Q": 0.0,
      "monthly_PRELIQ_Q": 124.1,
      "monthly_PE_Q": 30.000000000000004
    },
    "2024-07": {
      "monthly_PRENEI_Q": 0.0,
      "monthly_PRELIQ_Q": 24.5,
      "monthly_PE_Q": -59.6
    },
    "2024-08": {
      "monthly_PRENEI_Q": 0.0,
      "monthly_PRELIQ_Q": 59.900000000000006,
      "monthly_PE_Q": 7.899999999999999
    },
    "2024-09": {
      "monthly_PRENEI_Q": 0.0,
      "monthly_PRELIQ_Q": 173.5,
      "monthly_PE_Q": 115.39999999999999
    },
    "2024-10": {
      "monthly_PRENEI_Q": 0.0,
      "monthly_PRELIQ_Q": 120.89999999999999,
      "monthly_PE_Q": 76.0
    },
    "2024-11": {
      "monthly_PRENEI_Q": 0.0,
      "monthly_PRELIQ_Q": 78.2,
      "monthly_PE_Q": 49.7
    },
    "2024-12": {
      "monthly_PRENEI_Q": 0.0,
      "monthly_PRELIQ_Q": 99.39999999999999,
      "monthly_PE_Q": 82.8
    }
  }
}