{
  "years": {
    "2024": {
      "annual_PRENEI_Q": 15.6,
      "annual_PRELIQ_Q": 1068.7,
      "annual_PE_Q": 486.7
    }
  },
  "months": {
    "2024-01": {
      "monthly_PRENEI_Q": 6.0,
      "monthly_PRELIQ_Q": 96.8,
      "monthly_PE_Q": 90.1
    },
    "2024-02": {
      "monthly_PRENEI_Q": 0.0,
      "monthly_PRELIQ_Q": 122.5,
      "monthly_PE_Q": 105.2
    },
    "2024-03": {
      "monthly_PRENEI_Q": 1.0,
      "monthly_PRELIQ_Q": 86.4,
      "monthly_PE_Q": 53.0
    },
    "2024-04": {
      "monthly_PRENEI_Q": 0.2,
      "monthly_PRELIQ_Q": 78.1,
      "monthly_PE_Q": 17.299999999999997
    },
    "2024-05": {
      "monthly_PRENEI_Q": 0.0,
      "monthly_PRELIQ_Q": 95.7,
      "monthly_PE_Q": 19.299999999999997
    },
    "2024-06": {
      "monthly_PRENEI_Q": 0.0,
      "monthly_PRELIQ_Q": 89.80000000000001,
      "monthly_PE_Q": -1.9000000000000028
    },
    "2024-07": {
      "monthly_PRENEI_Q": 0.0,
      "monthly_PRELIQ_Q": 79.9,
      "monthly_PE_Q": -16.6
    },
    "2024-08": {
      "monthly_PRENEI_Q": 0.0,
      "monthly_PRELIQ_Q": 78.60000000000001,
      "monthly_PE_Q": -13.399999999999999
    },
    "2024-09": {
      "monthly_PRENEI_Q": 0.0,
      "monthly_PRELIQ_Q": 113.9,
      "monthly_PE_Q": 61.6
    },
    "2024-10": {
      "monthly_PRENEI_Q": 0.0,
      "monthly_PRELIQ_Q": 78.4,
      "monthly_PE_Q": 44.3
    },
    "2024-11": {
      "monthly_PRENEI_Q": 2.9,
      "monthly_PRELIQ_Q": 75.69999999999999,
      "monthly_PE_Q": 61.8
    },
    "2024-12": {
      "monthly_PRENEI_Q": 5.5,
      "monthly_PRELIQ_Q": 72.89999999999999,
      "monthly_PE_Q": 66.0
    }
  }
}