{
  "years": {
    "2024": {
      "annual_PRENEI_Q": 11.7,
      "annual_PRELIQ_Q": 1001.5,
      "annual_PE_Q": 397.59999999999997
    }
  },
  "months": {
    "2024-01": {
      "monthly_PRENEI_Q": 6.0,
      "monthly_PRELIQ_Q": 89.8,
      "monthly_PE_Q": 82.0
    },
    "2024-02": {
      "monthly_PRENEI_Q": 0.0,
      "monthly_PRELIQ_Q": 105.0,
      "monthly_PE_Q": 86.7
    },
    "2024-03": {
      "monthly_PRENEI_Q": 0.0,
      "monthly_PRELIQ_Q": 83.0,
      "monthly_PE_Q": 46.1
    },
    "2024-04": {
      "monthly_PRENEI_Q": 0.6000000000000001,
      "monthly_PRELIQ_Q": 59.4,
      "monthly_PE_Q": -3.3000000000000003
    },
    "2024-05": {
      "monthly_PRENEI_Q": 0.0,
      "monthly_PRELIQ_Q": 116.2,
      "monthly_PE_Q": 37.400000000000006
    },
    "2024-06": {
      "monthly_PRENEI_Q": 0.0,
      "monthly_PRELIQ_Q": 67.60000000000001,
      "monthly_PE_Q": -28.500000000000004
    },
    "2024-07": {
      "monthly_PRENEI_Q": 0.0,
      "monthly_PRELIQ_Q": 96.7,
      "monthly_PE_Q": -3.7
    },
    "2024-08": {
      "monthly_PRENEI_Q": 0.0,
      "monthly_PRELIQ_Q": 84.89999999999999,
      "monthly_PE_Q": -11.000000000000002
    },
    "2024-09": {
      "monthly_PRENEI_Q": 0.0,
      "monthly_PRELIQ_Q": 93.69999999999999,
      "monthly_PE_Q": 40.199999999999996
    },
    "2024-10": {
      "monthly_PRENEI_Q": 0.0,
      "monthly_PRELIQ_Q": 77.60000000000001,
      "monthly_PE_Q": 45.8
    },
    "2024-11": {
      "monthly_PRENEI_Q": 1.1,
      "monthly_PRELIQ_Q": 61.5,
      "monthly_PE_Q": 46.900000000000006
    },
    "2024-12": {
      "monthly_PRENEI_Q": 4.0,
      "monthly_PRELIQ_Q": 66.1,
      "monthly_PE_Q": 59.0
    }
  }
}