{
  "years": {
    "2024": {
      "annual_PRENEI_Q": 12.700000000000001,
      "annual_PRELIQ_Q": 1009.1,
      "annual_PE_Q": 434.9
    }
  },
  "months": {
    "2024-01": {
      "monthly_PRENEI_Q": 6.5,
      "monthly_PRELIQ_Q": 90.1,
      "monthly_PE_Q": 86.5
    },
    "2024-02": {
      "monthly_PRENEI_Q": 0.0,
      "monthly_PRELIQ_Q": 105.89999999999999,
      "monthly_PE_Q": 90.7
    },
    "2024-03": {
      "monthly_PRENEI_Q": 0.0,
      "monthly_PRELIQ_Q": 83.7,
      "monthly_PE_Q": 48.900000000000006
    },
    "2024-04": {
      "monthly_PRENEI_Q": 0.6000000000000001,
      "monthly_PRELIQ_Q": 59.699999999999996,
      "monthly_PE_Q": 0.39999999999999947
    },
    "2024-05": {
      "monthly_PRENEI_Q": 0.0,
      "monthly_PRELIQ_Q": 117.39999999999999,
      "monthly_PE_Q": 41.8
    },
    "2024-06": {
      "monthly_PRENEI_Q": 0.0,
      "monthly_PRELIQ_Q": 68.3,
      "monthly_PE_Q": -26.7
    },
    "2024-07": {
      "monthly_PRENEI_Q": 0.0,
      "monthly_PRELIQ_Q": 97.6,
      "monthly_PE_Q": -0.9000000000000004
    },
    "2024-08": {
      "monthly_PRENEI_Q": 0.0,
      "monthly_PRELIQ_Q": 85.7,
      "monthly_PE_Q": -6.299999999999999
    },
    "2024-09": {
      "monthly_PRENEI_Q": 0.0,
      "monthly_PRELIQ_Q": 94.7,
      "monthly_PE_Q": 44.0
    },
    "2024-10": {
      "monthly_PRENEI_Q": 0.0,
      "monthly_PRELIQ_Q": 78.0,
      "monthly_PE_Q": 46.4
    },
    "2024-11": {
      "monthly_PRENEI_Q": 1.3,
      "monthly_PRELIQ_Q": 61.7,
      "monthly_PE_Q": 48.3
    },
    "2024-12": {
      "monthly_PRENEI_Q": 4.3,
      "monthly_PRELIQ_Q": 66.3,
      "monthly_PE_Q": 61.800000000000004
    }
  }
}