{
  "years": {
    "2024": {
      "annual_PRENEI_Q": 47.8,
      "annual_PRELIQ_Q": 1312.1,
      "annual_PE_Q": 684.2
    }
  },
  "months": {
    "2024-01": {
      "monthly_PRENEI_Q": 6.0,
      "monthly_PRELIQ_Q": 75.39999999999999,
      "monthly_PE_Q": 64.5
    },
    "2024-02": {
      "monthly_PRENEI_Q": 0.1,
      "monthly_PRELIQ_Q": 167.9,
      "monthly_PE_Q": 137.5
    },
    "2024-03": {
      "monthly_PRENEI_Q": 36.800000000000004,
      "monthly_PRELIQ_Q": 275.20000000000005,
      "monthly_PE_Q": 261.6
    },
    "2024-04": {
      "monthly_PRENEI_Q": 0.2,
      "monthly_PRELIQ_Q": 44.0,
      "monthly_PE_Q": -30.6
    },
    "2024-05": {
      "monthly_PRENEI_Q": 0.0,
      "monthly_PRELIQ_Q": 118.80000000000001,
      "monthly_PE_Q": 25.2
    },
    "2024-06": {
      "monthly_PRENEI_Q": 0.0,
      "monthly_PRELIQ_Q": 104.3,
      "monthly_PE_Q": -12.100000000000001
    },
    "2024-07": {
      "monthly_PRENEI_Q": 0.0,
      "monthly_PRELIQ_Q": 29.000000000000004,
      "monthly_PE_Q": -66.3
    },
    "2024-08": {
      "monthly_PRENEI_Q": 0.0,
      "monthly_PRELIQ_Q": 6.3,
      "monthly_PE_Q": -33.2
    },
    "2024-09": {
      "monthly_PRENEI_Q": 0.0,
      "monthly_PRELIQ_Q": 138.3,
      "monthly_PE_Q": 71.2
    },
    "2024-10": {
      "monthly_PRENEI_Q": 0.0,
      "monthly_PRELIQ_Q": 238.3,
      "monthly_PE_Q": 190.9
    },
    "2024-11": {
      "monthly_PRENEI_Q": 4.0,
      "monthly_PRELIQ_Q": 89.7,
      "monthly_PE_Q": 68.3
    },
    "2024-12": {
      "monthly_PRENEI_Q": 0.7000000000000001,
      "monthly_PRELIQ_Q": 24.9,
      "monthly_PE_Q": 7.199999999999999
    }
  }
}