{
  "years": {
    "2024": {
      "annual_PRENEI_Q": 105.2,
      "annual_PRELIQ_Q": 1612.9,
      "annual_PE_Q": 1010.6999999999999
    }
  },
  "months": {
    "2024-01": {
      "monthly_PRENEI_Q": 12.600000000000001,
      "monthly_PRELIQ_Q": 128.9,
      "monthly_PE_Q": 127.8
    },
    "2024-02": {
      "monthly_PRENEI_Q": 1.5,
      "monthly_PRELIQ_Q": 112.10000000000001,
      "monthly_PE_Q": 88.1
    },
    "2024-03": {
      "monthly_PRENEI_Q": 13.3,
      "monthly_PRELIQ_Q": 109.3,
      "monthly_PE_Q": 77.9
    },
    "2024-04": {
      "monthly_PRENEI_Q": 3.6,
      "monthly_PRELIQ_Q": 168.9,
      "monthly_PE_Q": 105.39999999999999
    },
    "2024-05": {
      "monthly_PRENEI_Q": 0.0,
      "monthly_PRELIQ_Q": 226.1,
      "monthly_PE_Q": 143.0
    },
    "2024-06": {
      "monthly_PRENEI_Q": 0.0,
      "monthly_PRELIQ_Q": 115.4,
      "monthly_PE_Q": 6.599999999999998
    },
    "2024-07": {
      "monthly_PRENEI_Q": 0.0,
      "monthly_PRELIQ_Q": 98.3,
      "monthly_PE_Q": -30.0
    },
    "2024-08": {
      "monthly_PRENEI_Q": 0.0,
      "monthly_PRELIQ_Q": 93.3,
      "monthly_PE_Q": -10.800000000000008
    },
    "2024-09": {
      "monthly_PRENEI_Q": 0.0,
      "monthly_PRELIQ_Q": 188.9,
      "monthly_PE_Q": 124.3
    },
    "2024-10": {
      "monthly_PRENEI_Q": 0.0,
      "monthly_PRELIQ_Q": 187.9,
      "monthly_PE_Q": 150.0
    },
    "2024-11": {
      "monthly_PRENEI_Q": 5.7,
      "monthly_PRELIQ_Q": 81.5,
      "monthly_PE_Q": 67.39999999999999
    },
    "2024-12": {
      "monthly_PRENEI_Q": 68.5,
      "monthly_PRELIQ_Q": 102.3,
      "monthly_PE_Q": 161.0
    }
  }
}