{
  "years": {
    "2024": {
      "annual_PRENEI_Q": 75.5,
      "annual_PRELIQ_Q": 1587.5,
      "annual_PE_Q": 954.8000000000001
    }
  },
  "months": {
    "2024-01": {
      "monthly_PRENEI_Q": 10.8,
      "monthly_PRELIQ_Q": 126.2,
      "monthly_PE_Q": 122.2
    },
    "2024-02": {
      "monthly_PRENEI_Q": 0.1,
      "monthly_PRELIQ_Q": 110.0,
      "monthly_PE_Q": 84.3
    },
    "2024-03": {
      "monthly_PRENEI_Q": 8.5,
      "monthly_PRELIQ_Q": 110.4,
      "monthly_PE_Q": 73.19999999999999
    },
    "2024-04": {
      "monthly_PRENEI_Q": 0.9,
      "monthly_PRELIQ_Q": 165.8,
      "monthly_PE_Q": 98.8
    },
    "2024-05": {
      "monthly_PRENEI_Q": 0.0,
      "monthly_PRELIQ_Q": 218.79999999999998,
      "monthly_PE_Q": 135.20000000000002
    },
    "2024-06": {
      "monthly_PRENEI_Q": 0.0,
      "monthly_PRELIQ_Q": 112.0,
      "monthly_PE_Q": 2.599999999999997
    },
    "2024-07": {
      "monthly_PRENEI_Q": 0.0,
      "monthly_PRELIQ_Q": 95.2,
      "monthly_PE_Q": -31.9
    },
    "2024-08": {
      "monthly_PRENEI_Q": 0.0,
      "monthly_PRELIQ_Q": 90.1,
      "monthly_PE_Q": -12.000000000000004
    },
    "2024-09": {
      "monthly_PRENEI_Q": 0.0,
      "monthly_PRELIQ_Q": 182.7,
      "monthly_PE_Q": 119.10000000000001
    },
    "2024-10": {
      "monthly_PRENEI_Q": 0.0,
      "monthly_PRELIQ_Q": 181.79999999999998,
      "monthly_PE_Q": 144.20000000000002
    },
    "2024-11": {
      "monthly_PRENEI_Q": 4.4,
      "monthly_PRELIQ_Q": 79.8,
      "monthly_PE_Q": 64.6
    },
    "2024-12": {
      "monthly_PRENEI_Q": 50.8,
      "monthly_PRELIQ_Q": 114.7,
      "monthly_PE_Q": 154.5
    }
  }
}