{
  "years": {
    "2024": {
      "annual_PRENEI_Q": 22.3,
      "annual_PRELIQ_Q": 1300.0,
      "annual_PE_Q": 696.4
    }
  },
  "months": {
    "2024-01": {
      "monthly_PRENEI_Q": 3.0000000000000004,
      "monthly_PRELIQ_Q": 70.6,
      "monthly_PE_Q": 60.800000000000004
    },
    "2024-02": {
      "monthly_PRENEI_Q": 0.0,
      "monthly_PRELIQ_Q": 74.60000000000001,
      "monthly_PE_Q": 56.6
    },
    "2024-03": {
      "monthly_PRENEI_Q": 1.3,
      "monthly_PRELIQ_Q": 110.1,
      "monthly_PE_Q": 75.1
    },
    "2024-04": {
      "monthly_PRENEI_Q": 1.7000000000000002,
      "monthly_PRELIQ_Q": 134.2,
      "monthly_PE_Q": 75.3
    },
    "2024-05": {
      "monthly_PRENEI_Q": 0.0,
      "monthly_PRELIQ_Q": 153.2,
      "monthly_PE_Q": 74.0
    },
    "2024-06": {
      "monthly_PRENEI_Q": 0.0,
      "monthly_PRELIQ_Q": 118.89999999999999,
      "monthly_PE_Q": 18.799999999999997
    },
    "2024-07": {
      "monthly_PRENEI_Q": 0.0,
      "monthly_PRELIQ_Q": 86.5,
      "monthly_PE_Q": -29.800000000000004
    },
    "2024-08": {
      "monthly_PRENEI_Q": 0.0,
      "monthly_PRELIQ_Q": 52.7,
      "monthly_PE_Q": -42.1
    },
    "2024-09": {
      "monthly_PRENEI_Q": 0.0,
      "monthly_PRELIQ_Q": 170.6,
      "monthly_PE_Q": 117.0
    },
    "2024-10": {
      "monthly_PRENEI_Q": 0.0,
      "monthly_PRELIQ_Q": 167.1,
      "monthly_PE_Q": 136.0
    },
    "2024-11": {
      "monthly_PRENEI_Q": 7.699999999999999,
      "monthly_PRELIQ_Q": 70.60000000000001,
      "monthly_PE_Q": 62.5
    },
    "2024-12": {
      "monthly_PRENEI_Q": 8.6,
      "monthly_PRELIQ_Q": 90.9,
      "monthly_PE_Q": 92.2
    }
  }
}