{
  "years": {
    "2024": {
      "annual_PRENEI_Q": 21.7,
      "annual_PRELIQ_Q": 1269.3,
      "annual_PE_Q": 643.7
    }
  },
  "months": {
    "2024-01": {
      "monthly_PRENEI_Q": 3.2,
      "monthly_PRELIQ_Q": 67.5,
      "monthly_PE_Q": 56.0
    },
    "2024-02": {
      "monthly_PRENEI_Q": 0.0,
      "monthly_PRELIQ_Q": 85.3,
      "monthly_PE_Q": 65.0
    },
    "2024-03": {
      "monthly_PRENEI_Q": 0.0,
      "monthly_PRELIQ_Q": 123.2,
      "monthly_PE_Q": 89.1
    },
    "2024-04": {
      "monthly_PRENEI_Q": 0.5,
      "monthly_PRELIQ_Q": 111.3,
      "monthly_PE_Q": 49.900000000000006
    },
    "2024-05": {
      "monthly_PRENEI_Q": 0.0,
      "monthly_PRELIQ_Q": 147.3,
      "monthly_PE_Q": 66.0
    },
    "2024-06": {
      "monthly_PRENEI_Q": 0.0,
      "monthly_PRELIQ_Q": 104.60000000000001,
      "monthly_PE_Q": 2.099999999999996
    },
    "2024-07": {
      "monthly_PRENEI_Q": 0.0,
      "monthly_PRELIQ_Q": 69.7,
      "monthly_PE_Q": -42.400000000000006
    },
    "2024-08": {
      "monthly_PRENEI_Q": 0.0,
      "monthly_PRELIQ_Q": 92.0,
      "monthly_PE_Q": -14.599999999999998
    },
    "2024-09": {
      "monthly_PRENEI_Q": 0.0,
      "monthly_PRELIQ_Q": 126.2,
      "monthly_PE_Q": 71.60000000000001
    },
    "2024-10": {
      "monthly_PRENEI_Q": 0.0,
      "monthly_PRELIQ_Q": 197.1,
      "monthly_PE_Q": 165.6
    },
    "2024-11": {
      "monthly_PRENEI_Q": 7.8,
      "monthly_PRELIQ_Q": 63.199999999999996,
      "monthly_PE_Q": 52.1
    },
    "2024-12": {
      "monthly_PRENEI_Q": 10.2,
      "monthly_PRELIQ_Q": 81.89999999999999,
      "monthly_PE_Q": 83.3
    }
  }
}