{
  "years": {
    "2024": {
      "annual_PRENEI_Q": 14.7,
      "annual_PRELIQ_Q": 1124.8,
      "annual_PE_Q": 530.0
    }
  },
  "months": {
    "2024-01": {
      "monthly_PRENEI_Q": 2.6,
      "monthly_PRELIQ_Q": 88.4,
      "monthly_PE_Q": 79.6
    },
    "2024-02": {
      "monthly_PRENEI_Q": 0.1,
      "monthly_PRELIQ_Q": 91.8,
      "monthly_PE_Q": 76.1
    },
    "2024-03": {
      "monthly_PRENEI_Q": 0.6,
      "monthly_PRELIQ_Q": 90.1,
      "monthly_PE_Q": 64.1
    },
    "2024-04": {
      "monthly_PRENEI_Q": 1.2000000000000002,
      "monthly_PRELIQ_Q": 57.1,
      "monthly_PE_Q": -0.49999999999999956
    },
    "2024-05": {
      "monthly_PRENEI_Q": 0.0,
      "monthly_PRELIQ_Q": 151.0,
      "monthly_PE_Q": 73.6
    },
    "2024-06": {
      "monthly_PRENEI_Q": 0.0,
      "monthly_PRELIQ_Q": 134.5,
      "monthly_PE_Q": 34.60000000000001
    },
    "2024-07": {
      "monthly_PRENEI_Q": 0.0,
      "monthly_PRELIQ_Q": 74.9,
      "monthly_PE_Q": -31.1
    },
    "2024-08": {
      "monthly_PRENEI_Q": 0.0,
      "monthly_PRELIQ_Q": 77.7,
      "monthly_PE_Q": -29.3
    },
    "2024-09": {
      "monthly_PRENEI_Q": 0.0,
      "monthly_PRELIQ_Q": 122.39999999999999,
      "monthly_PE_Q": 72.0
    },
    "2024-10": {
      "monthly_PRENEI_Q": 0.0,
      "monthly_PRELIQ_Q": 81.1,
      "monthly_PE_Q": 50.4
    },
    "2024-11": {
      "monthly_PRENEI_Q": 8.999999999999998,
      "monthly_PRELIQ_Q": 67.19999999999999,
      "monthly_PE_Q": 61.800000000000004
    },
    "2024-12": {
      "monthly_PRENEI_Q": 1.2000000000000002,
      "monthly_PRELIQ_Q": 88.60000000000001,
      "monthly_PE_Q": 78.7
    }
  }
}