{
  "years": {
    "2024": {
      "annual_PRENEI_Q": 12.4,
      "annual_PRELIQ_Q": 1007.1,
      "annual_PE_Q": 431.1
    }
  },
  "months": {
    "2024-01": {
      "monthly_PRENEI_Q": 6.4,
      "monthly_PRELIQ_Q": 89.9,
      "monthly_PE_Q": 85.1
    },
    "2024-02": {
      "monthly_PRENEI_Q": 0.0,
      "monthly_PRELIQ_Q": 105.5,
      "monthly_PE_Q": 89.19999999999999
    },
    "2024-03": {
      "monthly_PRENEI_Q": 0.0,
      "monthly_PRELIQ_Q": 83.5,
      "monthly_PE_Q": 48.1
    },
    "2024-04": {
      "monthly_PRENEI_Q": 0.6000000000000001,
      "monthly_PRELIQ_Q": 59.699999999999996,
      "monthly_PE_Q": 0.19999999999999973
    },
    "2024-05": {
      "monthly_PRENEI_Q": 0.0,
      "monthly_PRELIQ_Q": 117.10000000000001,
      "monthly_PE_Q": 40.800000000000004
    },
    "2024-06": {
      "monthly_PRENEI_Q": 0.0,
      "monthly_PRELIQ_Q": 68.0,
      "monthly_PE_Q": -26.2
    },
    "2024-07": {
      "monthly_PRENEI_Q": 0.0,
      "monthly_PRELIQ_Q": 97.4,
      "monthly_PE_Q": 0.10000000000000142
    },
    "2024-08": {
      "monthly_PRENEI_Q": 0.0,
      "monthly_PRELIQ_Q": 85.5,
      "monthly_PE_Q": -4.500000000000002
    },
    "2024-09": {
      "monthly_PRENEI_Q": 0.0,
      "monthly_PRELIQ_Q": 94.6,
      "monthly_PE_Q": 44.0
    },
    "2024-10": {
      "monthly_PRENEI_Q": 0.0,
      "monthly_PRELIQ_Q": 77.89999999999999,
      "monthly_PE_Q": 45.3
    },
    "2024-11": {
      "monthly_PRENEI_Q": 1.2,
      "monthly_PRELIQ_Q": 61.8,
      "monthly_PE_Q": 48.0
    },
    "2024-12": {
      "monthly_PRENEI_Q": 4.2,
      "monthly_PRELIQ_Q": 66.2,
      "monthly_PE_Q": 61.0
    }
  }
}