{
  "years": {
    "2024": {
      "annual_PRENEI_Q": 0.30000000000000004,
      "annual_PRELIQ_Q": 956.4,
      "annual_PE_Q": 370.09999999999997
    }
  },
  "months": {
    "2024-01": {
      "monthly_PRENEI_Q": 0.30000000000000004,
      "monthly_PRELIQ_Q": 44.1,
      "monthly_PE_Q": 28.9
    },
    "2024-02": {
      "monthly_PRENEI_Q": 0.0,
      "monthly_PRELIQ_Q": 125.8,
      "monthly_PE_Q": 99.9
    },
    "2024-03": {
      "monthly_PRENEI_Q": 0.0,
      "monthly_PRELIQ_Q": 161.5,
      "monthly_PE_Q": 118.3
    },
    "2024-04": {
      "monthly_PRENEI_Q": 0.0,
      "monthly_PRELIQ_Q": 51.1,
      "monthly_PE_Q": -17.3
    },
    "2024-05": {
      "monthly_PRENEI_Q": 0.0,
      "monthly_PRELIQ_Q": 95.4,
      "monthly_PE_Q": 17.599999999999998
    },
    "2024-06": {
      "monthly_PRENEI_Q": 0.0,
      "monthly_PRELIQ_Q": 83.0,
      "monthly_PE_Q": -3.5999999999999996
    },
    "2024-07": {
      "monthly_PRENEI_Q": 0.0,
      "monthly_PRELIQ_Q": 27.8,
      "monthly_PE_Q": -50.5
    },
    "2024-08": {
      "monthly_PRENEI_Q": 0.0,
      "monthly_PRELIQ_Q": 37.900000000000006,
      "monthly_PE_Q": -0.7000000000000011
    },
    "2024-09": {
      "monthly_PRENEI_Q": 0.0,
      "monthly_PRELIQ_Q": 136.6,
      "monthly_PE_Q": 75.5
    },
    "2024-10": {
      "monthly_PRENEI_Q": 0.0,
      "monthly_PRELIQ_Q": 75.1,
      "monthly_PE_Q": 30.499999999999996
    },
    "2024-11": {
      "monthly_PRENEI_Q": 0.0,
      "monthly_PRELIQ_Q": 45.300000000000004,
      "monthly_PE_Q": 19.5
    },
    "2024-12": {
      "monthly_PRENEI_Q": 0.0,
      "monthly_PRELIQ_Q": 72.8,
      "monthly_PE_Q": 52.0
    }
  }
}