{
  "years": {
    "2024": {
      "annual_PRENEI_Q": 35.4,
      "annual_PRELIQ_Q": 1298.8,
      "annual_PE_Q": 661.2
    }
  },
  "months": {
    "2024-01": {
      "monthly_PRENEI_Q": 4.4,
      "monthly_PRELIQ_Q": 75.3,
      "monthly_PE_Q": 62.699999999999996
    },
    "2024-02": {
      "monthly_PRENEI_Q": 0.1,
      "monthly_PRELIQ_Q": 164.9,
      "monthly_PE_Q": 134.70000000000002
    },
    "2024-03": {
      "monthly_PRENEI_Q": 27.1,
      "monthly_PRELIQ_Q": 278.8,
      "monthly_PE_Q": 255.0
    },
    "2024-04": {
      "monthly_PRENEI_Q": 0.2,
      "monthly_PRELIQ_Q": 43.1,
      "monthly_PE_Q": -31.8
    },
    "2024-05": {
      "monthly_PRENEI_Q": 0.0,
      "monthly_PRELIQ_Q": 116.7,
      "monthly_PE_Q": 22.300000000000004
    },
    "2024-06": {
      "monthly_PRENEI_Q": 0.0,
      "monthly_PRELIQ_Q": 102.5,
      "monthly_PE_Q": -14.400000000000002
    },
    "2024-07": {
      "monthly_PRENEI_Q": 0.0,
      "monthly_PRELIQ_Q": 28.400000000000002,
      "monthly_PE_Q": -63.9
    },
    "2024-08": {
      "monthly_PRENEI_Q": 0.0,
      "monthly_PRELIQ_Q": 6.2,
      "monthly_PE_Q": -31.0
    },
    "2024-09": {
      "monthly_PRENEI_Q": 0.0,
      "monthly_PRELIQ_Q": 135.5,
      "monthly_PE_Q": 68.0
    },
    "2024-10": {
      "monthly_PRENEI_Q": 0.0,
      "monthly_PRELIQ_Q": 233.89999999999998,
      "monthly_PE_Q": 186.79999999999998
    },
    "2024-11": {
      "monthly_PRENEI_Q": 3.0,
      "monthly_PRELIQ_Q": 88.9,
      "monthly_PE_Q": 67.2
    },
    "2024-12": {
      "monthly_PRENEI_Q": 0.6,
      "monthly_PRELIQ_Q": 24.6,
      "monthly_PE_Q": 5.6000000000000005
    }
  }
}