{
  "years": {
    "2024": {
      "annual_PRENEI_Q": 29.8,
      "annual_PRELIQ_Q": 1178.2,
      "annual_PE_Q": 482.5
    }
  },
  "months": {
    "2024-01": {
      "monthly_PRENEI_Q": 5.3999999999999995,
      "monthly_PRELIQ_Q": 64.2,
      "monthly_PE_Q": 51.300000000000004
    },
    "2024-02": {
      "monthly_PRENEI_Q": 1.0,
      "monthly_PRELIQ_Q": 114.10000000000001,
      "monthly_PE_Q": 83.4
    },
    "2024-03": {
      "monthly_PRENEI_Q": 12.8,
      "monthly_PRELIQ_Q": 212.6,
      "monthly_PE_Q": 173.4
    },
    "2024-04": {
      "monthly_PRENEI_Q": 0.1,
      "monthly_PRELIQ_Q": 41.5,
      "monthly_PE_Q": -34.699999999999996
    },
    "2024-05": {
      "monthly_PRENEI_Q": 0.0,
      "monthly_PRELIQ_Q": 129.9,
      "monthly_PE_Q": 33.300000000000004
    },
    "2024-06": {
      "monthly_PRENEI_Q": 0.0,
      "monthly_PRELIQ_Q": 112.1,
      "monthly_PE_Q": -11.100000000000001
    },
    "2024-07": {
      "monthly_PRENEI_Q": 0.0,
      "monthly_PRELIQ_Q": 35.6,
      "monthly_PE_Q": -69.0
    },
    "2024-08": {
      "monthly_PRENEI_Q": 0.0,
      "monthly_PRELIQ_Q": 29.2,
      "monthly_PE_Q": -29.9
    },
    "2024-09": {
      "monthly_PRENEI_Q": 0.0,
      "monthly_PRELIQ_Q": 126.4,
      "monthly_PE_Q": 56.1
    },
    "2024-10": {
      "monthly_PRENEI_Q": 0.0,
      "monthly_PRELIQ_Q": 219.29999999999998,
      "monthly_PE_Q": 170.3
    },
    "2024-11": {
      "monthly_PRENEI_Q": 6.800000000000001,
      "monthly_PRELIQ_Q": 53.300000000000004,
      "monthly_PE_Q": 31.999999999999996
    },
    "2024-12": {
      "monthly_PRENEI_Q": 3.6999999999999997,
      "monthly_PRELIQ_Q": 40.0,
      "monthly_PE_Q": 27.400000000000002
    }
  }
}