{
  "years": {
    "2024": {
      "annual_PRENEI_Q": 111.2,
      "annual_PRELIQ_Q": 1225.6,
      "annual_PE_Q": 636.4
    }
  },
  "months": {
    "2024-01": {
      "monthly_PRENEI_Q": 21.7,
      "monthly_PRELIQ_Q": 75.7,
      "monthly_PE_Q": 86.7
    },
    "2024-02": {
      "monthly_PRENEI_Q": 7.6,
      "monthly_PRELIQ_Q": 104.7,
      "monthly_PE_Q": 89.0
    },
    "2024-03": {
      "monthly_PRENEI_Q": 39.4,
      "monthly_PRELIQ_Q": 161.89999999999998,
      "monthly_PE_Q": 160.5
    },
    "2024-04": {
      "monthly_PRENEI_Q": 1.7000000000000002,
      "monthly_PRELIQ_Q": 40.300000000000004,
      "monthly_PE_Q": -29.6
    },
    "2024-05": {
      "monthly_PRENEI_Q": 0.0,
      "monthly_PRELIQ_Q": 164.0,
      "monthly_PE_Q": 72.1
    },
    "2024-06": {
      "monthly_PRENEI_Q": 0.0,
      "monthly_PRELIQ_Q": 128.6,
      "monthly_PE_Q": 6.700000000000004
    },
    "2024-07": {
      "monthly_PRENEI_Q": 0.0,
      "monthly_PRELIQ_Q": 34.9,
      "monthly_PE_Q": -80.7
    },
    "2024-08": {
      "monthly_PRENEI_Q": 0.0,
      "monthly_PRELIQ_Q": 56.7,
      "monthly_PE_Q": -21.700000000000003
    },
    "2024-09": {
      "monthly_PRENEI_Q": 0.0,
      "monthly_PRELIQ_Q": 119.9,
      "monthly_PE_Q": 53.900000000000006
    },
    "2024-10": {
      "monthly_PRENEI_Q": 0.0,
      "monthly_PRELIQ_Q": 231.4,
      "monthly_PE_Q": 185.0
    },
    "2024-11": {
      "monthly_PRENEI_Q": 16.3,
      "monthly_PRELIQ_Q": 53.9,
      "monthly_PE_Q": 47.5
    },
    "2024-12": {
      "monthly_PRENEI_Q": 24.5,
      "monthly_PRELIQ_Q": 53.599999999999994,
      "monthly_PE_Q": 67.0
    }
  }
}