{
  "years": {
    "2024": {
      "annual_PRENEI_Q": 112.1,
      "annual_PRELIQ_Q": 1368.5,
      "annual_PE_Q": 747.1999999999999
    }
  },
  "months": {
    "2024-01": {
      "monthly_PRENEI_Q": 25.900000000000002,
      "monthly_PRELIQ_Q": 131.6,
      "monthly_PE_Q": 147.9
    },
    "2024-02": {
      "monthly_PRENEI_Q": 5.5,
      "monthly_PRELIQ_Q": 84.6,
      "monthly_PE_Q": 70.8
    },
    "2024-03": {
      "monthly_PRENEI_Q": 12.1,
      "monthly_PRELIQ_Q": 97.30000000000001,
      "monthly_PE_Q": 70.8
    },
    "2024-04": {
      "monthly_PRENEI_Q": 8.7,
      "monthly_PRELIQ_Q": 54.3,
      "monthly_PE_Q": -4.1000000000000005
    },
    "2024-05": {
      "monthly_PRENEI_Q": 0.6,
      "monthly_PRELIQ_Q": 173.8,
      "monthly_PE_Q": 79.8
    },
    "2024-06": {
      "monthly_PRENEI_Q": 0.0,
      "monthly_PRELIQ_Q": 152.9,
      "monthly_PE_Q": 35.300000000000004
    },
    "2024-07": {
      "monthly_PRENEI_Q": 0.0,
      "monthly_PRELIQ_Q": 86.0,
      "monthly_PE_Q": -61.2
    },
    "2024-08": {
      "monthly_PRENEI_Q": 0.0,
      "monthly_PRELIQ_Q": 64.7,
      "monthly_PE_Q": -27.1
    },
    "2024-09": {
      "monthly_PRENEI_Q": 0.0,
      "monthly_PRELIQ_Q": 167.0,
      "monthly_PE_Q": 99.8
    },
    "2024-10": {
      "monthly_PRENEI_Q": 0.0,
      "monthly_PRELIQ_Q": 184.3,
      "monthly_PE_Q": 138.79999999999998
    },
    "2024-11": {
      "monthly_PRENEI_Q": 1.0,
      "monthly_PRELIQ_Q": 77.9,
      "monthly_PE_Q": 54.599999999999994
    },
    "2024-12": {
      "monthly_PRENEI_Q": 58.3,
      "monthly_PRELIQ_Q": 94.1,
      "monthly_PE_Q": 141.8
    }
  }
}