{
  "years": {
    "2024": {
      "annual_PRENEI_Q": 76.6,
      "annual_PRELIQ_Q": 1404.3,
      "annual_PE_Q": 815.3
    }
  },
  "months": {
    "2024-01": {
      "monthly_PRENEI_Q": 11.0,
      "monthly_PRELIQ_Q": 118.10000000000001,
      "monthly_PE_Q": 118.2
    },
    "2024-02": {
      "monthly_PRENEI_Q": 0.5,
      "monthly_PRELIQ_Q": 71.5,
      "monthly_PE_Q": 53.9
    },
    "2024-03": {
      "monthly_PRENEI_Q": 6.6,
      "monthly_PRELIQ_Q": 93.1,
      "monthly_PE_Q": 61.400000000000006
    },
    "2024-04": {
      "monthly_PRENEI_Q": 1.1,
      "monthly_PRELIQ_Q": 77.4,
      "monthly_PE_Q": 15.200000000000003
    },
    "2024-05": {
      "monthly_PRENEI_Q": 0.0,
      "monthly_PRELIQ_Q": 198.9,
      "monthly_PE_Q": 116.89999999999999
    },
    "2024-06": {
      "monthly_PRENEI_Q": 0.0,
      "monthly_PRELIQ_Q": 142.3,
      "monthly_PE_Q": 34.800000000000004
    },
    "2024-07": {
      "monthly_PRENEI_Q": 0.0,
      "monthly_PRELIQ_Q": 88.9,
      "monthly_PE_Q": -38.6
    },
    "2024-08": {
      "monthly_PRENEI_Q": 0.0,
      "monthly_PRELIQ_Q": 67.6,
      "monthly_PE_Q": -30.099999999999998
    },
    "2024-09": {
      "monthly_PRENEI_Q": 0.0,
      "monthly_PRELIQ_Q": 233.9,
      "monthly_PE_Q": 176.3
    },
    "2024-10": {
      "monthly_PRENEI_Q": 0.0,
      "monthly_PRELIQ_Q": 155.3,
      "monthly_PE_Q": 122.0
    },
    "2024-11": {
      "monthly_PRENEI_Q": 1.8,
      "monthly_PRELIQ_Q": 48.5,
      "monthly_PE_Q": 30.400000000000002
    },
    "2024-12": {
      "monthly_PRENEI_Q": 55.6,
      "monthly_PRELIQ_Q": 108.8,
      "monthly_PE_Q": 154.9
    }
  }
}