{
  "years": {
    "2024": {
      "annual_PRENEI_Q": 0.30000000000000004,
      "annual_PRELIQ_Q": 952.1,
      "annual_PE_Q": 371.8
    }
  },
  "months": {
    "2024-01": {
      "monthly_PRENEI_Q": 0.30000000000000004,
      "monthly_PRELIQ_Q": 44.0,
      "monthly_PE_Q": 27.900000000000002
    },
    "2024-02": {
      "monthly_PRENEI_Q": 0.0,
      "monthly_PRELIQ_Q": 125.3,
      "monthly_PE_Q": 98.2
    },
    "2024-03": {
      "monthly_PRENEI_Q": 0.0,
      "monthly_PRELIQ_Q": 160.8,
      "monthly_PE_Q": 113.7
    },
    "2024-04": {
      "monthly_PRENEI_Q": 0.0,
      "monthly_PRELIQ_Q": 50.9,
      "monthly_PE_Q": -20.099999999999998
    },
    "2024-05": {
      "monthly_PRENEI_Q": 0.0,
      "monthly_PRELIQ_Q": 94.9,
      "monthly_PE_Q": 16.800000000000004
    },
    "2024-06": {
      "monthly_PRENEI_Q": 0.0,
      "monthly_PRELIQ_Q": 82.4,
      "monthly_PE_Q": 1.700000000000002
    },
    "2024-07": {
      "monthly_PRENEI_Q": 0.0,
      "monthly_PRELIQ_Q": 27.8,
      "monthly_PE_Q": -42.9
    },
    "2024-08": {
      "monthly_PRENEI_Q": 0.0,
      "monthly_PRELIQ_Q": 37.5,
      "monthly_PE_Q": 1.3000000000000016
    },
    "2024-09": {
      "monthly_PRENEI_Q": 0.0,
      "monthly_PRELIQ_Q": 135.8,
      "monthly_PE_Q": 76.30000000000001
    },
    "2024-10": {
      "monthly_PRENEI_Q": 0.0,
      "monthly_PRELIQ_Q": 75.0,
      "monthly_PE_Q": 27.7
    },
    "2024-11": {
      "monthly_PRENEI_Q": 0.0,
      "monthly_PRELIQ_Q": 45.300000000000004,
      "monthly_PE_Q": 18.400000000000002
    },
    "2024-12": {
      "monthly_PRENEI_Q": 0.0,
      "monthly_PRELIQ_Q": 72.4,
      "monthly_PE_Q": 52.8
    }
  }
}