{
  "years": {
    "2024": {
      "annual_PRENEI_Q": 100.2,
      "annual_PRELIQ_Q": 1703.3,
      "annual_PE_Q": 1078.9
    }
  },
  "months": {
    "2024-01": {
      "monthly_PRENEI_Q": 11.700000000000001,
      "monthly_PRELIQ_Q": 165.5,
      "monthly_PE_Q": 159.7
    },
    "2024-02": {
      "monthly_PRENEI_Q": 1.9000000000000001,
      "monthly_PRELIQ_Q": 114.7,
      "monthly_PE_Q": 90.8
    },
    "2024-03": {
      "monthly_PRENEI_Q": 9.100000000000001,
      "monthly_PRELIQ_Q": 105.0,
      "monthly_PE_Q": 71.6
    },
    "2024-04": {
      "monthly_PRENEI_Q": 12.9,
      "monthly_PRELIQ_Q": 132.2,
      "monthly_PE_Q": 78.4
    },
    "2024-05": {
      "monthly_PRENEI_Q": 0.0,
      "monthly_PRELIQ_Q": 223.1,
      "monthly_PE_Q": 139.0
    },
    "2024-06": {
      "monthly_PRENEI_Q": 0.0,
      "monthly_PRELIQ_Q": 155.8,
      "monthly_PE_Q": 44.4
    },
    "2024-07": {
      "monthly_PRENEI_Q": 0.0,
      "monthly_PRELIQ_Q": 89.4,
      "monthly_PE_Q": -41.7
    },
    "2024-08": {
      "monthly_PRENEI_Q": 0.0,
      "monthly_PRELIQ_Q": 118.10000000000001,
      "monthly_PE_Q": 11.300000000000002
    },
    "2024-09": {
      "monthly_PRENEI_Q": 0.0,
      "monthly_PRELIQ_Q": 201.70000000000002,
      "monthly_PE_Q": 136.8
    },
    "2024-10": {
      "monthly_PRENEI_Q": 0.0,
      "monthly_PRELIQ_Q": 183.1,
      "monthly_PE_Q": 144.5
    },
    "2024-11": {
      "monthly_PRENEI_Q": 10.4,
      "monthly_PRELIQ_Q": 92.9,
      "monthly_PE_Q": 81.60000000000001
    },
    "2024-12": {
      "monthly_PRENEI_Q": 54.199999999999996,
      "monthly_PRELIQ_Q": 121.80000000000001,
      "monthly_PE_Q": 162.5
    }
  }
}