{
  "years": {
    "2024": {
      "annual_PRENEI_Q": 103.10000000000001,
      "annual_PRELIQ_Q": 1675.6,
      "annual_PE_Q": 1122.7
    }
  },
  "months": {
    "2024-01": {
      "monthly_PRENEI_Q": 9.5,
      "monthly_PRELIQ_Q": 131.0,
      "monthly_PE_Q": 128.7
    },
    "2024-02": {
      "monthly_PRENEI_Q": 1.0,
      "monthly_PRELIQ_Q": 112.60000000000001,
      "monthly_PE_Q": 94.2
    },
    "2024-03": {
      "monthly_PRENEI_Q": 10.9,
      "monthly_PRELIQ_Q": 120.9,
      "monthly_PE_Q": 94.1
    },
    "2024-04": {
      "monthly_PRENEI_Q": 7.1,
      "monthly_PRELIQ_Q": 154.6,
      "monthly_PE_Q": 101.3
    },
    "2024-05": {
      "monthly_PRENEI_Q": 0.0,
      "monthly_PRELIQ_Q": 206.6,
      "monthly_PE_Q": 127.3
    },
    "2024-06": {
      "monthly_PRENEI_Q": 0.0,
      "monthly_PRELIQ_Q": 119.5,
      "monthly_PE_Q": 18.6
    },
    "2024-07": {
      "monthly_PRENEI_Q": 0.0,
      "monthly_PRELIQ_Q": 101.6,
      "monthly_PE_Q": -16.599999999999998
    },
    "2024-08": {
      "monthly_PRENEI_Q": 0.0,
      "monthly_PRELIQ_Q": 115.5,
      "monthly_PE_Q": 3.599999999999998
    },
    "2024-09": {
      "monthly_PRENEI_Q": 0.0,
      "monthly_PRELIQ_Q": 215.0,
      "monthly_PE_Q": 158.0
    },
    "2024-10": {
      "monthly_PRENEI_Q": 0.0,
      "monthly_PRELIQ_Q": 185.4,
      "monthly_PE_Q": 153.0
    },
    "2024-11": {
      "monthly_PRENEI_Q": 17.0,
      "monthly_PRELIQ_Q": 98.6,
      "monthly_PE_Q": 97.80000000000001
    },
    "2024-12": {
      "monthly_PRENEI_Q": 57.6,
      "monthly_PRELIQ_Q": 114.30000000000001,
      "monthly_PE_Q": 162.70000000000002
    }
  }
}