{
  "years": {
    "2024": {
      "annual_PRENEI_Q": 26.5,
      "annual_PRELIQ_Q": 1177.7,
      "annual_PE_Q": 577.8
    }
  },
  "months": {
    "2024-01": {
      "monthly_PRENEI_Q": 1.7999999999999998,
      "monthly_PRELIQ_Q": 70.5,
      "monthly_PE_Q": 61.599999999999994
    },
    "2024-02": {
      "monthly_PRENEI_Q": 0.0,
      "monthly_PRELIQ_Q": 89.3,
      "monthly_PE_Q": 74.10000000000001
    },
    "2024-03": {
      "monthly_PRENEI_Q": 0.0,
      "monthly_PRELIQ_Q": 109.5,
      "monthly_PE_Q": 77.69999999999999
    },
    "2024-04": {
      "monthly_PRENEI_Q": 0.8,
      "monthly_PRELIQ_Q": 87.5,
      "monthly_PE_Q": 28.0
    },
    "2024-05": {
      "monthly_PRENEI_Q": 0.0,
      "monthly_PRELIQ_Q": 148.0,
      "monthly_PE_Q": 69.7
    },
    "2024-06": {
      "monthly_PRENEI_Q": 0.0,
      "monthly_PRELIQ_Q": 127.9,
      "monthly_PE_Q": 21.299999999999997
    },
    "2024-07": {
      "monthly_PRENEI_Q": 0.0,
      "monthly_PRELIQ_Q": 69.3,
      "monthly_PE_Q": -41.7
    },
    "2024-08": {
      "monthly_PRENEI_Q": 0.0,
      "monthly_PRELIQ_Q": 80.4,
      "monthly_PE_Q": -21.700000000000003
    },
    "2024-09": {
      "monthly_PRENEI_Q": 0.0,
      "monthly_PRELIQ_Q": 120.5,
      "monthly_PE_Q": 67.9
    },
    "2024-10": {
      "monthly_PRENEI_Q": 0.0,
      "monthly_PRELIQ_Q": 149.0,
      "monthly_PE_Q": 117.9
    },
    "2024-11": {
      "monthly_PRENEI_Q": 14.1,
      "monthly_PRELIQ_Q": 55.599999999999994,
      "monthly_PE_Q": 54.199999999999996
    },
    "2024-12": {
      "monthly_PRENEI_Q": 9.799999999999999,
      "monthly_PRELIQ_Q": 70.2,
      "monthly_PE_Q": 68.8
    }
  }
}