{
  "years": {
    "2024": {
      "annual_PRENEI_Q": 14.799999999999999,
      "annual_PRELIQ_Q": 1149.9,
      "annual_PE_Q": 570.7
    }
  },
  "months": {
    "2024-01": {
      "monthly_PRENEI_Q": 0.30000000000000004,
      "monthly_PRELIQ_Q": 55.1,
      "monthly_PE_Q": 47.6
    },
    "2024-02": {
      "monthly_PRENEI_Q": 0.2,
      "monthly_PRELIQ_Q": 72.6,
      "monthly_PE_Q": 60.2
    },
    "2024-03": {
      "monthly_PRENEI_Q": 0.0,
      "monthly_PRELIQ_Q": 106.3,
      "monthly_PE_Q": 76.2
    },
    "2024-04": {
      "monthly_PRENEI_Q": 0.0,
      "monthly_PRELIQ_Q": 75.1,
      "monthly_PE_Q": 13.8
    },
    "2024-05": {
      "monthly_PRENEI_Q": 0.0,
      "monthly_PRELIQ_Q": 154.3,
      "monthly_PE_Q": 79.80000000000001
    },
    "2024-06": {
      "monthly_PRENEI_Q": 0.0,
      "monthly_PRELIQ_Q": 130.39999999999998,
      "monthly_PE_Q": 34.800000000000004
    },
    "2024-07": {
      "monthly_PRENEI_Q": 0.0,
      "monthly_PRELIQ_Q": 73.2,
      "monthly_PE_Q": -30.4
    },
    "2024-08": {
      "monthly_PRENEI_Q": 0.0,
      "monthly_PRELIQ_Q": 79.0,
      "monthly_PE_Q": -19.999999999999996
    },
    "2024-09": {
      "monthly_PRENEI_Q": 0.0,
      "monthly_PRELIQ_Q": 143.2,
      "monthly_PE_Q": 91.7
    },
    "2024-10": {
      "monthly_PRENEI_Q": 0.0,
      "monthly_PRELIQ_Q": 145.0,
      "monthly_PE_Q": 114.2
    },
    "2024-11": {
      "monthly_PRENEI_Q": 9.1,
      "monthly_PRELIQ_Q": 49.199999999999996,
      "monthly_PE_Q": 41.0
    },
    "2024-12": {
      "monthly_PRENEI_Q": 5.199999999999999,
      "monthly_PRELIQ_Q": 66.5,
      "monthly_PE_Q": 61.8
    }
  }
}