{
  "years": {
    "2024": {
      "annual_PRENEI_Q": 7.1,
      "annual_PRELIQ_Q": 1064.1,
      "annual_PE_Q": 447.4
    }
  },
  "months": {
    "2024-01": {
      "monthly_PRENEI_Q": 0.7,
      "monthly_PRELIQ_Q": 58.5,
      "monthly_PE_Q": 48.5
    },
    "2024-02": {
      "monthly_PRENEI_Q": 0.0,
      "monthly_PRELIQ_Q": 73.5,
      "monthly_PE_Q": 59.900000000000006
    },
    "2024-03": {
      "monthly_PRENEI_Q": 0.39999999999999997,
      "monthly_PRELIQ_Q": 97.0,
      "monthly_PE_Q": 67.5
    },
    "2024-04": {
      "monthly_PRENEI_Q": 0.0,
      "monthly_PRELIQ_Q": 66.3,
      "monthly_PE_Q": 4.199999999999999
    },
    "2024-05": {
      "monthly_PRENEI_Q": 0.0,
      "monthly_PRELIQ_Q": 144.4,
      "monthly_PE_Q": 64.89999999999999
    },
    "2024-06": {
      "monthly_PRENEI_Q": 0.0,
      "monthly_PRELIQ_Q": 128.0,
      "monthly_PE_Q": 24.400000000000002
    },
    "2024-07": {
      "monthly_PRENEI_Q": 0.0,
      "monthly_PRELIQ_Q": 94.10000000000001,
      "monthly_PE_Q": -21.500000000000004
    },
    "2024-08": {
      "monthly_PRENEI_Q": 0.0,
      "monthly_PRELIQ_Q": 56.2,
      "monthly_PE_Q": -48.3
    },
    "2024-09": {
      "monthly_PRENEI_Q": 0.0,
      "monthly_PRELIQ_Q": 111.7,
      "monthly_PE_Q": 60.0
    },
    "2024-10": {
      "monthly_PRENEI_Q": 0.0,
      "monthly_PRELIQ_Q": 120.2,
      "monthly_PE_Q": 91.39999999999999
    },
    "2024-11": {
      "monthly_PRENEI_Q": 1.4,
      "monthly_PRELIQ_Q": 50.699999999999996,
      "monthly_PE_Q": 37.2
    },
    "2024-12": {
      "monthly_PRENEI_Q": 4.6,
      "monthly_PRELIQ_Q": 63.5,
      "monthly_PE_Q": 59.2
    }
  }
}