{
  "years": {
    "2024": {
      "annual_PRENEI_Q": 6.6000000000000005,
      "annual_PRELIQ_Q": 1055.4,
      "annual_PE_Q": 434.9
    }
  },
  "months": {
    "2024-01": {
      "monthly_PRENEI_Q": 0.7,
      "monthly_PRELIQ_Q": 58.1,
      "monthly_PE_Q": 47.6
    },
    "2024-02": {
      "monthly_PRENEI_Q": 0.0,
      "monthly_PRELIQ_Q": 72.9,
      "monthly_PE_Q": 58.6
    },
    "2024-03": {
      "monthly_PRENEI_Q": 0.39999999999999997,
      "monthly_PRELIQ_Q": 96.2,
      "monthly_PE_Q": 66.60000000000001
    },
    "2024-04": {
      "monthly_PRENEI_Q": 0.0,
      "monthly_PRELIQ_Q": 65.7,
      "monthly_PE_Q": 3.4000000000000004
    },
    "2024-05": {
      "monthly_PRENEI_Q": 0.0,
      "monthly_PRELIQ_Q": 143.1,
      "monthly_PE_Q": 63.6
    },
    "2024-06": {
      "monthly_PRENEI_Q": 0.0,
      "monthly_PRELIQ_Q": 126.8,
      "monthly_PE_Q": 23.5
    },
    "2024-07": {
      "monthly_PRENEI_Q": 0.0,
      "monthly_PRELIQ_Q": 93.2,
      "monthly_PE_Q": -23.099999999999998
    },
    "2024-08": {
      "monthly_PRENEI_Q": 0.0,
      "monthly_PRELIQ_Q": 55.7,
      "monthly_PE_Q": -47.5
    },
    "2024-09": {
      "monthly_PRENEI_Q": 0.0,
      "monthly_PRELIQ_Q": 110.60000000000001,
      "monthly_PE_Q": 58.3
    },
    "2024-10": {
      "monthly_PRENEI_Q": 0.0,
      "monthly_PRELIQ_Q": 119.10000000000001,
      "monthly_PE_Q": 89.7
    },
    "2024-11": {
      "monthly_PRENEI_Q": 1.3,
      "monthly_PRELIQ_Q": 50.5,
      "monthly_PE_Q": 36.5
    },
    "2024-12": {
      "monthly_PRENEI_Q": 4.2,
      "monthly_PRELIQ_Q": 63.49999999999999,
      "monthly_PE_Q": 57.7
    }
  }
}