{
  "years": {
    "2024": {
      "annual_PRENEI_Q": 74.6,
      "annual_PRELIQ_Q": 1149.2,
      "annual_PE_Q": 507.0
    }
  },
  "months": {
    "2024-01": {
      "monthly_PRENEI_Q": 6.2,
      "monthly_PRELIQ_Q": 64.3,
      "monthly_PE_Q": 52.9
    },
    "2024-02": {
      "monthly_PRENEI_Q": 6.1000000000000005,
      "monthly_PRELIQ_Q": 110.5,
      "monthly_PE_Q": 86.19999999999999
    },
    "2024-03": {
      "monthly_PRENEI_Q": 44.5,
      "monthly_PRELIQ_Q": 183.8,
      "monthly_PE_Q": 181.0
    },
    "2024-04": {
      "monthly_PRENEI_Q": 0.4,
      "monthly_PRELIQ_Q": 41.8,
      "monthly_PE_Q": -34.1
    },
    "2024-05": {
      "monthly_PRENEI_Q": 0.0,
      "monthly_PRELIQ_Q": 131.6,
      "monthly_PE_Q": 34.6
    },
    "2024-06": {
      "monthly_PRENEI_Q": 0.0,
      "monthly_PRELIQ_Q": 113.4,
      "monthly_PE_Q": -11.1
    },
    "2024-07": {
      "monthly_PRENEI_Q": 0.0,
      "monthly_PRELIQ_Q": 36.1,
      "monthly_PE_Q": -67.9
    },
    "2024-08": {
      "monthly_PRENEI_Q": 0.0,
      "monthly_PRELIQ_Q": 29.799999999999997,
      "monthly_PE_Q": -29.1
    },
    "2024-09": {
      "monthly_PRENEI_Q": 0.0,
      "monthly_PRELIQ_Q": 127.89999999999999,
      "monthly_PE_Q": 57.49999999999999
    },
    "2024-10": {
      "monthly_PRENEI_Q": 0.0,
      "monthly_PRELIQ_Q": 222.5,
      "monthly_PE_Q": 173.8
    },
    "2024-11": {
      "monthly_PRENEI_Q": 10.0,
      "monthly_PRELIQ_Q": 50.800000000000004,
      "monthly_PE_Q": 34.2
    },
    "2024-12": {
      "monthly_PRENEI_Q": 7.3999999999999995,
      "monthly_PRELIQ_Q": 36.7,
      "monthly_PE_Q": 29.0
    }
  }
}