{
  "years": {
    "2024": {
      "annual_PRENEI_Q": 13.3,
      "annual_PRELIQ_Q": 1155.1,
      "annual_PE_Q": 450.2
    }
  },
  "months": {
    "2024-01": {
      "monthly_PRENEI_Q": 4.300000000000001,
      "monthly_PRELIQ_Q": 62.800000000000004,
      "monthly_PE_Q": 48.0
    },
    "2024-02": {
      "monthly_PRENEI_Q": 0.0,
      "monthly_PRELIQ_Q": 111.3,
      "monthly_PE_Q": 78.2
    },
    "2024-03": {
      "monthly_PRENEI_Q": 2.8000000000000003,
      "monthly_PRELIQ_Q": 214.9,
      "monthly_PE_Q": 163.0
    },
    "2024-04": {
      "monthly_PRENEI_Q": 0.0,
      "monthly_PRELIQ_Q": 40.199999999999996,
      "monthly_PE_Q": -36.699999999999996
    },
    "2024-05": {
      "monthly_PRENEI_Q": 0.0,
      "monthly_PRELIQ_Q": 125.7,
      "monthly_PE_Q": 30.4
    },
    "2024-06": {
      "monthly_PRENEI_Q": 0.0,
      "monthly_PRELIQ_Q": 108.6,
      "monthly_PE_Q": -11.1
    },
    "2024-07": {
      "monthly_PRENEI_Q": 0.0,
      "monthly_PRELIQ_Q": 34.5,
      "monthly_PE_Q": -63.6
    },
    "2024-08": {
      "monthly_PRENEI_Q": 0.0,
      "monthly_PRELIQ_Q": 28.3,
      "monthly_PE_Q": -28.4
    },
    "2024-09": {
      "monthly_PRENEI_Q": 0.0,
      "monthly_PRELIQ_Q": 122.39999999999999,
      "monthly_PE_Q": 53.4
    },
    "2024-10": {
      "monthly_PRENEI_Q": 0.0,
      "monthly_PRELIQ_Q": 212.3,
      "monthly_PE_Q": 163.2
    },
    "2024-11": {
      "monthly_PRENEI_Q": 4.2,
      "monthly_PRELIQ_Q": 54.1,
      "monthly_PE_Q": 29.2
    },
    "2024-12": {
      "monthly_PRENEI_Q": 2.0,
      "monthly_PRELIQ_Q": 40.0,
      "monthly_PE_Q": 24.599999999999998
    }
  }
}