{
  "years": {
    "2024": {
      "annual_PRENEI_Q": 196.9,
      "annual_PRELIQ_Q": 1214.5,
      "annual_PE_Q": 741.4
    }
  },
  "months": {
    "2024-01": {
      "monthly_PRENEI_Q": 32.3,
      "monthly_PRELIQ_Q": 70.8,
      "monthly_PE_Q": 96.5
    },
    "2024-02": {
      "monthly_PRENEI_Q": 26.7,
      "monthly_PRELIQ_Q": 91.8,
      "monthly_PE_Q": 103.3
    },
    "2024-03": {
      "monthly_PRENEI_Q": 70.3,
      "monthly_PRELIQ_Q": 142.5,
      "monthly_PE_Q": 185.2
    },
    "2024-04": {
      "monthly_PRENEI_Q": 4.1,
      "monthly_PRELIQ_Q": 40.3,
      "monthly_PE_Q": -20.599999999999998
    },
    "2024-05": {
      "monthly_PRENEI_Q": 1.8,
      "monthly_PRELIQ_Q": 170.9,
      "monthly_PE_Q": 81.1
    },
    "2024-06": {
      "monthly_PRENEI_Q": 0.0,
      "monthly_PRELIQ_Q": 135.70000000000002,
      "monthly_PE_Q": 12.500000000000002
    },
    "2024-07": {
      "monthly_PRENEI_Q": 0.0,
      "monthly_PRELIQ_Q": 36.699999999999996,
      "monthly_PE_Q": -82.4
    },
    "2024-08": {
      "monthly_PRENEI_Q": 0.0,
      "monthly_PRELIQ_Q": 59.9,
      "monthly_PE_Q": -18.799999999999997
    },
    "2024-09": {
      "monthly_PRENEI_Q": 0.0,
      "monthly_PRELIQ_Q": 126.9,
      "monthly_PE_Q": 58.699999999999996
    },
    "2024-10": {
      "monthly_PRENEI_Q": 0.0,
      "monthly_PRELIQ_Q": 244.3,
      "monthly_PE_Q": 197.1
    },
    "2024-11": {
      "monthly_PRENEI_Q": 23.3,
      "monthly_PRELIQ_Q": 50.900000000000006,
      "monthly_PE_Q": 54.1
    },
    "2024-12": {
      "monthly_PRENEI_Q": 38.4,
      "monthly_PRELIQ_Q": 43.8,
      "monthly_PE_Q": 74.7
    }
  }
}