{
  "years": {
    "2024": {
      "annual_PRENEI_Q": 383.3,
      "annual_PRELIQ_Q": 1162.5,
      "annual_PE_Q": 940.6999999999999
    }
  },
  "months": {
    "2024-01": {
      "monthly_PRENEI_Q": 56.9,
      "monthly_PRELIQ_Q": 56.0,
      "monthly_PE_Q": 110.5
    },
    "2024-02": {
      "monthly_PRENEI_Q": 67.3,
      "monthly_PRELIQ_Q": 62.6,
      "monthly_PE_Q": 123.5
    },
    "2024-03": {
      "monthly_PRENEI_Q": 129.4,
      "monthly_PRELIQ_Q": 103.5,
      "monthly_PE_Q": 219.4
    },
    "2024-04": {
      "monthly_PRENEI_Q": 13.1,
      "monthly_PRELIQ_Q": 35.8,
      "monthly_PE_Q": 5.8999999999999995
    },
    "2024-05": {
      "monthly_PRENEI_Q": 13.3,
      "monthly_PRELIQ_Q": 175.7,
      "monthly_PE_Q": 104.2
    },
    "2024-06": {
      "monthly_PRENEI_Q": 0.0,
      "monthly_PRELIQ_Q": 148.6,
      "monthly_PE_Q": 26.6
    },
    "2024-07": {
      "monthly_PRENEI_Q": 0.0,
      "monthly_PRELIQ_Q": 40.3,
      "monthly_PE_Q": -79.4
    },
    "2024-08": {
      "monthly_PRENEI_Q": 0.0,
      "monthly_PRELIQ_Q": 65.60000000000001,
      "monthly_PE_Q": -12.4
    },
    "2024-09": {
      "monthly_PRENEI_Q": 0.30000000000000004,
      "monthly_PRELIQ_Q": 138.5,
      "monthly_PE_Q": 70.5
    },
    "2024-10": {
      "monthly_PRENEI_Q": 0.0,
      "monthly_PRELIQ_Q": 267.7,
      "monthly_PE_Q": 220.10000000000002
    },
    "2024-11": {
      "monthly_PRENEI_Q": 40.1,
      "monthly_PRELIQ_Q": 41.0,
      "monthly_PE_Q": 65.39999999999999
    },
    "2024-12": {
      "monthly_PRENEI_Q": 62.9,
      "monthly_PRELIQ_Q": 27.2,
      "monthly_PE_Q": 86.39999999999999
    }
  }
}