{
  "years": {
    "2024": {
      "annual_PRENEI_Q": 414.6,
      "annual_PRELIQ_Q": 1130.1,
      "annual_PE_Q": 941.1
    }
  },
  "months": {
    "2024-01": {
      "monthly_PRENEI_Q": 62.1,
      "monthly_PRELIQ_Q": 50.699999999999996,
      "monthly_PE_Q": 109.3
    },
    "2024-02": {
      "monthly_PRENEI_Q": 71.8,
      "monthly_PRELIQ_Q": 57.9,
      "monthly_PE_Q": 120.1
    },
    "2024-03": {
      "monthly_PRENEI_Q": 133.0,
      "monthly_PRELIQ_Q": 99.7,
      "monthly_PE_Q": 215.4
    },
    "2024-04": {
      "monthly_PRENEI_Q": 16.6,
      "monthly_PRELIQ_Q": 32.1,
      "monthly_PE_Q": 6.900000000000001
    },
    "2024-05": {
      "monthly_PRENEI_Q": 24.8,
      "monthly_PRELIQ_Q": 164.1,
      "monthly_PE_Q": 111.19999999999999
    },
    "2024-06": {
      "monthly_PRENEI_Q": 0.5,
      "monthly_PRELIQ_Q": 148.0,
      "monthly_PE_Q": 28.4
    },
    "2024-07": {
      "monthly_PRENEI_Q": 0.0,
      "monthly_PRELIQ_Q": 40.1,
      "monthly_PE_Q": -78.60000000000001
    },
    "2024-08": {
      "monthly_PRENEI_Q": 0.0,
      "monthly_PRELIQ_Q": 65.60000000000001,
      "monthly_PE_Q": -13.0
    },
    "2024-09": {
      "monthly_PRENEI_Q": 0.7000000000000001,
      "monthly_PRELIQ_Q": 138.1,
      "monthly_PE_Q": 71.4
    },
    "2024-10": {
      "monthly_PRENEI_Q": 0.0,
      "monthly_PRELIQ_Q": 267.8,
      "monthly_PE_Q": 220.3
    },
    "2024-11": {
      "monthly_PRENEI_Q": 42.800000000000004,
      "monthly_PRELIQ_Q": 38.2,
      "monthly_PE_Q": 64.6
    },
    "2024-12": {
      "monthly_PRENEI_Q": 62.300000000000004,
      "monthly_PRELIQ_Q": 27.799999999999997,
      "monthly_PE_Q": 85.10000000000001
    }
  }
}