{
  "years": {
    "2024": {
      "annual_PRENEI_Q": 292.2,
      "annual_PRELIQ_Q": 1415.0,
      "annual_PE_Q": 1021.9
    }
  },
  "months": {
    "2024-01": {
      "monthly_PRENEI_Q": 62.2,
      "monthly_PRELIQ_Q": 119.7,
      "monthly_PE_Q": 175.9
    },
    "2024-02": {
      "monthly_PRENEI_Q": 27.7,
      "monthly_PRELIQ_Q": 76.3,
      "monthly_PE_Q": 91.6
    },
    "2024-03": {
      "monthly_PRENEI_Q": 42.1,
      "monthly_PRELIQ_Q": 84.4,
      "monthly_PE_Q": 97.8
    },
    "2024-04": {
      "monthly_PRENEI_Q": 30.2,
      "monthly_PRELIQ_Q": 42.3,
      "monthly_PE_Q": 20.200000000000003
    },
    "2024-05": {
      "monthly_PRENEI_Q": 9.399999999999999,
      "monthly_PRELIQ_Q": 191.2,
      "monthly_PE_Q": 113.0
    },
    "2024-06": {
      "monthly_PRENEI_Q": 0.0,
      "monthly_PRELIQ_Q": 175.79999999999998,
      "monthly_PE_Q": 61.39999999999999
    },
    "2024-07": {
      "monthly_PRENEI_Q": 0.0,
      "monthly_PRELIQ_Q": 99.3,
      "monthly_PE_Q": -46.0
    },
    "2024-08": {
      "monthly_PRENEI_Q": 0.0,
      "monthly_PRELIQ_Q": 74.3,
      "monthly_PE_Q": -20.700000000000003
    },
    "2024-09": {
      "monthly_PRENEI_Q": 0.6000000000000001,
      "monthly_PRELIQ_Q": 191.6,
      "monthly_PE_Q": 125.69999999999999
    },
    "2024-10": {
      "monthly_PRENEI_Q": 0.1,
      "monthly_PRELIQ_Q": 212.2,
      "monthly_PE_Q": 164.29999999999998
    },
    "2024-11": {
      "monthly_PRENEI_Q": 18.5,
      "monthly_PRELIQ_Q": 72.8,
      "monthly_PE_Q": 69.2
    },
    "2024-12": {
      "monthly_PRENEI_Q": 101.39999999999999,
      "monthly_PRELIQ_Q": 75.10000000000001,
      "monthly_PE_Q": 169.5
    }
  }
}