{
  "years": {
    "2024": {
      "annual_PRENEI_Q": 34.9,
      "annual_PRELIQ_Q": 1206.3,
      "annual_PE_Q": 594.5
    }
  },
  "months": {
    "2024-01": {
      "monthly_PRENEI_Q": 16.400000000000002,
      "monthly_PRELIQ_Q": 111.5,
      "monthly_PE_Q": 117.3
    },
    "2024-02": {
      "monthly_PRENEI_Q": 0.0,
      "monthly_PRELIQ_Q": 81.4,
      "monthly_PE_Q": 62.800000000000004
    },
    "2024-03": {
      "monthly_PRENEI_Q": 0.7,
      "monthly_PRELIQ_Q": 76.1,
      "monthly_PE_Q": 38.9
    },
    "2024-04": {
      "monthly_PRENEI_Q": 0.4,
      "monthly_PRELIQ_Q": 59.6,
      "monthly_PE_Q": -2.8000000000000007
    },
    "2024-05": {
      "monthly_PRENEI_Q": 0.0,
      "monthly_PRELIQ_Q": 156.5,
      "monthly_PE_Q": 71.9
    },
    "2024-06": {
      "monthly_PRENEI_Q": 0.0,
      "monthly_PRELIQ_Q": 126.2,
      "monthly_PE_Q": 19.1
    },
    "2024-07": {
      "monthly_PRENEI_Q": 0.0,
      "monthly_PRELIQ_Q": 63.6,
      "monthly_PE_Q": -59.699999999999996
    },
    "2024-08": {
      "monthly_PRENEI_Q": 0.0,
      "monthly_PRELIQ_Q": 57.4,
      "monthly_PE_Q": -31.299999999999997
    },
    "2024-09": {
      "monthly_PRENEI_Q": 0.0,
      "monthly_PRELIQ_Q": 177.9,
      "monthly_PE_Q": 123.5
    },
    "2024-10": {
      "monthly_PRENEI_Q": 0.0,
      "monthly_PRELIQ_Q": 142.2,
      "monthly_PE_Q": 110.9
    },
    "2024-11": {
      "monthly_PRENEI_Q": 4.3,
      "monthly_PRELIQ_Q": 61.800000000000004,
      "monthly_PE_Q": 48.5
    },
    "2024-12": {
      "monthly_PRENEI_Q": 13.1,
      "monthly_PRELIQ_Q": 92.1,
      "monthly_PE_Q": 95.39999999999999
    }
  }
}