{
  "years": {
    "2024": {
      "annual_PRENEI_Q": 28.5,
      "annual_PRELIQ_Q": 1185.7,
      "annual_PE_Q": 568.3
    }
  },
  "months": {
    "2024-01": {
      "monthly_PRENEI_Q": 14.0,
      "monthly_PRELIQ_Q": 111.2,
      "monthly_PE_Q": 114.39999999999999
    },
    "2024-02": {
      "monthly_PRENEI_Q": 0.0,
      "monthly_PRELIQ_Q": 79.5,
      "monthly_PE_Q": 60.699999999999996
    },
    "2024-03": {
      "monthly_PRENEI_Q": 0.7,
      "monthly_PRELIQ_Q": 74.4,
      "monthly_PE_Q": 37.3
    },
    "2024-04": {
      "monthly_PRENEI_Q": 0.3,
      "monthly_PRELIQ_Q": 58.4,
      "monthly_PE_Q": -4.3999999999999995
    },
    "2024-05": {
      "monthly_PRENEI_Q": 0.0,
      "monthly_PRELIQ_Q": 152.9,
      "monthly_PE_Q": 68.3
    },
    "2024-06": {
      "monthly_PRENEI_Q": 0.0,
      "monthly_PRELIQ_Q": 123.5,
      "monthly_PE_Q": 16.3
    },
    "2024-07": {
      "monthly_PRENEI_Q": 0.0,
      "monthly_PRELIQ_Q": 62.0,
      "monthly_PE_Q": -60.400000000000006
    },
    "2024-08": {
      "monthly_PRENEI_Q": 0.0,
      "monthly_PRELIQ_Q": 56.1,
      "monthly_PE_Q": -30.300000000000004
    },
    "2024-09": {
      "monthly_PRENEI_Q": 0.0,
      "monthly_PRELIQ_Q": 174.0,
      "monthly_PE_Q": 119.0
    },
    "2024-10": {
      "monthly_PRENEI_Q": 0.0,
      "monthly_PRELIQ_Q": 139.3,
      "monthly_PE_Q": 107.6
    },
    "2024-11": {
      "monthly_PRENEI_Q": 3.3,
      "monthly_PRELIQ_Q": 61.50000000000001,
      "monthly_PE_Q": 46.800000000000004
    },
    "2024-12": {
      "monthly_PRENEI_Q": 10.2,
      "monthly_PRELIQ_Q": 92.9,
      "monthly_PE_Q": 93.0
    }
  }
}