{
  "years": {
    "2024": {
      "annual_PRENEI_Q": 38.3,
      "annual_PRELIQ_Q": 1148.2,
      "annual_PE_Q": 464.8
    }
  },
  "months": {
    "2024-01": {
      "monthly_PRENEI_Q": 14.799999999999999,
      "monthly_PRELIQ_Q": 96.4,
      "monthly_PE_Q": 94.89999999999999
    },
    "2024-02": {
      "monthly_PRENEI_Q": 0.0,
      "monthly_PRELIQ_Q": 58.8,
      "monthly_PE_Q": 33.300000000000004
    },
    "2024-03": {
      "monthly_PRENEI_Q": 0.0,
      "monthly_PRELIQ_Q": 67.1,
      "monthly_PE_Q": 24.7
    },
    "2024-04": {
      "monthly_PRENEI_Q": 0.1,
      "monthly_PRELIQ_Q": 54.699999999999996,
      "monthly_PE_Q": -12.299999999999999
    },
    "2024-05": {
      "monthly_PRENEI_Q": 0.0,
      "monthly_PRELIQ_Q": 161.8,
      "monthly_PE_Q": 71.10000000000001
    },
    "2024-06": {
      "monthly_PRENEI_Q": 0.0,
      "monthly_PRELIQ_Q": 120.9,
      "monthly_PE_Q": -0.09999999999999831
    },
    "2024-07": {
      "monthly_PRENEI_Q": 0.0,
      "monthly_PRELIQ_Q": 72.6,
      "monthly_PE_Q": -62.8
    },
    "2024-08": {
      "monthly_PRENEI_Q": 0.0,
      "monthly_PRELIQ_Q": 70.5,
      "monthly_PE_Q": -25.9
    },
    "2024-09": {
      "monthly_PRENEI_Q": 0.0,
      "monthly_PRELIQ_Q": 166.4,
      "monthly_PE_Q": 105.1
    },
    "2024-10": {
      "monthly_PRENEI_Q": 0.0,
      "monthly_PRELIQ_Q": 136.8,
      "monthly_PE_Q": 103.10000000000001
    },
    "2024-11": {
      "monthly_PRENEI_Q": 7.6000000000000005,
      "monthly_PRELIQ_Q": 58.2,
      "monthly_PE_Q": 46.6
    },
    "2024-12": {
      "monthly_PRENEI_Q": 15.8,
      "monthly_PRELIQ_Q": 84.0,
      "monthly_PE_Q": 87.10000000000001
    }
  }
}