{
  "years": {
    "2024": {
      "annual_PRENEI_Q": 339.1,
      "annual_PRELIQ_Q": 1759.7,
      "annual_PE_Q": 1372.9
    }
  },
  "months": {
    "2024-01": {
      "monthly_PRENEI_Q": 31.0,
      "monthly_PRELIQ_Q": 174.4,
      "monthly_PE_Q": 194.70000000000002
    },
    "2024-02": {
      "monthly_PRENEI_Q": 23.700000000000003,
      "monthly_PRELIQ_Q": 111.5,
      "monthly_PE_Q": 112.5
    },
    "2024-03": {
      "monthly_PRENEI_Q": 56.8,
      "monthly_PRELIQ_Q": 75.8,
      "monthly_PE_Q": 97.4
    },
    "2024-04": {
      "monthly_PRENEI_Q": 66.7,
      "monthly_PRELIQ_Q": 102.10000000000001,
      "monthly_PE_Q": 110.6
    },
    "2024-05": {
      "monthly_PRENEI_Q": 0.0,
      "monthly_PRELIQ_Q": 260.0,
      "monthly_PE_Q": 176.2
    },
    "2024-06": {
      "monthly_PRENEI_Q": 0.0,
      "monthly_PRELIQ_Q": 181.6,
      "monthly_PE_Q": 65.2
    },
    "2024-07": {
      "monthly_PRENEI_Q": 0.0,
      "monthly_PRELIQ_Q": 103.8,
      "monthly_PE_Q": -33.3
    },
    "2024-08": {
      "monthly_PRENEI_Q": 0.0,
      "monthly_PRELIQ_Q": 137.7,
      "monthly_PE_Q": 18.499999999999996
    },
    "2024-09": {
      "monthly_PRENEI_Q": 0.1,
      "monthly_PRELIQ_Q": 234.8,
      "monthly_PE_Q": 167.70000000000002
    },
    "2024-10": {
      "monthly_PRENEI_Q": 0.0,
      "monthly_PRELIQ_Q": 213.5,
      "monthly_PE_Q": 167.1
    },
    "2024-11": {
      "monthly_PRENEI_Q": 17.5,
      "monthly_PRELIQ_Q": 102.6,
      "monthly_PE_Q": 96.10000000000001
    },
    "2024-12": {
      "monthly_PRENEI_Q": 143.3,
      "monthly_PRELIQ_Q": 61.9,
      "monthly_PE_Q": 200.2
    }
  }
}