{
  "years": {
    "2024": {
      "annual_PRENEI_Q": 247.5,
      "annual_PRELIQ_Q": 1744.4,
      "annual_PE_Q": 1276.7
    }
  },
  "months": {
    "2024-01": {
      "monthly_PRENEI_Q": 23.599999999999998,
      "monthly_PRELIQ_Q": 171.7,
      "monthly_PE_Q": 182.4
    },
    "2024-02": {
      "monthly_PRENEI_Q": 12.299999999999999,
      "monthly_PRELIQ_Q": 116.10000000000001,
      "monthly_PE_Q": 104.0
    },
    "2024-03": {
      "monthly_PRENEI_Q": 36.5,
      "monthly_PRELIQ_Q": 89.4,
      "monthly_PE_Q": 88.2
    },
    "2024-04": {
      "monthly_PRENEI_Q": 45.4,
      "monthly_PRELIQ_Q": 114.99999999999999,
      "monthly_PE_Q": 100.7
    },
    "2024-05": {
      "monthly_PRENEI_Q": 0.0,
      "monthly_PRELIQ_Q": 246.9,
      "monthly_PE_Q": 163.5
    },
    "2024-06": {
      "monthly_PRENEI_Q": 0.0,
      "monthly_PRELIQ_Q": 172.29999999999998,
      "monthly_PE_Q": 59.5
    },
    "2024-07": {
      "monthly_PRENEI_Q": 0.0,
      "monthly_PRELIQ_Q": 98.5,
      "monthly_PE_Q": -34.1
    },
    "2024-08": {
      "monthly_PRENEI_Q": 0.0,
      "monthly_PRELIQ_Q": 130.7,
      "monthly_PE_Q": 17.4
    },
    "2024-09": {
      "monthly_PRENEI_Q": 0.0,
      "monthly_PRELIQ_Q": 222.7,
      "monthly_PE_Q": 157.4
    },
    "2024-10": {
      "monthly_PRENEI_Q": 0.0,
      "monthly_PRELIQ_Q": 202.3,
      "monthly_PE_Q": 159.20000000000002
    },
    "2024-11": {
      "monthly_PRENEI_Q": 14.0,
      "monthly_PRELIQ_Q": 99.8,
      "monthly_PE_Q": 91.0
    },
    "2024-12": {
      "monthly_PRENEI_Q": 115.69999999999999,
      "monthly_PRELIQ_Q": 79.0,
      "monthly_PE_Q": 187.5
    }
  }
}