{
  "years": {
    "2024": {
      "annual_PRENEI_Q": 112.7,
      "annual_PRELIQ_Q": 1707.2,
      "annual_PE_Q": 1100.9
    }
  },
  "months": {
    "2024-01": {
      "monthly_PRENEI_Q": 12.8,
      "monthly_PRELIQ_Q": 166.0,
      "monthly_PE_Q": 162.0
    },
    "2024-02": {
      "monthly_PRENEI_Q": 2.3000000000000003,
      "monthly_PRELIQ_Q": 115.1,
      "monthly_PE_Q": 91.9
    },
    "2024-03": {
      "monthly_PRENEI_Q": 11.0,
      "monthly_PRELIQ_Q": 103.7,
      "monthly_PE_Q": 72.2
    },
    "2024-04": {
      "monthly_PRENEI_Q": 15.5,
      "monthly_PRELIQ_Q": 130.9,
      "monthly_PE_Q": 80.8
    },
    "2024-05": {
      "monthly_PRENEI_Q": 0.0,
      "monthly_PRELIQ_Q": 225.5,
      "monthly_PE_Q": 142.0
    },
    "2024-06": {
      "monthly_PRENEI_Q": 0.0,
      "monthly_PRELIQ_Q": 157.1,
      "monthly_PE_Q": 46.8
    },
    "2024-07": {
      "monthly_PRENEI_Q": 0.0,
      "monthly_PRELIQ_Q": 90.39999999999999,
      "monthly_PE_Q": -39.5
    },
    "2024-08": {
      "monthly_PRENEI_Q": 0.0,
      "monthly_PRELIQ_Q": 119.30000000000001,
      "monthly_PE_Q": 12.799999999999999
    },
    "2024-09": {
      "monthly_PRENEI_Q": 0.0,
      "monthly_PRELIQ_Q": 203.70000000000002,
      "monthly_PE_Q": 138.70000000000002
    },
    "2024-10": {
      "monthly_PRENEI_Q": 0.0,
      "monthly_PRELIQ_Q": 184.8,
      "monthly_PE_Q": 146.3
    },
    "2024-11": {
      "monthly_PRENEI_Q": 10.6,
      "monthly_PRELIQ_Q": 93.6,
      "monthly_PE_Q": 82.4
    },
    "2024-12": {
      "monthly_PRENEI_Q": 60.5,
      "monthly_PRELIQ_Q": 117.10000000000001,
      "monthly_PE_Q": 164.5
    }
  }
}