{
  "years": {
    "2024": {
      "annual_PRENEI_Q": 124.2,
      "annual_PRELIQ_Q": 1684.1,
      "annual_PE_Q": 1156.8
    }
  },
  "months": {
    "2024-01": {
      "monthly_PRENEI_Q": 10.7,
      "monthly_PRELIQ_Q": 132.1,
      "monthly_PE_Q": 131.70000000000002
    },
    "2024-02": {
      "monthly_PRENEI_Q": 3.1,
      "monthly_PRELIQ_Q": 112.3,
      "monthly_PE_Q": 96.2
    },
    "2024-03": {
      "monthly_PRENEI_Q": 14.4,
      "monthly_PRELIQ_Q": 119.8,
      "monthly_PE_Q": 96.3
    },
    "2024-04": {
      "monthly_PRENEI_Q": 12.5,
      "monthly_PRELIQ_Q": 152.1,
      "monthly_PE_Q": 105.30000000000001
    },
    "2024-05": {
      "monthly_PRENEI_Q": 0.0,
      "monthly_PRELIQ_Q": 210.1,
      "monthly_PE_Q": 130.9
    },
    "2024-06": {
      "monthly_PRENEI_Q": 0.0,
      "monthly_PRELIQ_Q": 121.4,
      "monthly_PE_Q": 21.299999999999997
    },
    "2024-07": {
      "monthly_PRENEI_Q": 0.0,
      "monthly_PRELIQ_Q": 103.3,
      "monthly_PE_Q": -14.100000000000001
    },
    "2024-08": {
      "monthly_PRENEI_Q": 0.0,
      "monthly_PRELIQ_Q": 117.2,
      "monthly_PE_Q": 5.100000000000003
    },
    "2024-09": {
      "monthly_PRENEI_Q": 0.0,
      "monthly_PRELIQ_Q": 218.6,
      "monthly_PE_Q": 162.5
    },
    "2024-10": {
      "monthly_PRENEI_Q": 0.0,
      "monthly_PRELIQ_Q": 188.4,
      "monthly_PE_Q": 156.0
    },
    "2024-11": {
      "monthly_PRENEI_Q": 18.8,
      "monthly_PRELIQ_Q": 98.89999999999999,
      "monthly_PE_Q": 100.1
    },
    "2024-12": {
      "monthly_PRENEI_Q": 64.7,
      "monthly_PRELIQ_Q": 109.9,
      "monthly_PE_Q": 165.5
    }
  }
}