{
  "years": {
    "2024": {
      "annual_PRENEI_Q": 94.1,
      "annual_PRELIQ_Q": 1425.5,
      "annual_PE_Q": 798.8
    }
  },
  "months": {
    "2024-01": {
      "monthly_PRENEI_Q": 11.8,
      "monthly_PRELIQ_Q": 110.5,
      "monthly_PE_Q": 104.1
    },
    "2024-02": {
      "monthly_PRENEI_Q": 0.3,
      "monthly_PRELIQ_Q": 80.1,
      "monthly_PE_Q": 56.2
    },
    "2024-03": {
      "monthly_PRENEI_Q": 0.0,
      "monthly_PRELIQ_Q": 108.1,
      "monthly_PE_Q": 67.8
    },
    "2024-04": {
      "monthly_PRENEI_Q": 13.9,
      "monthly_PRELIQ_Q": 111.60000000000001,
      "monthly_PE_Q": 58.300000000000004
    },
    "2024-05": {
      "monthly_PRENEI_Q": 0.0,
      "monthly_PRELIQ_Q": 180.7,
      "monthly_PE_Q": 100.1
    },
    "2024-06": {
      "monthly_PRENEI_Q": 0.0,
      "monthly_PRELIQ_Q": 130.4,
      "monthly_PE_Q": 19.900000000000002
    },
    "2024-07": {
      "monthly_PRENEI_Q": 0.0,
      "monthly_PRELIQ_Q": 103.3,
      "monthly_PE_Q": -22.799999999999997
    },
    "2024-08": {
      "monthly_PRENEI_Q": 0.0,
      "monthly_PRELIQ_Q": 98.0,
      "monthly_PE_Q": -15.899999999999999
    },
    "2024-09": {
      "monthly_PRENEI_Q": 0.0,
      "monthly_PRELIQ_Q": 171.8,
      "monthly_PE_Q": 106.3
    },
    "2024-10": {
      "monthly_PRENEI_Q": 0.0,
      "monthly_PRELIQ_Q": 158.7,
      "monthly_PE_Q": 120.4
    },
    "2024-11": {
      "monthly_PRENEI_Q": 24.0,
      "monthly_PRELIQ_Q": 73.30000000000001,
      "monthly_PE_Q": 75.5
    },
    "2024-12": {
      "monthly_PRENEI_Q": 44.099999999999994,
      "monthly_PRELIQ_Q": 99.0,
      "monthly_PE_Q": 128.9
    }
  }
}