{
  "years": {
    "2024": {
      "annual_PRENEI_Q": 12.0,
      "annual_PRELIQ_Q": 1004.8,
      "annual_PE_Q": 409.8
    }
  },
  "months": {
    "2024-01": {
      "monthly_PRENEI_Q": 6.2,
      "monthly_PRELIQ_Q": 90.0,
      "monthly_PE_Q": 83.3
    },
    "2024-02": {
      "monthly_PRENEI_Q": 0.0,
      "monthly_PRELIQ_Q": 105.2,
      "monthly_PE_Q": 87.6
    },
    "2024-03": {
      "monthly_PRENEI_Q": 0.0,
      "monthly_PRELIQ_Q": 83.4,
      "monthly_PE_Q": 48.4
    },
    "2024-04": {
      "monthly_PRENEI_Q": 0.6000000000000001,
      "monthly_PRELIQ_Q": 59.599999999999994,
      "monthly_PE_Q": -1.0
    },
    "2024-05": {
      "monthly_PRENEI_Q": 0.0,
      "monthly_PRELIQ_Q": 116.8,
      "monthly_PE_Q": 39.9
    },
    "2024-06": {
      "monthly_PRENEI_Q": 0.0,
      "monthly_PRELIQ_Q": 67.89999999999999,
      "monthly_PE_Q": -25.5
    },
    "2024-07": {
      "monthly_PRENEI_Q": 0.0,
      "monthly_PRELIQ_Q": 97.1,
      "monthly_PE_Q": -3.7999999999999945
    },
    "2024-08": {
      "monthly_PRENEI_Q": 0.0,
      "monthly_PRELIQ_Q": 85.19999999999999,
      "monthly_PE_Q": -12.700000000000003
    },
    "2024-09": {
      "monthly_PRENEI_Q": 0.0,
      "monthly_PRELIQ_Q": 94.0,
      "monthly_PE_Q": 39.9
    },
    "2024-10": {
      "monthly_PRENEI_Q": 0.0,
      "monthly_PRELIQ_Q": 77.89999999999999,
      "monthly_PE_Q": 46.2
    },
    "2024-11": {
      "monthly_PRENEI_Q": 1.1,
      "monthly_PRELIQ_Q": 61.6,
      "monthly_PE_Q": 47.800000000000004
    },
    "2024-12": {
      "monthly_PRENEI_Q": 4.1,
      "monthly_PRELIQ_Q": 66.1,
      "monthly_PE_Q": 59.7
    }
  }
}