{
  "years": {
    "2024": {
      "annual_PRENEI_Q": 9.1,
      "annual_PRELIQ_Q": 1098.5,
      "annual_PE_Q": 535.1
    }
  },
  "months": {
    "2024-01": {
      "monthly_PRENEI_Q": 6.1000000000000005,
      "monthly_PRELIQ_Q": 94.2,
      "monthly_PE_Q": 91.9
    },
    "2024-02": {
      "monthly_PRENEI_Q": 0.0,
      "monthly_PRELIQ_Q": 114.39999999999999,
      "monthly_PE_Q": 101.4
    },
    "2024-03": {
      "monthly_PRENEI_Q": 0.0,
      "monthly_PRELIQ_Q": 81.9,
      "monthly_PE_Q": 51.4
    },
    "2024-04": {
      "monthly_PRENEI_Q": 0.9,
      "monthly_PRELIQ_Q": 61.9,
      "monthly_PE_Q": 6.1000000000000005
    },
    "2024-05": {
      "monthly_PRENEI_Q": 0.0,
      "monthly_PRELIQ_Q": 124.7,
      "monthly_PE_Q": 52.2
    },
    "2024-06": {
      "monthly_PRENEI_Q": 0.0,
      "monthly_PRELIQ_Q": 67.1,
      "monthly_PE_Q": -25.099999999999998
    },
    "2024-07": {
      "monthly_PRENEI_Q": 0.0,
      "monthly_PRELIQ_Q": 106.2,
      "monthly_PE_Q": 6.299999999999997
    },
    "2024-08": {
      "monthly_PRENEI_Q": 0.0,
      "monthly_PRELIQ_Q": 66.6,
      "monthly_PE_Q": -30.199999999999996
    },
    "2024-09": {
      "monthly_PRENEI_Q": 0.0,
      "monthly_PRELIQ_Q": 129.3,
      "monthly_PE_Q": 76.89999999999999
    },
    "2024-10": {
      "monthly_PRENEI_Q": 0.0,
      "monthly_PRELIQ_Q": 90.4,
      "monthly_PE_Q": 61.8
    },
    "2024-11": {
      "monthly_PRENEI_Q": 0.2,
      "monthly_PRELIQ_Q": 93.7,
      "monthly_PE_Q": 80.6
    },
    "2024-12": {
      "monthly_PRENEI_Q": 1.9000000000000001,
      "monthly_PRELIQ_Q": 68.1,
      "monthly_PE_Q": 61.8
    }
  }
}