{
  "years": {
    "2024": {
      "annual_PRENEI_Q": 0.6000000000000001,
      "annual_PRELIQ_Q": 763.6999999999999,
      "annual_PE_Q": 151.20000000000002
    }
  },
  "months": {
    "2024-01": {
      "monthly_PRENEI_Q": 0.30000000000000004,
      "monthly_PRELIQ_Q": 27.4,
      "monthly_PE_Q": 6.3
    },
    "2024-02": {
      "monthly_PRENEI_Q": 0.2,
      "monthly_PRELIQ_Q": 80.7,
      "monthly_PE_Q": 50.1
    },
    "2024-03": {
      "monthly_PRENEI_Q": 0.0,
      "monthly_PRELIQ_Q": 190.8,
      "monthly_PE_Q": 126.10000000000001
    },
    "2024-04": {
      "monthly_PRENEI_Q": 0.1,
      "monthly_PRELIQ_Q": 18.9,
      "monthly_PE_Q": -67.3
    },
    "2024-05": {
      "monthly_PRENEI_Q": 0.0,
      "monthly_PRELIQ_Q": 55.2,
      "monthly_PE_Q": -33.7
    },
    "2024-06": {
      "monthly_PRENEI_Q": 0.0,
      "monthly_PRELIQ_Q": 24.8,
      "monthly_PE_Q": -37.4
    },
    "2024-07": {
      "monthly_PRENEI_Q": 0.0,
      "monthly_PRELIQ_Q": 17.9,
      "monthly_PE_Q": -38.0
    },
    "2024-08": {
      "monthly_PRENEI_Q": 0.0,
      "monthly_PRELIQ_Q": 12.200000000000001,
      "monthly_PE_Q": -24.3
    },
    "2024-09": {
      "monthly_PRENEI_Q": 0.0,
      "monthly_PRELIQ_Q": 113.6,
      "monthly_PE_Q": 47.300000000000004
    },
    "2024-10": {
      "monthly_PRENEI_Q": 0.0,
      "monthly_PRELIQ_Q": 161.6,
      "monthly_PE_Q": 114.30000000000001
    },
    "2024-11": {
      "monthly_PRENEI_Q": 0.0,
      "monthly_PRELIQ_Q": 51.0,
      "monthly_PE_Q": 20.599999999999998
    },
    "2024-12": {
      "monthly_PRENEI_Q": 0.0,
      "monthly_PRELIQ_Q": 9.6,
      "monthly_PE_Q": -12.8
    }
  }
}