{
  "years": {
    "2024": {
      "annual_PRENEI_Q": 54.099999999999994,
      "annual_PRELIQ_Q": 1246.7,
      "annual_PE_Q": 624.5
    }
  },
  "months": {
    "2024-01": {
      "monthly_PRENEI_Q": 4.5,
      "monthly_PRELIQ_Q": 73.3,
      "monthly_PE_Q": 61.300000000000004
    },
    "2024-02": {
      "monthly_PRENEI_Q": 5.5,
      "monthly_PRELIQ_Q": 155.4,
      "monthly_PE_Q": 131.0
    },
    "2024-03": {
      "monthly_PRENEI_Q": 37.4,
      "monthly_PRELIQ_Q": 260.5,
      "monthly_PE_Q": 248.60000000000002
    },
    "2024-04": {
      "monthly_PRENEI_Q": 0.2,
      "monthly_PRELIQ_Q": 42.099999999999994,
      "monthly_PE_Q": -35.1
    },
    "2024-05": {
      "monthly_PRENEI_Q": 0.1,
      "monthly_PRELIQ_Q": 113.6,
      "monthly_PE_Q": 17.700000000000003
    },
    "2024-06": {
      "monthly_PRENEI_Q": 0.0,
      "monthly_PRELIQ_Q": 99.8,
      "monthly_PE_Q": -18.300000000000004
    },
    "2024-07": {
      "monthly_PRENEI_Q": 0.0,
      "monthly_PRELIQ_Q": 27.700000000000003,
      "monthly_PE_Q": -64.4
    },
    "2024-08": {
      "monthly_PRENEI_Q": 0.0,
      "monthly_PRELIQ_Q": 6.1000000000000005,
      "monthly_PE_Q": -32.2
    },
    "2024-09": {
      "monthly_PRENEI_Q": 0.0,
      "monthly_PRELIQ_Q": 132.1,
      "monthly_PE_Q": 65.4
    },
    "2024-10": {
      "monthly_PRENEI_Q": 0.0,
      "monthly_PRELIQ_Q": 228.1,
      "monthly_PE_Q": 180.7
    },
    "2024-11": {
      "monthly_PRENEI_Q": 4.3,
      "monthly_PRELIQ_Q": 85.6,
      "monthly_PE_Q": 64.5
    },
    "2024-12": {
      "monthly_PRENEI_Q": 2.1,
      "monthly_PRELIQ_Q": 22.4,
      "monthly_PE_Q": 5.299999999999999
    }
  }
}