{
  "years": {
    "2024": {
      "annual_PRENEI_Q": 0.6,
      "annual_PRELIQ_Q": 1194.8,
      "annual_PE_Q": 523.9
    }
  },
  "months": {
    "2024-01": {
      "monthly_PRENEI_Q": 0.0,
      "monthly_PRELIQ_Q": 71.6,
      "monthly_PE_Q": 54.0
    },
    "2024-02": {
      "monthly_PRENEI_Q": 0.1,
      "monthly_PRELIQ_Q": 147.70000000000002,
      "monthly_PE_Q": 116.0
    },
    "2024-03": {
      "monthly_PRENEI_Q": 0.3,
      "monthly_PRELIQ_Q": 273.3,
      "monthly_PE_Q": 216.1
    },
    "2024-04": {
      "monthly_PRENEI_Q": 0.1,
      "monthly_PRELIQ_Q": 38.6,
      "monthly_PE_Q": -40.699999999999996
    },
    "2024-05": {
      "monthly_PRENEI_Q": 0.0,
      "monthly_PRELIQ_Q": 104.4,
      "monthly_PE_Q": 9.100000000000001
    },
    "2024-06": {
      "monthly_PRENEI_Q": 0.0,
      "monthly_PRELIQ_Q": 92.0,
      "monthly_PE_Q": -22.299999999999997
    },
    "2024-07": {
      "monthly_PRENEI_Q": 0.0,
      "monthly_PRELIQ_Q": 25.400000000000002,
      "monthly_PE_Q": -58.5
    },
    "2024-08": {
      "monthly_PRENEI_Q": 0.0,
      "monthly_PRELIQ_Q": 5.7,
      "monthly_PE_Q": -30.3
    },
    "2024-09": {
      "monthly_PRENEI_Q": 0.0,
      "monthly_PRELIQ_Q": 121.30000000000001,
      "monthly_PE_Q": 57.499999999999986
    },
    "2024-10": {
      "monthly_PRENEI_Q": 0.0,
      "monthly_PRELIQ_Q": 209.8,
      "monthly_PE_Q": 164.0
    },
    "2024-11": {
      "monthly_PRENEI_Q": 0.0,
      "monthly_PRELIQ_Q": 82.5,
      "monthly_PE_Q": 56.800000000000004
    },
    "2024-12": {
      "monthly_PRENEI_Q": 0.1,
      "monthly_PRELIQ_Q": 22.5,
      "monthly_PE_Q": 2.1999999999999997
    }
  }
}