{
  "years": {
    "2024": {
      "annual_PRENEI_Q": 123.3,
      "annual_PRELIQ_Q": 1186.6,
      "annual_PE_Q": 598.5
    }
  },
  "months": {
    "2024-01": {
      "monthly_PRENEI_Q": 8.2,
      "monthly_PRELIQ_Q": 67.2,
      "monthly_PE_Q": 60.8
    },
    "2024-02": {
      "monthly_PRENEI_Q": 11.799999999999999,
      "monthly_PRELIQ_Q": 113.3,
      "monthly_PE_Q": 97.39999999999999
    },
    "2024-03": {
      "monthly_PRENEI_Q": 75.4,
      "monthly_PRELIQ_Q": 168.8,
      "monthly_PE_Q": 206.7
    },
    "2024-04": {
      "monthly_PRENEI_Q": 0.7,
      "monthly_PRELIQ_Q": 44.4,
      "monthly_PE_Q": -28.1
    },
    "2024-05": {
      "monthly_PRENEI_Q": 0.0,
      "monthly_PRELIQ_Q": 140.6,
      "monthly_PE_Q": 42.6
    },
    "2024-06": {
      "monthly_PRENEI_Q": 0.0,
      "monthly_PRELIQ_Q": 121.6,
      "monthly_PE_Q": -6.599999999999998
    },
    "2024-07": {
      "monthly_PRENEI_Q": 0.0,
      "monthly_PRELIQ_Q": 38.5,
      "monthly_PE_Q": -72.8
    },
    "2024-08": {
      "monthly_PRENEI_Q": 0.0,
      "monthly_PRELIQ_Q": 32.0,
      "monthly_PE_Q": -29.8
    },
    "2024-09": {
      "monthly_PRENEI_Q": 0.0,
      "monthly_PRELIQ_Q": 137.1,
      "monthly_PE_Q": 64.2
    },
    "2024-10": {
      "monthly_PRENEI_Q": 0.0,
      "monthly_PRELIQ_Q": 238.0,
      "monthly_PE_Q": 189.10000000000002
    },
    "2024-11": {
      "monthly_PRENEI_Q": 15.299999999999999,
      "monthly_PRELIQ_Q": 50.0,
      "monthly_PE_Q": 40.300000000000004
    },
    "2024-12": {
      "monthly_PRENEI_Q": 11.9,
      "monthly_PRELIQ_Q": 35.1,
      "monthly_PE_Q": 34.699999999999996
    }
  }
}