{
  "years": {
    "2024": {
      "annual_PRENEI_Q": 271.0,
      "annual_PRELIQ_Q": 1163.6,
      "annual_PE_Q": 779.5
    }
  },
  "months": {
    "2024-01": {
      "monthly_PRENEI_Q": 41.199999999999996,
      "monthly_PRELIQ_Q": 63.4,
      "monthly_PE_Q": 98.30000000000001
    },
    "2024-02": {
      "monthly_PRENEI_Q": 45.0,
      "monthly_PRELIQ_Q": 75.5,
      "monthly_PE_Q": 105.3
    },
    "2024-03": {
      "monthly_PRENEI_Q": 89.8,
      "monthly_PRELIQ_Q": 126.4,
      "monthly_PE_Q": 187.4
    },
    "2024-04": {
      "monthly_PRENEI_Q": 8.9,
      "monthly_PRELIQ_Q": 36.0,
      "monthly_PE_Q": -12.399999999999999
    },
    "2024-05": {
      "monthly_PRENEI_Q": 9.899999999999999,
      "monthly_PRELIQ_Q": 165.6,
      "monthly_PE_Q": 87.1
    },
    "2024-06": {
      "monthly_PRENEI_Q": 0.0,
      "monthly_PRELIQ_Q": 138.1,
      "monthly_PE_Q": 16.8
    },
    "2024-07": {
      "monthly_PRENEI_Q": 0.0,
      "monthly_PRELIQ_Q": 37.300000000000004,
      "monthly_PE_Q": -81.0
    },
    "2024-08": {
      "monthly_PRENEI_Q": 0.0,
      "monthly_PRELIQ_Q": 60.800000000000004,
      "monthly_PE_Q": -17.2
    },
    "2024-09": {
      "monthly_PRENEI_Q": 0.2,
      "monthly_PRELIQ_Q": 128.6,
      "monthly_PE_Q": 61.8
    },
    "2024-10": {
      "monthly_PRENEI_Q": 0.0,
      "monthly_PRELIQ_Q": 248.70000000000002,
      "monthly_PE_Q": 201.1
    },
    "2024-11": {
      "monthly_PRENEI_Q": 30.1,
      "monthly_PRELIQ_Q": 45.3,
      "monthly_PE_Q": 55.5
    },
    "2024-12": {
      "monthly_PRENEI_Q": 45.9,
      "monthly_PRELIQ_Q": 37.9,
      "monthly_PE_Q": 76.8
    }
  }
}