{
  "years": {
    "2024": {
      "annual_PRENEI_Q": 152.7,
      "annual_PRELIQ_Q": 1221.6,
      "annual_PE_Q": 657.9
    }
  },
  "months": {
    "2024-01": {
      "monthly_PRENEI_Q": 26.0,
      "monthly_PRELIQ_Q": 72.5,
      "monthly_PE_Q": 88.9
    },
    "2024-02": {
      "monthly_PRENEI_Q": 7.800000000000001,
      "monthly_PRELIQ_Q": 69.9,
      "monthly_PE_Q": 56.8
    },
    "2024-03": {
      "monthly_PRENEI_Q": 38.4,
      "monthly_PRELIQ_Q": 135.6,
      "monthly_PE_Q": 134.7
    },
    "2024-04": {
      "monthly_PRENEI_Q": 5.2,
      "monthly_PRELIQ_Q": 42.9,
      "monthly_PE_Q": -17.599999999999998
    },
    "2024-05": {
      "monthly_PRENEI_Q": 3.3,
      "monthly_PRELIQ_Q": 171.6,
      "monthly_PE_Q": 84.39999999999999
    },
    "2024-06": {
      "monthly_PRENEI_Q": 0.0,
      "monthly_PRELIQ_Q": 151.4,
      "monthly_PE_Q": 31.599999999999994
    },
    "2024-07": {
      "monthly_PRENEI_Q": 0.0,
      "monthly_PRELIQ_Q": 63.199999999999996,
      "monthly_PE_Q": -72.19999999999999
    },
    "2024-08": {
      "monthly_PRENEI_Q": 0.0,
      "monthly_PRELIQ_Q": 67.5,
      "monthly_PE_Q": -20.5
    },
    "2024-09": {
      "monthly_PRENEI_Q": 0.0,
      "monthly_PRELIQ_Q": 142.9,
      "monthly_PE_Q": 74.3
    },
    "2024-10": {
      "monthly_PRENEI_Q": 0.0,
      "monthly_PRELIQ_Q": 187.1,
      "monthly_PE_Q": 141.29999999999998
    },
    "2024-11": {
      "monthly_PRENEI_Q": 13.6,
      "monthly_PRELIQ_Q": 50.699999999999996,
      "monthly_PE_Q": 41.8
    },
    "2024-12": {
      "monthly_PRENEI_Q": 58.4,
      "monthly_PRELIQ_Q": 66.3,
      "monthly_PE_Q": 114.4
    }
  }
}