{
  "years": {
    "2024": {
      "annual_PRENEI_Q": 655.8,
      "annual_PRELIQ_Q": 1348.5,
      "annual_PE_Q": 1427.7
    }
  },
  "months": {
    "2024-01": {
      "monthly_PRENEI_Q": 137.4,
      "monthly_PRELIQ_Q": 76.8,
      "monthly_PE_Q": 211.3
    },
    "2024-02": {
      "monthly_PRENEI_Q": 77.60000000000001,
      "monthly_PRELIQ_Q": 44.099999999999994,
      "monthly_PE_Q": 114.9
    },
    "2024-03": {
      "monthly_PRENEI_Q": 98.1,
      "monthly_PRELIQ_Q": 51.3,
      "monthly_PE_Q": 133.3
    },
    "2024-04": {
      "monthly_PRENEI_Q": 64.6,
      "monthly_PRELIQ_Q": 20.0,
      "monthly_PE_Q": 56.4
    },
    "2024-05": {
      "monthly_PRENEI_Q": 47.9,
      "monthly_PRELIQ_Q": 187.5,
      "monthly_PE_Q": 177.1
    },
    "2024-06": {
      "monthly_PRENEI_Q": 0.2,
      "monthly_PRELIQ_Q": 206.4,
      "monthly_PE_Q": 104.2
    },
    "2024-07": {
      "monthly_PRENEI_Q": 0.0,
      "monthly_PRELIQ_Q": 116.7,
      "monthly_PE_Q": -19.7
    },
    "2024-08": {
      "monthly_PRENEI_Q": 0.0,
      "monthly_PRELIQ_Q": 86.60000000000001,
      "monthly_PE_Q": -6.399999999999995
    },
    "2024-09": {
      "monthly_PRENEI_Q": 6.9,
      "monthly_PRELIQ_Q": 218.7,
      "monthly_PE_Q": 161.6
    },
    "2024-10": {
      "monthly_PRENEI_Q": 3.2,
      "monthly_PRELIQ_Q": 246.2,
      "monthly_PE_Q": 202.4
    },
    "2024-11": {
      "monthly_PRENEI_Q": 56.99999999999999,
      "monthly_PRELIQ_Q": 49.9,
      "monthly_PE_Q": 89.39999999999999
    },
    "2024-12": {
      "monthly_PRENEI_Q": 162.9,
      "monthly_PRELIQ_Q": 44.3,
      "monthly_PE_Q": 203.20000000000002
    }
  }
}