{
  "years": {
    "2024": {
      "annual_PRENEI_Q": 40.9,
      "annual_PRELIQ_Q": 1346.5,
      "annual_PE_Q": 713.5
    }
  },
  "months": {
    "2024-01": {
      "monthly_PRENEI_Q": 9.899999999999999,
      "monthly_PRELIQ_Q": 111.0,
      "monthly_PE_Q": 108.7
    },
    "2024-02": {
      "monthly_PRENEI_Q": 0.0,
      "monthly_PRELIQ_Q": 67.60000000000001,
      "monthly_PE_Q": 48.6
    },
    "2024-03": {
      "monthly_PRENEI_Q": 2.7,
      "monthly_PRELIQ_Q": 90.3,
      "monthly_PE_Q": 52.9
    },
    "2024-04": {
      "monthly_PRENEI_Q": 0.3,
      "monthly_PRELIQ_Q": 73.3,
      "monthly_PE_Q": 9.700000000000001
    },
    "2024-05": {
      "monthly_PRENEI_Q": 0.0,
      "monthly_PRELIQ_Q": 185.8,
      "monthly_PE_Q": 103.10000000000001
    },
    "2024-06": {
      "monthly_PRENEI_Q": 0.0,
      "monthly_PRELIQ_Q": 133.7,
      "monthly_PE_Q": 25.499999999999996
    },
    "2024-07": {
      "monthly_PRENEI_Q": 0.0,
      "monthly_PRELIQ_Q": 83.2,
      "monthly_PE_Q": -42.8
    },
    "2024-08": {
      "monthly_PRENEI_Q": 0.0,
      "monthly_PRELIQ_Q": 63.2,
      "monthly_PE_Q": -31.400000000000002
    },
    "2024-09": {
      "monthly_PRENEI_Q": 0.0,
      "monthly_PRELIQ_Q": 219.1,
      "monthly_PE_Q": 159.6
    },
    "2024-10": {
      "monthly_PRENEI_Q": 0.0,
      "monthly_PRELIQ_Q": 145.8,
      "monthly_PE_Q": 110.69999999999999
    },
    "2024-11": {
      "monthly_PRENEI_Q": 0.9,
      "monthly_PRELIQ_Q": 46.199999999999996,
      "monthly_PE_Q": 26.4
    },
    "2024-12": {
      "monthly_PRENEI_Q": 27.1,
      "monthly_PRELIQ_Q": 127.3,
      "monthly_PE_Q": 142.5
    }
  }
}