{
  "years": {
    "2024": {
      "annual_PRENEI_Q": 66.6,
      "annual_PRELIQ_Q": 1496.2,
      "annual_PE_Q": 854.8
    }
  },
  "months": {
    "2024-01": {
      "monthly_PRENEI_Q": 20.799999999999997,
      "monthly_PRELIQ_Q": 134.3,
      "monthly_PE_Q": 145.4
    },
    "2024-02": {
      "monthly_PRENEI_Q": 0.4,
      "monthly_PRELIQ_Q": 86.6,
      "monthly_PE_Q": 64.89999999999999
    },
    "2024-03": {
      "monthly_PRENEI_Q": 0.4,
      "monthly_PRELIQ_Q": 88.2,
      "monthly_PE_Q": 48.3
    },
    "2024-04": {
      "monthly_PRENEI_Q": 0.30000000000000004,
      "monthly_PRELIQ_Q": 81.9,
      "monthly_PE_Q": 13.500000000000002
    },
    "2024-05": {
      "monthly_PRENEI_Q": 0.0,
      "monthly_PRELIQ_Q": 202.5,
      "monthly_PE_Q": 115.7
    },
    "2024-06": {
      "monthly_PRENEI_Q": 0.0,
      "monthly_PRELIQ_Q": 142.2,
      "monthly_PE_Q": 31.699999999999996
    },
    "2024-07": {
      "monthly_PRENEI_Q": 0.0,
      "monthly_PRELIQ_Q": 94.3,
      "monthly_PE_Q": -44.199999999999996
    },
    "2024-08": {
      "monthly_PRENEI_Q": 0.0,
      "monthly_PRELIQ_Q": 82.8,
      "monthly_PE_Q": -22.799999999999997
    },
    "2024-09": {
      "monthly_PRENEI_Q": 0.0,
      "monthly_PRELIQ_Q": 230.70000000000002,
      "monthly_PE_Q": 170.9
    },
    "2024-10": {
      "monthly_PRENEI_Q": 0.0,
      "monthly_PRELIQ_Q": 156.6,
      "monthly_PE_Q": 119.9
    },
    "2024-11": {
      "monthly_PRENEI_Q": 4.8,
      "monthly_PRELIQ_Q": 71.3,
      "monthly_PE_Q": 55.1
    },
    "2024-12": {
      "monthly_PRENEI_Q": 39.9,
      "monthly_PRELIQ_Q": 124.8,
      "monthly_PE_Q": 156.4
    }
  }
}