{
  "years": {
    "2024": {
      "annual_PRENEI_Q": 266.1,
      "annual_PRELIQ_Q": 1747.5,
      "annual_PE_Q": 1301.9
    }
  },
  "months": {
    "2024-01": {
      "monthly_PRENEI_Q": 25.2,
      "monthly_PRELIQ_Q": 172.3,
      "monthly_PE_Q": 184.4
    },
    "2024-02": {
      "monthly_PRENEI_Q": 14.6,
      "monthly_PRELIQ_Q": 115.3,
      "monthly_PE_Q": 103.8
    },
    "2024-03": {
      "monthly_PRENEI_Q": 40.800000000000004,
      "monthly_PRELIQ_Q": 86.4,
      "monthly_PE_Q": 86.9
    },
    "2024-04": {
      "monthly_PRENEI_Q": 49.6,
      "monthly_PRELIQ_Q": 112.2,
      "monthly_PE_Q": 100.89999999999999
    },
    "2024-05": {
      "monthly_PRENEI_Q": 0.0,
      "monthly_PRELIQ_Q": 249.5,
      "monthly_PE_Q": 167.2
    },
    "2024-06": {
      "monthly_PRENEI_Q": 0.0,
      "monthly_PRELIQ_Q": 174.2,
      "monthly_PE_Q": 64.10000000000001
    },
    "2024-07": {
      "monthly_PRENEI_Q": 0.0,
      "monthly_PRELIQ_Q": 99.4,
      "monthly_PE_Q": -29.4
    },
    "2024-08": {
      "monthly_PRENEI_Q": 0.0,
      "monthly_PRELIQ_Q": 132.2,
      "monthly_PE_Q": 21.9
    },
    "2024-09": {
      "monthly_PRENEI_Q": 0.1,
      "monthly_PRELIQ_Q": 225.1,
      "monthly_PE_Q": 160.29999999999998
    },
    "2024-10": {
      "monthly_PRENEI_Q": 0.0,
      "monthly_PRELIQ_Q": 204.7,
      "monthly_PE_Q": 160.6
    },
    "2024-11": {
      "monthly_PRENEI_Q": 14.7,
      "monthly_PRELIQ_Q": 100.4,
      "monthly_PE_Q": 91.60000000000001
    },
    "2024-12": {
      "monthly_PRENEI_Q": 121.10000000000001,
      "monthly_PRELIQ_Q": 75.8,
      "monthly_PE_Q": 189.6
    }
  }
}