{
  "years": {
    "2024": {
      "annual_PRENEI_Q": 15.899999999999999,
      "annual_PRELIQ_Q": 1005.9,
      "annual_PE_Q": 483.1
    }
  },
  "months": {
    "2024-01": {
      "monthly_PRENEI_Q": 6.5,
      "monthly_PRELIQ_Q": 76.3,
      "monthly_PE_Q": 75.0
    },
    "2024-02": {
      "monthly_PRENEI_Q": 0.0,
      "monthly_PRELIQ_Q": 76.7,
      "monthly_PE_Q": 65.3
    },
    "2024-03": {
      "monthly_PRENEI_Q": 0.0,
      "monthly_PRELIQ_Q": 92.3,
      "monthly_PE_Q": 67.4
    },
    "2024-04": {
      "monthly_PRENEI_Q": 0.1,
      "monthly_PRELIQ_Q": 66.8,
      "monthly_PE_Q": 14.999999999999998
    },
    "2024-05": {
      "monthly_PRENEI_Q": 0.0,
      "monthly_PRELIQ_Q": 183.3,
      "monthly_PE_Q": 112.39999999999999
    },
    "2024-06": {
      "monthly_PRENEI_Q": 0.0,
      "monthly_PRELIQ_Q": 85.9,
      "monthly_PE_Q": -6.299999999999999
    },
    "2024-07": {
      "monthly_PRENEI_Q": 0.0,
      "monthly_PRELIQ_Q": 59.1,
      "monthly_PE_Q": -31.599999999999998
    },
    "2024-08": {
      "monthly_PRENEI_Q": 0.0,
      "monthly_PRELIQ_Q": 62.1,
      "monthly_PE_Q": -29.599999999999998
    },
    "2024-09": {
      "monthly_PRENEI_Q": 0.0,
      "monthly_PRELIQ_Q": 104.89999999999999,
      "monthly_PE_Q": 55.1
    },
    "2024-10": {
      "monthly_PRENEI_Q": 0.0,
      "monthly_PRELIQ_Q": 67.8,
      "monthly_PE_Q": 40.5
    },
    "2024-11": {
      "monthly_PRENEI_Q": 3.0,
      "monthly_PRELIQ_Q": 60.199999999999996,
      "monthly_PE_Q": 51.2
    },
    "2024-12": {
      "monthly_PRENEI_Q": 6.3,
      "monthly_PRELIQ_Q": 70.5,
      "monthly_PE_Q": 68.7
    }
  }
}