{
  "years": {
    "2024": {
      "annual_PRENEI_Q": 0.5,
      "annual_PRELIQ_Q": 727.8000000000001,
      "annual_PE_Q": 127.8
    }
  },
  "months": {
    "2024-01": {
      "monthly_PRENEI_Q": 0.30000000000000004,
      "monthly_PRELIQ_Q": 26.099999999999998,
      "monthly_PE_Q": 7.6000000000000005
    },
    "2024-02": {
      "monthly_PRENEI_Q": 0.2,
      "monthly_PRELIQ_Q": 76.8,
      "monthly_PE_Q": 48.300000000000004
    },
    "2024-03": {
      "monthly_PRENEI_Q": 0.0,
      "monthly_PRELIQ_Q": 182.10000000000002,
      "monthly_PE_Q": 117.89999999999999
    },
    "2024-04": {
      "monthly_PRENEI_Q": 0.0,
      "monthly_PRELIQ_Q": 18.0,
      "monthly_PE_Q": -66.3
    },
    "2024-05": {
      "monthly_PRENEI_Q": 0.0,
      "monthly_PRELIQ_Q": 52.8,
      "monthly_PE_Q": -32.699999999999996
    },
    "2024-06": {
      "monthly_PRENEI_Q": 0.0,
      "monthly_PRELIQ_Q": 23.7,
      "monthly_PE_Q": -39.1
    },
    "2024-07": {
      "monthly_PRENEI_Q": 0.0,
      "monthly_PRELIQ_Q": 17.099999999999998,
      "monthly_PE_Q": -37.6
    },
    "2024-08": {
      "monthly_PRENEI_Q": 0.0,
      "monthly_PRELIQ_Q": 11.1,
      "monthly_PE_Q": -29.1
    },
    "2024-09": {
      "monthly_PRENEI_Q": 0.0,
      "monthly_PRELIQ_Q": 108.1,
      "monthly_PE_Q": 44.4
    },
    "2024-10": {
      "monthly_PRENEI_Q": 0.0,
      "monthly_PRELIQ_Q": 153.9,
      "monthly_PE_Q": 106.89999999999999
    },
    "2024-11": {
      "monthly_PRENEI_Q": 0.0,
      "monthly_PRELIQ_Q": 48.8,
      "monthly_PE_Q": 19.3
    },
    "2024-12": {
      "monthly_PRENEI_Q": 0.0,
      "monthly_PRELIQ_Q": 9.299999999999999,
      "monthly_PE_Q": -11.8
    }
  }
}