{
  "years": {
    "2024": {
      "annual_PRENEI_Q": 618.8,
      "annual_PRELIQ_Q": 939.2,
      "annual_PE_Q": 1073.6
    }
  },
  "months": {
    "2024-01": {
      "monthly_PRENEI_Q": 129.6,
      "monthly_PRELIQ_Q": 31.199999999999996,
      "monthly_PE_Q": 158.5
    },
    "2024-02": {
      "monthly_PRENEI_Q": 75.89999999999999,
      "monthly_PRELIQ_Q": 14.3,
      "monthly_PE_Q": 87.3
    },
    "2024-03": {
      "monthly_PRENEI_Q": 112.3,
      "monthly_PRELIQ_Q": 21.6,
      "monthly_PE_Q": 125.6
    },
    "2024-04": {
      "monthly_PRENEI_Q": 38.8,
      "monthly_PRELIQ_Q": 10.4,
      "monthly_PE_Q": 30.599999999999998
    },
    "2024-05": {
      "monthly_PRENEI_Q": 73.60000000000001,
      "monthly_PRELIQ_Q": 94.8,
      "monthly_PE_Q": 124.39999999999999
    },
    "2024-06": {
      "monthly_PRENEI_Q": 3.5999999999999996,
      "monthly_PRELIQ_Q": 184.9,
      "monthly_PE_Q": 95.1
    },
    "2024-07": {
      "monthly_PRENEI_Q": 0.0,
      "monthly_PRELIQ_Q": 78.10000000000001,
      "monthly_PE_Q": -44.599999999999994
    },
    "2024-08": {
      "monthly_PRENEI_Q": 0.0,
      "monthly_PRELIQ_Q": 73.8,
      "monthly_PE_Q": -6.699999999999999
    },
    "2024-09": {
      "monthly_PRENEI_Q": 5.5,
      "monthly_PRELIQ_Q": 145.5,
      "monthly_PE_Q": 95.1
    },
    "2024-10": {
      "monthly_PRENEI_Q": 4.4,
      "monthly_PRELIQ_Q": 252.9,
      "monthly_PE_Q": 216.20000000000002
    },
    "2024-11": {
      "monthly_PRENEI_Q": 75.0,
      "monthly_PRELIQ_Q": 19.5,
      "monthly_PE_Q": 82.8
    },
    "2024-12": {
      "monthly_PRENEI_Q": 100.1,
      "monthly_PRELIQ_Q": 12.200000000000001,
      "monthly_PE_Q": 109.30000000000001
    }
  }
}