{
  "years": {
    "2024": {
      "annual_PRENEI_Q": 281.0,
      "annual_PRELIQ_Q": 1026.5,
      "annual_PE_Q": 736.2
    }
  },
  "months": {
    "2024-01": {
      "monthly_PRENEI_Q": 61.0,
      "monthly_PRELIQ_Q": 73.6,
      "monthly_PE_Q": 128.29999999999998
    },
    "2024-02": {
      "monthly_PRENEI_Q": 32.7,
      "monthly_PRELIQ_Q": 43.099999999999994,
      "monthly_PE_Q": 64.6
    },
    "2024-03": {
      "monthly_PRENEI_Q": 51.7,
      "monthly_PRELIQ_Q": 60.5,
      "monthly_PE_Q": 89.80000000000001
    },
    "2024-04": {
      "monthly_PRENEI_Q": 17.8,
      "monthly_PRELIQ_Q": 23.9,
      "monthly_PE_Q": 2.8000000000000003
    },
    "2024-05": {
      "monthly_PRENEI_Q": 19.7,
      "monthly_PRELIQ_Q": 122.3,
      "monthly_PE_Q": 67.60000000000001
    },
    "2024-06": {
      "monthly_PRENEI_Q": 0.0,
      "monthly_PRELIQ_Q": 158.1,
      "monthly_PE_Q": 53.300000000000004
    },
    "2024-07": {
      "monthly_PRENEI_Q": 0.0,
      "monthly_PRELIQ_Q": 65.6,
      "monthly_PE_Q": -52.5
    },
    "2024-08": {
      "monthly_PRENEI_Q": 0.0,
      "monthly_PRELIQ_Q": 62.0,
      "monthly_PE_Q": -11.899999999999999
    },
    "2024-09": {
      "monthly_PRENEI_Q": 0.6,
      "monthly_PRELIQ_Q": 125.8,
      "monthly_PE_Q": 70.2
    },
    "2024-10": {
      "monthly_PRENEI_Q": 0.1,
      "monthly_PRELIQ_Q": 215.5,
      "monthly_PE_Q": 173.6
    },
    "2024-11": {
      "monthly_PRENEI_Q": 33.5,
      "monthly_PRELIQ_Q": 45.7,
      "monthly_PE_Q": 62.6
    },
    "2024-12": {
      "monthly_PRENEI_Q": 63.9,
      "monthly_PRELIQ_Q": 30.4,
      "monthly_PE_Q": 87.8
    }
  }
}