{
  "years": {
    "2024": {
      "annual_PRENEI_Q": 40.5,
      "annual_PRELIQ_Q": 1274.0,
      "annual_PE_Q": 591.8
    }
  },
  "months": {
    "2024-01": {
      "monthly_PRENEI_Q": 7.500000000000001,
      "monthly_PRELIQ_Q": 143.20000000000002,
      "monthly_PE_Q": 139.9
    },
    "2024-02": {
      "monthly_PRENEI_Q": 0.0,
      "monthly_PRELIQ_Q": 76.1,
      "monthly_PE_Q": 55.1
    },
    "2024-03": {
      "monthly_PRENEI_Q": 0.0,
      "monthly_PRELIQ_Q": 76.1,
      "monthly_PE_Q": 32.89999999999999
    },
    "2024-04": {
      "monthly_PRENEI_Q": 0.5,
      "monthly_PRELIQ_Q": 59.6,
      "monthly_PE_Q": -6.5
    },
    "2024-05": {
      "monthly_PRENEI_Q": 0.0,
      "monthly_PRELIQ_Q": 156.0,
      "monthly_PE_Q": 64.9
    },
    "2024-06": {
      "monthly_PRENEI_Q": 0.0,
      "monthly_PRELIQ_Q": 112.10000000000001,
      "monthly_PE_Q": -7.100000000000003
    },
    "2024-07": {
      "monthly_PRENEI_Q": 0.0,
      "monthly_PRELIQ_Q": 115.0,
      "monthly_PE_Q": -30.400000000000006
    },
    "2024-08": {
      "monthly_PRENEI_Q": 0.0,
      "monthly_PRELIQ_Q": 59.6,
      "monthly_PE_Q": -32.6
    },
    "2024-09": {
      "monthly_PRENEI_Q": 0.0,
      "monthly_PRELIQ_Q": 172.3,
      "monthly_PE_Q": 110.8
    },
    "2024-10": {
      "monthly_PRENEI_Q": 0.0,
      "monthly_PRELIQ_Q": 118.1,
      "monthly_PE_Q": 78.60000000000001
    },
    "2024-11": {
      "monthly_PRENEI_Q": 5.0,
      "monthly_PRELIQ_Q": 74.3,
      "monthly_PE_Q": 57.89999999999999
    },
    "2024-12": {
      "monthly_PRENEI_Q": 27.5,
      "monthly_PRELIQ_Q": 111.60000000000001,
      "monthly_PE_Q": 128.3
    }
  }
}