{
  "years": {
    "2024": {
      "annual_PRENEI_Q": 36.1,
      "annual_PRELIQ_Q": 1210.2,
      "annual_PE_Q": 614.2
    }
  },
  "months": {
    "2024-01": {
      "monthly_PRENEI_Q": 16.900000000000002,
      "monthly_PRELIQ_Q": 111.69999999999999,
      "monthly_PE_Q": 118.7
    },
    "2024-02": {
      "monthly_PRENEI_Q": 0.0,
      "monthly_PRELIQ_Q": 81.6,
      "monthly_PE_Q": 62.400000000000006
    },
    "2024-03": {
      "monthly_PRENEI_Q": 0.7,
      "monthly_PRELIQ_Q": 76.4,
      "monthly_PE_Q": 38.8
    },
    "2024-04": {
      "monthly_PRENEI_Q": 0.4,
      "monthly_PRELIQ_Q": 59.9,
      "monthly_PE_Q": -0.7000000000000015
    },
    "2024-05": {
      "monthly_PRENEI_Q": 0.0,
      "monthly_PRELIQ_Q": 157.1,
      "monthly_PE_Q": 72.3
    },
    "2024-06": {
      "monthly_PRENEI_Q": 0.0,
      "monthly_PRELIQ_Q": 126.60000000000001,
      "monthly_PE_Q": 20.9
    },
    "2024-07": {
      "monthly_PRENEI_Q": 0.0,
      "monthly_PRELIQ_Q": 63.8,
      "monthly_PE_Q": -53.2
    },
    "2024-08": {
      "monthly_PRENEI_Q": 0.0,
      "monthly_PRELIQ_Q": 57.699999999999996,
      "monthly_PE_Q": -25.4
    },
    "2024-09": {
      "monthly_PRENEI_Q": 0.0,
      "monthly_PRELIQ_Q": 178.6,
      "monthly_PE_Q": 123.2
    },
    "2024-10": {
      "monthly_PRENEI_Q": 0.0,
      "monthly_PRELIQ_Q": 142.9,
      "monthly_PE_Q": 111.4
    },
    "2024-11": {
      "monthly_PRENEI_Q": 4.5,
      "monthly_PRELIQ_Q": 62.0,
      "monthly_PE_Q": 49.900000000000006
    },
    "2024-12": {
      "monthly_PRENEI_Q": 13.6,
      "monthly_PRELIQ_Q": 91.9,
      "monthly_PE_Q": 95.9
    }
  }
}