{
  "years": {
    "2024": {
      "annual_PRENEI_Q": 400.6,
      "annual_PRELIQ_Q": 1756.2,
      "annual_PE_Q": 1452.4
    }
  },
  "months": {
    "2024-01": {
      "monthly_PRENEI_Q": 50.6,
      "monthly_PRELIQ_Q": 160.5,
      "monthly_PE_Q": 203.20000000000002
    },
    "2024-02": {
      "monthly_PRENEI_Q": 30.5,
      "monthly_PRELIQ_Q": 108.5,
      "monthly_PE_Q": 116.10000000000001
    },
    "2024-03": {
      "monthly_PRENEI_Q": 64.3,
      "monthly_PRELIQ_Q": 71.8,
      "monthly_PE_Q": 102.4
    },
    "2024-04": {
      "monthly_PRENEI_Q": 77.4,
      "monthly_PRELIQ_Q": 95.9,
      "monthly_PE_Q": 117.39999999999999
    },
    "2024-05": {
      "monthly_PRENEI_Q": 0.0,
      "monthly_PRELIQ_Q": 267.4,
      "monthly_PE_Q": 185.0
    },
    "2024-06": {
      "monthly_PRENEI_Q": 0.0,
      "monthly_PRELIQ_Q": 186.7,
      "monthly_PE_Q": 72.3
    },
    "2024-07": {
      "monthly_PRENEI_Q": 0.0,
      "monthly_PRELIQ_Q": 106.4,
      "monthly_PE_Q": -26.099999999999998
    },
    "2024-08": {
      "monthly_PRENEI_Q": 0.0,
      "monthly_PRELIQ_Q": 141.7,
      "monthly_PE_Q": 29.2
    },
    "2024-09": {
      "monthly_PRENEI_Q": 0.3,
      "monthly_PRELIQ_Q": 240.79999999999998,
      "monthly_PE_Q": 174.2
    },
    "2024-10": {
      "monthly_PRENEI_Q": 0.0,
      "monthly_PRELIQ_Q": 219.4,
      "monthly_PE_Q": 172.3
    },
    "2024-11": {
      "monthly_PRENEI_Q": 20.900000000000002,
      "monthly_PRELIQ_Q": 102.5,
      "monthly_PE_Q": 100.0
    },
    "2024-12": {
      "monthly_PRENEI_Q": 156.6,
      "monthly_PRELIQ_Q": 54.6,
      "monthly_PE_Q": 206.4
    }
  }
}