{
  "years": {
    "2024": {
      "annual_PRENEI_Q": 138.0,
      "annual_PRELIQ_Q": 1552.9,
      "annual_PE_Q": 979.4
    }
  },
  "months": {
    "2024-01": {
      "monthly_PRENEI_Q": 15.0,
      "monthly_PRELIQ_Q": 156.8,
      "monthly_PE_Q": 156.4
    },
    "2024-02": {
      "monthly_PRENEI_Q": 3.9999999999999996,
      "monthly_PRELIQ_Q": 90.9,
      "monthly_PE_Q": 70.6
    },
    "2024-03": {
      "monthly_PRENEI_Q": 11.5,
      "monthly_PRELIQ_Q": 99.1,
      "monthly_PE_Q": 70.7
    },
    "2024-04": {
      "monthly_PRENEI_Q": 23.900000000000002,
      "monthly_PRELIQ_Q": 110.0,
      "monthly_PE_Q": 69.7
    },
    "2024-05": {
      "monthly_PRENEI_Q": 0.0,
      "monthly_PRELIQ_Q": 195.60000000000002,
      "monthly_PE_Q": 113.9
    },
    "2024-06": {
      "monthly_PRENEI_Q": 0.0,
      "monthly_PRELIQ_Q": 111.9,
      "monthly_PE_Q": 4.300000000000002
    },
    "2024-07": {
      "monthly_PRENEI_Q": 0.0,
      "monthly_PRELIQ_Q": 107.9,
      "monthly_PE_Q": -17.000000000000007
    },
    "2024-08": {
      "monthly_PRENEI_Q": 0.0,
      "monthly_PRELIQ_Q": 110.89999999999999,
      "monthly_PE_Q": -3.6000000000000023
    },
    "2024-09": {
      "monthly_PRENEI_Q": 0.0,
      "monthly_PRELIQ_Q": 187.0,
      "monthly_PE_Q": 123.5
    },
    "2024-10": {
      "monthly_PRENEI_Q": 0.0,
      "monthly_PRELIQ_Q": 171.1,
      "monthly_PE_Q": 130.2
    },
    "2024-11": {
      "monthly_PRENEI_Q": 18.3,
      "monthly_PRELIQ_Q": 99.6,
      "monthly_PE_Q": 94.30000000000001
    },
    "2024-12": {
      "monthly_PRENEI_Q": 65.3,
      "monthly_PRELIQ_Q": 112.1,
      "monthly_PE_Q": 166.4
    }
  }
}