{
  "years": {
    "2024": {
      "annual_PRENEI_Q": 23.2,
      "annual_PRELIQ_Q": 1154.4,
      "annual_PE_Q": 529.1
    }
  },
  "months": {
    "2024-01": {
      "monthly_PRENEI_Q": 3.0,
      "monthly_PRELIQ_Q": 74.5,
      "monthly_PE_Q": 60.5
    },
    "2024-02": {
      "monthly_PRENEI_Q": 0.4,
      "monthly_PRELIQ_Q": 79.0,
      "monthly_PE_Q": 60.199999999999996
    },
    "2024-03": {
      "monthly_PRENEI_Q": 0.0,
      "monthly_PRELIQ_Q": 103.19999999999999,
      "monthly_PE_Q": 73.6
    },
    "2024-04": {
      "monthly_PRENEI_Q": 0.30000000000000004,
      "monthly_PRELIQ_Q": 76.2,
      "monthly_PE_Q": 15.400000000000002
    },
    "2024-05": {
      "monthly_PRENEI_Q": 0.0,
      "monthly_PRELIQ_Q": 157.4,
      "monthly_PE_Q": 74.6
    },
    "2024-06": {
      "monthly_PRENEI_Q": 0.0,
      "monthly_PRELIQ_Q": 97.5,
      "monthly_PE_Q": -3.700000000000001
    },
    "2024-07": {
      "monthly_PRENEI_Q": 0.0,
      "monthly_PRELIQ_Q": 99.8,
      "monthly_PE_Q": -11.900000000000002
    },
    "2024-08": {
      "monthly_PRENEI_Q": 0.0,
      "monthly_PRELIQ_Q": 78.3,
      "monthly_PE_Q": -27.799999999999997
    },
    "2024-09": {
      "monthly_PRENEI_Q": 0.0,
      "monthly_PRELIQ_Q": 151.9,
      "monthly_PE_Q": 92.9
    },
    "2024-10": {
      "monthly_PRENEI_Q": 0.0,
      "monthly_PRELIQ_Q": 101.60000000000001,
      "monthly_PE_Q": 71.5
    },
    "2024-11": {
      "monthly_PRENEI_Q": 8.2,
      "monthly_PRELIQ_Q": 62.699999999999996,
      "monthly_PE_Q": 55.2
    },
    "2024-12": {
      "monthly_PRENEI_Q": 11.299999999999999,
      "monthly_PRELIQ_Q": 72.3,
      "monthly_PE_Q": 68.6
    }
  }
}