{
  "years": {
    "2024": {
      "annual_PRENEI_Q": 18.9,
      "annual_PRELIQ_Q": 1138.0,
      "annual_PE_Q": 537.0
    }
  },
  "months": {
    "2024-01": {
      "monthly_PRENEI_Q": 3.8000000000000003,
      "monthly_PRELIQ_Q": 88.8,
      "monthly_PE_Q": 81.9
    },
    "2024-02": {
      "monthly_PRENEI_Q": 0.2,
      "monthly_PRELIQ_Q": 92.9,
      "monthly_PE_Q": 77.1
    },
    "2024-03": {
      "monthly_PRENEI_Q": 0.6,
      "monthly_PRELIQ_Q": 91.4,
      "monthly_PE_Q": 64.6
    },
    "2024-04": {
      "monthly_PRENEI_Q": 1.9000000000000001,
      "monthly_PRELIQ_Q": 57.4,
      "monthly_PE_Q": 0.4000000000000008
    },
    "2024-05": {
      "monthly_PRENEI_Q": 0.0,
      "monthly_PRELIQ_Q": 153.2,
      "monthly_PE_Q": 73.89999999999999
    },
    "2024-06": {
      "monthly_PRENEI_Q": 0.0,
      "monthly_PRELIQ_Q": 136.4,
      "monthly_PE_Q": 34.8
    },
    "2024-07": {
      "monthly_PRENEI_Q": 0.0,
      "monthly_PRELIQ_Q": 76.0,
      "monthly_PE_Q": -32.1
    },
    "2024-08": {
      "monthly_PRENEI_Q": 0.0,
      "monthly_PRELIQ_Q": 78.89999999999999,
      "monthly_PE_Q": -31.199999999999996
    },
    "2024-09": {
      "monthly_PRENEI_Q": 0.0,
      "monthly_PRELIQ_Q": 124.3,
      "monthly_PE_Q": 73.39999999999999
    },
    "2024-10": {
      "monthly_PRENEI_Q": 0.0,
      "monthly_PRELIQ_Q": 82.5,
      "monthly_PE_Q": 50.8
    },
    "2024-11": {
      "monthly_PRENEI_Q": 9.1,
      "monthly_PRELIQ_Q": 68.2,
      "monthly_PE_Q": 63.199999999999996
    },
    "2024-12": {
      "monthly_PRENEI_Q": 3.3,
      "monthly_PRELIQ_Q": 88.0,
      "monthly_PE_Q": 80.2
    }
  }
}