{
  "years": {
    "2024": {
      "annual_PRENEI_Q": 0.4,
      "annual_PRELIQ_Q": 791.0,
      "annual_PE_Q": 156.99999999999997
    }
  },
  "months": {
    "2024-01": {
      "monthly_PRENEI_Q": 0.30000000000000004,
      "monthly_PRELIQ_Q": 28.400000000000002,
      "monthly_PE_Q": 6.500000000000001
    },
    "2024-02": {
      "monthly_PRENEI_Q": 0.0,
      "monthly_PRELIQ_Q": 83.6,
      "monthly_PE_Q": 53.0
    },
    "2024-03": {
      "monthly_PRENEI_Q": 0.0,
      "monthly_PRELIQ_Q": 197.8,
      "monthly_PE_Q": 134.7
    },
    "2024-04": {
      "monthly_PRENEI_Q": 0.1,
      "monthly_PRELIQ_Q": 19.400000000000002,
      "monthly_PE_Q": -69.0
    },
    "2024-05": {
      "monthly_PRENEI_Q": 0.0,
      "monthly_PRELIQ_Q": 57.1,
      "monthly_PE_Q": -37.599999999999994
    },
    "2024-06": {
      "monthly_PRENEI_Q": 0.0,
      "monthly_PRELIQ_Q": 25.6,
      "monthly_PE_Q": -40.8
    },
    "2024-07": {
      "monthly_PRENEI_Q": 0.0,
      "monthly_PRELIQ_Q": 18.5,
      "monthly_PE_Q": -35.0
    },
    "2024-08": {
      "monthly_PRENEI_Q": 0.0,
      "monthly_PRELIQ_Q": 13.200000000000001,
      "monthly_PE_Q": -32.8
    },
    "2024-09": {
      "monthly_PRENEI_Q": 0.0,
      "monthly_PRELIQ_Q": 117.3,
      "monthly_PE_Q": 47.89999999999999
    },
    "2024-10": {
      "monthly_PRENEI_Q": 0.0,
      "monthly_PRELIQ_Q": 167.4,
      "monthly_PE_Q": 120.3
    },
    "2024-11": {
      "monthly_PRENEI_Q": 0.0,
      "monthly_PRELIQ_Q": 52.800000000000004,
      "monthly_PE_Q": 22.8
    },
    "2024-12": {
      "monthly_PRENEI_Q": 0.0,
      "monthly_PRELIQ_Q": 9.9,
      "monthly_PE_Q": -13.0
    }
  }
}