{
  "years": {
    "2024": {
      "annual_PRENEI_Q": 4.6000000000000005,
      "annual_PRELIQ_Q": 973.5,
      "annual_PE_Q": 399.59999999999997
    }
  },
  "months": {
    "2024-01": {
      "monthly_PRENEI_Q": 0.7,
      "monthly_PRELIQ_Q": 100.10000000000001,
      "monthly_PE_Q": 84.6
    },
    "2024-02": {
      "monthly_PRENEI_Q": 0.5,
      "monthly_PRELIQ_Q": 108.6,
      "monthly_PE_Q": 86.7
    },
    "2024-03": {
      "monthly_PRENEI_Q": 0.1,
      "monthly_PRELIQ_Q": 64.0,
      "monthly_PE_Q": 19.599999999999998
    },
    "2024-04": {
      "monthly_PRENEI_Q": 0.0,
      "monthly_PRELIQ_Q": 64.0,
      "monthly_PE_Q": -5.300000000000001
    },
    "2024-05": {
      "monthly_PRENEI_Q": 0.0,
      "monthly_PRELIQ_Q": 116.6,
      "monthly_PE_Q": 26.700000000000003
    },
    "2024-06": {
      "monthly_PRENEI_Q": 0.0,
      "monthly_PRELIQ_Q": 61.9,
      "monthly_PE_Q": -24.8
    },
    "2024-07": {
      "monthly_PRENEI_Q": 0.0,
      "monthly_PRELIQ_Q": 45.5,
      "monthly_PE_Q": -28.599999999999998
    },
    "2024-08": {
      "monthly_PRENEI_Q": 0.0,
      "monthly_PRELIQ_Q": 69.0,
      "monthly_PE_Q": 5.4
    },
    "2024-09": {
      "monthly_PRENEI_Q": 0.0,
      "monthly_PRELIQ_Q": 106.89999999999999,
      "monthly_PE_Q": 56.4
    },
    "2024-10": {
      "monthly_PRENEI_Q": 0.0,
      "monthly_PRELIQ_Q": 118.7,
      "monthly_PE_Q": 84.8
    },
    "2024-11": {
      "monthly_PRENEI_Q": 3.3000000000000003,
      "monthly_PRELIQ_Q": 54.9,
      "monthly_PE_Q": 41.7
    },
    "2024-12": {
      "monthly_PRENEI_Q": 0.0,
      "monthly_PRELIQ_Q": 63.300000000000004,
      "monthly_PE_Q": 52.4
    }
  }
}