{
  "years": {
    "2024": {
      "annual_PRENEI_Q": 138.0,
      "annual_PRELIQ_Q": 1338.8,
      "annual_PE_Q": 771.6
    }
  },
  "months": {
    "2024-01": {
      "monthly_PRENEI_Q": 35.9,
      "monthly_PRELIQ_Q": 103.60000000000001,
      "monthly_PE_Q": 130.7
    },
    "2024-02": {
      "monthly_PRENEI_Q": 42.1,
      "monthly_PRELIQ_Q": 92.10000000000001,
      "monthly_PE_Q": 116.7
    },
    "2024-03": {
      "monthly_PRENEI_Q": 16.0,
      "monthly_PRELIQ_Q": 150.3,
      "monthly_PE_Q": 127.4
    },
    "2024-04": {
      "monthly_PRENEI_Q": 0.6,
      "monthly_PRELIQ_Q": 71.6,
      "monthly_PE_Q": 6.199999999999999
    },
    "2024-05": {
      "monthly_PRENEI_Q": 0.0,
      "monthly_PRELIQ_Q": 164.9,
      "monthly_PE_Q": 64.7
    },
    "2024-06": {
      "monthly_PRENEI_Q": 0.0,
      "monthly_PRELIQ_Q": 135.70000000000002,
      "monthly_PE_Q": 10.899999999999997
    },
    "2024-07": {
      "monthly_PRENEI_Q": 0.0,
      "monthly_PRELIQ_Q": 47.0,
      "monthly_PE_Q": -84.8
    },
    "2024-08": {
      "monthly_PRENEI_Q": 0.0,
      "monthly_PRELIQ_Q": 51.4,
      "monthly_PE_Q": -25.800000000000004
    },
    "2024-09": {
      "monthly_PRENEI_Q": 0.0,
      "monthly_PRELIQ_Q": 147.2,
      "monthly_PE_Q": 83.2
    },
    "2024-10": {
      "monthly_PRENEI_Q": 0.0,
      "monthly_PRELIQ_Q": 286.09999999999997,
      "monthly_PE_Q": 238.5
    },
    "2024-11": {
      "monthly_PRENEI_Q": 25.5,
      "monthly_PRELIQ_Q": 49.1,
      "monthly_PE_Q": 54.1
    },
    "2024-12": {
      "monthly_PRENEI_Q": 17.9,
      "monthly_PRELIQ_Q": 39.8,
      "monthly_PE_Q": 49.8
    }
  }
}