{
  "years": {
    "2024": {
      "annual_PRENEI_Q": 557.4,
      "annual_PRELIQ_Q": 963.6,
      "annual_PE_Q": 1004.8000000000001
    }
  },
  "months": {
    "2024-01": {
      "monthly_PRENEI_Q": 116.3,
      "monthly_PRELIQ_Q": 40.6,
      "monthly_PE_Q": 154.5
    },
    "2024-02": {
      "monthly_PRENEI_Q": 67.0,
      "monthly_PRELIQ_Q": 21.099999999999998,
      "monthly_PE_Q": 83.60000000000001
    },
    "2024-03": {
      "monthly_PRENEI_Q": 102.2,
      "monthly_PRELIQ_Q": 28.599999999999998,
      "monthly_PE_Q": 119.4
    },
    "2024-04": {
      "monthly_PRENEI_Q": 35.0,
      "monthly_PRELIQ_Q": 13.1,
      "monthly_PE_Q": 24.8
    },
    "2024-05": {
      "monthly_PRENEI_Q": 61.4,
      "monthly_PRELIQ_Q": 103.2,
      "monthly_PE_Q": 111.2
    },
    "2024-06": {
      "monthly_PRENEI_Q": 3.2,
      "monthly_PRELIQ_Q": 181.0,
      "monthly_PE_Q": 87.60000000000001
    },
    "2024-07": {
      "monthly_PRENEI_Q": 0.0,
      "monthly_PRELIQ_Q": 76.4,
      "monthly_PE_Q": -52.89999999999999
    },
    "2024-08": {
      "monthly_PRENEI_Q": 0.0,
      "monthly_PRELIQ_Q": 71.8,
      "monthly_PE_Q": -11.2
    },
    "2024-09": {
      "monthly_PRENEI_Q": 4.7,
      "monthly_PRELIQ_Q": 142.4,
      "monthly_PE_Q": 91.10000000000001
    },
    "2024-10": {
      "monthly_PRENEI_Q": 4.5,
      "monthly_PRELIQ_Q": 246.7,
      "monthly_PE_Q": 210.0
    },
    "2024-11": {
      "monthly_PRENEI_Q": 68.5,
      "monthly_PRELIQ_Q": 23.7,
      "monthly_PE_Q": 80.0
    },
    "2024-12": {
      "monthly_PRENEI_Q": 94.60000000000001,
      "monthly_PRELIQ_Q": 15.0,
      "monthly_PE_Q": 106.7
    }
  }
}