{
  "years": {
    "2024": {
      "annual_PRENEI_Q": 1309.4,
      "annual_PRELIQ_Q": 923.8,
      "annual_PE_Q": 1865.7
    }
  },
  "months": {
    "2024-01": {
      "monthly_PRENEI_Q": 254.20000000000002,
      "monthly_PRELIQ_Q": 14.000000000000002,
      "monthly_PE_Q": 266.9
    },
    "2024-02": {
      "monthly_PRENEI_Q": 111.8,
      "monthly_PRELIQ_Q": 1.4000000000000001,
      "monthly_PE_Q": 111.9
    },
    "2024-03": {
      "monthly_PRENEI_Q": 134.8,
      "monthly_PRELIQ_Q": 13.2,
      "monthly_PE_Q": 145.8
    },
    "2024-04": {
      "monthly_PRENEI_Q": 114.0,
      "monthly_PRELIQ_Q": 2.5,
      "monthly_PE_Q": 112.7
    },
    "2024-05": {
      "monthly_PRENEI_Q": 156.9,
      "monthly_PRELIQ_Q": 78.9,
      "monthly_PE_Q": 232.3
    },
    "2024-06": {
      "monthly_PRENEI_Q": 30.400000000000002,
      "monthly_PRELIQ_Q": 138.4,
      "monthly_PE_Q": 123.1
    },
    "2024-07": {
      "monthly_PRENEI_Q": 2.1,
      "monthly_PRELIQ_Q": 182.3,
      "monthly_PE_Q": 73.3
    },
    "2024-08": {
      "monthly_PRENEI_Q": 0.0,
      "monthly_PRELIQ_Q": 114.3,
      "monthly_PE_Q": 6.200000000000001
    },
    "2024-09": {
      "monthly_PRENEI_Q": 68.89999999999999,
      "monthly_PRELIQ_Q": 195.0,
      "monthly_PE_Q": 213.1
    },
    "2024-10": {
      "monthly_PRENEI_Q": 47.400000000000006,
      "monthly_PRELIQ_Q": 172.0,
      "monthly_PE_Q": 190.0
    },
    "2024-11": {
      "monthly_PRENEI_Q": 171.4,
      "monthly_PRELIQ_Q": 4.1,
      "monthly_PE_Q": 166.3
    },
    "2024-12": {
      "monthly_PRENEI_Q": 217.5,
      "monthly_PRELIQ_Q": 7.7,
      "monthly_PE_Q": 224.1
    }
  }
}