{
  "years": {
    "2024": {
      "annual_PRENEI_Q": 685.3,
      "annual_PRELIQ_Q": 1191.9,
      "annual_PE_Q": 1324.2
    }
  },
  "months": {
    "2024-01": {
      "monthly_PRENEI_Q": 152.79999999999998,
      "monthly_PRELIQ_Q": 72.5,
      "monthly_PE_Q": 224.0
    },
    "2024-02": {
      "monthly_PRENEI_Q": 67.8,
      "monthly_PRELIQ_Q": 27.3,
      "monthly_PE_Q": 90.5
    },
    "2024-03": {
      "monthly_PRENEI_Q": 69.1,
      "monthly_PRELIQ_Q": 55.6,
      "monthly_PE_Q": 114.8
    },
    "2024-04": {
      "monthly_PRENEI_Q": 78.8,
      "monthly_PRELIQ_Q": 19.7,
      "monthly_PE_Q": 79.5
    },
    "2024-05": {
      "monthly_PRENEI_Q": 43.7,
      "monthly_PRELIQ_Q": 153.70000000000002,
      "monthly_PE_Q": 146.6
    },
    "2024-06": {
      "monthly_PRENEI_Q": 0.2,
      "monthly_PRELIQ_Q": 141.79999999999998,
      "monthly_PE_Q": 37.300000000000004
    },
    "2024-07": {
      "monthly_PRENEI_Q": 0.0,
      "monthly_PRELIQ_Q": 155.2,
      "monthly_PE_Q": 16.200000000000006
    },
    "2024-08": {
      "monthly_PRENEI_Q": 0.0,
      "monthly_PRELIQ_Q": 96.2,
      "monthly_PE_Q": -8.200000000000003
    },
    "2024-09": {
      "monthly_PRENEI_Q": 14.9,
      "monthly_PRELIQ_Q": 206.6,
      "monthly_PE_Q": 161.20000000000002
    },
    "2024-10": {
      "monthly_PRENEI_Q": 6.6000000000000005,
      "monthly_PRELIQ_Q": 177.79999999999998,
      "monthly_PE_Q": 142.1
    },
    "2024-11": {
      "monthly_PRENEI_Q": 108.2,
      "monthly_PRELIQ_Q": 39.5,
      "monthly_PE_Q": 133.0
    },
    "2024-12": {
      "monthly_PRENEI_Q": 143.2,
      "monthly_PRELIQ_Q": 46.0,
      "monthly_PE_Q": 187.2
    }
  }
}