{
  "years": {
    "2024": {
      "annual_PRENEI_Q": 7.6000000000000005,
      "annual_PRELIQ_Q": 996.5,
      "annual_PE_Q": 415.0
    }
  },
  "months": {
    "2024-01": {
      "monthly_PRENEI_Q": 1.2,
      "monthly_PRELIQ_Q": 102.3,
      "monthly_PE_Q": 89.3
    },
    "2024-02": {
      "monthly_PRENEI_Q": 0.8,
      "monthly_PRELIQ_Q": 111.1,
      "monthly_PE_Q": 92.2
    },
    "2024-03": {
      "monthly_PRENEI_Q": 0.1,
      "monthly_PRELIQ_Q": 65.4,
      "monthly_PE_Q": 25.2
    },
    "2024-04": {
      "monthly_PRENEI_Q": 0.0,
      "monthly_PRELIQ_Q": 65.5,
      "monthly_PE_Q": -1.5999999999999992
    },
    "2024-05": {
      "monthly_PRENEI_Q": 0.0,
      "monthly_PRELIQ_Q": 119.39999999999999,
      "monthly_PE_Q": 29.0
    },
    "2024-06": {
      "monthly_PRENEI_Q": 0.0,
      "monthly_PRELIQ_Q": 63.4,
      "monthly_PE_Q": -29.400000000000002
    },
    "2024-07": {
      "monthly_PRENEI_Q": 0.0,
      "monthly_PRELIQ_Q": 47.3,
      "monthly_PE_Q": -35.3
    },
    "2024-08": {
      "monthly_PRENEI_Q": 0.0,
      "monthly_PRELIQ_Q": 70.9,
      "monthly_PE_Q": 1.1000000000000005
    },
    "2024-09": {
      "monthly_PRENEI_Q": 0.0,
      "monthly_PRELIQ_Q": 109.8,
      "monthly_PE_Q": 56.400000000000006
    },
    "2024-10": {
      "monthly_PRENEI_Q": 0.0,
      "monthly_PRELIQ_Q": 122.1,
      "monthly_PE_Q": 88.89999999999999
    },
    "2024-11": {
      "monthly_PRENEI_Q": 5.5,
      "monthly_PRELIQ_Q": 54.4,
      "monthly_PE_Q": 44.800000000000004
    },
    "2024-12": {
      "monthly_PRENEI_Q": 0.0,
      "monthly_PRELIQ_Q": 64.89999999999999,
      "monthly_PE_Q": 54.4
    }
  }
}