{
  "years": {
    "2024": {
      "annual_PRENEI_Q": 7.7,
      "annual_PRELIQ_Q": 997.7,
      "annual_PE_Q": 411.2
    }
  },
  "months": {
    "2024-01": {
      "monthly_PRENEI_Q": 1.2,
      "monthly_PRELIQ_Q": 102.4,
      "monthly_PE_Q": 89.8
    },
    "2024-02": {
      "monthly_PRENEI_Q": 0.8,
      "monthly_PRELIQ_Q": 111.1,
      "monthly_PE_Q": 92.6
    },
    "2024-03": {
      "monthly_PRENEI_Q": 0.1,
      "monthly_PRELIQ_Q": 65.5,
      "monthly_PE_Q": 25.7
    },
    "2024-04": {
      "monthly_PRENEI_Q": 0.0,
      "monthly_PRELIQ_Q": 65.5,
      "monthly_PE_Q": -1.7999999999999994
    },
    "2024-05": {
      "monthly_PRENEI_Q": 0.0,
      "monthly_PRELIQ_Q": 119.6,
      "monthly_PE_Q": 28.0
    },
    "2024-06": {
      "monthly_PRENEI_Q": 0.0,
      "monthly_PRELIQ_Q": 63.6,
      "monthly_PE_Q": -30.599999999999998
    },
    "2024-07": {
      "monthly_PRENEI_Q": 0.0,
      "monthly_PRELIQ_Q": 47.3,
      "monthly_PE_Q": -36.800000000000004
    },
    "2024-08": {
      "monthly_PRENEI_Q": 0.0,
      "monthly_PRELIQ_Q": 71.1,
      "monthly_PE_Q": -0.3999999999999986
    },
    "2024-09": {
      "monthly_PRENEI_Q": 0.0,
      "monthly_PRELIQ_Q": 110.10000000000001,
      "monthly_PE_Q": 56.1
    },
    "2024-10": {
      "monthly_PRENEI_Q": 0.0,
      "monthly_PRELIQ_Q": 122.2,
      "monthly_PE_Q": 89.1
    },
    "2024-11": {
      "monthly_PRENEI_Q": 5.6000000000000005,
      "monthly_PRELIQ_Q": 54.400000000000006,
      "monthly_PE_Q": 45.0
    },
    "2024-12": {
      "monthly_PRENEI_Q": 0.0,
      "monthly_PRELIQ_Q": 64.89999999999999,
      "monthly_PE_Q": 54.5
    }
  }
}