{
  "years": {
    "2024": {
      "annual_PRENEI_Q": 14.600000000000001,
      "annual_PRELIQ_Q": 995.7,
      "annual_PE_Q": 463.5
    }
  },
  "months": {
    "2024-01": {
      "monthly_PRENEI_Q": 6.1000000000000005,
      "monthly_PRELIQ_Q": 75.9,
      "monthly_PE_Q": 73.0
    },
    "2024-02": {
      "monthly_PRENEI_Q": 0.0,
      "monthly_PRELIQ_Q": 75.89999999999999,
      "monthly_PE_Q": 64.5
    },
    "2024-03": {
      "monthly_PRENEI_Q": 0.0,
      "monthly_PRELIQ_Q": 91.2,
      "monthly_PE_Q": 65.8
    },
    "2024-04": {
      "monthly_PRENEI_Q": 0.1,
      "monthly_PRELIQ_Q": 66.1,
      "monthly_PE_Q": 14.099999999999998
    },
    "2024-05": {
      "monthly_PRENEI_Q": 0.0,
      "monthly_PRELIQ_Q": 181.0,
      "monthly_PE_Q": 109.2
    },
    "2024-06": {
      "monthly_PRENEI_Q": 0.0,
      "monthly_PRELIQ_Q": 85.1,
      "monthly_PE_Q": -8.500000000000002
    },
    "2024-07": {
      "monthly_PRENEI_Q": 0.0,
      "monthly_PRELIQ_Q": 58.5,
      "monthly_PE_Q": -34.199999999999996
    },
    "2024-08": {
      "monthly_PRENEI_Q": 0.0,
      "monthly_PRELIQ_Q": 61.6,
      "monthly_PE_Q": -31.1
    },
    "2024-09": {
      "monthly_PRENEI_Q": 0.0,
      "monthly_PRELIQ_Q": 103.6,
      "monthly_PE_Q": 52.9
    },
    "2024-10": {
      "monthly_PRENEI_Q": 0.0,
      "monthly_PRELIQ_Q": 67.0,
      "monthly_PE_Q": 38.8
    },
    "2024-11": {
      "monthly_PRENEI_Q": 2.7,
      "monthly_PRELIQ_Q": 59.699999999999996,
      "monthly_PE_Q": 51.3
    },
    "2024-12": {
      "monthly_PRENEI_Q": 5.7,
      "monthly_PRELIQ_Q": 70.1,
      "monthly_PE_Q": 67.69999999999999
    }
  }
}