{
  "years": {
    "2024": {
      "annual_PRENEI_Q": 239.5,
      "annual_PRELIQ_Q": 1060.1,
      "annual_PE_Q": 701.1
    }
  },
  "months": {
    "2024-01": {
      "monthly_PRENEI_Q": 27.8,
      "monthly_PRELIQ_Q": 53.699999999999996,
      "monthly_PE_Q": 74.8
    },
    "2024-02": {
      "monthly_PRENEI_Q": 44.7,
      "monthly_PRELIQ_Q": 100.5,
      "monthly_PE_Q": 127.80000000000001
    },
    "2024-03": {
      "monthly_PRENEI_Q": 116.89999999999999,
      "monthly_PRELIQ_Q": 97.5,
      "monthly_PE_Q": 189.7
    },
    "2024-04": {
      "monthly_PRENEI_Q": 0.6,
      "monthly_PRELIQ_Q": 57.1,
      "monthly_PE_Q": 0.2000000000000035
    },
    "2024-05": {
      "monthly_PRENEI_Q": 0.4,
      "monthly_PRELIQ_Q": 144.2,
      "monthly_PE_Q": 58.199999999999996
    },
    "2024-06": {
      "monthly_PRENEI_Q": 0.0,
      "monthly_PRELIQ_Q": 103.9,
      "monthly_PE_Q": -8.300000000000002
    },
    "2024-07": {
      "monthly_PRENEI_Q": 0.0,
      "monthly_PRELIQ_Q": 35.6,
      "monthly_PE_Q": -70.0
    },
    "2024-08": {
      "monthly_PRENEI_Q": 0.0,
      "monthly_PRELIQ_Q": 20.5,
      "monthly_PE_Q": -30.3
    },
    "2024-09": {
      "monthly_PRENEI_Q": 0.0,
      "monthly_PRELIQ_Q": 152.0,
      "monthly_PE_Q": 87.7
    },
    "2024-10": {
      "monthly_PRENEI_Q": 0.0,
      "monthly_PRELIQ_Q": 227.9,
      "monthly_PE_Q": 182.4
    },
    "2024-11": {
      "monthly_PRENEI_Q": 31.099999999999998,
      "monthly_PRELIQ_Q": 49.7,
      "monthly_PE_Q": 63.3
    },
    "2024-12": {
      "monthly_PRENEI_Q": 18.0,
      "monthly_PRELIQ_Q": 17.5,
      "monthly_PE_Q": 25.6
    }
  }
}