{
  "years": {
    "2024": {
      "annual_PRENEI_Q": 697.7,
      "annual_PRELIQ_Q": 866.4,
      "annual_PE_Q": 1123.7
    }
  },
  "months": {
    "2024-01": {
      "monthly_PRENEI_Q": 117.89999999999999,
      "monthly_PRELIQ_Q": 19.8,
      "monthly_PE_Q": 135.6
    },
    "2024-02": {
      "monthly_PRENEI_Q": 100.60000000000001,
      "monthly_PRELIQ_Q": 0.0,
      "monthly_PE_Q": 97.80000000000001
    },
    "2024-03": {
      "monthly_PRENEI_Q": 196.7,
      "monthly_PRELIQ_Q": 5.2,
      "monthly_PE_Q": 195.9
    },
    "2024-04": {
      "monthly_PRENEI_Q": 60.7,
      "monthly_PRELIQ_Q": 22.8,
      "monthly_PE_Q": 72.9
    },
    "2024-05": {
      "monthly_PRENEI_Q": 72.89999999999999,
      "monthly_PRELIQ_Q": 87.2,
      "monthly_PE_Q": 126.7
    },
    "2024-06": {
      "monthly_PRENEI_Q": 1.0,
      "monthly_PRELIQ_Q": 176.3,
      "monthly_PE_Q": 77.0
    },
    "2024-07": {
      "monthly_PRENEI_Q": 0.0,
      "monthly_PRELIQ_Q": 44.4,
      "monthly_PE_Q": -63.9
    },
    "2024-08": {
      "monthly_PRENEI_Q": 0.0,
      "monthly_PRELIQ_Q": 45.699999999999996,
      "monthly_PE_Q": -13.399999999999999
    },
    "2024-09": {
      "monthly_PRENEI_Q": 2.9,
      "monthly_PRELIQ_Q": 155.79999999999998,
      "monthly_PE_Q": 97.49999999999999
    },
    "2024-10": {
      "monthly_PRENEI_Q": 1.3,
      "monthly_PRELIQ_Q": 300.4,
      "monthly_PE_Q": 259.0
    },
    "2024-11": {
      "monthly_PRENEI_Q": 85.2,
      "monthly_PRELIQ_Q": 5.8,
      "monthly_PE_Q": 79.19999999999999
    },
    "2024-12": {
      "monthly_PRENEI_Q": 58.5,
      "monthly_PRELIQ_Q": 3.0,
      "monthly_PE_Q": 59.4
    }
  }
}