{
  "years": {
    "2024": {
      "annual_PRENEI_Q": 233.2,
      "annual_PRELIQ_Q": 1377.9,
      "annual_PE_Q": 921.5
    }
  },
  "months": {
    "2024-01": {
      "monthly_PRENEI_Q": 56.300000000000004,
      "monthly_PRELIQ_Q": 120.60000000000001,
      "monthly_PE_Q": 171.2
    },
    "2024-02": {
      "monthly_PRENEI_Q": 17.799999999999997,
      "monthly_PRELIQ_Q": 67.3,
      "monthly_PE_Q": 71.1
    },
    "2024-03": {
      "monthly_PRENEI_Q": 27.400000000000002,
      "monthly_PRELIQ_Q": 73.6,
      "monthly_PE_Q": 72.2
    },
    "2024-04": {
      "monthly_PRENEI_Q": 25.599999999999998,
      "monthly_PRELIQ_Q": 47.300000000000004,
      "monthly_PE_Q": 22.2
    },
    "2024-05": {
      "monthly_PRENEI_Q": 5.300000000000001,
      "monthly_PRELIQ_Q": 183.2,
      "monthly_PE_Q": 102.9
    },
    "2024-06": {
      "monthly_PRENEI_Q": 0.0,
      "monthly_PRELIQ_Q": 130.2,
      "monthly_PE_Q": 14.7
    },
    "2024-07": {
      "monthly_PRENEI_Q": 0.0,
      "monthly_PRELIQ_Q": 151.9,
      "monthly_PE_Q": 4.299999999999999
    },
    "2024-08": {
      "monthly_PRENEI_Q": 0.0,
      "monthly_PRELIQ_Q": 84.8,
      "monthly_PE_Q": -24.400000000000002
    },
    "2024-09": {
      "monthly_PRENEI_Q": 1.5,
      "monthly_PRELIQ_Q": 199.2,
      "monthly_PE_Q": 135.4
    },
    "2024-10": {
      "monthly_PRENEI_Q": 0.0,
      "monthly_PRELIQ_Q": 151.5,
      "monthly_PE_Q": 108.8
    },
    "2024-11": {
      "monthly_PRENEI_Q": 30.7,
      "monthly_PRELIQ_Q": 76.4,
      "monthly_PE_Q": 88.5
    },
    "2024-12": {
      "monthly_PRENEI_Q": 68.6,
      "monthly_PRELIQ_Q": 91.9,
      "monthly_PE_Q": 154.6
    }
  }
}