{
  "years": {
    "2024": {
      "annual_PRENEI_Q": 102.8,
      "annual_PRELIQ_Q": 1339.5,
      "annual_PE_Q": 734.2
    }
  },
  "months": {
    "2024-01": {
      "monthly_PRENEI_Q": 20.2,
      "monthly_PRELIQ_Q": 142.8,
      "monthly_PE_Q": 155.1
    },
    "2024-02": {
      "monthly_PRENEI_Q": 6.8,
      "monthly_PRELIQ_Q": 74.3,
      "monthly_PE_Q": 62.599999999999994
    },
    "2024-03": {
      "monthly_PRENEI_Q": 8.7,
      "monthly_PRELIQ_Q": 77.1,
      "monthly_PE_Q": 48.5
    },
    "2024-04": {
      "monthly_PRENEI_Q": 9.2,
      "monthly_PRELIQ_Q": 56.1,
      "monthly_PE_Q": 4.500000000000002
    },
    "2024-05": {
      "monthly_PRENEI_Q": 0.5,
      "monthly_PRELIQ_Q": 170.2,
      "monthly_PE_Q": 81.60000000000001
    },
    "2024-06": {
      "monthly_PRENEI_Q": 0.0,
      "monthly_PRELIQ_Q": 120.89999999999999,
      "monthly_PE_Q": 3.599999999999999
    },
    "2024-07": {
      "monthly_PRENEI_Q": 0.0,
      "monthly_PRELIQ_Q": 129.8,
      "monthly_PE_Q": -15.599999999999994
    },
    "2024-08": {
      "monthly_PRENEI_Q": 0.0,
      "monthly_PRELIQ_Q": 69.0,
      "monthly_PE_Q": -30.099999999999998
    },
    "2024-09": {
      "monthly_PRENEI_Q": 0.0,
      "monthly_PRELIQ_Q": 185.70000000000002,
      "monthly_PE_Q": 121.89999999999999
    },
    "2024-10": {
      "monthly_PRENEI_Q": 0.0,
      "monthly_PRELIQ_Q": 131.2,
      "monthly_PE_Q": 89.89999999999999
    },
    "2024-11": {
      "monthly_PRENEI_Q": 11.5,
      "monthly_PRELIQ_Q": 78.80000000000001,
      "monthly_PE_Q": 69.8
    },
    "2024-12": {
      "monthly_PRENEI_Q": 45.9,
      "monthly_PRELIQ_Q": 103.6,
      "monthly_PE_Q": 142.4
    }
  }
}