{
  "years": {
    "2024": {
      "annual_PRENEI_Q": 31.0,
      "annual_PRELIQ_Q": 1121.3,
      "annual_PE_Q": 447.6
    }
  },
  "months": {
    "2024-01": {
      "monthly_PRENEI_Q": 12.899999999999999,
      "monthly_PRELIQ_Q": 95.1,
      "monthly_PE_Q": 93.4
    },
    "2024-02": {
      "monthly_PRENEI_Q": 0.0,
      "monthly_PRELIQ_Q": 57.2,
      "monthly_PE_Q": 32.5
    },
    "2024-03": {
      "monthly_PRENEI_Q": 0.0,
      "monthly_PRELIQ_Q": 65.1,
      "monthly_PE_Q": 23.200000000000003
    },
    "2024-04": {
      "monthly_PRENEI_Q": 0.1,
      "monthly_PRELIQ_Q": 53.300000000000004,
      "monthly_PE_Q": -12.099999999999998
    },
    "2024-05": {
      "monthly_PRENEI_Q": 0.0,
      "monthly_PRELIQ_Q": 157.6,
      "monthly_PE_Q": 68.7
    },
    "2024-06": {
      "monthly_PRENEI_Q": 0.0,
      "monthly_PRELIQ_Q": 117.5,
      "monthly_PE_Q": -0.10000000000000253
    },
    "2024-07": {
      "monthly_PRENEI_Q": 0.0,
      "monthly_PRELIQ_Q": 70.8,
      "monthly_PE_Q": -60.5
    },
    "2024-08": {
      "monthly_PRENEI_Q": 0.0,
      "monthly_PRELIQ_Q": 66.8,
      "monthly_PE_Q": -26.500000000000004
    },
    "2024-09": {
      "monthly_PRENEI_Q": 0.0,
      "monthly_PRELIQ_Q": 162.20000000000002,
      "monthly_PE_Q": 101.60000000000001
    },
    "2024-10": {
      "monthly_PRENEI_Q": 0.0,
      "monthly_PRELIQ_Q": 133.0,
      "monthly_PE_Q": 98.3
    },
    "2024-11": {
      "monthly_PRENEI_Q": 6.0,
      "monthly_PRELIQ_Q": 57.9,
      "monthly_PE_Q": 44.6
    },
    "2024-12": {
      "monthly_PRENEI_Q": 12.0,
      "monthly_PRELIQ_Q": 84.8,
      "monthly_PE_Q": 84.5
    }
  }
}