{
  "years": {
    "2024": {
      "annual_PRENEI_Q": 282.3,
      "annual_PRELIQ_Q": 1576.5,
      "annual_PE_Q": 1164.9
    }
  },
  "months": {
    "2024-01": {
      "monthly_PRENEI_Q": 21.3,
      "monthly_PRELIQ_Q": 167.6,
      "monthly_PE_Q": 177.1
    },
    "2024-02": {
      "monthly_PRENEI_Q": 16.099999999999998,
      "monthly_PRELIQ_Q": 87.8,
      "monthly_PE_Q": 83.7
    },
    "2024-03": {
      "monthly_PRENEI_Q": 31.599999999999998,
      "monthly_PRELIQ_Q": 90.1,
      "monthly_PE_Q": 89.4
    },
    "2024-04": {
      "monthly_PRENEI_Q": 60.5,
      "monthly_PRELIQ_Q": 86.8,
      "monthly_PE_Q": 89.69999999999999
    },
    "2024-05": {
      "monthly_PRENEI_Q": 0.0,
      "monthly_PRELIQ_Q": 215.2,
      "monthly_PE_Q": 133.7
    },
    "2024-06": {
      "monthly_PRENEI_Q": 0.0,
      "monthly_PRELIQ_Q": 122.60000000000001,
      "monthly_PE_Q": 11.700000000000005
    },
    "2024-07": {
      "monthly_PRENEI_Q": 0.0,
      "monthly_PRELIQ_Q": 118.5,
      "monthly_PE_Q": -12.599999999999998
    },
    "2024-08": {
      "monthly_PRENEI_Q": 0.0,
      "monthly_PRELIQ_Q": 122.2,
      "monthly_PE_Q": 2.0000000000000044
    },
    "2024-09": {
      "monthly_PRENEI_Q": 0.0,
      "monthly_PRELIQ_Q": 205.4,
      "monthly_PE_Q": 142.3
    },
    "2024-10": {
      "monthly_PRENEI_Q": 0.0,
      "monthly_PRELIQ_Q": 188.3,
      "monthly_PE_Q": 146.9
    },
    "2024-11": {
      "monthly_PRENEI_Q": 35.6,
      "monthly_PRELIQ_Q": 94.1,
      "monthly_PE_Q": 110.2
    },
    "2024-12": {
      "monthly_PRENEI_Q": 117.2,
      "monthly_PRELIQ_Q": 77.9,
      "monthly_PE_Q": 190.8
    }
  }
}