{
  "years": {
    "2024": {
      "annual_PRENEI_Q": 294.5,
      "annual_PRELIQ_Q": 1579.1,
      "annual_PE_Q": 1178.4
    }
  },
  "months": {
    "2024-01": {
      "monthly_PRENEI_Q": 21.9,
      "monthly_PRELIQ_Q": 168.6,
      "monthly_PE_Q": 178.4
    },
    "2024-02": {
      "monthly_PRENEI_Q": 17.5,
      "monthly_PRELIQ_Q": 87.4,
      "monthly_PE_Q": 84.7
    },
    "2024-03": {
      "monthly_PRENEI_Q": 33.4,
      "monthly_PRELIQ_Q": 89.1,
      "monthly_PE_Q": 89.4
    },
    "2024-04": {
      "monthly_PRENEI_Q": 63.699999999999996,
      "monthly_PRELIQ_Q": 85.3,
      "monthly_PE_Q": 91.2
    },
    "2024-05": {
      "monthly_PRENEI_Q": 0.0,
      "monthly_PRELIQ_Q": 216.8,
      "monthly_PE_Q": 135.6
    },
    "2024-06": {
      "monthly_PRENEI_Q": 0.0,
      "monthly_PRELIQ_Q": 123.4,
      "monthly_PE_Q": 12.400000000000002
    },
    "2024-07": {
      "monthly_PRENEI_Q": 0.0,
      "monthly_PRELIQ_Q": 119.2,
      "monthly_PE_Q": -12.099999999999996
    },
    "2024-08": {
      "monthly_PRENEI_Q": 0.0,
      "monthly_PRELIQ_Q": 123.0,
      "monthly_PE_Q": 2.1999999999999984
    },
    "2024-09": {
      "monthly_PRENEI_Q": 0.0,
      "monthly_PRELIQ_Q": 207.3,
      "monthly_PE_Q": 144.6
    },
    "2024-10": {
      "monthly_PRENEI_Q": 0.0,
      "monthly_PRELIQ_Q": 189.7,
      "monthly_PE_Q": 147.6
    },
    "2024-11": {
      "monthly_PRENEI_Q": 37.8,
      "monthly_PRELIQ_Q": 93.1,
      "monthly_PE_Q": 111.8
    },
    "2024-12": {
      "monthly_PRENEI_Q": 120.19999999999999,
      "monthly_PRELIQ_Q": 76.19999999999999,
      "monthly_PE_Q": 192.6
    }
  }
}