{
  "years": {
    "2024": {
      "annual_PRENEI_Q": 206.1,
      "annual_PRELIQ_Q": 1562.6,
      "annual_PE_Q": 1063.7
    }
  },
  "months": {
    "2024-01": {
      "monthly_PRENEI_Q": 18.2,
      "monthly_PRELIQ_Q": 161.3,
      "monthly_PE_Q": 166.20000000000002
    },
    "2024-02": {
      "monthly_PRENEI_Q": 7.3999999999999995,
      "monthly_PRELIQ_Q": 92.0,
      "monthly_PE_Q": 76.2
    },
    "2024-03": {
      "monthly_PRENEI_Q": 20.0,
      "monthly_PRELIQ_Q": 95.5,
      "monthly_PE_Q": 78.3
    },
    "2024-04": {
      "monthly_PRENEI_Q": 40.7,
      "monthly_PRELIQ_Q": 99.3,
      "monthly_PE_Q": 78.3
    },
    "2024-05": {
      "monthly_PRENEI_Q": 0.0,
      "monthly_PRELIQ_Q": 204.8,
      "monthly_PE_Q": 123.2
    },
    "2024-06": {
      "monthly_PRENEI_Q": 0.0,
      "monthly_PRELIQ_Q": 116.60000000000001,
      "monthly_PE_Q": 7.9999999999999964
    },
    "2024-07": {
      "monthly_PRENEI_Q": 0.0,
      "monthly_PRELIQ_Q": 112.80000000000001,
      "monthly_PE_Q": -14.2
    },
    "2024-08": {
      "monthly_PRENEI_Q": 0.0,
      "monthly_PRELIQ_Q": 116.30000000000001,
      "monthly_PE_Q": 0.5000000000000022
    },
    "2024-09": {
      "monthly_PRENEI_Q": 0.0,
      "monthly_PRELIQ_Q": 195.8,
      "monthly_PE_Q": 130.9
    },
    "2024-10": {
      "monthly_PRENEI_Q": 0.0,
      "monthly_PRELIQ_Q": 179.2,
      "monthly_PE_Q": 136.2
    },
    "2024-11": {
      "monthly_PRENEI_Q": 22.700000000000003,
      "monthly_PRELIQ_Q": 100.6,
      "monthly_PE_Q": 101.69999999999999
    },
    "2024-12": {
      "monthly_PRENEI_Q": 97.1,
      "monthly_PRELIQ_Q": 88.4,
      "monthly_PE_Q": 178.4
    }
  }
}