{
  "years": {
    "2024": {
      "annual_PRENEI_Q": 97.3,
      "annual_PRELIQ_Q": 1430.3,
      "annual_PE_Q": 793.7
    }
  },
  "months": {
    "2024-01": {
      "monthly_PRENEI_Q": 12.1,
      "monthly_PRELIQ_Q": 110.5,
      "monthly_PE_Q": 103.9
    },
    "2024-02": {
      "monthly_PRENEI_Q": 0.3,
      "monthly_PRELIQ_Q": 80.60000000000001,
      "monthly_PE_Q": 55.199999999999996
    },
    "2024-03": {
      "monthly_PRENEI_Q": 0.0,
      "monthly_PRELIQ_Q": 108.69999999999999,
      "monthly_PE_Q": 67.2
    },
    "2024-04": {
      "monthly_PRENEI_Q": 14.5,
      "monthly_PRELIQ_Q": 111.6,
      "monthly_PE_Q": 57.8
    },
    "2024-05": {
      "monthly_PRENEI_Q": 0.0,
      "monthly_PRELIQ_Q": 181.7,
      "monthly_PE_Q": 99.9
    },
    "2024-06": {
      "monthly_PRENEI_Q": 0.0,
      "monthly_PRELIQ_Q": 131.4,
      "monthly_PE_Q": 20.3
    },
    "2024-07": {
      "monthly_PRENEI_Q": 0.0,
      "monthly_PRELIQ_Q": 103.60000000000001,
      "monthly_PE_Q": -23.2
    },
    "2024-08": {
      "monthly_PRENEI_Q": 0.0,
      "monthly_PRELIQ_Q": 98.60000000000001,
      "monthly_PE_Q": -16.5
    },
    "2024-09": {
      "monthly_PRENEI_Q": 0.0,
      "monthly_PRELIQ_Q": 172.70000000000002,
      "monthly_PE_Q": 106.2
    },
    "2024-10": {
      "monthly_PRENEI_Q": 0.0,
      "monthly_PRELIQ_Q": 159.5,
      "monthly_PE_Q": 118.8
    },
    "2024-11": {
      "monthly_PRENEI_Q": 24.3,
      "monthly_PRELIQ_Q": 73.60000000000001,
      "monthly_PE_Q": 75.2
    },
    "2024-12": {
      "monthly_PRENEI_Q": 46.1,
      "monthly_PRELIQ_Q": 97.8,
      "monthly_PE_Q": 128.9
    }
  }
}