{
  "years": {
    "2024": {
      "annual_PRENEI_Q": 37.4,
      "annual_PRELIQ_Q": 1642.9,
      "annual_PE_Q": 963.1
    }
  },
  "months": {
    "2024-01": {
      "monthly_PRENEI_Q": 5.5,
      "monthly_PRELIQ_Q": 159.2,
      "monthly_PE_Q": 146.8
    },
    "2024-02": {
      "monthly_PRENEI_Q": 1.1,
      "monthly_PRELIQ_Q": 139.7,
      "monthly_PE_Q": 117.89999999999999
    },
    "2024-03": {
      "monthly_PRENEI_Q": 0.1,
      "monthly_PRELIQ_Q": 133.3,
      "monthly_PE_Q": 98.6
    },
    "2024-04": {
      "monthly_PRENEI_Q": 4.1,
      "monthly_PRELIQ_Q": 117.4,
      "monthly_PE_Q": 52.8
    },
    "2024-05": {
      "monthly_PRENEI_Q": 0.0,
      "monthly_PRELIQ_Q": 197.0,
      "monthly_PE_Q": 112.5
    },
    "2024-06": {
      "monthly_PRENEI_Q": 0.0,
      "monthly_PRELIQ_Q": 145.6,
      "monthly_PE_Q": 33.5
    },
    "2024-07": {
      "monthly_PRENEI_Q": 0.0,
      "monthly_PRELIQ_Q": 127.2,
      "monthly_PE_Q": 2.600000000000005
    },
    "2024-08": {
      "monthly_PRENEI_Q": 0.0,
      "monthly_PRELIQ_Q": 71.8,
      "monthly_PE_Q": -41.1
    },
    "2024-09": {
      "monthly_PRENEI_Q": 0.0,
      "monthly_PRELIQ_Q": 192.4,
      "monthly_PE_Q": 123.19999999999999
    },
    "2024-10": {
      "monthly_PRENEI_Q": 0.0,
      "monthly_PRELIQ_Q": 133.5,
      "monthly_PE_Q": 96.5
    },
    "2024-11": {
      "monthly_PRENEI_Q": 9.700000000000001,
      "monthly_PRELIQ_Q": 102.19999999999999,
      "monthly_PE_Q": 93.9
    },
    "2024-12": {
      "monthly_PRENEI_Q": 16.9,
      "monthly_PRELIQ_Q": 123.60000000000001,
      "monthly_PE_Q": 125.89999999999999
    }
  }
}