{
  "years": {
    "2024": {
      "annual_PRENEI_Q": 14.5,
      "annual_PRELIQ_Q": 993.5,
      "annual_PE_Q": 478.4
    }
  },
  "months": {
    "2024-01": {
      "monthly_PRENEI_Q": 6.1000000000000005,
      "monthly_PRELIQ_Q": 75.7,
      "monthly_PE_Q": 73.1
    },
    "2024-02": {
      "monthly_PRENEI_Q": 0.0,
      "monthly_PRELIQ_Q": 75.7,
      "monthly_PE_Q": 64.3
    },
    "2024-03": {
      "monthly_PRENEI_Q": 0.0,
      "monthly_PRELIQ_Q": 91.1,
      "monthly_PE_Q": 66.0
    },
    "2024-04": {
      "monthly_PRENEI_Q": 0.1,
      "monthly_PRELIQ_Q": 66.0,
      "monthly_PE_Q": 14.799999999999997
    },
    "2024-05": {
      "monthly_PRENEI_Q": 0.0,
      "monthly_PRELIQ_Q": 180.7,
      "monthly_PE_Q": 112.2
    },
    "2024-06": {
      "monthly_PRENEI_Q": 0.0,
      "monthly_PRELIQ_Q": 84.8,
      "monthly_PE_Q": -5.500000000000002
    },
    "2024-07": {
      "monthly_PRENEI_Q": 0.0,
      "monthly_PRELIQ_Q": 58.4,
      "monthly_PE_Q": -31.199999999999996
    },
    "2024-08": {
      "monthly_PRENEI_Q": 0.0,
      "monthly_PRELIQ_Q": 61.300000000000004,
      "monthly_PE_Q": -24.900000000000002
    },
    "2024-09": {
      "monthly_PRENEI_Q": 0.0,
      "monthly_PRELIQ_Q": 103.4,
      "monthly_PE_Q": 53.2
    },
    "2024-10": {
      "monthly_PRENEI_Q": 0.0,
      "monthly_PRELIQ_Q": 66.7,
      "monthly_PE_Q": 38.3
    },
    "2024-11": {
      "monthly_PRENEI_Q": 2.7,
      "monthly_PRELIQ_Q": 59.599999999999994,
      "monthly_PE_Q": 50.900000000000006
    },
    "2024-12": {
      "monthly_PRENEI_Q": 5.6,
      "monthly_PRELIQ_Q": 70.10000000000001,
      "monthly_PE_Q": 67.2
    }
  }
}