{
  "years": {
    "2024": {
      "annual_PRENEI_Q": 11.899999999999999,
      "annual_PRELIQ_Q": 1063.3,
      "annual_PE_Q": 500.4
    }
  },
  "months": {
    "2024-01": {
      "monthly_PRENEI_Q": 6.699999999999999,
      "monthly_PRELIQ_Q": 85.3,
      "monthly_PE_Q": 83.39999999999999
    },
    "2024-02": {
      "monthly_PRENEI_Q": 0.0,
      "monthly_PRELIQ_Q": 94.9,
      "monthly_PE_Q": 81.2
    },
    "2024-03": {
      "monthly_PRENEI_Q": 0.0,
      "monthly_PRELIQ_Q": 79.6,
      "monthly_PE_Q": 48.6
    },
    "2024-04": {
      "monthly_PRENEI_Q": 0.6,
      "monthly_PRELIQ_Q": 63.6,
      "monthly_PE_Q": 5.300000000000002
    },
    "2024-05": {
      "monthly_PRENEI_Q": 0.0,
      "monthly_PRELIQ_Q": 206.7,
      "monthly_PE_Q": 132.79999999999998
    },
    "2024-06": {
      "monthly_PRENEI_Q": 0.0,
      "monthly_PRELIQ_Q": 64.0,
      "monthly_PE_Q": -34.6
    },
    "2024-07": {
      "monthly_PRENEI_Q": 0.0,
      "monthly_PRELIQ_Q": 83.5,
      "monthly_PE_Q": -15.700000000000003
    },
    "2024-08": {
      "monthly_PRENEI_Q": 0.0,
      "monthly_PRELIQ_Q": 72.30000000000001,
      "monthly_PE_Q": -18.399999999999995
    },
    "2024-09": {
      "monthly_PRENEI_Q": 0.0,
      "monthly_PRELIQ_Q": 111.4,
      "monthly_PE_Q": 60.699999999999996
    },
    "2024-10": {
      "monthly_PRENEI_Q": 0.0,
      "monthly_PRELIQ_Q": 72.8,
      "monthly_PE_Q": 44.0
    },
    "2024-11": {
      "monthly_PRENEI_Q": 0.6,
      "monthly_PRELIQ_Q": 67.89999999999999,
      "monthly_PE_Q": 56.5
    },
    "2024-12": {
      "monthly_PRENEI_Q": 4.0,
      "monthly_PRELIQ_Q": 61.3,
      "monthly_PE_Q": 56.6
    }
  }
}