{
  "years": {
    "2024": {
      "annual_PRENEI_Q": 3.0,
      "annual_PRELIQ_Q": 1142.5,
      "annual_PE_Q": 454.4
    }
  },
  "months": {
    "2024-01": {
      "monthly_PRENEI_Q": 0.0,
      "monthly_PRELIQ_Q": 39.4,
      "monthly_PE_Q": 12.799999999999999
    },
    "2024-02": {
      "monthly_PRENEI_Q": 0.0,
      "monthly_PRELIQ_Q": 127.3,
      "monthly_PE_Q": 90.2
    },
    "2024-03": {
      "monthly_PRENEI_Q": 0.0,
      "monthly_PRELIQ_Q": 306.5,
      "monthly_PE_Q": 241.8
    },
    "2024-04": {
      "monthly_PRENEI_Q": 2.9,
      "monthly_PRELIQ_Q": 41.8,
      "monthly_PE_Q": -47.2
    },
    "2024-05": {
      "monthly_PRENEI_Q": 0.0,
      "monthly_PRELIQ_Q": 70.7,
      "monthly_PE_Q": -26.7
    },
    "2024-06": {
      "monthly_PRENEI_Q": 0.0,
      "monthly_PRELIQ_Q": 32.199999999999996,
      "monthly_PE_Q": -40.800000000000004
    },
    "2024-07": {
      "monthly_PRENEI_Q": 0.0,
      "monthly_PRELIQ_Q": 23.099999999999998,
      "monthly_PE_Q": -42.5
    },
    "2024-08": {
      "monthly_PRENEI_Q": 0.0,
      "monthly_PRELIQ_Q": 33.0,
      "monthly_PE_Q": -17.8
    },
    "2024-09": {
      "monthly_PRENEI_Q": 0.0,
      "monthly_PRELIQ_Q": 132.0,
      "monthly_PE_Q": 58.300000000000004
    },
    "2024-10": {
      "monthly_PRENEI_Q": 0.0,
      "monthly_PRELIQ_Q": 280.40000000000003,
      "monthly_PE_Q": 232.29999999999998
    },
    "2024-11": {
      "monthly_PRENEI_Q": 0.0,
      "monthly_PRELIQ_Q": 46.2,
      "monthly_PE_Q": 11.300000000000002
    },
    "2024-12": {
      "monthly_PRENEI_Q": 0.1,
      "monthly_PRELIQ_Q": 9.9,
      "monthly_PE_Q": -17.3
    }
  }
}