{
  "years": {
    "2024": {
      "annual_PRENEI_Q": 116.19999999999999,
      "annual_PRELIQ_Q": 993.5,
      "annual_PE_Q": 484.8
    }
  },
  "months": {
    "2024-01": {
      "monthly_PRENEI_Q": 4.5,
      "monthly_PRELIQ_Q": 42.800000000000004,
      "monthly_PE_Q": 28.299999999999997
    },
    "2024-02": {
      "monthly_PRENEI_Q": 22.299999999999997,
      "monthly_PRELIQ_Q": 76.7,
      "monthly_PE_Q": 68.7
    },
    "2024-03": {
      "monthly_PRENEI_Q": 77.2,
      "monthly_PRELIQ_Q": 149.2,
      "monthly_PE_Q": 185.3
    },
    "2024-04": {
      "monthly_PRENEI_Q": 4.4,
      "monthly_PRELIQ_Q": 28.4,
      "monthly_PE_Q": -38.7
    },
    "2024-05": {
      "monthly_PRENEI_Q": 0.0,
      "monthly_PRELIQ_Q": 87.6,
      "monthly_PE_Q": 1.2999999999999985
    },
    "2024-06": {
      "monthly_PRENEI_Q": 0.0,
      "monthly_PRELIQ_Q": 62.800000000000004,
      "monthly_PE_Q": -31.299999999999997
    },
    "2024-07": {
      "monthly_PRENEI_Q": 0.0,
      "monthly_PRELIQ_Q": 19.5,
      "monthly_PE_Q": -50.6
    },
    "2024-08": {
      "monthly_PRENEI_Q": 0.0,
      "monthly_PRELIQ_Q": 31.3,
      "monthly_PE_Q": -17.1
    },
    "2024-09": {
      "monthly_PRENEI_Q": 0.0,
      "monthly_PRELIQ_Q": 177.1,
      "monthly_PE_Q": 106.10000000000001
    },
    "2024-10": {
      "monthly_PRENEI_Q": 0.0,
      "monthly_PRELIQ_Q": 230.20000000000002,
      "monthly_PE_Q": 183.1
    },
    "2024-11": {
      "monthly_PRENEI_Q": 3.6,
      "monthly_PRELIQ_Q": 71.9,
      "monthly_PE_Q": 49.0
    },
    "2024-12": {
      "monthly_PRENEI_Q": 4.2,
      "monthly_PRELIQ_Q": 16.0,
      "monthly_PE_Q": 0.7000000000000007
    }
  }
}