{
  "years": {
    "2024": {
      "annual_PRENEI_Q": 73.5,
      "annual_PRELIQ_Q": 1018.7,
      "annual_PE_Q": 454.5
    }
  },
  "months": {
    "2024-01": {
      "monthly_PRENEI_Q": 3.6999999999999997,
      "monthly_PRELIQ_Q": 42.6,
      "monthly_PE_Q": 27.799999999999997
    },
    "2024-02": {
      "monthly_PRENEI_Q": 26.7,
      "monthly_PRELIQ_Q": 70.60000000000001,
      "monthly_PE_Q": 67.3
    },
    "2024-03": {
      "monthly_PRENEI_Q": 37.9,
      "monthly_PRELIQ_Q": 184.9,
      "monthly_PE_Q": 175.1
    },
    "2024-04": {
      "monthly_PRENEI_Q": 4.800000000000001,
      "monthly_PRELIQ_Q": 27.7,
      "monthly_PE_Q": -39.1
    },
    "2024-05": {
      "monthly_PRENEI_Q": 0.0,
      "monthly_PRELIQ_Q": 86.0,
      "monthly_PE_Q": -2.500000000000003
    },
    "2024-06": {
      "monthly_PRENEI_Q": 0.0,
      "monthly_PRELIQ_Q": 62.0,
      "monthly_PE_Q": -35.800000000000004
    },
    "2024-07": {
      "monthly_PRENEI_Q": 0.0,
      "monthly_PRELIQ_Q": 19.1,
      "monthly_PE_Q": -52.3
    },
    "2024-08": {
      "monthly_PRENEI_Q": 0.0,
      "monthly_PRELIQ_Q": 30.9,
      "monthly_PE_Q": -17.0
    },
    "2024-09": {
      "monthly_PRENEI_Q": 0.0,
      "monthly_PRELIQ_Q": 174.6,
      "monthly_PE_Q": 103.10000000000001
    },
    "2024-10": {
      "monthly_PRENEI_Q": 0.0,
      "monthly_PRELIQ_Q": 226.5,
      "monthly_PE_Q": 180.1
    },
    "2024-11": {
      "monthly_PRENEI_Q": 0.0,
      "monthly_PRELIQ_Q": 74.3,
      "monthly_PE_Q": 47.599999999999994
    },
    "2024-12": {
      "monthly_PRENEI_Q": 0.4,
      "monthly_PRELIQ_Q": 19.5,
      "monthly_PE_Q": 0.19999999999999984
    }
  }
}