{
  "years": {
    "2024": {
      "annual_PRENEI_Q": 19.5,
      "annual_PRELIQ_Q": 1107.3,
      "annual_PE_Q": 469.5
    }
  },
  "months": {
    "2024-01": {
      "monthly_PRENEI_Q": 2.2,
      "monthly_PRELIQ_Q": 49.3,
      "monthly_PE_Q": 36.599999999999994
    },
    "2024-02": {
      "monthly_PRENEI_Q": 4.6000000000000005,
      "monthly_PRELIQ_Q": 92.60000000000001,
      "monthly_PE_Q": 67.8
    },
    "2024-03": {
      "monthly_PRENEI_Q": 9.6,
      "monthly_PRELIQ_Q": 139.6,
      "monthly_PE_Q": 101.2
    },
    "2024-04": {
      "monthly_PRENEI_Q": 1.5999999999999999,
      "monthly_PRELIQ_Q": 30.5,
      "monthly_PE_Q": -36.1
    },
    "2024-05": {
      "monthly_PRENEI_Q": 0.0,
      "monthly_PRELIQ_Q": 186.9,
      "monthly_PE_Q": 93.60000000000001
    },
    "2024-06": {
      "monthly_PRENEI_Q": 0.0,
      "monthly_PRELIQ_Q": 61.7,
      "monthly_PE_Q": -45.8
    },
    "2024-07": {
      "monthly_PRENEI_Q": 0.0,
      "monthly_PRELIQ_Q": 14.6,
      "monthly_PE_Q": -70.1
    },
    "2024-08": {
      "monthly_PRENEI_Q": 0.0,
      "monthly_PRELIQ_Q": 28.7,
      "monthly_PE_Q": -24.4
    },
    "2024-09": {
      "monthly_PRENEI_Q": 0.0,
      "monthly_PRELIQ_Q": 189.6,
      "monthly_PE_Q": 122.8
    },
    "2024-10": {
      "monthly_PRENEI_Q": 0.0,
      "monthly_PRELIQ_Q": 205.79999999999998,
      "monthly_PE_Q": 160.4
    },
    "2024-11": {
      "monthly_PRENEI_Q": 0.0,
      "monthly_PRELIQ_Q": 83.89999999999999,
      "monthly_PE_Q": 56.699999999999996
    },
    "2024-12": {
      "monthly_PRENEI_Q": 1.5,
      "monthly_PRELIQ_Q": 24.099999999999998,
      "monthly_PE_Q": 6.8
    }
  }
}