{
  "years": {
    "2024": {
      "annual_PRENEI_Q": 211.5,
      "annual_PRELIQ_Q": 1077.9,
      "annual_PE_Q": 653.3
    }
  },
  "months": {
    "2024-01": {
      "monthly_PRENEI_Q": 14.4,
      "monthly_PRELIQ_Q": 75.10000000000001,
      "monthly_PE_Q": 76.39999999999999
    },
    "2024-02": {
      "monthly_PRENEI_Q": 43.7,
      "monthly_PRELIQ_Q": 61.3,
      "monthly_PE_Q": 83.5
    },
    "2024-03": {
      "monthly_PRENEI_Q": 111.10000000000001,
      "monthly_PRELIQ_Q": 150.3,
      "monthly_PE_Q": 231.1
    },
    "2024-04": {
      "monthly_PRENEI_Q": 7.0,
      "monthly_PRELIQ_Q": 53.400000000000006,
      "monthly_PE_Q": -11.100000000000001
    },
    "2024-05": {
      "monthly_PRENEI_Q": 0.0,
      "monthly_PRELIQ_Q": 118.3,
      "monthly_PE_Q": 18.999999999999996
    },
    "2024-06": {
      "monthly_PRENEI_Q": 0.0,
      "monthly_PRELIQ_Q": 65.2,
      "monthly_PE_Q": -44.9
    },
    "2024-07": {
      "monthly_PRENEI_Q": 0.0,
      "monthly_PRELIQ_Q": 26.3,
      "monthly_PE_Q": -51.800000000000004
    },
    "2024-08": {
      "monthly_PRENEI_Q": 0.0,
      "monthly_PRELIQ_Q": 33.3,
      "monthly_PE_Q": -21.5
    },
    "2024-09": {
      "monthly_PRENEI_Q": 0.0,
      "monthly_PRELIQ_Q": 157.1,
      "monthly_PE_Q": 89.19999999999999
    },
    "2024-10": {
      "monthly_PRENEI_Q": 0.0,
      "monthly_PRELIQ_Q": 272.2,
      "monthly_PE_Q": 222.5
    },
    "2024-11": {
      "monthly_PRENEI_Q": 21.2,
      "monthly_PRELIQ_Q": 52.7,
      "monthly_PE_Q": 47.1
    },
    "2024-12": {
      "monthly_PRENEI_Q": 14.1,
      "monthly_PRELIQ_Q": 12.7,
      "monthly_PE_Q": 13.799999999999997
    }
  }
}