{
  "years": {
    "2024": {
      "annual_PRENEI_Q": 86.1,
      "annual_PRELIQ_Q": 884.8,
      "annual_PE_Q": 336.59999999999997
    }
  },
  "months": {
    "2024-01": {
      "monthly_PRENEI_Q": 9.399999999999999,
      "monthly_PRELIQ_Q": 57.4,
      "monthly_PE_Q": 53.2
    },
    "2024-02": {
      "monthly_PRENEI_Q": 14.4,
      "monthly_PRELIQ_Q": 54.2,
      "monthly_PE_Q": 45.5
    },
    "2024-03": {
      "monthly_PRENEI_Q": 26.4,
      "monthly_PRELIQ_Q": 122.5,
      "monthly_PE_Q": 110.4
    },
    "2024-04": {
      "monthly_PRENEI_Q": 2.1,
      "monthly_PRELIQ_Q": 49.199999999999996,
      "monthly_PE_Q": -23.5
    },
    "2024-05": {
      "monthly_PRENEI_Q": 2.0,
      "monthly_PRELIQ_Q": 107.9,
      "monthly_PE_Q": 7.0
    },
    "2024-06": {
      "monthly_PRENEI_Q": 0.0,
      "monthly_PRELIQ_Q": 70.5,
      "monthly_PE_Q": -46.3
    },
    "2024-07": {
      "monthly_PRENEI_Q": 0.0,
      "monthly_PRELIQ_Q": 23.0,
      "monthly_PE_Q": -55.300000000000004
    },
    "2024-08": {
      "monthly_PRENEI_Q": 0.0,
      "monthly_PRELIQ_Q": 15.4,
      "monthly_PE_Q": -21.0
    },
    "2024-09": {
      "monthly_PRENEI_Q": 0.0,
      "monthly_PRELIQ_Q": 127.2,
      "monthly_PE_Q": 60.699999999999996
    },
    "2024-10": {
      "monthly_PRENEI_Q": 0.0,
      "monthly_PRELIQ_Q": 191.0,
      "monthly_PE_Q": 145.0
    },
    "2024-11": {
      "monthly_PRENEI_Q": 19.900000000000002,
      "monthly_PRELIQ_Q": 50.6,
      "monthly_PE_Q": 45.4
    },
    "2024-12": {
      "monthly_PRENEI_Q": 11.9,
      "monthly_PRELIQ_Q": 15.899999999999999,
      "monthly_PE_Q": 15.5
    }
  }
}