{
  "years": {
    "2024": {
      "annual_PRENEI_Q": 1058.6,
      "annual_PRELIQ_Q": 678.4,
      "annual_PE_Q": 1413.2
    }
  },
  "months": {
    "2024-01": {
      "monthly_PRENEI_Q": 146.20000000000002,
      "monthly_PRELIQ_Q": 6.7,
      "monthly_PE_Q": 151.20000000000002
    },
    "2024-02": {
      "monthly_PRENEI_Q": 111.4,
      "monthly_PRELIQ_Q": 0.0,
      "monthly_PE_Q": 108.89999999999999
    },
    "2024-03": {
      "monthly_PRENEI_Q": 222.5,
      "monthly_PRELIQ_Q": 1.9000000000000001,
      "monthly_PE_Q": 219.3
    },
    "2024-04": {
      "monthly_PRENEI_Q": 85.0,
      "monthly_PRELIQ_Q": 8.2,
      "monthly_PE_Q": 84.1
    },
    "2024-05": {
      "monthly_PRENEI_Q": 146.0,
      "monthly_PRELIQ_Q": 31.5,
      "monthly_PE_Q": 160.7
    },
    "2024-06": {
      "monthly_PRENEI_Q": 19.1,
      "monthly_PRELIQ_Q": 178.4,
      "monthly_PE_Q": 151.9
    },
    "2024-07": {
      "monthly_PRENEI_Q": 0.2,
      "monthly_PRELIQ_Q": 48.8,
      "monthly_PE_Q": -42.8
    },
    "2024-08": {
      "monthly_PRENEI_Q": 0.30000000000000004,
      "monthly_PRELIQ_Q": 50.1,
      "monthly_PE_Q": -9.6
    },
    "2024-09": {
      "monthly_PRENEI_Q": 37.6,
      "monthly_PRELIQ_Q": 138.1,
      "monthly_PE_Q": 118.3
    },
    "2024-10": {
      "monthly_PRENEI_Q": 123.80000000000001,
      "monthly_PRELIQ_Q": 211.7,
      "monthly_PE_Q": 309.6
    },
    "2024-11": {
      "monthly_PRENEI_Q": 99.39999999999999,
      "monthly_PRELIQ_Q": 2.0,
      "monthly_PE_Q": 94.2
    },
    "2024-12": {
      "monthly_PRENEI_Q": 67.1,
      "monthly_PRELIQ_Q": 1.0,
      "monthly_PE_Q": 67.39999999999999
    }
  }
}