{
  "years": {
    "2024": {
      "annual_PRENEI_Q": 806.9,
      "annual_PRELIQ_Q": 809.3,
      "annual_PE_Q": 1222.5
    }
  },
  "months": {
    "2024-01": {
      "monthly_PRENEI_Q": 126.8,
      "monthly_PRELIQ_Q": 15.4,
      "monthly_PE_Q": 140.4
    },
    "2024-02": {
      "monthly_PRENEI_Q": 97.60000000000001,
      "monthly_PRELIQ_Q": 5.9,
      "monthly_PE_Q": 101.4
    },
    "2024-03": {
      "monthly_PRENEI_Q": 192.8,
      "monthly_PRELIQ_Q": 16.0,
      "monthly_PE_Q": 203.6
    },
    "2024-04": {
      "monthly_PRENEI_Q": 66.5,
      "monthly_PRELIQ_Q": 19.7,
      "monthly_PE_Q": 72.9
    },
    "2024-05": {
      "monthly_PRENEI_Q": 102.39999999999999,
      "monthly_PRELIQ_Q": 63.2,
      "monthly_PE_Q": 133.1
    },
    "2024-06": {
      "monthly_PRENEI_Q": 6.7,
      "monthly_PRELIQ_Q": 177.0,
      "monthly_PE_Q": 111.6
    },
    "2024-07": {
      "monthly_PRENEI_Q": 0.0,
      "monthly_PRELIQ_Q": 45.699999999999996,
      "monthly_PE_Q": -51.3
    },
    "2024-08": {
      "monthly_PRENEI_Q": 0.0,
      "monthly_PRELIQ_Q": 47.099999999999994,
      "monthly_PE_Q": -10.099999999999998
    },
    "2024-09": {
      "monthly_PRENEI_Q": 17.1,
      "monthly_PRELIQ_Q": 147.0,
      "monthly_PE_Q": 102.60000000000001
    },
    "2024-10": {
      "monthly_PRENEI_Q": 48.5,
      "monthly_PRELIQ_Q": 262.9,
      "monthly_PE_Q": 273.0
    },
    "2024-11": {
      "monthly_PRENEI_Q": 88.5,
      "monthly_PRELIQ_Q": 5.8999999999999995,
      "monthly_PE_Q": 83.0
    },
    "2024-12": {
      "monthly_PRENEI_Q": 60.0,
      "monthly_PRELIQ_Q": 3.5,
      "monthly_PE_Q": 62.3
    }
  }
}