{
  "years": {
    "2024": {
      "annual_PRENEI_Q": 214.9,
      "annual_PRELIQ_Q": 771.9,
      "annual_PE_Q": 447.1
    }
  },
  "months": {
    "2024-01": {
      "monthly_PRENEI_Q": 42.1,
      "monthly_PRELIQ_Q": 45.4,
      "monthly_PE_Q": 81.9
    },
    "2024-02": {
      "monthly_PRENEI_Q": 25.0,
      "monthly_PRELIQ_Q": 13.299999999999999,
      "monthly_PE_Q": 28.6
    },
    "2024-03": {
      "monthly_PRENEI_Q": 42.599999999999994,
      "monthly_PRELIQ_Q": 46.400000000000006,
      "monthly_PE_Q": 65.8
    },
    "2024-04": {
      "monthly_PRENEI_Q": 16.7,
      "monthly_PRELIQ_Q": 25.700000000000003,
      "monthly_PE_Q": 5.100000000000001
    },
    "2024-05": {
      "monthly_PRENEI_Q": 8.3,
      "monthly_PRELIQ_Q": 87.0,
      "monthly_PE_Q": 21.2
    },
    "2024-06": {
      "monthly_PRENEI_Q": 0.0,
      "monthly_PRELIQ_Q": 120.3,
      "monthly_PE_Q": 16.799999999999997
    },
    "2024-07": {
      "monthly_PRENEI_Q": 0.0,
      "monthly_PRELIQ_Q": 56.3,
      "monthly_PE_Q": -43.7
    },
    "2024-08": {
      "monthly_PRENEI_Q": 0.0,
      "monthly_PRELIQ_Q": 37.9,
      "monthly_PE_Q": -28.4
    },
    "2024-09": {
      "monthly_PRENEI_Q": 0.5,
      "monthly_PRELIQ_Q": 122.8,
      "monthly_PE_Q": 67.4
    },
    "2024-10": {
      "monthly_PRENEI_Q": 0.4,
      "monthly_PRELIQ_Q": 145.1,
      "monthly_PE_Q": 106.2
    },
    "2024-11": {
      "monthly_PRENEI_Q": 28.9,
      "monthly_PRELIQ_Q": 39.6,
      "monthly_PE_Q": 50.099999999999994
    },
    "2024-12": {
      "monthly_PRENEI_Q": 50.400000000000006,
      "monthly_PRELIQ_Q": 32.1,
      "monthly_PE_Q": 76.1
    }
  }
}