{
  "years": {
    "2024": {
      "annual_PRENEI_Q": 263.2,
      "annual_PRELIQ_Q": 1284.8,
      "annual_PE_Q": 917.1
    }
  },
  "months": {
    "2024-01": {
      "monthly_PRENEI_Q": 56.2,
      "monthly_PRELIQ_Q": 129.1,
      "monthly_PE_Q": 180.2
    },
    "2024-02": {
      "monthly_PRENEI_Q": 22.900000000000002,
      "monthly_PRELIQ_Q": 54.2,
      "monthly_PE_Q": 65.0
    },
    "2024-03": {
      "monthly_PRENEI_Q": 24.3,
      "monthly_PRELIQ_Q": 78.7,
      "monthly_PE_Q": 78.6
    },
    "2024-04": {
      "monthly_PRENEI_Q": 32.5,
      "monthly_PRELIQ_Q": 49.199999999999996,
      "monthly_PE_Q": 38.699999999999996
    },
    "2024-05": {
      "monthly_PRENEI_Q": 9.7,
      "monthly_PRELIQ_Q": 153.9,
      "monthly_PE_Q": 84.8
    },
    "2024-06": {
      "monthly_PRENEI_Q": 0.0,
      "monthly_PRELIQ_Q": 117.6,
      "monthly_PE_Q": 6.4
    },
    "2024-07": {
      "monthly_PRENEI_Q": 0.0,
      "monthly_PRELIQ_Q": 127.3,
      "monthly_PE_Q": -11.200000000000001
    },
    "2024-08": {
      "monthly_PRENEI_Q": 0.0,
      "monthly_PRELIQ_Q": 79.7,
      "monthly_PE_Q": -14.299999999999999
    },
    "2024-09": {
      "monthly_PRENEI_Q": 1.5,
      "monthly_PRELIQ_Q": 181.4,
      "monthly_PE_Q": 123.0
    },
    "2024-10": {
      "monthly_PRENEI_Q": 0.8,
      "monthly_PRELIQ_Q": 151.4,
      "monthly_PE_Q": 111.2
    },
    "2024-11": {
      "monthly_PRENEI_Q": 43.199999999999996,
      "monthly_PRELIQ_Q": 79.0,
      "monthly_PE_Q": 104.4
    },
    "2024-12": {
      "monthly_PRENEI_Q": 72.10000000000001,
      "monthly_PRELIQ_Q": 83.3,
      "monthly_PE_Q": 150.3
    }
  }
}