{
  "years": {
    "2024": {
      "annual_PRENEI_Q": 613.9,
      "annual_PRELIQ_Q": 1215.9,
      "annual_PE_Q": 1253.0
    }
  },
  "months": {
    "2024-01": {
      "monthly_PRENEI_Q": 137.5,
      "monthly_PRELIQ_Q": 82.2,
      "monthly_PE_Q": 217.4
    },
    "2024-02": {
      "monthly_PRENEI_Q": 60.2,
      "monthly_PRELIQ_Q": 32.4,
      "monthly_PE_Q": 87.0
    },
    "2024-03": {
      "monthly_PRENEI_Q": 61.4,
      "monthly_PRELIQ_Q": 60.0,
      "monthly_PE_Q": 109.3
    },
    "2024-04": {
      "monthly_PRENEI_Q": 72.5,
      "monthly_PRELIQ_Q": 23.400000000000002,
      "monthly_PE_Q": 70.5
    },
    "2024-05": {
      "monthly_PRENEI_Q": 35.7,
      "monthly_PRELIQ_Q": 157.0,
      "monthly_PE_Q": 135.5
    },
    "2024-06": {
      "monthly_PRENEI_Q": 0.1,
      "monthly_PRELIQ_Q": 138.4,
      "monthly_PE_Q": 31.099999999999998
    },
    "2024-07": {
      "monthly_PRENEI_Q": 0.0,
      "monthly_PRELIQ_Q": 150.8,
      "monthly_PE_Q": 10.399999999999999
    },
    "2024-08": {
      "monthly_PRENEI_Q": 0.0,
      "monthly_PRELIQ_Q": 93.89999999999999,
      "monthly_PE_Q": -12.8
    },
    "2024-09": {
      "monthly_PRENEI_Q": 11.5,
      "monthly_PRELIQ_Q": 204.5,
      "monthly_PE_Q": 156.2
    },
    "2024-10": {
      "monthly_PRENEI_Q": 5.3,
      "monthly_PRELIQ_Q": 174.4,
      "monthly_PE_Q": 137.4
    },
    "2024-11": {
      "monthly_PRENEI_Q": 98.0,
      "monthly_PRELIQ_Q": 46.199999999999996,
      "monthly_PE_Q": 129.0
    },
    "2024-12": {
      "monthly_PRENEI_Q": 131.70000000000002,
      "monthly_PRELIQ_Q": 52.699999999999996,
      "monthly_PE_Q": 182.0
    }
  }
}