{
  "years": {
    "2024": {
      "annual_PRENEI_Q": 117.3,
      "annual_PRELIQ_Q": 1375.2,
      "annual_PE_Q": 759.8000000000001
    }
  },
  "months": {
    "2024-01": {
      "monthly_PRENEI_Q": 23.799999999999997,
      "monthly_PRELIQ_Q": 144.0,
      "monthly_PE_Q": 159.3
    },
    "2024-02": {
      "monthly_PRENEI_Q": 7.6000000000000005,
      "monthly_PRELIQ_Q": 75.0,
      "monthly_PE_Q": 63.3
    },
    "2024-03": {
      "monthly_PRENEI_Q": 11.7,
      "monthly_PRELIQ_Q": 78.6,
      "monthly_PE_Q": 51.599999999999994
    },
    "2024-04": {
      "monthly_PRENEI_Q": 11.700000000000001,
      "monthly_PRELIQ_Q": 55.7,
      "monthly_PE_Q": 5.0
    },
    "2024-05": {
      "monthly_PRENEI_Q": 0.1,
      "monthly_PRELIQ_Q": 176.0,
      "monthly_PE_Q": 84.2
    },
    "2024-06": {
      "monthly_PRENEI_Q": 0.0,
      "monthly_PRELIQ_Q": 123.8,
      "monthly_PE_Q": 4.000000000000005
    },
    "2024-07": {
      "monthly_PRENEI_Q": 0.0,
      "monthly_PRELIQ_Q": 135.70000000000002,
      "monthly_PE_Q": -14.299999999999997
    },
    "2024-08": {
      "monthly_PRENEI_Q": 0.0,
      "monthly_PRELIQ_Q": 73.7,
      "monthly_PE_Q": -32.6
    },
    "2024-09": {
      "monthly_PRENEI_Q": 0.0,
      "monthly_PRELIQ_Q": 190.5,
      "monthly_PE_Q": 124.89999999999999
    },
    "2024-10": {
      "monthly_PRENEI_Q": 0.0,
      "monthly_PRELIQ_Q": 136.8,
      "monthly_PE_Q": 94.7
    },
    "2024-11": {
      "monthly_PRENEI_Q": 14.200000000000001,
      "monthly_PRELIQ_Q": 80.4,
      "monthly_PE_Q": 73.4
    },
    "2024-12": {
      "monthly_PRENEI_Q": 48.2,
      "monthly_PRELIQ_Q": 105.0,
      "monthly_PE_Q": 146.3
    }
  }
}