{
  "years": {
    "2024": {
      "annual_PRENEI_Q": 447.5,
      "annual_PRELIQ_Q": 1577.7,
      "annual_PE_Q": 1377.4
    }
  },
  "months": {
    "2024-01": {
      "monthly_PRENEI_Q": 95.6,
      "monthly_PRELIQ_Q": 116.5,
      "monthly_PE_Q": 208.7
    },
    "2024-02": {
      "monthly_PRENEI_Q": 45.300000000000004,
      "monthly_PRELIQ_Q": 73.4,
      "monthly_PE_Q": 110.2
    },
    "2024-03": {
      "monthly_PRENEI_Q": 54.9,
      "monthly_PRELIQ_Q": 77.9,
      "monthly_PE_Q": 112.4
    },
    "2024-04": {
      "monthly_PRENEI_Q": 50.800000000000004,
      "monthly_PRELIQ_Q": 52.199999999999996,
      "monthly_PE_Q": 61.4
    },
    "2024-05": {
      "monthly_PRENEI_Q": 13.7,
      "monthly_PRELIQ_Q": 247.2,
      "monthly_PE_Q": 184.6
    },
    "2024-06": {
      "monthly_PRENEI_Q": 0.0,
      "monthly_PRELIQ_Q": 176.9,
      "monthly_PE_Q": 64.5
    },
    "2024-07": {
      "monthly_PRENEI_Q": 0.0,
      "monthly_PRELIQ_Q": 129.4,
      "monthly_PE_Q": -11.499999999999995
    },
    "2024-08": {
      "monthly_PRENEI_Q": 0.0,
      "monthly_PRELIQ_Q": 127.60000000000001,
      "monthly_PE_Q": 8.1
    },
    "2024-09": {
      "monthly_PRENEI_Q": 4.9,
      "monthly_PRELIQ_Q": 255.0,
      "monthly_PE_Q": 196.1
    },
    "2024-10": {
      "monthly_PRENEI_Q": 0.2,
      "monthly_PRELIQ_Q": 182.0,
      "monthly_PE_Q": 142.70000000000002
    },
    "2024-11": {
      "monthly_PRENEI_Q": 51.0,
      "monthly_PRELIQ_Q": 75.2,
      "monthly_PE_Q": 109.9
    },
    "2024-12": {
      "monthly_PRENEI_Q": 131.1,
      "monthly_PRELIQ_Q": 64.4,
      "monthly_PE_Q": 190.29999999999998
    }
  }
}