{
  "years": {
    "2024": {
      "annual_PRENEI_Q": 22.3,
      "annual_PRELIQ_Q": 1263.6,
      "annual_PE_Q": 688.1
    }
  },
  "months": {
    "2024-01": {
      "monthly_PRENEI_Q": 1.0,
      "monthly_PRELIQ_Q": 79.3,
      "monthly_PE_Q": 68.7
    },
    "2024-02": {
      "monthly_PRENEI_Q": 0.0,
      "monthly_PRELIQ_Q": 94.4,
      "monthly_PE_Q": 82.8
    },
    "2024-03": {
      "monthly_PRENEI_Q": 0.0,
      "monthly_PRELIQ_Q": 119.7,
      "monthly_PE_Q": 92.0
    },
    "2024-04": {
      "monthly_PRENEI_Q": 0.30000000000000004,
      "monthly_PRELIQ_Q": 79.3,
      "monthly_PE_Q": 20.400000000000002
    },
    "2024-05": {
      "monthly_PRENEI_Q": 0.0,
      "monthly_PRELIQ_Q": 155.3,
      "monthly_PE_Q": 80.3
    },
    "2024-06": {
      "monthly_PRENEI_Q": 0.0,
      "monthly_PRELIQ_Q": 142.20000000000002,
      "monthly_PE_Q": 51.099999999999994
    },
    "2024-07": {
      "monthly_PRENEI_Q": 0.0,
      "monthly_PRELIQ_Q": 109.39999999999999,
      "monthly_PE_Q": -1.3999999999999977
    },
    "2024-08": {
      "monthly_PRENEI_Q": 0.0,
      "monthly_PRELIQ_Q": 78.0,
      "monthly_PE_Q": -31.2
    },
    "2024-09": {
      "monthly_PRENEI_Q": 0.0,
      "monthly_PRELIQ_Q": 121.2,
      "monthly_PE_Q": 69.2
    },
    "2024-10": {
      "monthly_PRENEI_Q": 0.0,
      "monthly_PRELIQ_Q": 139.29999999999998,
      "monthly_PE_Q": 113.0
    },
    "2024-11": {
      "monthly_PRENEI_Q": 8.6,
      "monthly_PRELIQ_Q": 60.8,
      "monthly_PE_Q": 55.7
    },
    "2024-12": {
      "monthly_PRENEI_Q": 12.4,
      "monthly_PRELIQ_Q": 84.7,
      "monthly_PE_Q": 87.5
    }
  }
}