{
  "years": {
    "2024": {
      "annual_PRENEI_Q": 21.1,
      "annual_PRELIQ_Q": 1207.4,
      "annual_PE_Q": 588.1
    }
  },
  "months": {
    "2024-01": {
      "monthly_PRENEI_Q": 0.30000000000000004,
      "monthly_PRELIQ_Q": 41.7,
      "monthly_PE_Q": 18.400000000000002
    },
    "2024-02": {
      "monthly_PRENEI_Q": 0.1,
      "monthly_PRELIQ_Q": 135.9,
      "monthly_PE_Q": 104.39999999999999
    },
    "2024-03": {
      "monthly_PRENEI_Q": 13.9,
      "monthly_PRELIQ_Q": 313.3,
      "monthly_PE_Q": 274.5
    },
    "2024-04": {
      "monthly_PRENEI_Q": 6.7,
      "monthly_PRELIQ_Q": 40.9,
      "monthly_PE_Q": -34.8
    },
    "2024-05": {
      "monthly_PRENEI_Q": 0.0,
      "monthly_PRELIQ_Q": 75.3,
      "monthly_PE_Q": -18.800000000000004
    },
    "2024-06": {
      "monthly_PRENEI_Q": 0.0,
      "monthly_PRELIQ_Q": 34.6,
      "monthly_PE_Q": -44.300000000000004
    },
    "2024-07": {
      "monthly_PRENEI_Q": 0.0,
      "monthly_PRELIQ_Q": 24.700000000000003,
      "monthly_PE_Q": -35.199999999999996
    },
    "2024-08": {
      "monthly_PRENEI_Q": 0.0,
      "monthly_PRELIQ_Q": 35.3,
      "monthly_PE_Q": -11.1
    },
    "2024-09": {
      "monthly_PRENEI_Q": 0.0,
      "monthly_PRELIQ_Q": 141.1,
      "monthly_PE_Q": 69.6
    },
    "2024-10": {
      "monthly_PRENEI_Q": 0.0,
      "monthly_PRELIQ_Q": 299.09999999999997,
      "monthly_PE_Q": 253.7
    },
    "2024-11": {
      "monthly_PRENEI_Q": 0.0,
      "monthly_PRELIQ_Q": 55.1,
      "monthly_PE_Q": 23.5
    },
    "2024-12": {
      "monthly_PRENEI_Q": 0.1,
      "monthly_PRELIQ_Q": 10.4,
      "monthly_PE_Q": -11.8
    }
  }
}