{
  "years": {
    "2024": {
      "annual_PRENEI_Q": 155.8,
      "annual_PRELIQ_Q": 1098.3,
      "annual_PE_Q": 604.9
    }
  },
  "months": {
    "2024-01": {
      "monthly_PRENEI_Q": 6.8,
      "monthly_PRELIQ_Q": 80.3,
      "monthly_PE_Q": 72.39999999999999
    },
    "2024-02": {
      "monthly_PRENEI_Q": 24.7,
      "monthly_PRELIQ_Q": 77.60000000000001,
      "monthly_PE_Q": 77.4
    },
    "2024-03": {
      "monthly_PRENEI_Q": 91.3,
      "monthly_PRELIQ_Q": 163.1,
      "monthly_PE_Q": 220.5
    },
    "2024-04": {
      "monthly_PRENEI_Q": 2.9000000000000004,
      "monthly_PRELIQ_Q": 55.6,
      "monthly_PE_Q": -16.599999999999998
    },
    "2024-05": {
      "monthly_PRENEI_Q": 0.0,
      "monthly_PRELIQ_Q": 115.5,
      "monthly_PE_Q": 19.700000000000003
    },
    "2024-06": {
      "monthly_PRENEI_Q": 0.0,
      "monthly_PRELIQ_Q": 63.4,
      "monthly_PE_Q": -44.5
    },
    "2024-07": {
      "monthly_PRENEI_Q": 0.0,
      "monthly_PRELIQ_Q": 25.599999999999998,
      "monthly_PE_Q": -58.5
    },
    "2024-08": {
      "monthly_PRENEI_Q": 0.0,
      "monthly_PRELIQ_Q": 32.300000000000004,
      "monthly_PE_Q": -21.900000000000002
    },
    "2024-09": {
      "monthly_PRENEI_Q": 0.0,
      "monthly_PRELIQ_Q": 152.79999999999998,
      "monthly_PE_Q": 87.2
    },
    "2024-10": {
      "monthly_PRENEI_Q": 0.0,
      "monthly_PRELIQ_Q": 265.4,
      "monthly_PE_Q": 215.29999999999998
    },
    "2024-11": {
      "monthly_PRENEI_Q": 21.1,
      "monthly_PRELIQ_Q": 50.7,
      "monthly_PE_Q": 44.2
    },
    "2024-12": {
      "monthly_PRENEI_Q": 9.0,
      "monthly_PRELIQ_Q": 16.0,
      "monthly_PE_Q": 9.700000000000001
    }
  }
}