{
  "years": {
    "2024": {
      "annual_PRENEI_Q": 305.7,
      "annual_PRELIQ_Q": 831.3,
      "annual_PE_Q": 596.1
    }
  },
  "months": {
    "2024-01": {
      "monthly_PRENEI_Q": 38.5,
      "monthly_PRELIQ_Q": 39.199999999999996,
      "monthly_PE_Q": 71.5
    },
    "2024-02": {
      "monthly_PRENEI_Q": 53.2,
      "monthly_PRELIQ_Q": 27.3,
      "monthly_PE_Q": 68.0
    },
    "2024-03": {
      "monthly_PRENEI_Q": 108.4,
      "monthly_PRELIQ_Q": 66.4,
      "monthly_PE_Q": 154.5
    },
    "2024-04": {
      "monthly_PRENEI_Q": 19.200000000000003,
      "monthly_PRELIQ_Q": 40.6,
      "monthly_PE_Q": 10.9
    },
    "2024-05": {
      "monthly_PRENEI_Q": 16.200000000000003,
      "monthly_PRELIQ_Q": 112.9,
      "monthly_PE_Q": 42.300000000000004
    },
    "2024-06": {
      "monthly_PRENEI_Q": 0.0,
      "monthly_PRELIQ_Q": 82.6,
      "monthly_PE_Q": -28.5
    },
    "2024-07": {
      "monthly_PRENEI_Q": 0.0,
      "monthly_PRELIQ_Q": 26.6,
      "monthly_PE_Q": -58.300000000000004
    },
    "2024-08": {
      "monthly_PRENEI_Q": 0.0,
      "monthly_PRELIQ_Q": 17.8,
      "monthly_PE_Q": -20.400000000000002
    },
    "2024-09": {
      "monthly_PRENEI_Q": 0.0,
      "monthly_PRELIQ_Q": 148.7,
      "monthly_PE_Q": 84.10000000000001
    },
    "2024-10": {
      "monthly_PRENEI_Q": 0.0,
      "monthly_PRELIQ_Q": 224.1,
      "monthly_PE_Q": 180.1
    },
    "2024-11": {
      "monthly_PRENEI_Q": 43.0,
      "monthly_PRELIQ_Q": 40.0,
      "monthly_PE_Q": 64.7
    },
    "2024-12": {
      "monthly_PRENEI_Q": 27.200000000000003,
      "monthly_PRELIQ_Q": 5.1,
      "monthly_PE_Q": 27.2
    }
  }
}