{
  "years": {
    "2024": {
      "annual_PRENEI_Q": 218.4,
      "annual_PRELIQ_Q": 852.8,
      "annual_PE_Q": 497.5
    }
  },
  "months": {
    "2024-01": {
      "monthly_PRENEI_Q": 26.599999999999998,
      "monthly_PRELIQ_Q": 46.7,
      "monthly_PE_Q": 65.0
    },
    "2024-02": {
      "monthly_PRENEI_Q": 39.5,
      "monthly_PRELIQ_Q": 36.2,
      "monthly_PE_Q": 60.7
    },
    "2024-03": {
      "monthly_PRENEI_Q": 77.9,
      "monthly_PRELIQ_Q": 86.7,
      "monthly_PE_Q": 139.2
    },
    "2024-04": {
      "monthly_PRENEI_Q": 13.9,
      "monthly_PRELIQ_Q": 42.6,
      "monthly_PE_Q": -2.200000000000002
    },
    "2024-05": {
      "monthly_PRENEI_Q": 8.4,
      "monthly_PRELIQ_Q": 113.0,
      "monthly_PE_Q": 26.9
    },
    "2024-06": {
      "monthly_PRENEI_Q": 0.0,
      "monthly_PRELIQ_Q": 77.8,
      "monthly_PE_Q": -35.699999999999996
    },
    "2024-07": {
      "monthly_PRENEI_Q": 0.0,
      "monthly_PRELIQ_Q": 25.3,
      "monthly_PE_Q": -56.7
    },
    "2024-08": {
      "monthly_PRENEI_Q": 0.0,
      "monthly_PRELIQ_Q": 16.900000000000002,
      "monthly_PE_Q": -19.2
    },
    "2024-09": {
      "monthly_PRENEI_Q": 0.0,
      "monthly_PRELIQ_Q": 140.1,
      "monthly_PE_Q": 74.0
    },
    "2024-10": {
      "monthly_PRENEI_Q": 0.0,
      "monthly_PRELIQ_Q": 210.89999999999998,
      "monthly_PE_Q": 165.5
    },
    "2024-11": {
      "monthly_PRENEI_Q": 31.400000000000002,
      "monthly_PRELIQ_Q": 46.699999999999996,
      "monthly_PE_Q": 57.4
    },
    "2024-12": {
      "monthly_PRENEI_Q": 20.7,
      "monthly_PRELIQ_Q": 9.9,
      "monthly_PE_Q": 22.6
    }
  }
}