{
  "years": {
    "2024": {
      "annual_PRENEI_Q": 235.3,
      "annual_PRELIQ_Q": 931.6,
      "annual_PE_Q": 575.6999999999999
    }
  },
  "months": {
    "2024-01": {
      "monthly_PRENEI_Q": 46.5,
      "monthly_PRELIQ_Q": 89.6,
      "monthly_PE_Q": 125.2
    },
    "2024-02": {
      "monthly_PRENEI_Q": 43.4,
      "monthly_PRELIQ_Q": 52.599999999999994,
      "monthly_PE_Q": 78.3
    },
    "2024-03": {
      "monthly_PRENEI_Q": 52.8,
      "monthly_PRELIQ_Q": 76.1,
      "monthly_PE_Q": 98.4
    },
    "2024-04": {
      "monthly_PRENEI_Q": 10.4,
      "monthly_PRELIQ_Q": 34.1,
      "monthly_PE_Q": -9.5
    },
    "2024-05": {
      "monthly_PRENEI_Q": 5.8999999999999995,
      "monthly_PRELIQ_Q": 123.7,
      "monthly_PE_Q": 40.300000000000004
    },
    "2024-06": {
      "monthly_PRENEI_Q": 0.0,
      "monthly_PRELIQ_Q": 99.4,
      "monthly_PE_Q": -11.500000000000002
    },
    "2024-07": {
      "monthly_PRENEI_Q": 0.0,
      "monthly_PRELIQ_Q": 36.8,
      "monthly_PE_Q": -60.5
    },
    "2024-08": {
      "monthly_PRENEI_Q": 0.0,
      "monthly_PRELIQ_Q": 19.9,
      "monthly_PE_Q": -25.0
    },
    "2024-09": {
      "monthly_PRENEI_Q": 0.1,
      "monthly_PRELIQ_Q": 132.0,
      "monthly_PE_Q": 70.9
    },
    "2024-10": {
      "monthly_PRENEI_Q": 0.0,
      "monthly_PRELIQ_Q": 201.29999999999998,
      "monthly_PE_Q": 156.6
    },
    "2024-11": {
      "monthly_PRENEI_Q": 52.9,
      "monthly_PRELIQ_Q": 49.699999999999996,
      "monthly_PE_Q": 83.1
    },
    "2024-12": {
      "monthly_PRENEI_Q": 23.3,
      "monthly_PRELIQ_Q": 16.4,
      "monthly_PE_Q": 29.4
    }
  }
}