{
  "years": {
    "2024": {
      "annual_PRENEI_Q": 366.9,
      "annual_PRELIQ_Q": 1254.1,
      "annual_PE_Q": 997.2
    }
  },
  "months": {
    "2024-01": {
      "monthly_PRENEI_Q": 74.2,
      "monthly_PRELIQ_Q": 79.10000000000001,
      "monthly_PE_Q": 146.5
    },
    "2024-02": {
      "monthly_PRENEI_Q": 79.5,
      "monthly_PRELIQ_Q": 68.1,
      "monthly_PE_Q": 133.70000000000002
    },
    "2024-03": {
      "monthly_PRENEI_Q": 84.6,
      "monthly_PRELIQ_Q": 97.8,
      "monthly_PE_Q": 155.0
    },
    "2024-04": {
      "monthly_PRENEI_Q": 27.0,
      "monthly_PRELIQ_Q": 52.300000000000004,
      "monthly_PE_Q": 33.0
    },
    "2024-05": {
      "monthly_PRENEI_Q": 19.9,
      "monthly_PRELIQ_Q": 161.1,
      "monthly_PE_Q": 104.3
    },
    "2024-06": {
      "monthly_PRENEI_Q": 0.0,
      "monthly_PRELIQ_Q": 149.2,
      "monthly_PE_Q": 33.00000000000001
    },
    "2024-07": {
      "monthly_PRENEI_Q": 0.0,
      "monthly_PRELIQ_Q": 51.5,
      "monthly_PE_Q": -73.1
    },
    "2024-08": {
      "monthly_PRENEI_Q": 0.0,
      "monthly_PRELIQ_Q": 56.1,
      "monthly_PE_Q": -20.700000000000003
    },
    "2024-09": {
      "monthly_PRENEI_Q": 0.6,
      "monthly_PRELIQ_Q": 160.70000000000002,
      "monthly_PE_Q": 98.50000000000001
    },
    "2024-10": {
      "monthly_PRENEI_Q": 0.0,
      "monthly_PRELIQ_Q": 314.1,
      "monthly_PE_Q": 268.6
    },
    "2024-11": {
      "monthly_PRENEI_Q": 47.6,
      "monthly_PRELIQ_Q": 34.1,
      "monthly_PE_Q": 63.6
    },
    "2024-12": {
      "monthly_PRENEI_Q": 33.5,
      "monthly_PRELIQ_Q": 30.0,
      "monthly_PE_Q": 54.8
    }
  }
}