{
  "years": {
    "2024": {
      "annual_PRENEI_Q": 1036.0,
      "annual_PRELIQ_Q": 1004.2,
      "annual_PE_Q": 1627.4
    }
  },
  "months": {
    "2024-01": {
      "monthly_PRENEI_Q": 170.6,
      "monthly_PRELIQ_Q": 22.200000000000003,
      "monthly_PE_Q": 191.1
    },
    "2024-02": {
      "monthly_PRENEI_Q": 186.0,
      "monthly_PRELIQ_Q": 0.0,
      "monthly_PE_Q": 184.20000000000002
    },
    "2024-03": {
      "monthly_PRENEI_Q": 226.6,
      "monthly_PRELIQ_Q": 2.8,
      "monthly_PE_Q": 225.3
    },
    "2024-04": {
      "monthly_PRENEI_Q": 90.39999999999999,
      "monthly_PRELIQ_Q": 9.899999999999999,
      "monthly_PE_Q": 91.8
    },
    "2024-05": {
      "monthly_PRENEI_Q": 121.4,
      "monthly_PRELIQ_Q": 106.2,
      "monthly_PE_Q": 203.6
    },
    "2024-06": {
      "monthly_PRENEI_Q": 4.1,
      "monthly_PRELIQ_Q": 183.5,
      "monthly_PE_Q": 115.8
    },
    "2024-07": {
      "monthly_PRENEI_Q": 0.0,
      "monthly_PRELIQ_Q": 64.8,
      "monthly_PE_Q": -47.5
    },
    "2024-08": {
      "monthly_PRENEI_Q": 0.0,
      "monthly_PRELIQ_Q": 70.2,
      "monthly_PE_Q": -0.5999999999999983
    },
    "2024-09": {
      "monthly_PRENEI_Q": 21.7,
      "monthly_PRELIQ_Q": 181.3,
      "monthly_PE_Q": 138.1
    },
    "2024-10": {
      "monthly_PRENEI_Q": 47.0,
      "monthly_PRELIQ_Q": 349.0,
      "monthly_PE_Q": 353.59999999999997
    },
    "2024-11": {
      "monthly_PRENEI_Q": 95.3,
      "monthly_PRELIQ_Q": 7.5,
      "monthly_PE_Q": 93.2
    },
    "2024-12": {
      "monthly_PRENEI_Q": 72.89999999999999,
      "monthly_PRELIQ_Q": 6.8,
      "monthly_PE_Q": 78.8
    }
  }
}