{
  "years": {
    "2024": {
      "annual_PRENEI_Q": 1012.4,
      "annual_PRELIQ_Q": 1013.2,
      "annual_PE_Q": 1610.9
    }
  },
  "months": {
    "2024-01": {
      "monthly_PRENEI_Q": 162.79999999999998,
      "monthly_PRELIQ_Q": 28.5,
      "monthly_PE_Q": 190.0
    },
    "2024-02": {
      "monthly_PRENEI_Q": 175.79999999999998,
      "monthly_PRELIQ_Q": 9.0,
      "monthly_PE_Q": 182.8
    },
    "2024-03": {
      "monthly_PRENEI_Q": 215.0,
      "monthly_PRELIQ_Q": 12.8,
      "monthly_PE_Q": 223.4
    },
    "2024-04": {
      "monthly_PRENEI_Q": 85.1,
      "monthly_PRELIQ_Q": 14.299999999999999,
      "monthly_PE_Q": 91.1
    },
    "2024-05": {
      "monthly_PRENEI_Q": 122.5,
      "monthly_PRELIQ_Q": 103.4,
      "monthly_PE_Q": 196.7
    },
    "2024-06": {
      "monthly_PRENEI_Q": 6.3,
      "monthly_PRELIQ_Q": 179.9,
      "monthly_PE_Q": 114.5
    },
    "2024-07": {
      "monthly_PRENEI_Q": 0.0,
      "monthly_PRELIQ_Q": 64.3,
      "monthly_PE_Q": -45.400000000000006
    },
    "2024-08": {
      "monthly_PRENEI_Q": 0.0,
      "monthly_PRELIQ_Q": 69.7,
      "monthly_PE_Q": -2.3000000000000016
    },
    "2024-09": {
      "monthly_PRENEI_Q": 20.599999999999998,
      "monthly_PRELIQ_Q": 181.2,
      "monthly_PE_Q": 137.1
    },
    "2024-10": {
      "monthly_PRENEI_Q": 55.8,
      "monthly_PRELIQ_Q": 337.3,
      "monthly_PE_Q": 352.2
    },
    "2024-11": {
      "monthly_PRENEI_Q": 96.1,
      "monthly_PRELIQ_Q": 6.1,
      "monthly_PE_Q": 92.6
    },
    "2024-12": {
      "monthly_PRENEI_Q": 72.4,
      "monthly_PRELIQ_Q": 6.7,
      "monthly_PE_Q": 78.2
    }
  }
}