{
  "years": {
    "2024": {
      "annual_PRENEI_Q": 152.2,
      "annual_PRELIQ_Q": 785.7,
      "annual_PE_Q": 394.5
    }
  },
  "months": {
    "2024-01": {
      "monthly_PRENEI_Q": 29.6,
      "monthly_PRELIQ_Q": 53.699999999999996,
      "monthly_PE_Q": 76.9
    },
    "2024-02": {
      "monthly_PRENEI_Q": 19.0,
      "monthly_PRELIQ_Q": 17.3,
      "monthly_PE_Q": 25.000000000000004
    },
    "2024-03": {
      "monthly_PRENEI_Q": 29.1,
      "monthly_PRELIQ_Q": 55.8,
      "monthly_PE_Q": 57.8
    },
    "2024-04": {
      "monthly_PRENEI_Q": 11.299999999999999,
      "monthly_PRELIQ_Q": 29.200000000000003,
      "monthly_PE_Q": 0.09999999999999765
    },
    "2024-05": {
      "monthly_PRENEI_Q": 3.0,
      "monthly_PRELIQ_Q": 87.9,
      "monthly_PE_Q": 14.200000000000003
    },
    "2024-06": {
      "monthly_PRENEI_Q": 0.0,
      "monthly_PRELIQ_Q": 114.3,
      "monthly_PE_Q": 10.8
    },
    "2024-07": {
      "monthly_PRENEI_Q": 0.0,
      "monthly_PRELIQ_Q": 53.2,
      "monthly_PE_Q": -43.4
    },
    "2024-08": {
      "monthly_PRENEI_Q": 0.0,
      "monthly_PRELIQ_Q": 36.1,
      "monthly_PE_Q": -25.1
    },
    "2024-09": {
      "monthly_PRENEI_Q": 0.0,
      "monthly_PRELIQ_Q": 117.0,
      "monthly_PE_Q": 61.699999999999996
    },
    "2024-10": {
      "monthly_PRENEI_Q": 0.0,
      "monthly_PRELIQ_Q": 138.0,
      "monthly_PE_Q": 99.4
    },
    "2024-11": {
      "monthly_PRENEI_Q": 18.5,
      "monthly_PRELIQ_Q": 46.6,
      "monthly_PE_Q": 45.7
    },
    "2024-12": {
      "monthly_PRENEI_Q": 41.7,
      "monthly_PRELIQ_Q": 36.599999999999994,
      "monthly_PE_Q": 71.4
    }
  }
}