{
  "years": {
    "2024": {
      "annual_PRENEI_Q": 343.40000000000003,
      "annual_PRELIQ_Q": 1282.0,
      "annual_PE_Q": 973.4
    }
  },
  "months": {
    "2024-01": {
      "monthly_PRENEI_Q": 78.5,
      "monthly_PRELIQ_Q": 116.0,
      "monthly_PE_Q": 190.4
    },
    "2024-02": {
      "monthly_PRENEI_Q": 30.900000000000002,
      "monthly_PRELIQ_Q": 50.300000000000004,
      "monthly_PE_Q": 69.2
    },
    "2024-03": {
      "monthly_PRENEI_Q": 30.9,
      "monthly_PRELIQ_Q": 77.1,
      "monthly_PE_Q": 83.0
    },
    "2024-04": {
      "monthly_PRENEI_Q": 43.4,
      "monthly_PRELIQ_Q": 42.4,
      "monthly_PE_Q": 44.1
    },
    "2024-05": {
      "monthly_PRENEI_Q": 12.1,
      "monthly_PRELIQ_Q": 159.2,
      "monthly_PE_Q": 88.8
    },
    "2024-06": {
      "monthly_PRENEI_Q": 0.0,
      "monthly_PRELIQ_Q": 123.3,
      "monthly_PE_Q": 9.799999999999997
    },
    "2024-07": {
      "monthly_PRENEI_Q": 0.0,
      "monthly_PRELIQ_Q": 134.0,
      "monthly_PE_Q": -9.2
    },
    "2024-08": {
      "monthly_PRENEI_Q": 0.0,
      "monthly_PRELIQ_Q": 83.6,
      "monthly_PE_Q": -19.2
    },
    "2024-09": {
      "monthly_PRENEI_Q": 1.1,
      "monthly_PRELIQ_Q": 190.7,
      "monthly_PE_Q": 130.5
    },
    "2024-10": {
      "monthly_PRENEI_Q": 0.6,
      "monthly_PRELIQ_Q": 159.29999999999998,
      "monthly_PE_Q": 117.1
    },
    "2024-11": {
      "monthly_PRENEI_Q": 56.900000000000006,
      "monthly_PRELIQ_Q": 71.3,
      "monthly_PE_Q": 109.7
    },
    "2024-12": {
      "monthly_PRENEI_Q": 89.0,
      "monthly_PRELIQ_Q": 74.8,
      "monthly_PE_Q": 159.20000000000002
    }
  }
}