{
  "years": {
    "2024": {
      "annual_PRENEI_Q": 335.5,
      "annual_PRELIQ_Q": 1312.5,
      "annual_PE_Q": 1002.2
    }
  },
  "months": {
    "2024-01": {
      "monthly_PRENEI_Q": 69.2,
      "monthly_PRELIQ_Q": 128.3,
      "monthly_PE_Q": 192.9
    },
    "2024-02": {
      "monthly_PRENEI_Q": 30.2,
      "monthly_PRELIQ_Q": 52.4,
      "monthly_PE_Q": 70.7
    },
    "2024-03": {
      "monthly_PRENEI_Q": 34.2,
      "monthly_PRELIQ_Q": 75.19999999999999,
      "monthly_PE_Q": 84.5
    },
    "2024-04": {
      "monthly_PRENEI_Q": 45.8,
      "monthly_PRELIQ_Q": 40.9,
      "monthly_PE_Q": 42.2
    },
    "2024-05": {
      "monthly_PRENEI_Q": 11.9,
      "monthly_PRELIQ_Q": 161.8,
      "monthly_PE_Q": 92.1
    },
    "2024-06": {
      "monthly_PRENEI_Q": 0.0,
      "monthly_PRELIQ_Q": 125.10000000000001,
      "monthly_PE_Q": 14.199999999999996
    },
    "2024-07": {
      "monthly_PRENEI_Q": 0.0,
      "monthly_PRELIQ_Q": 135.79999999999998,
      "monthly_PE_Q": -4.499999999999996
    },
    "2024-08": {
      "monthly_PRENEI_Q": 0.0,
      "monthly_PRELIQ_Q": 85.0,
      "monthly_PE_Q": -17.8
    },
    "2024-09": {
      "monthly_PRENEI_Q": 0.4,
      "monthly_PRELIQ_Q": 194.2,
      "monthly_PE_Q": 134.1
    },
    "2024-10": {
      "monthly_PRENEI_Q": 0.30000000000000004,
      "monthly_PRELIQ_Q": 161.70000000000002,
      "monthly_PE_Q": 120.10000000000001
    },
    "2024-11": {
      "monthly_PRENEI_Q": 55.5,
      "monthly_PRELIQ_Q": 74.3,
      "monthly_PE_Q": 111.6
    },
    "2024-12": {
      "monthly_PRENEI_Q": 88.0,
      "monthly_PRELIQ_Q": 77.8,
      "monthly_PE_Q": 162.1
    }
  }
}