{
  "years": {
    "2024": {
      "annual_PRENEI_Q": 791.0,
      "annual_PRELIQ_Q": 1497.8,
      "annual_PE_Q": 1737.7
    }
  },
  "months": {
    "2024-01": {
      "monthly_PRENEI_Q": 165.20000000000002,
      "monthly_PRELIQ_Q": 74.8,
      "monthly_PE_Q": 238.29999999999998
    },
    "2024-02": {
      "monthly_PRENEI_Q": 92.5,
      "monthly_PRELIQ_Q": 41.5,
      "monthly_PE_Q": 131.4
    },
    "2024-03": {
      "monthly_PRENEI_Q": 100.3,
      "monthly_PRELIQ_Q": 49.4,
      "monthly_PE_Q": 143.7
    },
    "2024-04": {
      "monthly_PRENEI_Q": 85.8,
      "monthly_PRELIQ_Q": 30.400000000000002,
      "monthly_PE_Q": 100.1
    },
    "2024-05": {
      "monthly_PRENEI_Q": 44.1,
      "monthly_PRELIQ_Q": 251.3,
      "monthly_PE_Q": 252.5
    },
    "2024-06": {
      "monthly_PRENEI_Q": 0.1,
      "monthly_PRELIQ_Q": 200.3,
      "monthly_PE_Q": 97.4
    },
    "2024-07": {
      "monthly_PRENEI_Q": 0.0,
      "monthly_PRELIQ_Q": 146.0,
      "monthly_PE_Q": 5.999999999999993
    },
    "2024-08": {
      "monthly_PRENEI_Q": 0.0,
      "monthly_PRELIQ_Q": 144.0,
      "monthly_PE_Q": 25.999999999999996
    },
    "2024-09": {
      "monthly_PRENEI_Q": 22.2,
      "monthly_PRELIQ_Q": 271.4,
      "monthly_PE_Q": 230.39999999999998
    },
    "2024-10": {
      "monthly_PRENEI_Q": 2.4,
      "monthly_PRELIQ_Q": 203.6,
      "monthly_PE_Q": 165.2
    },
    "2024-11": {
      "monthly_PRENEI_Q": 98.7,
      "monthly_PRELIQ_Q": 44.0,
      "monthly_PE_Q": 129.2
    },
    "2024-12": {
      "monthly_PRENEI_Q": 179.7,
      "monthly_PRELIQ_Q": 41.1,
      "monthly_PE_Q": 217.5
    }
  }
}