{
  "years": {
    "2024": {
      "annual_PRENEI_Q": 259.8,
      "annual_PRELIQ_Q": 1402.7,
      "annual_PE_Q": 1036.2
    }
  },
  "months": {
    "2024-01": {
      "monthly_PRENEI_Q": 27.7,
      "monthly_PRELIQ_Q": 116.7,
      "monthly_PE_Q": 133.5
    },
    "2024-02": {
      "monthly_PRENEI_Q": 3.8,
      "monthly_PRELIQ_Q": 84.9,
      "monthly_PE_Q": 70.9
    },
    "2024-03": {
      "monthly_PRENEI_Q": 21.9,
      "monthly_PRELIQ_Q": 103.2,
      "monthly_PE_Q": 95.4
    },
    "2024-04": {
      "monthly_PRENEI_Q": 58.599999999999994,
      "monthly_PRELIQ_Q": 80.9,
      "monthly_PE_Q": 84.5
    },
    "2024-05": {
      "monthly_PRENEI_Q": 0.1,
      "monthly_PRELIQ_Q": 195.0,
      "monthly_PE_Q": 126.3
    },
    "2024-06": {
      "monthly_PRENEI_Q": 0.0,
      "monthly_PRELIQ_Q": 126.3,
      "monthly_PE_Q": 24.799999999999997
    },
    "2024-07": {
      "monthly_PRENEI_Q": 0.0,
      "monthly_PRELIQ_Q": 107.89999999999999,
      "monthly_PE_Q": -8.700000000000001
    },
    "2024-08": {
      "monthly_PRENEI_Q": 0.0,
      "monthly_PRELIQ_Q": 104.6,
      "monthly_PE_Q": -9.699999999999998
    },
    "2024-09": {
      "monthly_PRENEI_Q": 0.7,
      "monthly_PRELIQ_Q": 181.8,
      "monthly_PE_Q": 127.39999999999999
    },
    "2024-10": {
      "monthly_PRENEI_Q": 0.0,
      "monthly_PRELIQ_Q": 167.0,
      "monthly_PE_Q": 130.4
    },
    "2024-11": {
      "monthly_PRENEI_Q": 38.900000000000006,
      "monthly_PRELIQ_Q": 72.2,
      "monthly_PE_Q": 95.89999999999999
    },
    "2024-12": {
      "monthly_PRENEI_Q": 108.1,
      "monthly_PRELIQ_Q": 62.199999999999996,
      "monthly_PE_Q": 165.5
    }
  }
}