{
  "years": {
    "2024": {
      "annual_PRENEI_Q": 81.3,
      "annual_PRELIQ_Q": 1292.0,
      "annual_PE_Q": 759.3
    }
  },
  "months": {
    "2024-01": {
      "monthly_PRENEI_Q": 2.4000000000000004,
      "monthly_PRELIQ_Q": 105.0,
      "monthly_PE_Q": 94.9
    },
    "2024-02": {
      "monthly_PRENEI_Q": 0.0,
      "monthly_PRELIQ_Q": 73.7,
      "monthly_PE_Q": 61.4
    },
    "2024-03": {
      "monthly_PRENEI_Q": 0.0,
      "monthly_PRELIQ_Q": 122.9,
      "monthly_PE_Q": 94.0
    },
    "2024-04": {
      "monthly_PRENEI_Q": 13.899999999999999,
      "monthly_PRELIQ_Q": 106.7,
      "monthly_PE_Q": 60.4
    },
    "2024-05": {
      "monthly_PRENEI_Q": 0.0,
      "monthly_PRELIQ_Q": 170.3,
      "monthly_PE_Q": 99.2
    },
    "2024-06": {
      "monthly_PRENEI_Q": 0.0,
      "monthly_PRELIQ_Q": 117.19999999999999,
      "monthly_PE_Q": 20.300000000000004
    },
    "2024-07": {
      "monthly_PRENEI_Q": 0.0,
      "monthly_PRELIQ_Q": 98.4,
      "monthly_PE_Q": -17.200000000000003
    },
    "2024-08": {
      "monthly_PRENEI_Q": 0.0,
      "monthly_PRELIQ_Q": 78.9,
      "monthly_PE_Q": -31.599999999999998
    },
    "2024-09": {
      "monthly_PRENEI_Q": 0.0,
      "monthly_PRELIQ_Q": 140.79999999999998,
      "monthly_PE_Q": 87.0
    },
    "2024-10": {
      "monthly_PRENEI_Q": 0.0,
      "monthly_PRELIQ_Q": 147.6,
      "monthly_PE_Q": 118.0
    },
    "2024-11": {
      "monthly_PRENEI_Q": 22.4,
      "monthly_PRELIQ_Q": 60.4,
      "monthly_PE_Q": 69.0
    },
    "2024-12": {
      "monthly_PRENEI_Q": 42.6,
      "monthly_PRELIQ_Q": 70.1,
      "monthly_PE_Q": 103.9
    }
  }
}