{
  "years": {
    "2024": {
      "annual_PRENEI_Q": 0.30000000000000004,
      "annual_PRELIQ_Q": 1614.7,
      "annual_PE_Q": 873.1999999999999
    }
  },
  "months": {
    "2024-01": {
      "monthly_PRENEI_Q": 0.30000000000000004,
      "monthly_PRELIQ_Q": 72.3,
      "monthly_PE_Q": 50.4
    },
    "2024-02": {
      "monthly_PRENEI_Q": 0.0,
      "monthly_PRELIQ_Q": 183.8,
      "monthly_PE_Q": 154.5
    },
    "2024-03": {
      "monthly_PRENEI_Q": 0.0,
      "monthly_PRELIQ_Q": 200.8,
      "monthly_PE_Q": 146.0
    },
    "2024-04": {
      "monthly_PRENEI_Q": 0.0,
      "monthly_PRELIQ_Q": 77.1,
      "monthly_PE_Q": -8.1
    },
    "2024-05": {
      "monthly_PRENEI_Q": 0.0,
      "monthly_PRELIQ_Q": 128.7,
      "monthly_PE_Q": 43.0
    },
    "2024-06": {
      "monthly_PRENEI_Q": 0.0,
      "monthly_PRELIQ_Q": 128.2,
      "monthly_PE_Q": 23.700000000000003
    },
    "2024-07": {
      "monthly_PRENEI_Q": 0.0,
      "monthly_PRELIQ_Q": 33.2,
      "monthly_PE_Q": -64.8
    },
    "2024-08": {
      "monthly_PRENEI_Q": 0.0,
      "monthly_PRELIQ_Q": 107.39999999999999,
      "monthly_PE_Q": 22.100000000000005
    },
    "2024-09": {
      "monthly_PRENEI_Q": 0.0,
      "monthly_PRELIQ_Q": 206.20000000000002,
      "monthly_PE_Q": 136.0
    },
    "2024-10": {
      "monthly_PRENEI_Q": 0.0,
      "monthly_PRELIQ_Q": 247.6,
      "monthly_PE_Q": 194.1
    },
    "2024-11": {
      "monthly_PRENEI_Q": 0.0,
      "monthly_PRELIQ_Q": 96.6,
      "monthly_PE_Q": 61.2
    },
    "2024-12": {
      "monthly_PRENEI_Q": 0.0,
      "monthly_PRELIQ_Q": 132.8,
      "monthly_PE_Q": 115.1
    }
  }
}