{
  "years": {
    "2024": {
      "annual_PRENEI_Q": 68.7,
      "annual_PRELIQ_Q": 1721.8,
      "annual_PE_Q": 1102.1
    }
  },
  "months": {
    "2024-01": {
      "monthly_PRENEI_Q": 8.1,
      "monthly_PRELIQ_Q": 167.20000000000002,
      "monthly_PE_Q": 162.4
    },
    "2024-02": {
      "monthly_PRENEI_Q": 2.5,
      "monthly_PRELIQ_Q": 147.5,
      "monthly_PE_Q": 131.9
    },
    "2024-03": {
      "monthly_PRENEI_Q": 1.4000000000000001,
      "monthly_PRELIQ_Q": 140.2,
      "monthly_PE_Q": 108.2
    },
    "2024-04": {
      "monthly_PRENEI_Q": 10.8,
      "monthly_PRELIQ_Q": 118.6,
      "monthly_PE_Q": 63.1
    },
    "2024-05": {
      "monthly_PRENEI_Q": 0.0,
      "monthly_PRELIQ_Q": 210.8,
      "monthly_PE_Q": 128.7
    },
    "2024-06": {
      "monthly_PRENEI_Q": 0.0,
      "monthly_PRELIQ_Q": 155.2,
      "monthly_PE_Q": 46.8
    },
    "2024-07": {
      "monthly_PRENEI_Q": 0.0,
      "monthly_PRELIQ_Q": 135.4,
      "monthly_PE_Q": 15.000000000000004
    },
    "2024-08": {
      "monthly_PRENEI_Q": 0.0,
      "monthly_PRELIQ_Q": 76.3,
      "monthly_PE_Q": -38.0
    },
    "2024-09": {
      "monthly_PRENEI_Q": 0.0,
      "monthly_PRELIQ_Q": 204.29999999999998,
      "monthly_PE_Q": 136.4
    },
    "2024-10": {
      "monthly_PRENEI_Q": 0.0,
      "monthly_PRELIQ_Q": 142.6,
      "monthly_PE_Q": 105.6
    },
    "2024-11": {
      "monthly_PRENEI_Q": 10.5,
      "monthly_PRELIQ_Q": 108.9,
      "monthly_PE_Q": 103.39999999999999
    },
    "2024-12": {
      "monthly_PRENEI_Q": 35.400000000000006,
      "monthly_PRELIQ_Q": 114.8,
      "monthly_PE_Q": 138.6
    }
  }
}