{
  "years": {
    "2024": {
      "annual_PRENEI_Q": 171.20000000000002,
      "annual_PRELIQ_Q": 1027.5,
      "annual_PE_Q": 545.2
    }
  },
  "months": {
    "2024-01": {
      "monthly_PRENEI_Q": 9.3,
      "monthly_PRELIQ_Q": 56.0,
      "monthly_PE_Q": 41.6
    },
    "2024-02": {
      "monthly_PRENEI_Q": 19.3,
      "monthly_PRELIQ_Q": 89.9,
      "monthly_PE_Q": 80.8
    },
    "2024-03": {
      "monthly_PRENEI_Q": 120.30000000000001,
      "monthly_PRELIQ_Q": 179.2,
      "monthly_PE_Q": 260.7
    },
    "2024-04": {
      "monthly_PRENEI_Q": 14.6,
      "monthly_PRELIQ_Q": 37.3,
      "monthly_PE_Q": -23.7
    },
    "2024-05": {
      "monthly_PRENEI_Q": 0.0,
      "monthly_PRELIQ_Q": 87.4,
      "monthly_PE_Q": -2.4000000000000004
    },
    "2024-06": {
      "monthly_PRENEI_Q": 0.0,
      "monthly_PRELIQ_Q": 57.0,
      "monthly_PE_Q": -42.599999999999994
    },
    "2024-07": {
      "monthly_PRENEI_Q": 0.0,
      "monthly_PRELIQ_Q": 20.1,
      "monthly_PE_Q": -53.8
    },
    "2024-08": {
      "monthly_PRENEI_Q": 0.0,
      "monthly_PRELIQ_Q": 36.0,
      "monthly_PE_Q": -17.400000000000002
    },
    "2024-09": {
      "monthly_PRENEI_Q": 0.0,
      "monthly_PRELIQ_Q": 141.1,
      "monthly_PE_Q": 70.7
    },
    "2024-10": {
      "monthly_PRENEI_Q": 0.0,
      "monthly_PRELIQ_Q": 243.39999999999998,
      "monthly_PE_Q": 194.5
    },
    "2024-11": {
      "monthly_PRENEI_Q": 5.5,
      "monthly_PRELIQ_Q": 62.1,
      "monthly_PE_Q": 36.4
    },
    "2024-12": {
      "monthly_PRENEI_Q": 2.1999999999999997,
      "monthly_PRELIQ_Q": 18.0,
      "monthly_PE_Q": 0.3999999999999986
    }
  }
}