{
  "years": {
    "2024": {
      "annual_PRENEI_Q": 387.8,
      "annual_PRELIQ_Q": 1271.5,
      "annual_PE_Q": 1061.5
    }
  },
  "months": {
    "2024-01": {
      "monthly_PRENEI_Q": 77.5,
      "monthly_PRELIQ_Q": 79.1,
      "monthly_PE_Q": 151.4
    },
    "2024-02": {
      "monthly_PRENEI_Q": 83.6,
      "monthly_PRELIQ_Q": 67.3,
      "monthly_PE_Q": 140.2
    },
    "2024-03": {
      "monthly_PRENEI_Q": 94.80000000000001,
      "monthly_PRELIQ_Q": 92.3,
      "monthly_PE_Q": 164.7
    },
    "2024-04": {
      "monthly_PRENEI_Q": 24.8,
      "monthly_PRELIQ_Q": 56.4,
      "monthly_PE_Q": 40.2
    },
    "2024-05": {
      "monthly_PRENEI_Q": 16.6,
      "monthly_PRELIQ_Q": 168.7,
      "monthly_PE_Q": 106.79999999999998
    },
    "2024-06": {
      "monthly_PRENEI_Q": 0.0,
      "monthly_PRELIQ_Q": 152.7,
      "monthly_PE_Q": 37.400000000000006
    },
    "2024-07": {
      "monthly_PRENEI_Q": 0.0,
      "monthly_PRELIQ_Q": 52.8,
      "monthly_PE_Q": -65.60000000000001
    },
    "2024-08": {
      "monthly_PRENEI_Q": 0.0,
      "monthly_PRELIQ_Q": 57.300000000000004,
      "monthly_PE_Q": -15.800000000000002
    },
    "2024-09": {
      "monthly_PRENEI_Q": 0.4,
      "monthly_PRELIQ_Q": 164.7,
      "monthly_PE_Q": 100.7
    },
    "2024-10": {
      "monthly_PRENEI_Q": 0.0,
      "monthly_PRELIQ_Q": 321.7,
      "monthly_PE_Q": 275.70000000000005
    },
    "2024-11": {
      "monthly_PRENEI_Q": 53.9,
      "monthly_PRELIQ_Q": 30.0,
      "monthly_PE_Q": 67.5
    },
    "2024-12": {
      "monthly_PRENEI_Q": 36.2,
      "monthly_PRELIQ_Q": 28.5,
      "monthly_PE_Q": 58.3
    }
  }
}