{
  "years": {
    "2024": {
      "annual_PRENEI_Q": 431.2,
      "annual_PRELIQ_Q": 743.0,
      "annual_PE_Q": 730.8
    }
  },
  "months": {
    "2024-01": {
      "monthly_PRENEI_Q": 60.0,
      "monthly_PRELIQ_Q": 19.4,
      "monthly_PE_Q": 76.6
    },
    "2024-02": {
      "monthly_PRENEI_Q": 56.9,
      "monthly_PRELIQ_Q": 5.7,
      "monthly_PE_Q": 57.4
    },
    "2024-03": {
      "monthly_PRENEI_Q": 112.0,
      "monthly_PRELIQ_Q": 16.5,
      "monthly_PE_Q": 116.6
    },
    "2024-04": {
      "monthly_PRENEI_Q": 43.5,
      "monthly_PRELIQ_Q": 24.099999999999998,
      "monthly_PE_Q": 45.2
    },
    "2024-05": {
      "monthly_PRENEI_Q": 50.9,
      "monthly_PRELIQ_Q": 97.39999999999999,
      "monthly_PE_Q": 90.89999999999999
    },
    "2024-06": {
      "monthly_PRENEI_Q": 0.0,
      "monthly_PRELIQ_Q": 120.89999999999999,
      "monthly_PE_Q": 25.500000000000004
    },
    "2024-07": {
      "monthly_PRENEI_Q": 0.0,
      "monthly_PRELIQ_Q": 31.9,
      "monthly_PE_Q": -56.2
    },
    "2024-08": {
      "monthly_PRENEI_Q": 0.0,
      "monthly_PRELIQ_Q": 27.9,
      "monthly_PE_Q": -18.299999999999997
    },
    "2024-09": {
      "monthly_PRENEI_Q": 3.3000000000000003,
      "monthly_PRELIQ_Q": 130.70000000000002,
      "monthly_PE_Q": 77.7
    },
    "2024-10": {
      "monthly_PRENEI_Q": 1.5,
      "monthly_PRELIQ_Q": 251.4,
      "monthly_PE_Q": 212.1
    },
    "2024-11": {
      "monthly_PRENEI_Q": 67.7,
      "monthly_PRELIQ_Q": 10.2,
      "monthly_PE_Q": 64.9
    },
    "2024-12": {
      "monthly_PRENEI_Q": 35.4,
      "monthly_PRELIQ_Q": 6.9,
      "monthly_PE_Q": 38.4
    }
  }
}