{
  "years": {
    "2024": {
      "annual_PRENEI_Q": 669.8,
      "annual_PRELIQ_Q": 878.5,
      "annual_PE_Q": 1105.1
    }
  },
  "months": {
    "2024-01": {
      "monthly_PRENEI_Q": 115.6,
      "monthly_PRELIQ_Q": 20.7,
      "monthly_PE_Q": 134.0
    },
    "2024-02": {
      "monthly_PRENEI_Q": 94.5,
      "monthly_PRELIQ_Q": 5.1000000000000005,
      "monthly_PE_Q": 96.5
    },
    "2024-03": {
      "monthly_PRENEI_Q": 184.8,
      "monthly_PRELIQ_Q": 15.200000000000001,
      "monthly_PE_Q": 193.1
    },
    "2024-04": {
      "monthly_PRENEI_Q": 57.5,
      "monthly_PRELIQ_Q": 25.2,
      "monthly_PE_Q": 69.2
    },
    "2024-05": {
      "monthly_PRENEI_Q": 71.1,
      "monthly_PRELIQ_Q": 87.4,
      "monthly_PE_Q": 119.0
    },
    "2024-06": {
      "monthly_PRENEI_Q": 1.1,
      "monthly_PRELIQ_Q": 174.5,
      "monthly_PE_Q": 79.19999999999999
    },
    "2024-07": {
      "monthly_PRENEI_Q": 0.0,
      "monthly_PRELIQ_Q": 43.8,
      "monthly_PE_Q": -62.1
    },
    "2024-08": {
      "monthly_PRENEI_Q": 0.0,
      "monthly_PRELIQ_Q": 45.199999999999996,
      "monthly_PE_Q": -14.799999999999999
    },
    "2024-09": {
      "monthly_PRENEI_Q": 3.5,
      "monthly_PRELIQ_Q": 153.4,
      "monthly_PE_Q": 98.0
    },
    "2024-10": {
      "monthly_PRENEI_Q": 1.7,
      "monthly_PRELIQ_Q": 296.9,
      "monthly_PE_Q": 256.1
    },
    "2024-11": {
      "monthly_PRENEI_Q": 83.10000000000001,
      "monthly_PRELIQ_Q": 7.1,
      "monthly_PE_Q": 78.39999999999999
    },
    "2024-12": {
      "monthly_PRENEI_Q": 56.9,
      "monthly_PRELIQ_Q": 4.0,
      "monthly_PE_Q": 58.5
    }
  }
}