{
  "years": {
    "2024": {
      "annual_PRENEI_Q": 850.8,
      "annual_PRELIQ_Q": 798.3,
      "annual_PE_Q": 1264.6
    }
  },
  "months": {
    "2024-01": {
      "monthly_PRENEI_Q": 138.9,
      "monthly_PRELIQ_Q": 6.2,
      "monthly_PE_Q": 142.9
    },
    "2024-02": {
      "monthly_PRENEI_Q": 105.80000000000001,
      "monthly_PRELIQ_Q": 0.0,
      "monthly_PE_Q": 103.4
    },
    "2024-03": {
      "monthly_PRENEI_Q": 211.5,
      "monthly_PRELIQ_Q": 1.2,
      "monthly_PE_Q": 207.2
    },
    "2024-04": {
      "monthly_PRENEI_Q": 83.1,
      "monthly_PRELIQ_Q": 5.0,
      "monthly_PE_Q": 78.5
    },
    "2024-05": {
      "monthly_PRENEI_Q": 126.0,
      "monthly_PRELIQ_Q": 42.6,
      "monthly_PE_Q": 156.9
    },
    "2024-06": {
      "monthly_PRENEI_Q": 2.8000000000000003,
      "monthly_PRELIQ_Q": 185.2,
      "monthly_PE_Q": 108.7
    },
    "2024-07": {
      "monthly_PRENEI_Q": 0.0,
      "monthly_PRELIQ_Q": 46.699999999999996,
      "monthly_PE_Q": -54.6
    },
    "2024-08": {
      "monthly_PRENEI_Q": 0.0,
      "monthly_PRELIQ_Q": 48.0,
      "monthly_PE_Q": -11.500000000000002
    },
    "2024-09": {
      "monthly_PRENEI_Q": 10.200000000000001,
      "monthly_PRELIQ_Q": 156.9,
      "monthly_PE_Q": 108.10000000000001
    },
    "2024-10": {
      "monthly_PRENEI_Q": 13.3,
      "monthly_PRELIQ_Q": 304.9,
      "monthly_PE_Q": 276.7
    },
    "2024-11": {
      "monthly_PRENEI_Q": 95.0,
      "monthly_PRELIQ_Q": 1.1,
      "monthly_PE_Q": 85.0
    },
    "2024-12": {
      "monthly_PRENEI_Q": 64.2,
      "monthly_PRELIQ_Q": 0.5,
      "monthly_PE_Q": 63.300000000000004
    }
  }
}