{
  "years": {
    "2024": {
      "annual_PRENEI_Q": 851.8,
      "annual_PRELIQ_Q": 705.4,
      "annual_PE_Q": 1152.8
    }
  },
  "months": {
    "2024-01": {
      "monthly_PRENEI_Q": 164.5,
      "monthly_PRELIQ_Q": 2.0,
      "monthly_PE_Q": 165.1
    },
    "2024-02": {
      "monthly_PRENEI_Q": 67.2,
      "monthly_PRELIQ_Q": 0.8,
      "monthly_PE_Q": 66.9
    },
    "2024-03": {
      "monthly_PRENEI_Q": 81.2,
      "monthly_PRELIQ_Q": 6.4,
      "monthly_PE_Q": 84.6
    },
    "2024-04": {
      "monthly_PRENEI_Q": 70.2,
      "monthly_PRELIQ_Q": 2.5,
      "monthly_PE_Q": 67.8
    },
    "2024-05": {
      "monthly_PRENEI_Q": 121.2,
      "monthly_PRELIQ_Q": 47.300000000000004,
      "monthly_PE_Q": 149.5
    },
    "2024-06": {
      "monthly_PRENEI_Q": 28.2,
      "monthly_PRELIQ_Q": 128.70000000000002,
      "monthly_PE_Q": 89.10000000000001
    },
    "2024-07": {
      "monthly_PRENEI_Q": 0.5,
      "monthly_PRELIQ_Q": 123.1,
      "monthly_PE_Q": 2.0999999999999974
    },
    "2024-08": {
      "monthly_PRENEI_Q": 0.0,
      "monthly_PRELIQ_Q": 80.3,
      "monthly_PE_Q": -5.899999999999999
    },
    "2024-09": {
      "monthly_PRENEI_Q": 32.5,
      "monthly_PRELIQ_Q": 183.4,
      "monthly_PE_Q": 162.1
    },
    "2024-10": {
      "monthly_PRENEI_Q": 49.3,
      "monthly_PRELIQ_Q": 122.8,
      "monthly_PE_Q": 138.7
    },
    "2024-11": {
      "monthly_PRENEI_Q": 110.0,
      "monthly_PRELIQ_Q": 4.5,
      "monthly_PE_Q": 103.39999999999999
    },
    "2024-12": {
      "monthly_PRENEI_Q": 127.0,
      "monthly_PRELIQ_Q": 3.5999999999999996,
      "monthly_PE_Q": 129.4
    }
  }
}