{
  "years": {
    "2024": {
      "annual_PRENEI_Q": 0.39999999999999997,
      "annual_PRELIQ_Q": 1154.4,
      "annual_PE_Q": 534.2
    }
  },
  "months": {
    "2024-01": {
      "monthly_PRENEI_Q": 0.39999999999999997,
      "monthly_PRELIQ_Q": 50.4,
      "monthly_PE_Q": 35.3
    },
    "2024-02": {
      "monthly_PRENEI_Q": 0.0,
      "monthly_PRELIQ_Q": 137.2,
      "monthly_PE_Q": 112.2
    },
    "2024-03": {
      "monthly_PRENEI_Q": 0.0,
      "monthly_PRELIQ_Q": 165.9,
      "monthly_PE_Q": 116.1
    },
    "2024-04": {
      "monthly_PRENEI_Q": 0.0,
      "monthly_PRELIQ_Q": 54.300000000000004,
      "monthly_PE_Q": -16.499999999999996
    },
    "2024-05": {
      "monthly_PRENEI_Q": 0.0,
      "monthly_PRELIQ_Q": 120.4,
      "monthly_PE_Q": 44.6
    },
    "2024-06": {
      "monthly_PRENEI_Q": 0.0,
      "monthly_PRELIQ_Q": 86.2,
      "monthly_PE_Q": -1.8000000000000003
    },
    "2024-07": {
      "monthly_PRENEI_Q": 0.0,
      "monthly_PRELIQ_Q": 20.4,
      "monthly_PE_Q": -61.9
    },
    "2024-08": {
      "monthly_PRENEI_Q": 0.0,
      "monthly_PRELIQ_Q": 58.9,
      "monthly_PE_Q": -6.599999999999998
    },
    "2024-09": {
      "monthly_PRENEI_Q": 0.0,
      "monthly_PRELIQ_Q": 178.29999999999998,
      "monthly_PE_Q": 120.8
    },
    "2024-10": {
      "monthly_PRENEI_Q": 0.0,
      "monthly_PRELIQ_Q": 139.1,
      "monthly_PE_Q": 94.30000000000001
    },
    "2024-11": {
      "monthly_PRENEI_Q": 0.0,
      "monthly_PRELIQ_Q": 68.6,
      "monthly_PE_Q": 40.0
    },
    "2024-12": {
      "monthly_PRENEI_Q": 0.0,
      "monthly_PRELIQ_Q": 74.7,
      "monthly_PE_Q": 57.7
    }
  }
}