{
  "years": {
    "2024": {
      "annual_PRENEI_Q": 210.3,
      "annual_PRELIQ_Q": 1400.0,
      "annual_PE_Q": 933.9
    }
  },
  "months": {
    "2024-01": {
      "monthly_PRENEI_Q": 54.6,
      "monthly_PRELIQ_Q": 116.5,
      "monthly_PE_Q": 164.5
    },
    "2024-02": {
      "monthly_PRENEI_Q": 14.3,
      "monthly_PRELIQ_Q": 63.900000000000006,
      "monthly_PE_Q": 65.80000000000001
    },
    "2024-03": {
      "monthly_PRENEI_Q": 23.4,
      "monthly_PRELIQ_Q": 83.7,
      "monthly_PE_Q": 82.5
    },
    "2024-04": {
      "monthly_PRENEI_Q": 23.0,
      "monthly_PRELIQ_Q": 49.1,
      "monthly_PE_Q": 25.299999999999997
    },
    "2024-05": {
      "monthly_PRENEI_Q": 5.7,
      "monthly_PRELIQ_Q": 180.9,
      "monthly_PE_Q": 103.60000000000001
    },
    "2024-06": {
      "monthly_PRENEI_Q": 0.0,
      "monthly_PRELIQ_Q": 124.8,
      "monthly_PE_Q": 15.8
    },
    "2024-07": {
      "monthly_PRENEI_Q": 0.0,
      "monthly_PRELIQ_Q": 159.0,
      "monthly_PE_Q": 14.899999999999995
    },
    "2024-08": {
      "monthly_PRENEI_Q": 0.0,
      "monthly_PRELIQ_Q": 93.8,
      "monthly_PE_Q": -27.0
    },
    "2024-09": {
      "monthly_PRENEI_Q": 1.3,
      "monthly_PRELIQ_Q": 191.8,
      "monthly_PE_Q": 129.6
    },
    "2024-10": {
      "monthly_PRENEI_Q": 0.0,
      "monthly_PRELIQ_Q": 156.3,
      "monthly_PE_Q": 116.1
    },
    "2024-11": {
      "monthly_PRENEI_Q": 30.2,
      "monthly_PRELIQ_Q": 85.1,
      "monthly_PE_Q": 97.19999999999999
    },
    "2024-12": {
      "monthly_PRENEI_Q": 57.8,
      "monthly_PRELIQ_Q": 95.1,
      "monthly_PE_Q": 145.60000000000002
    }
  }
}