{
  "years": {
    "2024": {
      "annual_PRENEI_Q": 373.3,
      "annual_PRELIQ_Q": 1601.1,
      "annual_PE_Q": 1300.0
    }
  },
  "months": {
    "2024-01": {
      "monthly_PRENEI_Q": 74.8,
      "monthly_PRELIQ_Q": 132.1,
      "monthly_PE_Q": 202.9
    },
    "2024-02": {
      "monthly_PRENEI_Q": 34.9,
      "monthly_PRELIQ_Q": 80.7,
      "monthly_PE_Q": 104.9
    },
    "2024-03": {
      "monthly_PRENEI_Q": 47.0,
      "monthly_PRELIQ_Q": 82.5,
      "monthly_PE_Q": 104.2
    },
    "2024-04": {
      "monthly_PRENEI_Q": 45.3,
      "monthly_PRELIQ_Q": 54.9,
      "monthly_PE_Q": 54.5
    },
    "2024-05": {
      "monthly_PRENEI_Q": 8.2,
      "monthly_PRELIQ_Q": 246.4,
      "monthly_PE_Q": 170.79999999999998
    },
    "2024-06": {
      "monthly_PRENEI_Q": 0.0,
      "monthly_PRELIQ_Q": 172.4,
      "monthly_PE_Q": 58.5
    },
    "2024-07": {
      "monthly_PRENEI_Q": 0.0,
      "monthly_PRELIQ_Q": 126.10000000000001,
      "monthly_PE_Q": -17.6
    },
    "2024-08": {
      "monthly_PRENEI_Q": 0.0,
      "monthly_PRELIQ_Q": 124.39999999999999,
      "monthly_PE_Q": 2.3999999999999977
    },
    "2024-09": {
      "monthly_PRENEI_Q": 1.9000000000000001,
      "monthly_PRELIQ_Q": 251.4,
      "monthly_PE_Q": 189.0
    },
    "2024-10": {
      "monthly_PRENEI_Q": 0.0,
      "monthly_PRELIQ_Q": 177.9,
      "monthly_PE_Q": 139.3
    },
    "2024-11": {
      "monthly_PRENEI_Q": 40.9,
      "monthly_PRELIQ_Q": 82.1,
      "monthly_PE_Q": 106.10000000000001
    },
    "2024-12": {
      "monthly_PRENEI_Q": 120.3,
      "monthly_PRELIQ_Q": 70.2,
      "monthly_PE_Q": 185.0
    }
  }
}