{
  "years": {
    "2024": {
      "annual_PRENEI_Q": 144.6,
      "annual_PRELIQ_Q": 1617.2,
      "annual_PE_Q": 1046.1
    }
  },
  "months": {
    "2024-01": {
      "monthly_PRENEI_Q": 25.3,
      "monthly_PRELIQ_Q": 158.5,
      "monthly_PE_Q": 177.5
    },
    "2024-02": {
      "monthly_PRENEI_Q": 10.6,
      "monthly_PRELIQ_Q": 92.69999999999999,
      "monthly_PE_Q": 86.4
    },
    "2024-03": {
      "monthly_PRENEI_Q": 3.6000000000000005,
      "monthly_PRELIQ_Q": 112.0,
      "monthly_PE_Q": 80.7
    },
    "2024-04": {
      "monthly_PRENEI_Q": 7.7,
      "monthly_PRELIQ_Q": 81.7,
      "monthly_PE_Q": 27.599999999999998
    },
    "2024-05": {
      "monthly_PRENEI_Q": 0.0,
      "monthly_PRELIQ_Q": 227.4,
      "monthly_PE_Q": 137.6
    },
    "2024-06": {
      "monthly_PRENEI_Q": 0.0,
      "monthly_PRELIQ_Q": 153.6,
      "monthly_PE_Q": 37.699999999999996
    },
    "2024-07": {
      "monthly_PRENEI_Q": 0.0,
      "monthly_PRELIQ_Q": 112.60000000000001,
      "monthly_PE_Q": -32.699999999999996
    },
    "2024-08": {
      "monthly_PRENEI_Q": 0.0,
      "monthly_PRELIQ_Q": 111.2,
      "monthly_PE_Q": -12.799999999999997
    },
    "2024-09": {
      "monthly_PRENEI_Q": 0.0,
      "monthly_PRELIQ_Q": 225.9,
      "monthly_PE_Q": 163.2
    },
    "2024-10": {
      "monthly_PRENEI_Q": 0.0,
      "monthly_PRELIQ_Q": 158.9,
      "monthly_PE_Q": 123.2
    },
    "2024-11": {
      "monthly_PRENEI_Q": 19.2,
      "monthly_PRELIQ_Q": 90.7,
      "monthly_PE_Q": 93.8
    },
    "2024-12": {
      "monthly_PRENEI_Q": 78.2,
      "monthly_PRELIQ_Q": 92.0,
      "monthly_PE_Q": 163.9
    }
  }
}