{
  "years": {
    "2024": {
      "annual_PRENEI_Q": 250.3,
      "annual_PRELIQ_Q": 1401.8,
      "annual_PE_Q": 1028.8
    }
  },
  "months": {
    "2024-01": {
      "monthly_PRENEI_Q": 26.3,
      "monthly_PRELIQ_Q": 117.2,
      "monthly_PE_Q": 132.20000000000002
    },
    "2024-02": {
      "monthly_PRENEI_Q": 3.3,
      "monthly_PRELIQ_Q": 84.9,
      "monthly_PE_Q": 70.2
    },
    "2024-03": {
      "monthly_PRENEI_Q": 20.200000000000003,
      "monthly_PRELIQ_Q": 104.4,
      "monthly_PE_Q": 94.3
    },
    "2024-04": {
      "monthly_PRENEI_Q": 56.2,
      "monthly_PRELIQ_Q": 82.2,
      "monthly_PE_Q": 83.0
    },
    "2024-05": {
      "monthly_PRENEI_Q": 0.1,
      "monthly_PRELIQ_Q": 193.9,
      "monthly_PE_Q": 126.0
    },
    "2024-06": {
      "monthly_PRENEI_Q": 0.0,
      "monthly_PRELIQ_Q": 125.6,
      "monthly_PE_Q": 25.099999999999998
    },
    "2024-07": {
      "monthly_PRENEI_Q": 0.0,
      "monthly_PRELIQ_Q": 107.3,
      "monthly_PE_Q": -8.099999999999996
    },
    "2024-08": {
      "monthly_PRENEI_Q": 0.0,
      "monthly_PRELIQ_Q": 104.0,
      "monthly_PE_Q": -9.100000000000001
    },
    "2024-09": {
      "monthly_PRENEI_Q": 0.4,
      "monthly_PRELIQ_Q": 181.0,
      "monthly_PE_Q": 127.1
    },
    "2024-10": {
      "monthly_PRENEI_Q": 0.0,
      "monthly_PRELIQ_Q": 165.8,
      "monthly_PE_Q": 129.29999999999998
    },
    "2024-11": {
      "monthly_PRENEI_Q": 37.4,
      "monthly_PRELIQ_Q": 72.9,
      "monthly_PE_Q": 94.89999999999999
    },
    "2024-12": {
      "monthly_PRENEI_Q": 106.4,
      "monthly_PRELIQ_Q": 62.599999999999994,
      "monthly_PE_Q": 163.9
    }
  }
}