{
  "years": {
    "2024": {
      "annual_PRENEI_Q": 173.4,
      "annual_PRELIQ_Q": 1380.7,
      "annual_PE_Q": 918.6
    }
  },
  "months": {
    "2024-01": {
      "monthly_PRENEI_Q": 17.7,
      "monthly_PRELIQ_Q": 117.2,
      "monthly_PE_Q": 121.7
    },
    "2024-02": {
      "monthly_PRENEI_Q": 1.4,
      "monthly_PRELIQ_Q": 81.6,
      "monthly_PE_Q": 65.2
    },
    "2024-03": {
      "monthly_PRENEI_Q": 9.9,
      "monthly_PRELIQ_Q": 107.2,
      "monthly_PE_Q": 85.5
    },
    "2024-04": {
      "monthly_PRENEI_Q": 34.6,
      "monthly_PRELIQ_Q": 95.69999999999999,
      "monthly_PE_Q": 72.2
    },
    "2024-05": {
      "monthly_PRENEI_Q": 0.0,
      "monthly_PRELIQ_Q": 182.1,
      "monthly_PE_Q": 113.6
    },
    "2024-06": {
      "monthly_PRENEI_Q": 0.0,
      "monthly_PRELIQ_Q": 118.2,
      "monthly_PE_Q": 17.500000000000004
    },
    "2024-07": {
      "monthly_PRENEI_Q": 0.0,
      "monthly_PRELIQ_Q": 101.2,
      "monthly_PE_Q": -14.3
    },
    "2024-08": {
      "monthly_PRENEI_Q": 0.0,
      "monthly_PRELIQ_Q": 97.69999999999999,
      "monthly_PE_Q": -14.399999999999995
    },
    "2024-09": {
      "monthly_PRENEI_Q": 0.0,
      "monthly_PRELIQ_Q": 170.6,
      "monthly_PE_Q": 116.3
    },
    "2024-10": {
      "monthly_PRENEI_Q": 0.0,
      "monthly_PRELIQ_Q": 156.1,
      "monthly_PE_Q": 119.8
    },
    "2024-11": {
      "monthly_PRENEI_Q": 32.699999999999996,
      "monthly_PRELIQ_Q": 71.10000000000001,
      "monthly_PE_Q": 87.39999999999999
    },
    "2024-12": {
      "monthly_PRENEI_Q": 77.1,
      "monthly_PRELIQ_Q": 82.0,
      "monthly_PE_Q": 148.1
    }
  }
}