{
  "years": {
    "2024": {
      "annual_PRENEI_Q": 102.4,
      "annual_PRELIQ_Q": 1313.2,
      "annual_PE_Q": 817.1
    }
  },
  "months": {
    "2024-01": {
      "monthly_PRENEI_Q": 3.1,
      "monthly_PRELIQ_Q": 107.39999999999999,
      "monthly_PE_Q": 98.8
    },
    "2024-02": {
      "monthly_PRENEI_Q": 0.6,
      "monthly_PRELIQ_Q": 75.3,
      "monthly_PE_Q": 64.6
    },
    "2024-03": {
      "monthly_PRENEI_Q": 1.5000000000000002,
      "monthly_PRELIQ_Q": 125.5,
      "monthly_PE_Q": 98.7
    },
    "2024-04": {
      "monthly_PRENEI_Q": 19.8,
      "monthly_PRELIQ_Q": 104.7,
      "monthly_PE_Q": 65.8
    },
    "2024-05": {
      "monthly_PRENEI_Q": 0.0,
      "monthly_PRELIQ_Q": 175.6,
      "monthly_PE_Q": 105.6
    },
    "2024-06": {
      "monthly_PRENEI_Q": 0.0,
      "monthly_PRELIQ_Q": 120.80000000000001,
      "monthly_PE_Q": 25.7
    },
    "2024-07": {
      "monthly_PRENEI_Q": 0.0,
      "monthly_PRELIQ_Q": 101.3,
      "monthly_PE_Q": -12.099999999999998
    },
    "2024-08": {
      "monthly_PRENEI_Q": 0.0,
      "monthly_PRELIQ_Q": 81.2,
      "monthly_PE_Q": -27.799999999999997
    },
    "2024-09": {
      "monthly_PRENEI_Q": 0.0,
      "monthly_PRELIQ_Q": 145.20000000000002,
      "monthly_PE_Q": 92.39999999999999
    },
    "2024-10": {
      "monthly_PRENEI_Q": 0.0,
      "monthly_PRELIQ_Q": 152.0,
      "monthly_PE_Q": 123.7
    },
    "2024-11": {
      "monthly_PRENEI_Q": 23.4,
      "monthly_PRELIQ_Q": 61.9,
      "monthly_PE_Q": 72.2
    },
    "2024-12": {
      "monthly_PRENEI_Q": 54.0,
      "monthly_PRELIQ_Q": 62.300000000000004,
      "monthly_PE_Q": 109.5
    }
  }
}