{
  "years": {
    "2024": {
      "annual_PRENEI_Q": 253.29999999999998,
      "annual_PRELIQ_Q": 999.8,
      "annual_PE_Q": 592.0
    }
  },
  "months": {
    "2024-01": {
      "monthly_PRENEI_Q": 14.5,
      "monthly_PRELIQ_Q": 53.5,
      "monthly_PE_Q": 44.4
    },
    "2024-02": {
      "monthly_PRENEI_Q": 35.300000000000004,
      "monthly_PRELIQ_Q": 78.5,
      "monthly_PE_Q": 86.4
    },
    "2024-03": {
      "monthly_PRENEI_Q": 171.0,
      "monthly_PRELIQ_Q": 142.3,
      "monthly_PE_Q": 282.4
    },
    "2024-04": {
      "monthly_PRENEI_Q": 17.5,
      "monthly_PRELIQ_Q": 36.9,
      "monthly_PE_Q": -20.099999999999998
    },
    "2024-05": {
      "monthly_PRENEI_Q": 0.0,
      "monthly_PRELIQ_Q": 91.3,
      "monthly_PE_Q": -3.3
    },
    "2024-06": {
      "monthly_PRENEI_Q": 0.0,
      "monthly_PRELIQ_Q": 59.7,
      "monthly_PE_Q": -46.6
    },
    "2024-07": {
      "monthly_PRENEI_Q": 0.0,
      "monthly_PRELIQ_Q": 20.8,
      "monthly_PE_Q": -53.300000000000004
    },
    "2024-08": {
      "monthly_PRENEI_Q": 0.0,
      "monthly_PRELIQ_Q": 37.800000000000004,
      "monthly_PE_Q": -14.700000000000001
    },
    "2024-09": {
      "monthly_PRENEI_Q": 0.0,
      "monthly_PRELIQ_Q": 147.9,
      "monthly_PE_Q": 73.60000000000001
    },
    "2024-10": {
      "monthly_PRENEI_Q": 0.0,
      "monthly_PRELIQ_Q": 254.2,
      "monthly_PE_Q": 203.70000000000002
    },
    "2024-11": {
      "monthly_PRENEI_Q": 10.6,
      "monthly_PRELIQ_Q": 60.1,
      "monthly_PE_Q": 38.900000000000006
    },
    "2024-12": {
      "monthly_PRENEI_Q": 4.4,
      "monthly_PRELIQ_Q": 16.8,
      "monthly_PE_Q": 0.5999999999999993
    }
  }
}