{
  "years": {
    "2024": {
      "annual_PRENEI_Q": 648.0,
      "annual_PRELIQ_Q": 940.0,
      "annual_PE_Q": 1109.9
    }
  },
  "months": {
    "2024-01": {
      "monthly_PRENEI_Q": 56.4,
      "monthly_PRELIQ_Q": 53.400000000000006,
      "monthly_PE_Q": 105.69999999999999
    },
    "2024-02": {
      "monthly_PRENEI_Q": 125.60000000000001,
      "monthly_PRELIQ_Q": 3.7,
      "monthly_PE_Q": 124.5
    },
    "2024-03": {
      "monthly_PRENEI_Q": 298.1,
      "monthly_PRELIQ_Q": 24.6,
      "monthly_PE_Q": 315.9
    },
    "2024-04": {
      "monthly_PRENEI_Q": 44.2,
      "monthly_PRELIQ_Q": 31.0,
      "monthly_PE_Q": 51.900000000000006
    },
    "2024-05": {
      "monthly_PRENEI_Q": 35.6,
      "monthly_PRELIQ_Q": 109.7,
      "monthly_PE_Q": 81.39999999999999
    },
    "2024-06": {
      "monthly_PRENEI_Q": 0.5,
      "monthly_PRELIQ_Q": 78.89999999999999,
      "monthly_PE_Q": -22.800000000000004
    },
    "2024-07": {
      "monthly_PRENEI_Q": 0.0,
      "monthly_PRELIQ_Q": 32.4,
      "monthly_PE_Q": -48.4
    },
    "2024-08": {
      "monthly_PRENEI_Q": 0.0,
      "monthly_PRELIQ_Q": 40.6,
      "monthly_PE_Q": -12.899999999999999
    },
    "2024-09": {
      "monthly_PRENEI_Q": 1.5,
      "monthly_PRELIQ_Q": 191.7,
      "monthly_PE_Q": 123.9
    },
    "2024-10": {
      "monthly_PRENEI_Q": 0.2,
      "monthly_PRELIQ_Q": 335.4,
      "monthly_PE_Q": 287.0
    },
    "2024-11": {
      "monthly_PRENEI_Q": 53.300000000000004,
      "monthly_PRELIQ_Q": 37.4,
      "monthly_PE_Q": 74.6
    },
    "2024-12": {
      "monthly_PRENEI_Q": 32.6,
      "monthly_PRELIQ_Q": 1.2000000000000002,
      "monthly_PE_Q": 29.099999999999998
    }
  }
}