{
  "years": {
    "2024": {
      "annual_PRENEI_Q": 573.8,
      "annual_PRELIQ_Q": 731.6,
      "annual_PE_Q": 849.8
    }
  },
  "months": {
    "2024-01": {
      "monthly_PRENEI_Q": 83.2,
      "monthly_PRELIQ_Q": 13.1,
      "monthly_PE_Q": 94.0
    },
    "2024-02": {
      "monthly_PRENEI_Q": 97.3,
      "monthly_PRELIQ_Q": 1.7,
      "monthly_PE_Q": 95.2
    },
    "2024-03": {
      "monthly_PRENEI_Q": 151.3,
      "monthly_PRELIQ_Q": 4.7,
      "monthly_PE_Q": 150.3
    },
    "2024-04": {
      "monthly_PRENEI_Q": 52.5,
      "monthly_PRELIQ_Q": 18.4,
      "monthly_PE_Q": 55.2
    },
    "2024-05": {
      "monthly_PRENEI_Q": 68.9,
      "monthly_PRELIQ_Q": 97.1,
      "monthly_PE_Q": 116.5
    },
    "2024-06": {
      "monthly_PRENEI_Q": 0.39999999999999997,
      "monthly_PRELIQ_Q": 147.70000000000002,
      "monthly_PE_Q": 48.70000000000001
    },
    "2024-07": {
      "monthly_PRENEI_Q": 0.0,
      "monthly_PRELIQ_Q": 43.3,
      "monthly_PE_Q": -64.0
    },
    "2024-08": {
      "monthly_PRENEI_Q": 0.0,
      "monthly_PRELIQ_Q": 40.1,
      "monthly_PE_Q": -18.599999999999998
    },
    "2024-09": {
      "monthly_PRENEI_Q": 3.9,
      "monthly_PRELIQ_Q": 141.3,
      "monthly_PE_Q": 88.3
    },
    "2024-10": {
      "monthly_PRENEI_Q": 5.300000000000001,
      "monthly_PRELIQ_Q": 212.4,
      "monthly_PE_Q": 176.4
    },
    "2024-11": {
      "monthly_PRENEI_Q": 72.4,
      "monthly_PRELIQ_Q": 10.299999999999999,
      "monthly_PE_Q": 70.10000000000001
    },
    "2024-12": {
      "monthly_PRENEI_Q": 38.6,
      "monthly_PRELIQ_Q": 1.5,
      "monthly_PE_Q": 37.7
    }
  }
}