{
  "years": {
    "2024": {
      "annual_PRENEI_Q": 850.9,
      "annual_PRELIQ_Q": 1244.0,
      "annual_PE_Q": 1569.6
    }
  },
  "months": {
    "2024-01": {
      "monthly_PRENEI_Q": 186.6,
      "monthly_PRELIQ_Q": 36.4,
      "monthly_PE_Q": 221.0
    },
    "2024-02": {
      "monthly_PRENEI_Q": 77.7,
      "monthly_PRELIQ_Q": 24.3,
      "monthly_PE_Q": 100.5
    },
    "2024-03": {
      "monthly_PRENEI_Q": 98.5,
      "monthly_PRELIQ_Q": 40.4,
      "monthly_PE_Q": 134.8
    },
    "2024-04": {
      "monthly_PRENEI_Q": 77.4,
      "monthly_PRELIQ_Q": 16.5,
      "monthly_PE_Q": 81.4
    },
    "2024-05": {
      "monthly_PRENEI_Q": 84.10000000000001,
      "monthly_PRELIQ_Q": 158.4,
      "monthly_PE_Q": 203.9
    },
    "2024-06": {
      "monthly_PRENEI_Q": 1.3,
      "monthly_PRELIQ_Q": 160.3,
      "monthly_PE_Q": 77.60000000000001
    },
    "2024-07": {
      "monthly_PRENEI_Q": 0.0,
      "monthly_PRELIQ_Q": 208.9,
      "monthly_PE_Q": 66.80000000000001
    },
    "2024-08": {
      "monthly_PRENEI_Q": 0.0,
      "monthly_PRELIQ_Q": 121.3,
      "monthly_PE_Q": 1.3000000000000012
    },
    "2024-09": {
      "monthly_PRENEI_Q": 28.200000000000003,
      "monthly_PRELIQ_Q": 222.0,
      "monthly_PE_Q": 187.6
    },
    "2024-10": {
      "monthly_PRENEI_Q": 5.3,
      "monthly_PRELIQ_Q": 197.9,
      "monthly_PE_Q": 160.6
    },
    "2024-11": {
      "monthly_PRENEI_Q": 122.2,
      "monthly_PRELIQ_Q": 27.7,
      "monthly_PE_Q": 136.3
    },
    "2024-12": {
      "monthly_PRENEI_Q": 169.6,
      "monthly_PRELIQ_Q": 29.9,
      "monthly_PE_Q": 197.79999999999998
    }
  }
}