{
  "years": {
    "2024": {
      "annual_PRENEI_Q": 451.1,
      "annual_PRELIQ_Q": 1388.1,
      "annual_PE_Q": 1217.7
    }
  },
  "months": {
    "2024-01": {
      "monthly_PRENEI_Q": 111.4,
      "monthly_PRELIQ_Q": 83.8,
      "monthly_PE_Q": 192.1
    },
    "2024-02": {
      "monthly_PRENEI_Q": 37.9,
      "monthly_PRELIQ_Q": 51.5,
      "monthly_PE_Q": 82.3
    },
    "2024-03": {
      "monthly_PRENEI_Q": 53.199999999999996,
      "monthly_PRELIQ_Q": 68.7,
      "monthly_PE_Q": 106.9
    },
    "2024-04": {
      "monthly_PRENEI_Q": 49.2,
      "monthly_PRELIQ_Q": 33.1,
      "monthly_PE_Q": 49.6
    },
    "2024-05": {
      "monthly_PRENEI_Q": 17.099999999999998,
      "monthly_PRELIQ_Q": 195.7,
      "monthly_PE_Q": 139.9
    },
    "2024-06": {
      "monthly_PRENEI_Q": 0.0,
      "monthly_PRELIQ_Q": 142.4,
      "monthly_PE_Q": 36.1
    },
    "2024-07": {
      "monthly_PRENEI_Q": 0.0,
      "monthly_PRELIQ_Q": 183.0,
      "monthly_PE_Q": 41.00000000000001
    },
    "2024-08": {
      "monthly_PRENEI_Q": 0.0,
      "monthly_PRELIQ_Q": 107.0,
      "monthly_PE_Q": -10.0
    },
    "2024-09": {
      "monthly_PRENEI_Q": 6.5,
      "monthly_PRELIQ_Q": 213.70000000000002,
      "monthly_PE_Q": 156.5
    },
    "2024-10": {
      "monthly_PRENEI_Q": 0.2,
      "monthly_PRELIQ_Q": 177.8,
      "monthly_PE_Q": 135.9
    },
    "2024-11": {
      "monthly_PRENEI_Q": 68.0,
      "monthly_PRELIQ_Q": 63.5,
      "monthly_PE_Q": 115.39999999999999
    },
    "2024-12": {
      "monthly_PRENEI_Q": 107.60000000000001,
      "monthly_PRELIQ_Q": 67.9,
      "monthly_PE_Q": 172.0
    }
  }
}