{
  "years": {
    "2024": {
      "annual_PRENEI_Q": 479.9,
      "annual_PRELIQ_Q": 1599.4,
      "annual_PE_Q": 1423.8
    }
  },
  "months": {
    "2024-01": {
      "monthly_PRENEI_Q": 101.0,
      "monthly_PRELIQ_Q": 116.9,
      "monthly_PE_Q": 215.2
    },
    "2024-02": {
      "monthly_PRENEI_Q": 47.8,
      "monthly_PRELIQ_Q": 73.9,
      "monthly_PE_Q": 113.19999999999999
    },
    "2024-03": {
      "monthly_PRENEI_Q": 63.9,
      "monthly_PRELIQ_Q": 72.5,
      "monthly_PE_Q": 115.4
    },
    "2024-04": {
      "monthly_PRENEI_Q": 61.8,
      "monthly_PRELIQ_Q": 44.0,
      "monthly_PE_Q": 67.1
    },
    "2024-05": {
      "monthly_PRENEI_Q": 13.200000000000001,
      "monthly_PRELIQ_Q": 254.9,
      "monthly_PE_Q": 189.8
    },
    "2024-06": {
      "monthly_PRENEI_Q": 0.0,
      "monthly_PRELIQ_Q": 181.9,
      "monthly_PE_Q": 68.0
    },
    "2024-07": {
      "monthly_PRENEI_Q": 0.0,
      "monthly_PRELIQ_Q": 132.70000000000002,
      "monthly_PE_Q": -10.700000000000006
    },
    "2024-08": {
      "monthly_PRENEI_Q": 0.0,
      "monthly_PRELIQ_Q": 131.0,
      "monthly_PE_Q": 11.499999999999998
    },
    "2024-09": {
      "monthly_PRENEI_Q": 3.9,
      "monthly_PRELIQ_Q": 262.5,
      "monthly_PE_Q": 200.6
    },
    "2024-10": {
      "monthly_PRENEI_Q": 0.0,
      "monthly_PRELIQ_Q": 187.2,
      "monthly_PE_Q": 146.29999999999998
    },
    "2024-11": {
      "monthly_PRENEI_Q": 49.5,
      "monthly_PRELIQ_Q": 80.2,
      "monthly_PE_Q": 111.80000000000001
    },
    "2024-12": {
      "monthly_PRENEI_Q": 138.8,
      "monthly_PRELIQ_Q": 61.7,
      "monthly_PE_Q": 195.6
    }
  }
}