{
  "years": {
    "2024": {
      "annual_PRENEI_Q": 57.1,
      "annual_PRELIQ_Q": 1260.3,
      "annual_PE_Q": 692.6
    }
  },
  "months": {
    "2024-01": {
      "monthly_PRENEI_Q": 2.1,
      "monthly_PRELIQ_Q": 101.10000000000001,
      "monthly_PE_Q": 88.7
    },
    "2024-02": {
      "monthly_PRENEI_Q": 0.0,
      "monthly_PRELIQ_Q": 70.9,
      "monthly_PE_Q": 57.4
    },
    "2024-03": {
      "monthly_PRENEI_Q": 0.0,
      "monthly_PRELIQ_Q": 117.9,
      "monthly_PE_Q": 87.9
    },
    "2024-04": {
      "monthly_PRENEI_Q": 8.100000000000001,
      "monthly_PRELIQ_Q": 107.6,
      "monthly_PE_Q": 54.400000000000006
    },
    "2024-05": {
      "monthly_PRENEI_Q": 0.0,
      "monthly_PRELIQ_Q": 163.1,
      "monthly_PE_Q": 90.0
    },
    "2024-06": {
      "monthly_PRENEI_Q": 0.0,
      "monthly_PRELIQ_Q": 112.19999999999999,
      "monthly_PE_Q": 13.999999999999998
    },
    "2024-07": {
      "monthly_PRENEI_Q": 0.0,
      "monthly_PRELIQ_Q": 93.9,
      "monthly_PE_Q": -21.6
    },
    "2024-08": {
      "monthly_PRENEI_Q": 0.0,
      "monthly_PRELIQ_Q": 75.9,
      "monthly_PE_Q": -31.1
    },
    "2024-09": {
      "monthly_PRENEI_Q": 0.0,
      "monthly_PRELIQ_Q": 135.5,
      "monthly_PE_Q": 80.8
    },
    "2024-10": {
      "monthly_PRENEI_Q": 0.0,
      "monthly_PRELIQ_Q": 141.3,
      "monthly_PE_Q": 110.7
    },
    "2024-11": {
      "monthly_PRENEI_Q": 21.200000000000003,
      "monthly_PRELIQ_Q": 58.1,
      "monthly_PE_Q": 64.10000000000001
    },
    "2024-12": {
      "monthly_PRENEI_Q": 25.7,
      "monthly_PRELIQ_Q": 82.8,
      "monthly_PE_Q": 97.3
    }
  }
}