{
  "years": {
    "2024": {
      "annual_PRENEI_Q": 25.0,
      "annual_PRELIQ_Q": 1177.7,
      "annual_PE_Q": 598.6
    }
  },
  "months": {
    "2024-01": {
      "monthly_PRENEI_Q": 1.7999999999999998,
      "monthly_PRELIQ_Q": 93.0,
      "monthly_PE_Q": 83.4
    },
    "2024-02": {
      "monthly_PRENEI_Q": 0.0,
      "monthly_PRELIQ_Q": 82.89999999999999,
      "monthly_PE_Q": 71.6
    },
    "2024-03": {
      "monthly_PRENEI_Q": 0.0,
      "monthly_PRELIQ_Q": 94.0,
      "monthly_PE_Q": 65.0
    },
    "2024-04": {
      "monthly_PRENEI_Q": 0.7,
      "monthly_PRELIQ_Q": 85.8,
      "monthly_PE_Q": 26.200000000000003
    },
    "2024-05": {
      "monthly_PRENEI_Q": 0.0,
      "monthly_PRELIQ_Q": 146.5,
      "monthly_PE_Q": 72.4
    },
    "2024-06": {
      "monthly_PRENEI_Q": 0.0,
      "monthly_PRELIQ_Q": 103.9,
      "monthly_PE_Q": 7.9999999999999964
    },
    "2024-07": {
      "monthly_PRENEI_Q": 0.0,
      "monthly_PRELIQ_Q": 90.1,
      "monthly_PE_Q": -25.700000000000003
    },
    "2024-08": {
      "monthly_PRENEI_Q": 0.0,
      "monthly_PRELIQ_Q": 66.4,
      "monthly_PE_Q": -36.099999999999994
    },
    "2024-09": {
      "monthly_PRENEI_Q": 0.0,
      "monthly_PRELIQ_Q": 137.79999999999998,
      "monthly_PE_Q": 83.3
    },
    "2024-10": {
      "monthly_PRENEI_Q": 0.0,
      "monthly_PRELIQ_Q": 130.1,
      "monthly_PE_Q": 104.2
    },
    "2024-11": {
      "monthly_PRENEI_Q": 13.0,
      "monthly_PRELIQ_Q": 55.1,
      "monthly_PE_Q": 55.1
    },
    "2024-12": {
      "monthly_PRENEI_Q": 9.5,
      "monthly_PRELIQ_Q": 92.10000000000001,
      "monthly_PE_Q": 91.2
    }
  }
}