{
  "years": {
    "2024": {
      "annual_PRENEI_Q": 30.9,
      "annual_PRELIQ_Q": 1623.2,
      "annual_PE_Q": 936.5
    }
  },
  "months": {
    "2024-01": {
      "monthly_PRENEI_Q": 5.0,
      "monthly_PRELIQ_Q": 157.3,
      "monthly_PE_Q": 143.8
    },
    "2024-02": {
      "monthly_PRENEI_Q": 0.8,
      "monthly_PRELIQ_Q": 137.79999999999998,
      "monthly_PE_Q": 113.5
    },
    "2024-03": {
      "monthly_PRENEI_Q": 0.0,
      "monthly_PRELIQ_Q": 131.1,
      "monthly_PE_Q": 93.9
    },
    "2024-04": {
      "monthly_PRENEI_Q": 3.1,
      "monthly_PRELIQ_Q": 116.6,
      "monthly_PE_Q": 49.3
    },
    "2024-05": {
      "monthly_PRENEI_Q": 0.0,
      "monthly_PRELIQ_Q": 193.8,
      "monthly_PE_Q": 108.89999999999999
    },
    "2024-06": {
      "monthly_PRENEI_Q": 0.0,
      "monthly_PRELIQ_Q": 143.5,
      "monthly_PE_Q": 33.300000000000004
    },
    "2024-07": {
      "monthly_PRENEI_Q": 0.0,
      "monthly_PRELIQ_Q": 125.10000000000001,
      "monthly_PE_Q": 3.3999999999999986
    },
    "2024-08": {
      "monthly_PRENEI_Q": 0.0,
      "monthly_PRELIQ_Q": 70.7,
      "monthly_PE_Q": -38.4
    },
    "2024-09": {
      "monthly_PRENEI_Q": 0.0,
      "monthly_PRELIQ_Q": 189.5,
      "monthly_PE_Q": 120.5
    },
    "2024-10": {
      "monthly_PRENEI_Q": 0.0,
      "monthly_PRELIQ_Q": 131.5,
      "monthly_PE_Q": 94.0
    },
    "2024-11": {
      "monthly_PRENEI_Q": 9.6,
      "monthly_PRELIQ_Q": 100.60000000000001,
      "monthly_PE_Q": 91.50000000000001
    },
    "2024-12": {
      "monthly_PRENEI_Q": 12.399999999999999,
      "monthly_PRELIQ_Q": 125.7,
      "monthly_PE_Q": 122.8
    }
  }
}