{
  "years": {
    "2024": {
      "annual_PRENEI_Q": 9.6,
      "annual_PRELIQ_Q": 1113.4,
      "annual_PE_Q": 430.1
    }
  },
  "months": {
    "2024-01": {
      "monthly_PRENEI_Q": 4.3,
      "monthly_PRELIQ_Q": 85.3,
      "monthly_PE_Q": 70.5
    },
    "2024-02": {
      "monthly_PRENEI_Q": 0.1,
      "monthly_PRELIQ_Q": 82.6,
      "monthly_PE_Q": 56.8
    },
    "2024-03": {
      "monthly_PRENEI_Q": 0.2,
      "monthly_PRELIQ_Q": 98.0,
      "monthly_PE_Q": 61.900000000000006
    },
    "2024-04": {
      "monthly_PRENEI_Q": 0.7000000000000001,
      "monthly_PRELIQ_Q": 82.7,
      "monthly_PE_Q": 16.099999999999998
    },
    "2024-05": {
      "monthly_PRENEI_Q": 0.0,
      "monthly_PRELIQ_Q": 180.9,
      "monthly_PE_Q": 96.5
    },
    "2024-06": {
      "monthly_PRENEI_Q": 0.0,
      "monthly_PRELIQ_Q": 82.8,
      "monthly_PE_Q": -24.799999999999997
    },
    "2024-07": {
      "monthly_PRENEI_Q": 0.0,
      "monthly_PRELIQ_Q": 91.5,
      "monthly_PE_Q": -27.799999999999997
    },
    "2024-08": {
      "monthly_PRENEI_Q": 0.0,
      "monthly_PRELIQ_Q": 83.2,
      "monthly_PE_Q": -18.999999999999993
    },
    "2024-09": {
      "monthly_PRENEI_Q": 0.0,
      "monthly_PRELIQ_Q": 113.89999999999999,
      "monthly_PE_Q": 52.4
    },
    "2024-10": {
      "monthly_PRENEI_Q": 0.0,
      "monthly_PRELIQ_Q": 75.3,
      "monthly_PE_Q": 42.900000000000006
    },
    "2024-11": {
      "monthly_PRENEI_Q": 2.4000000000000004,
      "monthly_PRELIQ_Q": 67.0,
      "monthly_PE_Q": 48.6
    },
    "2024-12": {
      "monthly_PRENEI_Q": 1.9,
      "monthly_PRELIQ_Q": 70.2,
      "monthly_PE_Q": 56.0
    }
  }
}