{
  "years": {
    "2024": {
      "annual_PRENEI_Q": 9.700000000000001,
      "annual_PRELIQ_Q": 1060.9,
      "annual_PE_Q": 399.8
    }
  },
  "months": {
    "2024-01": {
      "monthly_PRENEI_Q": 0.1,
      "monthly_PRELIQ_Q": 36.9,
      "monthly_PE_Q": 12.600000000000001
    },
    "2024-02": {
      "monthly_PRENEI_Q": 0.0,
      "monthly_PRELIQ_Q": 119.89999999999999,
      "monthly_PE_Q": 85.6
    },
    "2024-03": {
      "monthly_PRENEI_Q": 7.2,
      "monthly_PRELIQ_Q": 281.5,
      "monthly_PE_Q": 227.7
    },
    "2024-04": {
      "monthly_PRENEI_Q": 2.4000000000000004,
      "monthly_PRELIQ_Q": 39.9,
      "monthly_PE_Q": -48.5
    },
    "2024-05": {
      "monthly_PRENEI_Q": 0.0,
      "monthly_PRELIQ_Q": 64.8,
      "monthly_PE_Q": -32.5
    },
    "2024-06": {
      "monthly_PRENEI_Q": 0.0,
      "monthly_PRELIQ_Q": 30.4,
      "monthly_PE_Q": -43.4
    },
    "2024-07": {
      "monthly_PRENEI_Q": 0.0,
      "monthly_PRELIQ_Q": 21.700000000000003,
      "monthly_PE_Q": -43.2
    },
    "2024-08": {
      "monthly_PRENEI_Q": 0.0,
      "monthly_PRELIQ_Q": 31.0,
      "monthly_PE_Q": -20.700000000000003
    },
    "2024-09": {
      "monthly_PRENEI_Q": 0.0,
      "monthly_PRELIQ_Q": 118.5,
      "monthly_PE_Q": 49.8
    },
    "2024-10": {
      "monthly_PRENEI_Q": 0.0,
      "monthly_PRELIQ_Q": 264.1,
      "monthly_PE_Q": 217.79999999999998
    },
    "2024-11": {
      "monthly_PRENEI_Q": 0.0,
      "monthly_PRELIQ_Q": 42.7,
      "monthly_PE_Q": 9.599999999999998
    },
    "2024-12": {
      "monthly_PRENEI_Q": 0.0,
      "monthly_PRELIQ_Q": 9.5,
      "monthly_PE_Q": -15.0
    }
  }
}