{
  "years": {
    "2024": {
      "annual_PRENEI_Q": 209.6,
      "annual_PRELIQ_Q": 1014.0,
      "annual_PE_Q": 557.2
    }
  },
  "months": {
    "2024-01": {
      "monthly_PRENEI_Q": 11.799999999999999,
      "monthly_PRELIQ_Q": 54.6,
      "monthly_PE_Q": 42.3
    },
    "2024-02": {
      "monthly_PRENEI_Q": 25.6,
      "monthly_PRELIQ_Q": 85.8,
      "monthly_PE_Q": 82.7
    },
    "2024-03": {
      "monthly_PRENEI_Q": 145.5,
      "monthly_PRELIQ_Q": 160.5,
      "monthly_PE_Q": 269.9
    },
    "2024-04": {
      "monthly_PRENEI_Q": 15.9,
      "monthly_PRELIQ_Q": 37.0,
      "monthly_PE_Q": -24.700000000000003
    },
    "2024-05": {
      "monthly_PRENEI_Q": 0.0,
      "monthly_PRELIQ_Q": 89.2,
      "monthly_PE_Q": -5.5
    },
    "2024-06": {
      "monthly_PRENEI_Q": 0.0,
      "monthly_PRELIQ_Q": 58.199999999999996,
      "monthly_PE_Q": -46.1
    },
    "2024-07": {
      "monthly_PRENEI_Q": 0.0,
      "monthly_PRELIQ_Q": 20.400000000000002,
      "monthly_PE_Q": -52.5
    },
    "2024-08": {
      "monthly_PRENEI_Q": 0.0,
      "monthly_PRELIQ_Q": 36.9,
      "monthly_PE_Q": -14.5
    },
    "2024-09": {
      "monthly_PRENEI_Q": 0.0,
      "monthly_PRELIQ_Q": 144.1,
      "monthly_PE_Q": 70.00000000000001
    },
    "2024-10": {
      "monthly_PRENEI_Q": 0.0,
      "monthly_PRELIQ_Q": 248.2,
      "monthly_PE_Q": 198.20000000000002
    },
    "2024-11": {
      "monthly_PRENEI_Q": 7.7,
      "monthly_PRELIQ_Q": 61.5,
      "monthly_PE_Q": 37.0
    },
    "2024-12": {
      "monthly_PRENEI_Q": 3.1,
      "monthly_PRELIQ_Q": 17.6,
      "monthly_PE_Q": 0.3999999999999988
    }
  }
}