{
  "years": {
    "2024": {
      "annual_PRENEI_Q": 427.3,
      "annual_PRELIQ_Q": 787.4,
      "annual_PE_Q": 754.3
    }
  },
  "months": {
    "2024-01": {
      "monthly_PRENEI_Q": 52.8,
      "monthly_PRELIQ_Q": 30.099999999999998,
      "monthly_PE_Q": 79.7
    },
    "2024-02": {
      "monthly_PRENEI_Q": 70.2,
      "monthly_PRELIQ_Q": 15.6,
      "monthly_PE_Q": 79.60000000000001
    },
    "2024-03": {
      "monthly_PRENEI_Q": 144.5,
      "monthly_PRELIQ_Q": 42.5,
      "monthly_PE_Q": 176.4
    },
    "2024-04": {
      "monthly_PRENEI_Q": 29.6,
      "monthly_PRELIQ_Q": 34.3,
      "monthly_PE_Q": 32.8
    },
    "2024-05": {
      "monthly_PRENEI_Q": 36.5,
      "monthly_PRELIQ_Q": 101.3,
      "monthly_PE_Q": 72.3
    },
    "2024-06": {
      "monthly_PRENEI_Q": 0.30000000000000004,
      "monthly_PRELIQ_Q": 88.10000000000001,
      "monthly_PE_Q": -12.899999999999999
    },
    "2024-07": {
      "monthly_PRENEI_Q": 0.0,
      "monthly_PRELIQ_Q": 28.299999999999997,
      "monthly_PE_Q": -51.50000000000001
    },
    "2024-08": {
      "monthly_PRENEI_Q": 0.0,
      "monthly_PRELIQ_Q": 18.9,
      "monthly_PE_Q": -17.6
    },
    "2024-09": {
      "monthly_PRENEI_Q": 1.2000000000000002,
      "monthly_PRELIQ_Q": 157.4,
      "monthly_PE_Q": 93.5
    },
    "2024-10": {
      "monthly_PRENEI_Q": 2.3,
      "monthly_PRELIQ_Q": 237.4,
      "monthly_PE_Q": 195.6
    },
    "2024-11": {
      "monthly_PRENEI_Q": 57.699999999999996,
      "monthly_PRELIQ_Q": 30.8,
      "monthly_PE_Q": 74.8
    },
    "2024-12": {
      "monthly_PRENEI_Q": 32.2,
      "monthly_PRELIQ_Q": 2.7,
      "monthly_PE_Q": 31.6
    }
  }
}