{
  "years": {
    "2024": {
      "annual_PRENEI_Q": 342.9,
      "annual_PRELIQ_Q": 810.4,
      "annual_PE_Q": 650.3
    }
  },
  "months": {
    "2024-01": {
      "monthly_PRENEI_Q": 40.199999999999996,
      "monthly_PRELIQ_Q": 38.699999999999996,
      "monthly_PE_Q": 73.10000000000001
    },
    "2024-02": {
      "monthly_PRENEI_Q": 53.3,
      "monthly_PRELIQ_Q": 28.2,
      "monthly_PE_Q": 69.2
    },
    "2024-03": {
      "monthly_PRENEI_Q": 108.4,
      "monthly_PRELIQ_Q": 68.9,
      "monthly_PE_Q": 157.4
    },
    "2024-04": {
      "monthly_PRENEI_Q": 20.6,
      "monthly_PRELIQ_Q": 40.1,
      "monthly_PE_Q": 14.900000000000002
    },
    "2024-05": {
      "monthly_PRENEI_Q": 34.6,
      "monthly_PRELIQ_Q": 95.8,
      "monthly_PE_Q": 58.1
    },
    "2024-06": {
      "monthly_PRENEI_Q": 0.6000000000000001,
      "monthly_PRELIQ_Q": 83.2,
      "monthly_PE_Q": -18.0
    },
    "2024-07": {
      "monthly_PRENEI_Q": 0.0,
      "monthly_PRELIQ_Q": 27.1,
      "monthly_PE_Q": -51.0
    },
    "2024-08": {
      "monthly_PRENEI_Q": 0.0,
      "monthly_PRELIQ_Q": 17.900000000000002,
      "monthly_PE_Q": -20.2
    },
    "2024-09": {
      "monthly_PRENEI_Q": 3.3,
      "monthly_PRELIQ_Q": 147.70000000000002,
      "monthly_PE_Q": 88.0
    },
    "2024-10": {
      "monthly_PRENEI_Q": 5.4,
      "monthly_PRELIQ_Q": 222.3,
      "monthly_PE_Q": 184.0
    },
    "2024-11": {
      "monthly_PRENEI_Q": 49.2,
      "monthly_PRELIQ_Q": 34.9,
      "monthly_PE_Q": 67.1
    },
    "2024-12": {
      "monthly_PRENEI_Q": 27.3,
      "monthly_PRELIQ_Q": 5.6,
      "monthly_PE_Q": 27.700000000000003
    }
  }
}