{
  "years": {
    "2024": {
      "annual_PRENEI_Q": 401.8,
      "annual_PRELIQ_Q": 787.4,
      "annual_PE_Q": 662.6
    }
  },
  "months": {
    "2024-01": {
      "monthly_PRENEI_Q": 60.2,
      "monthly_PRELIQ_Q": 27.9,
      "monthly_PE_Q": 83.5
    },
    "2024-02": {
      "monthly_PRENEI_Q": 74.6,
      "monthly_PRELIQ_Q": 16.099999999999998,
      "monthly_PE_Q": 82.0
    },
    "2024-03": {
      "monthly_PRENEI_Q": 115.8,
      "monthly_PRELIQ_Q": 25.8,
      "monthly_PE_Q": 126.8
    },
    "2024-04": {
      "monthly_PRENEI_Q": 29.6,
      "monthly_PRELIQ_Q": 35.4,
      "monthly_PE_Q": 30.400000000000002
    },
    "2024-05": {
      "monthly_PRENEI_Q": 34.1,
      "monthly_PRELIQ_Q": 116.9,
      "monthly_PE_Q": 81.30000000000001
    },
    "2024-06": {
      "monthly_PRENEI_Q": 0.0,
      "monthly_PRELIQ_Q": 134.8,
      "monthly_PE_Q": 29.700000000000006
    },
    "2024-07": {
      "monthly_PRENEI_Q": 0.0,
      "monthly_PRELIQ_Q": 39.3,
      "monthly_PE_Q": -67.2
    },
    "2024-08": {
      "monthly_PRENEI_Q": 0.0,
      "monthly_PRELIQ_Q": 36.300000000000004,
      "monthly_PE_Q": -25.0
    },
    "2024-09": {
      "monthly_PRENEI_Q": 0.3,
      "monthly_PRELIQ_Q": 131.7,
      "monthly_PE_Q": 73.3
    },
    "2024-10": {
      "monthly_PRENEI_Q": 0.0,
      "monthly_PRELIQ_Q": 198.29999999999998,
      "monthly_PE_Q": 155.8
    },
    "2024-11": {
      "monthly_PRENEI_Q": 55.1,
      "monthly_PRELIQ_Q": 20.3,
      "monthly_PE_Q": 60.1
    },
    "2024-12": {
      "monthly_PRENEI_Q": 32.1,
      "monthly_PRELIQ_Q": 4.6,
      "monthly_PE_Q": 31.900000000000002
    }
  }
}