{
  "years": {
    "2024": {
      "annual_PRENEI_Q": 527.2,
      "annual_PRELIQ_Q": 742.0,
      "annual_PE_Q": 798.0
    }
  },
  "months": {
    "2024-01": {
      "monthly_PRENEI_Q": 74.9,
      "monthly_PRELIQ_Q": 18.6,
      "monthly_PE_Q": 90.4
    },
    "2024-02": {
      "monthly_PRENEI_Q": 91.9,
      "monthly_PRELIQ_Q": 4.4,
      "monthly_PE_Q": 91.4
    },
    "2024-03": {
      "monthly_PRENEI_Q": 143.39999999999998,
      "monthly_PRELIQ_Q": 8.3,
      "monthly_PE_Q": 143.9
    },
    "2024-04": {
      "monthly_PRENEI_Q": 45.0,
      "monthly_PRELIQ_Q": 24.0,
      "monthly_PE_Q": 46.3
    },
    "2024-05": {
      "monthly_PRENEI_Q": 57.8,
      "monthly_PRELIQ_Q": 103.6,
      "monthly_PE_Q": 105.80000000000001
    },
    "2024-06": {
      "monthly_PRENEI_Q": 0.39999999999999997,
      "monthly_PRELIQ_Q": 143.79999999999998,
      "monthly_PE_Q": 44.900000000000006
    },
    "2024-07": {
      "monthly_PRENEI_Q": 0.0,
      "monthly_PRELIQ_Q": 42.1,
      "monthly_PE_Q": -62.5
    },
    "2024-08": {
      "monthly_PRENEI_Q": 0.0,
      "monthly_PRELIQ_Q": 39.0,
      "monthly_PE_Q": -19.1
    },
    "2024-09": {
      "monthly_PRENEI_Q": 3.9000000000000004,
      "monthly_PRELIQ_Q": 137.3,
      "monthly_PE_Q": 84.6
    },
    "2024-10": {
      "monthly_PRENEI_Q": 5.6,
      "monthly_PRELIQ_Q": 205.7,
      "monthly_PE_Q": 169.9
    },
    "2024-11": {
      "monthly_PRENEI_Q": 67.7,
      "monthly_PRELIQ_Q": 12.799999999999999,
      "monthly_PE_Q": 67.0
    },
    "2024-12": {
      "monthly_PRENEI_Q": 36.6,
      "monthly_PRELIQ_Q": 2.4,
      "monthly_PE_Q": 35.4
    }
  }
}