{
  "years": {
    "2024": {
      "annual_PRENEI_Q": 365.4,
      "annual_PRELIQ_Q": 739.0,
      "annual_PE_Q": 617.6
    }
  },
  "months": {
    "2024-01": {
      "monthly_PRENEI_Q": 67.9,
      "monthly_PRELIQ_Q": 30.2,
      "monthly_PE_Q": 94.2
    },
    "2024-02": {
      "monthly_PRENEI_Q": 36.8,
      "monthly_PRELIQ_Q": 5.7,
      "monthly_PE_Q": 36.6
    },
    "2024-03": {
      "monthly_PRENEI_Q": 70.5,
      "monthly_PRELIQ_Q": 29.200000000000003,
      "monthly_PE_Q": 85.80000000000001
    },
    "2024-04": {
      "monthly_PRENEI_Q": 30.2,
      "monthly_PRELIQ_Q": 16.8,
      "monthly_PE_Q": 23.6
    },
    "2024-05": {
      "monthly_PRENEI_Q": 28.5,
      "monthly_PRELIQ_Q": 77.9,
      "monthly_PE_Q": 49.2
    },
    "2024-06": {
      "monthly_PRENEI_Q": 1.2,
      "monthly_PRELIQ_Q": 133.6,
      "monthly_PE_Q": 35.0
    },
    "2024-07": {
      "monthly_PRENEI_Q": 0.0,
      "monthly_PRELIQ_Q": 63.1,
      "monthly_PE_Q": -36.699999999999996
    },
    "2024-08": {
      "monthly_PRENEI_Q": 0.0,
      "monthly_PRELIQ_Q": 42.3,
      "monthly_PE_Q": -23.499999999999996
    },
    "2024-09": {
      "monthly_PRENEI_Q": 3.5,
      "monthly_PRELIQ_Q": 134.6,
      "monthly_PE_Q": 82.0
    },
    "2024-10": {
      "monthly_PRENEI_Q": 4.2,
      "monthly_PRELIQ_Q": 158.9,
      "monthly_PE_Q": 122.2
    },
    "2024-11": {
      "monthly_PRENEI_Q": 52.0,
      "monthly_PRELIQ_Q": 25.1,
      "monthly_PE_Q": 61.300000000000004
    },
    "2024-12": {
      "monthly_PRENEI_Q": 70.60000000000001,
      "monthly_PRELIQ_Q": 21.599999999999998,
      "monthly_PE_Q": 87.89999999999999
    }
  }
}