{
  "years": {
    "2024": {
      "annual_PRENEI_Q": 452.5,
      "annual_PRELIQ_Q": 1264.7,
      "annual_PE_Q": 1126.5
    }
  },
  "months": {
    "2024-01": {
      "monthly_PRENEI_Q": 102.1,
      "monthly_PRELIQ_Q": 103.60000000000001,
      "monthly_PE_Q": 203.2
    },
    "2024-02": {
      "monthly_PRENEI_Q": 43.2,
      "monthly_PRELIQ_Q": 43.2,
      "monthly_PE_Q": 78.0
    },
    "2024-03": {
      "monthly_PRENEI_Q": 42.6,
      "monthly_PRELIQ_Q": 71.7,
      "monthly_PE_Q": 97.39999999999999
    },
    "2024-04": {
      "monthly_PRENEI_Q": 55.4,
      "monthly_PRELIQ_Q": 35.1,
      "monthly_PE_Q": 61.5
    },
    "2024-05": {
      "monthly_PRENEI_Q": 20.3,
      "monthly_PRELIQ_Q": 160.6,
      "monthly_PE_Q": 113.89999999999999
    },
    "2024-06": {
      "monthly_PRENEI_Q": 0.0,
      "monthly_PRELIQ_Q": 130.0,
      "monthly_PE_Q": 20.700000000000003
    },
    "2024-07": {
      "monthly_PRENEI_Q": 0.0,
      "monthly_PRELIQ_Q": 141.5,
      "monthly_PE_Q": 2.000000000000002
    },
    "2024-08": {
      "monthly_PRENEI_Q": 0.0,
      "monthly_PRELIQ_Q": 88.3,
      "monthly_PE_Q": -7.600000000000002
    },
    "2024-09": {
      "monthly_PRENEI_Q": 5.2,
      "monthly_PRELIQ_Q": 197.5,
      "monthly_PE_Q": 140.8
    },
    "2024-10": {
      "monthly_PRENEI_Q": 2.5,
      "monthly_PRELIQ_Q": 166.29999999999998,
      "monthly_PE_Q": 126.4
    },
    "2024-11": {
      "monthly_PRENEI_Q": 73.9,
      "monthly_PRELIQ_Q": 61.4,
      "monthly_PE_Q": 120.0
    },
    "2024-12": {
      "monthly_PRENEI_Q": 107.3,
      "monthly_PRELIQ_Q": 65.5,
      "monthly_PE_Q": 170.2
    }
  }
}