{
  "years": {
    "2024": {
      "annual_PRENEI_Q": 1027.4,
      "annual_PRELIQ_Q": 1181.3,
      "annual_PE_Q": 1728.2
    }
  },
  "months": {
    "2024-01": {
      "monthly_PRENEI_Q": 210.1,
      "monthly_PRELIQ_Q": 24.700000000000003,
      "monthly_PE_Q": 233.3
    },
    "2024-02": {
      "monthly_PRENEI_Q": 96.5,
      "monthly_PRELIQ_Q": 11.2,
      "monthly_PE_Q": 106.19999999999999
    },
    "2024-03": {
      "monthly_PRENEI_Q": 116.6,
      "monthly_PRELIQ_Q": 29.999999999999996,
      "monthly_PE_Q": 143.2
    },
    "2024-04": {
      "monthly_PRENEI_Q": 88.2,
      "monthly_PRELIQ_Q": 10.5,
      "monthly_PE_Q": 93.2
    },
    "2024-05": {
      "monthly_PRENEI_Q": 117.5,
      "monthly_PRELIQ_Q": 138.5,
      "monthly_PE_Q": 231.7
    },
    "2024-06": {
      "monthly_PRENEI_Q": 5.1000000000000005,
      "monthly_PRELIQ_Q": 165.2,
      "monthly_PE_Q": 99.0
    },
    "2024-07": {
      "monthly_PRENEI_Q": 0.0,
      "monthly_PRELIQ_Q": 220.2,
      "monthly_PE_Q": 83.8
    },
    "2024-08": {
      "monthly_PRENEI_Q": 0.0,
      "monthly_PRELIQ_Q": 128.1,
      "monthly_PE_Q": 7.099999999999996
    },
    "2024-09": {
      "monthly_PRENEI_Q": 42.1,
      "monthly_PRELIQ_Q": 221.70000000000002,
      "monthly_PE_Q": 204.1
    },
    "2024-10": {
      "monthly_PRENEI_Q": 10.0,
      "monthly_PRELIQ_Q": 203.9,
      "monthly_PE_Q": 172.0
    },
    "2024-11": {
      "monthly_PRENEI_Q": 148.1,
      "monthly_PRELIQ_Q": 10.0,
      "monthly_PE_Q": 144.9
    },
    "2024-12": {
      "monthly_PRENEI_Q": 193.20000000000002,
      "monthly_PRELIQ_Q": 17.3,
      "monthly_PE_Q": 209.7
    }
  }
}