{
  "years": {
    "2024": {
      "annual_PRENEI_Q": 86.5,
      "annual_PRELIQ_Q": 1298.7,
      "annual_PE_Q": 801.9
    }
  },
  "months": {
    "2024-01": {
      "monthly_PRENEI_Q": 2.4000000000000004,
      "monthly_PRELIQ_Q": 106.1,
      "monthly_PE_Q": 99.9
    },
    "2024-02": {
      "monthly_PRENEI_Q": 0.0,
      "monthly_PRELIQ_Q": 74.6,
      "monthly_PE_Q": 64.6
    },
    "2024-03": {
      "monthly_PRENEI_Q": 0.0,
      "monthly_PRELIQ_Q": 124.0,
      "monthly_PE_Q": 97.4
    },
    "2024-04": {
      "monthly_PRENEI_Q": 15.200000000000001,
      "monthly_PRELIQ_Q": 106.3,
      "monthly_PE_Q": 64.0
    },
    "2024-05": {
      "monthly_PRENEI_Q": 0.0,
      "monthly_PRELIQ_Q": 171.8,
      "monthly_PE_Q": 103.19999999999999
    },
    "2024-06": {
      "monthly_PRENEI_Q": 0.0,
      "monthly_PRELIQ_Q": 118.1,
      "monthly_PE_Q": 24.599999999999998
    },
    "2024-07": {
      "monthly_PRENEI_Q": 0.0,
      "monthly_PRELIQ_Q": 99.2,
      "monthly_PE_Q": -13.200000000000001
    },
    "2024-08": {
      "monthly_PRENEI_Q": 0.0,
      "monthly_PRELIQ_Q": 79.5,
      "monthly_PE_Q": -29.500000000000004
    },
    "2024-09": {
      "monthly_PRENEI_Q": 0.0,
      "monthly_PRELIQ_Q": 142.2,
      "monthly_PE_Q": 90.9
    },
    "2024-10": {
      "monthly_PRENEI_Q": 0.0,
      "monthly_PRELIQ_Q": 148.7,
      "monthly_PE_Q": 121.19999999999999
    },
    "2024-11": {
      "monthly_PRENEI_Q": 22.599999999999998,
      "monthly_PRELIQ_Q": 60.9,
      "monthly_PE_Q": 71.10000000000001
    },
    "2024-12": {
      "monthly_PRENEI_Q": 46.300000000000004,
      "monthly_PRELIQ_Q": 67.3,
      "monthly_PE_Q": 107.69999999999999
    }
  }
}