{
  "years": {
    "2024": {
      "annual_PRENEI_Q": 29.900000000000002,
      "annual_PRELIQ_Q": 1189.6,
      "annual_PE_Q": 597.4
    }
  },
  "months": {
    "2024-01": {
      "monthly_PRENEI_Q": 1.9,
      "monthly_PRELIQ_Q": 94.3,
      "monthly_PE_Q": 82.4
    },
    "2024-02": {
      "monthly_PRENEI_Q": 0.0,
      "monthly_PRELIQ_Q": 83.8,
      "monthly_PE_Q": 70.5
    },
    "2024-03": {
      "monthly_PRENEI_Q": 0.0,
      "monthly_PRELIQ_Q": 95.4,
      "monthly_PE_Q": 64.6
    },
    "2024-04": {
      "monthly_PRENEI_Q": 1.2000000000000002,
      "monthly_PRELIQ_Q": 86.7,
      "monthly_PE_Q": 25.3
    },
    "2024-05": {
      "monthly_PRENEI_Q": 0.0,
      "monthly_PRELIQ_Q": 148.4,
      "monthly_PE_Q": 73.10000000000001
    },
    "2024-06": {
      "monthly_PRENEI_Q": 0.0,
      "monthly_PRELIQ_Q": 105.60000000000001,
      "monthly_PE_Q": 8.6
    },
    "2024-07": {
      "monthly_PRENEI_Q": 0.0,
      "monthly_PRELIQ_Q": 91.5,
      "monthly_PE_Q": -25.1
    },
    "2024-08": {
      "monthly_PRENEI_Q": 0.0,
      "monthly_PRELIQ_Q": 67.2,
      "monthly_PE_Q": -35.4
    },
    "2024-09": {
      "monthly_PRENEI_Q": 0.0,
      "monthly_PRELIQ_Q": 139.5,
      "monthly_PE_Q": 83.2
    },
    "2024-10": {
      "monthly_PRENEI_Q": 0.0,
      "monthly_PRELIQ_Q": 132.1,
      "monthly_PE_Q": 104.7
    },
    "2024-11": {
      "monthly_PRENEI_Q": 13.200000000000001,
      "monthly_PRELIQ_Q": 55.7,
      "monthly_PE_Q": 54.699999999999996
    },
    "2024-12": {
      "monthly_PRENEI_Q": 13.600000000000001,
      "monthly_PRELIQ_Q": 89.39999999999999,
      "monthly_PE_Q": 90.8
    }
  }
}