{
  "years": {
    "2024": {
      "annual_PRENEI_Q": 22.900000000000002,
      "annual_PRELIQ_Q": 1174.2,
      "annual_PE_Q": 594.5
    }
  },
  "months": {
    "2024-01": {
      "monthly_PRENEI_Q": 1.7,
      "monthly_PRELIQ_Q": 92.8,
      "monthly_PE_Q": 83.0
    },
    "2024-02": {
      "monthly_PRENEI_Q": 0.0,
      "monthly_PRELIQ_Q": 82.60000000000001,
      "monthly_PE_Q": 71.6
    },
    "2024-03": {
      "monthly_PRENEI_Q": 0.0,
      "monthly_PRELIQ_Q": 93.6,
      "monthly_PE_Q": 64.39999999999999
    },
    "2024-04": {
      "monthly_PRENEI_Q": 0.6,
      "monthly_PRELIQ_Q": 85.5,
      "monthly_PE_Q": 25.200000000000003
    },
    "2024-05": {
      "monthly_PRENEI_Q": 0.0,
      "monthly_PRELIQ_Q": 146.1,
      "monthly_PE_Q": 71.9
    },
    "2024-06": {
      "monthly_PRENEI_Q": 0.0,
      "monthly_PRELIQ_Q": 103.4,
      "monthly_PE_Q": 7.599999999999996
    },
    "2024-07": {
      "monthly_PRENEI_Q": 0.0,
      "monthly_PRELIQ_Q": 89.7,
      "monthly_PE_Q": -25.200000000000003
    },
    "2024-08": {
      "monthly_PRENEI_Q": 0.0,
      "monthly_PRELIQ_Q": 66.0,
      "monthly_PE_Q": -34.9
    },
    "2024-09": {
      "monthly_PRENEI_Q": 0.0,
      "monthly_PRELIQ_Q": 137.0,
      "monthly_PE_Q": 82.0
    },
    "2024-10": {
      "monthly_PRENEI_Q": 0.0,
      "monthly_PRELIQ_Q": 129.5,
      "monthly_PE_Q": 103.19999999999999
    },
    "2024-11": {
      "monthly_PRENEI_Q": 12.9,
      "monthly_PRELIQ_Q": 54.699999999999996,
      "monthly_PE_Q": 54.9
    },
    "2024-12": {
      "monthly_PRENEI_Q": 7.7,
      "monthly_PRELIQ_Q": 93.3,
      "monthly_PE_Q": 90.8
    }
  }
}