{
  "years": {
    "2024": {
      "annual_PRENEI_Q": 0.2,
      "annual_PRELIQ_Q": 1109.6,
      "annual_PE_Q": 488.5
    }
  },
  "months": {
    "2024-01": {
      "monthly_PRENEI_Q": 0.2,
      "monthly_PRELIQ_Q": 47.800000000000004,
      "monthly_PE_Q": 30.9
    },
    "2024-02": {
      "monthly_PRENEI_Q": 0.0,
      "monthly_PRELIQ_Q": 157.6,
      "monthly_PE_Q": 124.60000000000001
    },
    "2024-03": {
      "monthly_PRENEI_Q": 0.0,
      "monthly_PRELIQ_Q": 183.2,
      "monthly_PE_Q": 133.9
    },
    "2024-04": {
      "monthly_PRENEI_Q": 0.0,
      "monthly_PRELIQ_Q": 49.5,
      "monthly_PE_Q": -23.0
    },
    "2024-05": {
      "monthly_PRENEI_Q": 0.0,
      "monthly_PRELIQ_Q": 139.4,
      "monthly_PE_Q": 56.300000000000004
    },
    "2024-06": {
      "monthly_PRENEI_Q": 0.0,
      "monthly_PRELIQ_Q": 81.3,
      "monthly_PE_Q": -12.400000000000002
    },
    "2024-07": {
      "monthly_PRENEI_Q": 0.0,
      "monthly_PRELIQ_Q": 21.1,
      "monthly_PE_Q": -52.0
    },
    "2024-08": {
      "monthly_PRENEI_Q": 0.0,
      "monthly_PRELIQ_Q": 52.099999999999994,
      "monthly_PE_Q": 11.000000000000004
    },
    "2024-09": {
      "monthly_PRENEI_Q": 0.0,
      "monthly_PRELIQ_Q": 126.3,
      "monthly_PE_Q": 65.1
    },
    "2024-10": {
      "monthly_PRENEI_Q": 0.0,
      "monthly_PRELIQ_Q": 87.8,
      "monthly_PE_Q": 39.2
    },
    "2024-11": {
      "monthly_PRENEI_Q": 0.0,
      "monthly_PRELIQ_Q": 66.39999999999999,
      "monthly_PE_Q": 33.9
    },
    "2024-12": {
      "monthly_PRENEI_Q": 0.0,
      "monthly_PRELIQ_Q": 97.10000000000001,
      "monthly_PE_Q": 81.0
    }
  }
}