{
  "years": {
    "2024": {
      "annual_PRENEI_Q": 42.5,
      "annual_PRELIQ_Q": 1129.5,
      "annual_PE_Q": 490.8
    }
  },
  "months": {
    "2024-01": {
      "monthly_PRENEI_Q": 0.6000000000000001,
      "monthly_PRELIQ_Q": 39.7,
      "monthly_PE_Q": 15.3
    },
    "2024-02": {
      "monthly_PRENEI_Q": 0.30000000000000004,
      "monthly_PRELIQ_Q": 130.2,
      "monthly_PE_Q": 96.10000000000001
    },
    "2024-03": {
      "monthly_PRENEI_Q": 36.9,
      "monthly_PRELIQ_Q": 276.4,
      "monthly_PE_Q": 254.8
    },
    "2024-04": {
      "monthly_PRENEI_Q": 4.6,
      "monthly_PRELIQ_Q": 41.1,
      "monthly_PE_Q": -43.199999999999996
    },
    "2024-05": {
      "monthly_PRENEI_Q": 0.0,
      "monthly_PRELIQ_Q": 72.0,
      "monthly_PE_Q": -25.5
    },
    "2024-06": {
      "monthly_PRENEI_Q": 0.0,
      "monthly_PRELIQ_Q": 33.1,
      "monthly_PE_Q": -43.9
    },
    "2024-07": {
      "monthly_PRENEI_Q": 0.0,
      "monthly_PRELIQ_Q": 23.7,
      "monthly_PE_Q": -43.3
    },
    "2024-08": {
      "monthly_PRENEI_Q": 0.0,
      "monthly_PRELIQ_Q": 33.7,
      "monthly_PE_Q": -19.7
    },
    "2024-09": {
      "monthly_PRENEI_Q": 0.0,
      "monthly_PRELIQ_Q": 134.4,
      "monthly_PE_Q": 61.699999999999996
    },
    "2024-10": {
      "monthly_PRENEI_Q": 0.0,
      "monthly_PRELIQ_Q": 286.7,
      "monthly_PE_Q": 238.6
    },
    "2024-11": {
      "monthly_PRENEI_Q": 0.0,
      "monthly_PRELIQ_Q": 48.4,
      "monthly_PE_Q": 14.999999999999998
    },
    "2024-12": {
      "monthly_PRENEI_Q": 0.1,
      "monthly_PRELIQ_Q": 10.1,
      "monthly_PE_Q": -15.100000000000001
    }
  }
}