{
  "years": {
    "2024": {
      "annual_PRENEI_Q": 566.2,
      "annual_PRELIQ_Q": 733.8,
      "annual_PE_Q": 837.4
    }
  },
  "months": {
    "2024-01": {
      "monthly_PRENEI_Q": 81.4,
      "monthly_PRELIQ_Q": 14.5,
      "monthly_PE_Q": 93.4
    },
    "2024-02": {
      "monthly_PRENEI_Q": 96.6,
      "monthly_PRELIQ_Q": 2.2,
      "monthly_PE_Q": 95.1
    },
    "2024-03": {
      "monthly_PRENEI_Q": 150.1,
      "monthly_PRELIQ_Q": 5.1,
      "monthly_PE_Q": 149.5
    },
    "2024-04": {
      "monthly_PRENEI_Q": 51.0,
      "monthly_PRELIQ_Q": 19.599999999999998,
      "monthly_PE_Q": 53.9
    },
    "2024-05": {
      "monthly_PRENEI_Q": 67.2,
      "monthly_PRELIQ_Q": 98.0,
      "monthly_PE_Q": 115.5
    },
    "2024-06": {
      "monthly_PRENEI_Q": 0.39999999999999997,
      "monthly_PRELIQ_Q": 147.0,
      "monthly_PE_Q": 43.9
    },
    "2024-07": {
      "monthly_PRENEI_Q": 0.0,
      "monthly_PRELIQ_Q": 43.199999999999996,
      "monthly_PE_Q": -64.6
    },
    "2024-08": {
      "monthly_PRENEI_Q": 0.0,
      "monthly_PRELIQ_Q": 40.0,
      "monthly_PE_Q": -16.9
    },
    "2024-09": {
      "monthly_PRENEI_Q": 4.0,
      "monthly_PRELIQ_Q": 140.8,
      "monthly_PE_Q": 85.5
    },
    "2024-10": {
      "monthly_PRENEI_Q": 5.6000000000000005,
      "monthly_PRELIQ_Q": 211.1,
      "monthly_PE_Q": 174.70000000000002
    },
    "2024-11": {
      "monthly_PRENEI_Q": 71.7,
      "monthly_PRELIQ_Q": 10.7,
      "monthly_PE_Q": 69.8
    },
    "2024-12": {
      "monthly_PRENEI_Q": 38.199999999999996,
      "monthly_PRELIQ_Q": 1.5999999999999999,
      "monthly_PE_Q": 37.6
    }
  }
}