{
  "years": {
    "2024": {
      "annual_PRENEI_Q": 1090.6,
      "annual_PRELIQ_Q": 1153.1,
      "annual_PE_Q": 1827.3
    }
  },
  "months": {
    "2024-01": {
      "monthly_PRENEI_Q": 208.6,
      "monthly_PRELIQ_Q": 30.0,
      "monthly_PE_Q": 237.20000000000002
    },
    "2024-02": {
      "monthly_PRENEI_Q": 94.60000000000001,
      "monthly_PRELIQ_Q": 14.9,
      "monthly_PE_Q": 108.2
    },
    "2024-03": {
      "monthly_PRENEI_Q": 123.4,
      "monthly_PRELIQ_Q": 25.299999999999997,
      "monthly_PE_Q": 144.2
    },
    "2024-04": {
      "monthly_PRENEI_Q": 88.7,
      "monthly_PRELIQ_Q": 11.799999999999999,
      "monthly_PE_Q": 87.8
    },
    "2024-05": {
      "monthly_PRENEI_Q": 148.0,
      "monthly_PRELIQ_Q": 111.6,
      "monthly_PE_Q": 237.7
    },
    "2024-06": {
      "monthly_PRENEI_Q": 17.900000000000002,
      "monthly_PRELIQ_Q": 155.1,
      "monthly_PE_Q": 122.49999999999999
    },
    "2024-07": {
      "monthly_PRENEI_Q": 2.2,
      "monthly_PRELIQ_Q": 221.5,
      "monthly_PE_Q": 113.0
    },
    "2024-08": {
      "monthly_PRENEI_Q": 0.0,
      "monthly_PRELIQ_Q": 130.20000000000002,
      "monthly_PE_Q": 19.500000000000004
    },
    "2024-09": {
      "monthly_PRENEI_Q": 55.4,
      "monthly_PRELIQ_Q": 212.6,
      "monthly_PE_Q": 213.4
    },
    "2024-10": {
      "monthly_PRENEI_Q": 25.1,
      "monthly_PRELIQ_Q": 192.3,
      "monthly_PE_Q": 182.9
    },
    "2024-11": {
      "monthly_PRENEI_Q": 138.1,
      "monthly_PRELIQ_Q": 22.3,
      "monthly_PE_Q": 148.5
    },
    "2024-12": {
      "monthly_PRENEI_Q": 188.60000000000002,
      "monthly_PRELIQ_Q": 25.5,
      "monthly_PE_Q": 212.4
    }
  }
}