{
  "years": {
    "2024": {
      "annual_PRENEI_Q": 118.9,
      "annual_PRELIQ_Q": 1497.6,
      "annual_PE_Q": 960.5
    }
  },
  "months": {
    "2024-01": {
      "monthly_PRENEI_Q": 8.1,
      "monthly_PRELIQ_Q": 194.2,
      "monthly_PE_Q": 185.1
    },
    "2024-02": {
      "monthly_PRENEI_Q": 7.500000000000001,
      "monthly_PRELIQ_Q": 128.0,
      "monthly_PE_Q": 115.8
    },
    "2024-03": {
      "monthly_PRENEI_Q": 5.1000000000000005,
      "monthly_PRELIQ_Q": 115.1,
      "monthly_PE_Q": 85.8
    },
    "2024-04": {
      "monthly_PRENEI_Q": 22.2,
      "monthly_PRELIQ_Q": 96.6,
      "monthly_PE_Q": 55.0
    },
    "2024-05": {
      "monthly_PRENEI_Q": 0.0,
      "monthly_PRELIQ_Q": 154.6,
      "monthly_PE_Q": 74.4
    },
    "2024-06": {
      "monthly_PRENEI_Q": 0.0,
      "monthly_PRELIQ_Q": 107.9,
      "monthly_PE_Q": 15.000000000000002
    },
    "2024-07": {
      "monthly_PRENEI_Q": 0.0,
      "monthly_PRELIQ_Q": 120.1,
      "monthly_PE_Q": 13.399999999999999
    },
    "2024-08": {
      "monthly_PRENEI_Q": 0.0,
      "monthly_PRELIQ_Q": 81.7,
      "monthly_PE_Q": -31.099999999999998
    },
    "2024-09": {
      "monthly_PRENEI_Q": 0.0,
      "monthly_PRELIQ_Q": 211.1,
      "monthly_PE_Q": 146.5
    },
    "2024-10": {
      "monthly_PRENEI_Q": 0.0,
      "monthly_PRELIQ_Q": 128.1,
      "monthly_PE_Q": 95.6
    },
    "2024-11": {
      "monthly_PRENEI_Q": 20.400000000000002,
      "monthly_PRELIQ_Q": 80.39999999999999,
      "monthly_PE_Q": 84.3
    },
    "2024-12": {
      "monthly_PRENEI_Q": 55.6,
      "monthly_PRELIQ_Q": 79.8,
      "monthly_PE_Q": 120.7
    }
  }
}