{
  "years": {
    "2024": {
      "annual_PRENEI_Q": 19.099999999999998,
      "annual_PRELIQ_Q": 1266.3,
      "annual_PE_Q": 527.2
    }
  },
  "months": {
    "2024-01": {
      "monthly_PRENEI_Q": 9.1,
      "monthly_PRELIQ_Q": 100.2,
      "monthly_PE_Q": 76.8
    },
    "2024-02": {
      "monthly_PRENEI_Q": 0.6,
      "monthly_PRELIQ_Q": 93.3,
      "monthly_PE_Q": 53.199999999999996
    },
    "2024-03": {
      "monthly_PRENEI_Q": 0.30000000000000004,
      "monthly_PRELIQ_Q": 101.4,
      "monthly_PE_Q": 60.6
    },
    "2024-04": {
      "monthly_PRENEI_Q": 1.1,
      "monthly_PRELIQ_Q": 116.0,
      "monthly_PE_Q": 42.5
    },
    "2024-05": {
      "monthly_PRENEI_Q": 0.0,
      "monthly_PRELIQ_Q": 200.2,
      "monthly_PE_Q": 108.30000000000001
    },
    "2024-06": {
      "monthly_PRENEI_Q": 0.0,
      "monthly_PRELIQ_Q": 110.4,
      "monthly_PE_Q": 0.09999999999999964
    },
    "2024-07": {
      "monthly_PRENEI_Q": 0.0,
      "monthly_PRELIQ_Q": 113.1,
      "monthly_PE_Q": -7.800000000000002
    },
    "2024-08": {
      "monthly_PRENEI_Q": 0.0,
      "monthly_PRELIQ_Q": 40.2,
      "monthly_PE_Q": -50.4
    },
    "2024-09": {
      "monthly_PRENEI_Q": 0.0,
      "monthly_PRELIQ_Q": 130.2,
      "monthly_PE_Q": 61.1
    },
    "2024-10": {
      "monthly_PRENEI_Q": 0.0,
      "monthly_PRELIQ_Q": 85.3,
      "monthly_PE_Q": 51.699999999999996
    },
    "2024-11": {
      "monthly_PRENEI_Q": 3.1999999999999997,
      "monthly_PRELIQ_Q": 90.8,
      "monthly_PE_Q": 65.2
    },
    "2024-12": {
      "monthly_PRENEI_Q": 4.8,
      "monthly_PRELIQ_Q": 85.2,
      "monthly_PE_Q": 65.9
    }
  }
}