{
  "years": {
    "2024": {
      "annual_PRENEI_Q": 726.8,
      "annual_PRELIQ_Q": 1068.2,
      "annual_PE_Q": 1281.9
    }
  },
  "months": {
    "2024-01": {
      "monthly_PRENEI_Q": 62.1,
      "monthly_PRELIQ_Q": 39.0,
      "monthly_PE_Q": 95.9
    },
    "2024-02": {
      "monthly_PRENEI_Q": 150.8,
      "monthly_PRELIQ_Q": 7.8,
      "monthly_PE_Q": 153.5
    },
    "2024-03": {
      "monthly_PRENEI_Q": 382.29999999999995,
      "monthly_PRELIQ_Q": 31.3,
      "monthly_PE_Q": 407.9
    },
    "2024-04": {
      "monthly_PRENEI_Q": 44.9,
      "monthly_PRELIQ_Q": 47.8,
      "monthly_PE_Q": 71.10000000000001
    },
    "2024-05": {
      "monthly_PRENEI_Q": 36.5,
      "monthly_PRELIQ_Q": 141.5,
      "monthly_PE_Q": 112.30000000000001
    },
    "2024-06": {
      "monthly_PRENEI_Q": 0.0,
      "monthly_PRELIQ_Q": 97.0,
      "monthly_PE_Q": -7.1999999999999975
    },
    "2024-07": {
      "monthly_PRENEI_Q": 0.0,
      "monthly_PRELIQ_Q": 39.5,
      "monthly_PE_Q": -51.8
    },
    "2024-08": {
      "monthly_PRENEI_Q": 0.0,
      "monthly_PRELIQ_Q": 62.8,
      "monthly_PE_Q": -12.5
    },
    "2024-09": {
      "monthly_PRENEI_Q": 1.7,
      "monthly_PRELIQ_Q": 180.0,
      "monthly_PE_Q": 114.5
    },
    "2024-10": {
      "monthly_PRENEI_Q": 0.9,
      "monthly_PRELIQ_Q": 404.8,
      "monthly_PE_Q": 360.7
    },
    "2024-11": {
      "monthly_PRENEI_Q": 42.5,
      "monthly_PRELIQ_Q": 14.6,
      "monthly_PE_Q": 38.699999999999996
    },
    "2024-12": {
      "monthly_PRENEI_Q": 5.1000000000000005,
      "monthly_PRELIQ_Q": 2.1,
      "monthly_PE_Q": -1.1999999999999997
    }
  }
}