{
  "years": {
    "2024": {
      "annual_PRENEI_Q": 19.0,
      "annual_PRELIQ_Q": 772.2,
      "annual_PE_Q": 240.7
    }
  },
  "months": {
    "2024-01": {
      "monthly_PRENEI_Q": 4.6,
      "monthly_PRELIQ_Q": 62.5,
      "monthly_PE_Q": 56.1
    },
    "2024-02": {
      "monthly_PRENEI_Q": 0.0,
      "monthly_PRELIQ_Q": 41.9,
      "monthly_PE_Q": 30.9
    },
    "2024-03": {
      "monthly_PRENEI_Q": 0.0,
      "monthly_PRELIQ_Q": 62.599999999999994,
      "monthly_PE_Q": 32.0
    },
    "2024-04": {
      "monthly_PRENEI_Q": 0.0,
      "monthly_PRELIQ_Q": 53.5,
      "monthly_PE_Q": -4.200000000000003
    },
    "2024-05": {
      "monthly_PRENEI_Q": 0.0,
      "monthly_PRELIQ_Q": 96.0,
      "monthly_PE_Q": 21.099999999999998
    },
    "2024-06": {
      "monthly_PRENEI_Q": 0.0,
      "monthly_PRELIQ_Q": 75.0,
      "monthly_PE_Q": -15.5
    },
    "2024-07": {
      "monthly_PRENEI_Q": 0.0,
      "monthly_PRELIQ_Q": 60.699999999999996,
      "monthly_PE_Q": -44.6
    },
    "2024-08": {
      "monthly_PRENEI_Q": 0.0,
      "monthly_PRELIQ_Q": 37.7,
      "monthly_PE_Q": -32.1
    },
    "2024-09": {
      "monthly_PRENEI_Q": 0.0,
      "monthly_PRELIQ_Q": 104.7,
      "monthly_PE_Q": 53.6
    },
    "2024-10": {
      "monthly_PRENEI_Q": 0.0,
      "monthly_PRELIQ_Q": 85.8,
      "monthly_PE_Q": 59.6
    },
    "2024-11": {
      "monthly_PRENEI_Q": 13.799999999999999,
      "monthly_PRELIQ_Q": 35.1,
      "monthly_PE_Q": 36.199999999999996
    },
    "2024-12": {
      "monthly_PRENEI_Q": 0.6000000000000001,
      "monthly_PRELIQ_Q": 56.699999999999996,
      "monthly_PE_Q": 47.6
    }
  }
}