{
  "years": {
    "2024": {
      "annual_PRENEI_Q": 18.2,
      "annual_PRELIQ_Q": 769.8,
      "annual_PE_Q": 243.3
    }
  },
  "months": {
    "2024-01": {
      "monthly_PRENEI_Q": 4.6,
      "monthly_PRELIQ_Q": 62.199999999999996,
      "monthly_PE_Q": 58.1
    },
    "2024-02": {
      "monthly_PRENEI_Q": 0.0,
      "monthly_PRELIQ_Q": 41.8,
      "monthly_PE_Q": 32.6
    },
    "2024-03": {
      "monthly_PRENEI_Q": 0.0,
      "monthly_PRELIQ_Q": 62.4,
      "monthly_PE_Q": 31.2
    },
    "2024-04": {
      "monthly_PRENEI_Q": 0.0,
      "monthly_PRELIQ_Q": 53.4,
      "monthly_PE_Q": -3.3000000000000016
    },
    "2024-05": {
      "monthly_PRENEI_Q": 0.0,
      "monthly_PRELIQ_Q": 95.5,
      "monthly_PE_Q": 21.800000000000004
    },
    "2024-06": {
      "monthly_PRENEI_Q": 0.0,
      "monthly_PRELIQ_Q": 74.3,
      "monthly_PE_Q": -14.099999999999998
    },
    "2024-07": {
      "monthly_PRENEI_Q": 0.0,
      "monthly_PRELIQ_Q": 60.599999999999994,
      "monthly_PE_Q": -43.6
    },
    "2024-08": {
      "monthly_PRENEI_Q": 0.0,
      "monthly_PRELIQ_Q": 37.6,
      "monthly_PE_Q": -37.699999999999996
    },
    "2024-09": {
      "monthly_PRENEI_Q": 0.0,
      "monthly_PRELIQ_Q": 104.2,
      "monthly_PE_Q": 54.6
    },
    "2024-10": {
      "monthly_PRENEI_Q": 0.0,
      "monthly_PRELIQ_Q": 85.5,
      "monthly_PE_Q": 59.7
    },
    "2024-11": {
      "monthly_PRENEI_Q": 13.299999999999999,
      "monthly_PRELIQ_Q": 35.4,
      "monthly_PE_Q": 35.8
    },
    "2024-12": {
      "monthly_PRENEI_Q": 0.30000000000000004,
      "monthly_PRELIQ_Q": 56.9,
      "monthly_PE_Q": 48.2
    }
  }
}