{
  "years": {
    "2024": {
      "annual_PRENEI_Q": 28.0,
      "annual_PRELIQ_Q": 1363.6,
      "annual_PE_Q": 798.8
    }
  },
  "months": {
    "2024-01": {
      "monthly_PRENEI_Q": 0.4,
      "monthly_PRELIQ_Q": 71.7,
      "monthly_PE_Q": 52.900000000000006
    },
    "2024-02": {
      "monthly_PRENEI_Q": 3.4,
      "monthly_PRELIQ_Q": 244.79999999999998,
      "monthly_PE_Q": 223.20000000000002
    },
    "2024-03": {
      "monthly_PRENEI_Q": 14.4,
      "monthly_PRELIQ_Q": 350.3,
      "monthly_PE_Q": 315.9
    },
    "2024-04": {
      "monthly_PRENEI_Q": 9.4,
      "monthly_PRELIQ_Q": 64.7,
      "monthly_PE_Q": -2.899999999999997
    },
    "2024-05": {
      "monthly_PRENEI_Q": 0.0,
      "monthly_PRELIQ_Q": 86.60000000000001,
      "monthly_PE_Q": 0.3999999999999986
    },
    "2024-06": {
      "monthly_PRENEI_Q": 0.0,
      "monthly_PRELIQ_Q": 33.1,
      "monthly_PE_Q": -46.5
    },
    "2024-07": {
      "monthly_PRENEI_Q": 0.0,
      "monthly_PRELIQ_Q": 1.9000000000000001,
      "monthly_PE_Q": -52.1
    },
    "2024-08": {
      "monthly_PRENEI_Q": 0.0,
      "monthly_PRELIQ_Q": 16.6,
      "monthly_PE_Q": -19.8
    },
    "2024-09": {
      "monthly_PRENEI_Q": 0.0,
      "monthly_PRELIQ_Q": 210.5,
      "monthly_PE_Q": 139.79999999999998
    },
    "2024-10": {
      "monthly_PRENEI_Q": 0.0,
      "monthly_PRELIQ_Q": 247.2,
      "monthly_PE_Q": 203.9
    },
    "2024-11": {
      "monthly_PRENEI_Q": 0.0,
      "monthly_PRELIQ_Q": 29.1,
      "monthly_PE_Q": -0.40000000000000024
    },
    "2024-12": {
      "monthly_PRENEI_Q": 0.4,
      "monthly_PRELIQ_Q": 7.1,
      "monthly_PE_Q": -15.6
    }
  }
}