{
  "years": {
    "2024": {
      "annual_PRENEI_Q": 621.3000000000001,
      "annual_PRELIQ_Q": 1104.0,
      "annual_PE_Q": 1165.0
    }
  },
  "months": {
    "2024-01": {
      "monthly_PRENEI_Q": 53.300000000000004,
      "monthly_PRELIQ_Q": 44.099999999999994,
      "monthly_PE_Q": 89.3
    },
    "2024-02": {
      "monthly_PRENEI_Q": 125.60000000000001,
      "monthly_PRELIQ_Q": 26.7,
      "monthly_PE_Q": 141.9
    },
    "2024-03": {
      "monthly_PRENEI_Q": 342.3,
      "monthly_PRELIQ_Q": 55.4,
      "monthly_PE_Q": 388.0
    },
    "2024-04": {
      "monthly_PRENEI_Q": 34.3,
      "monthly_PRELIQ_Q": 54.9,
      "monthly_PE_Q": 54.800000000000004
    },
    "2024-05": {
      "monthly_PRENEI_Q": 25.7,
      "monthly_PRELIQ_Q": 145.3,
      "monthly_PE_Q": 95.5
    },
    "2024-06": {
      "monthly_PRENEI_Q": 0.0,
      "monthly_PRELIQ_Q": 93.3,
      "monthly_PE_Q": -13.4
    },
    "2024-07": {
      "monthly_PRENEI_Q": 0.0,
      "monthly_PRELIQ_Q": 38.4,
      "monthly_PE_Q": -57.6
    },
    "2024-08": {
      "monthly_PRENEI_Q": 0.0,
      "monthly_PRELIQ_Q": 60.0,
      "monthly_PE_Q": -18.1
    },
    "2024-09": {
      "monthly_PRENEI_Q": 0.7,
      "monthly_PRELIQ_Q": 173.9,
      "monthly_PE_Q": 109.5
    },
    "2024-10": {
      "monthly_PRENEI_Q": 0.4,
      "monthly_PRELIQ_Q": 389.4,
      "monthly_PE_Q": 345.90000000000003
    },
    "2024-11": {
      "monthly_PRENEI_Q": 34.800000000000004,
      "monthly_PRELIQ_Q": 19.9,
      "monthly_PE_Q": 33.2
    },
    "2024-12": {
      "monthly_PRENEI_Q": 4.199999999999999,
      "monthly_PRELIQ_Q": 2.7,
      "monthly_PE_Q": -4.0
    }
  }
}