{
  "years": {
    "2024": {
      "annual_PRENEI_Q": 522.1,
      "annual_PRELIQ_Q": 1145.4,
      "annual_PE_Q": 1099.5
    }
  },
  "months": {
    "2024-01": {
      "monthly_PRENEI_Q": 42.1,
      "monthly_PRELIQ_Q": 52.3,
      "monthly_PE_Q": 82.9
    },
    "2024-02": {
      "monthly_PRENEI_Q": 104.4,
      "monthly_PRELIQ_Q": 43.300000000000004,
      "monthly_PE_Q": 134.4
    },
    "2024-03": {
      "monthly_PRENEI_Q": 293.1,
      "monthly_PRELIQ_Q": 90.7,
      "monthly_PE_Q": 368.6
    },
    "2024-04": {
      "monthly_PRENEI_Q": 28.5,
      "monthly_PRELIQ_Q": 57.7,
      "monthly_PE_Q": 47.800000000000004
    },
    "2024-05": {
      "monthly_PRENEI_Q": 22.6,
      "monthly_PRELIQ_Q": 142.5,
      "monthly_PE_Q": 88.8
    },
    "2024-06": {
      "monthly_PRENEI_Q": 0.0,
      "monthly_PRELIQ_Q": 90.2,
      "monthly_PE_Q": -14.000000000000002
    },
    "2024-07": {
      "monthly_PRENEI_Q": 0.0,
      "monthly_PRELIQ_Q": 37.1,
      "monthly_PE_Q": -51.4
    },
    "2024-08": {
      "monthly_PRENEI_Q": 0.0,
      "monthly_PRELIQ_Q": 57.800000000000004,
      "monthly_PE_Q": -17.099999999999998
    },
    "2024-09": {
      "monthly_PRENEI_Q": 0.5,
      "monthly_PRELIQ_Q": 168.4,
      "monthly_PE_Q": 101.2
    },
    "2024-10": {
      "monthly_PRENEI_Q": 0.3,
      "monthly_PRELIQ_Q": 376.2,
      "monthly_PE_Q": 332.09999999999997
    },
    "2024-11": {
      "monthly_PRENEI_Q": 27.2,
      "monthly_PRELIQ_Q": 25.8,
      "monthly_PE_Q": 30.9
    },
    "2024-12": {
      "monthly_PRENEI_Q": 3.4000000000000004,
      "monthly_PRELIQ_Q": 3.4,
      "monthly_PE_Q": -4.7
    }
  }
}