{
  "years": {
    "2024": {
      "annual_PRENEI_Q": 965.7,
      "annual_PRELIQ_Q": 979.1999999999999,
      "annual_PE_Q": 1498.6
    }
  },
  "months": {
    "2024-01": {
      "monthly_PRENEI_Q": 87.2,
      "monthly_PRELIQ_Q": 22.5,
      "monthly_PE_Q": 105.89999999999999
    },
    "2024-02": {
      "monthly_PRENEI_Q": 171.3,
      "monthly_PRELIQ_Q": 0.6000000000000001,
      "monthly_PE_Q": 167.2
    },
    "2024-03": {
      "monthly_PRENEI_Q": 446.8,
      "monthly_PRELIQ_Q": 1.7000000000000002,
      "monthly_PE_Q": 442.79999999999995
    },
    "2024-04": {
      "monthly_PRENEI_Q": 75.5,
      "monthly_PRELIQ_Q": 24.8,
      "monthly_PE_Q": 90.4
    },
    "2024-05": {
      "monthly_PRENEI_Q": 102.4,
      "monthly_PRELIQ_Q": 89.4,
      "monthly_PE_Q": 157.0
    },
    "2024-06": {
      "monthly_PRENEI_Q": 2.2,
      "monthly_PRELIQ_Q": 102.60000000000001,
      "monthly_PE_Q": 16.3
    },
    "2024-07": {
      "monthly_PRENEI_Q": 0.0,
      "monthly_PRELIQ_Q": 43.0,
      "monthly_PE_Q": -48.7
    },
    "2024-08": {
      "monthly_PRENEI_Q": 0.0,
      "monthly_PRELIQ_Q": 68.2,
      "monthly_PE_Q": -9.3
    },
    "2024-09": {
      "monthly_PRENEI_Q": 6.1,
      "monthly_PRELIQ_Q": 190.6,
      "monthly_PE_Q": 132.0
    },
    "2024-10": {
      "monthly_PRENEI_Q": 14.8,
      "monthly_PRELIQ_Q": 424.59999999999997,
      "monthly_PE_Q": 395.2
    },
    "2024-11": {
      "monthly_PRENEI_Q": 52.5,
      "monthly_PRELIQ_Q": 10.0,
      "monthly_PE_Q": 46.6
    },
    "2024-12": {
      "monthly_PRENEI_Q": 6.9,
      "monthly_PRELIQ_Q": 1.2,
      "monthly_PE_Q": 3.1999999999999997
    }
  }
}