{
  "years": {
    "2024": {
      "annual_PRENEI_Q": 19.5,
      "annual_PRELIQ_Q": 823.6,
      "annual_PE_Q": 283.40000000000003
    }
  },
  "months": {
    "2024-01": {
      "monthly_PRENEI_Q": 4.6,
      "monthly_PRELIQ_Q": 77.8,
      "monthly_PE_Q": 73.2
    },
    "2024-02": {
      "monthly_PRENEI_Q": 0.0,
      "monthly_PRELIQ_Q": 55.900000000000006,
      "monthly_PE_Q": 44.400000000000006
    },
    "2024-03": {
      "monthly_PRENEI_Q": 0.0,
      "monthly_PRELIQ_Q": 61.7,
      "monthly_PE_Q": 31.6
    },
    "2024-04": {
      "monthly_PRENEI_Q": 0.0,
      "monthly_PRELIQ_Q": 54.0,
      "monthly_PE_Q": -2.6999999999999993
    },
    "2024-05": {
      "monthly_PRENEI_Q": 0.0,
      "monthly_PRELIQ_Q": 94.7,
      "monthly_PE_Q": 15.999999999999998
    },
    "2024-06": {
      "monthly_PRENEI_Q": 0.0,
      "monthly_PRELIQ_Q": 72.0,
      "monthly_PE_Q": -15.7
    },
    "2024-07": {
      "monthly_PRENEI_Q": 0.0,
      "monthly_PRELIQ_Q": 69.4,
      "monthly_PE_Q": -34.5
    },
    "2024-08": {
      "monthly_PRENEI_Q": 0.0,
      "monthly_PRELIQ_Q": 41.8,
      "monthly_PE_Q": -37.1
    },
    "2024-09": {
      "monthly_PRENEI_Q": 0.0,
      "monthly_PRELIQ_Q": 111.7,
      "monthly_PE_Q": 56.2
    },
    "2024-10": {
      "monthly_PRENEI_Q": 0.0,
      "monthly_PRELIQ_Q": 94.60000000000001,
      "monthly_PE_Q": 69.60000000000001
    },
    "2024-11": {
      "monthly_PRENEI_Q": 14.899999999999999,
      "monthly_PRELIQ_Q": 36.400000000000006,
      "monthly_PE_Q": 39.1
    },
    "2024-12": {
      "monthly_PRENEI_Q": 0.0,
      "monthly_PRELIQ_Q": 53.6,
      "monthly_PE_Q": 43.300000000000004
    }
  }
}