{
  "years": {
    "2024": {
      "annual_PRENEI_Q": 54.300000000000004,
      "annual_PRELIQ_Q": 1381.2,
      "annual_PE_Q": 740.4
    }
  },
  "months": {
    "2024-01": {
      "monthly_PRENEI_Q": 9.7,
      "monthly_PRELIQ_Q": 124.5,
      "monthly_PE_Q": 115.4
    },
    "2024-02": {
      "monthly_PRENEI_Q": 0.6000000000000001,
      "monthly_PRELIQ_Q": 120.9,
      "monthly_PE_Q": 94.1
    },
    "2024-03": {
      "monthly_PRENEI_Q": 2.1,
      "monthly_PRELIQ_Q": 110.8,
      "monthly_PE_Q": 76.2
    },
    "2024-04": {
      "monthly_PRENEI_Q": 12.8,
      "monthly_PRELIQ_Q": 110.39999999999999,
      "monthly_PE_Q": 52.6
    },
    "2024-05": {
      "monthly_PRENEI_Q": 0.0,
      "monthly_PRELIQ_Q": 192.1,
      "monthly_PE_Q": 105.1
    },
    "2024-06": {
      "monthly_PRENEI_Q": 0.0,
      "monthly_PRELIQ_Q": 96.2,
      "monthly_PE_Q": -6.200000000000001
    },
    "2024-07": {
      "monthly_PRENEI_Q": 0.0,
      "monthly_PRELIQ_Q": 112.9,
      "monthly_PE_Q": -0.20000000000000062
    },
    "2024-08": {
      "monthly_PRENEI_Q": 0.0,
      "monthly_PRELIQ_Q": 77.6,
      "monthly_PE_Q": -25.2
    },
    "2024-09": {
      "monthly_PRENEI_Q": 0.0,
      "monthly_PRELIQ_Q": 142.1,
      "monthly_PE_Q": 77.0
    },
    "2024-10": {
      "monthly_PRENEI_Q": 0.0,
      "monthly_PRELIQ_Q": 106.9,
      "monthly_PE_Q": 74.7
    },
    "2024-11": {
      "monthly_PRENEI_Q": 10.200000000000001,
      "monthly_PRELIQ_Q": 92.0,
      "monthly_PE_Q": 79.7
    },
    "2024-12": {
      "monthly_PRENEI_Q": 18.900000000000002,
      "monthly_PRELIQ_Q": 94.8,
      "monthly_PE_Q": 97.19999999999999
    }
  }
}