{
  "years": {
    "2024": {
      "annual_PRENEI_Q": 17.6,
      "annual_PRELIQ_Q": 927.7,
      "annual_PE_Q": 347.59999999999997
    }
  },
  "months": {
    "2024-01": {
      "monthly_PRENEI_Q": 13.3,
      "monthly_PRELIQ_Q": 56.6,
      "monthly_PE_Q": 57.6
    },
    "2024-02": {
      "monthly_PRENEI_Q": 0.0,
      "monthly_PRELIQ_Q": 65.2,
      "monthly_PE_Q": 46.3
    },
    "2024-03": {
      "monthly_PRENEI_Q": 0.0,
      "monthly_PRELIQ_Q": 84.0,
      "monthly_PE_Q": 54.3
    },
    "2024-04": {
      "monthly_PRENEI_Q": 0.7000000000000001,
      "monthly_PRELIQ_Q": 55.3,
      "monthly_PE_Q": -3.999999999999999
    },
    "2024-05": {
      "monthly_PRENEI_Q": 0.0,
      "monthly_PRELIQ_Q": 206.1,
      "monthly_PE_Q": 126.5
    },
    "2024-06": {
      "monthly_PRENEI_Q": 0.0,
      "monthly_PRELIQ_Q": 71.7,
      "monthly_PE_Q": -30.299999999999997
    },
    "2024-07": {
      "monthly_PRENEI_Q": 0.0,
      "monthly_PRELIQ_Q": 71.8,
      "monthly_PE_Q": -36.9
    },
    "2024-08": {
      "monthly_PRENEI_Q": 0.0,
      "monthly_PRELIQ_Q": 48.6,
      "monthly_PE_Q": -31.200000000000003
    },
    "2024-09": {
      "monthly_PRENEI_Q": 0.0,
      "monthly_PRELIQ_Q": 116.5,
      "monthly_PE_Q": 59.39999999999999
    },
    "2024-10": {
      "monthly_PRENEI_Q": 0.0,
      "monthly_PRELIQ_Q": 85.3,
      "monthly_PE_Q": 60.6
    },
    "2024-11": {
      "monthly_PRENEI_Q": 0.2,
      "monthly_PRELIQ_Q": 35.6,
      "monthly_PE_Q": 20.2
    },
    "2024-12": {
      "monthly_PRENEI_Q": 3.4000000000000004,
      "monthly_PRELIQ_Q": 31.0,
      "monthly_PE_Q": 25.099999999999998
    }
  }
}