{
  "years": {
    "2024": {
      "annual_PRENEI_Q": 15.8,
      "annual_PRELIQ_Q": 919.8,
      "annual_PE_Q": 314.0
    }
  },
  "months": {
    "2024-01": {
      "monthly_PRENEI_Q": 12.5,
      "monthly_PRELIQ_Q": 56.4,
      "monthly_PE_Q": 53.5
    },
    "2024-02": {
      "monthly_PRENEI_Q": 0.0,
      "monthly_PRELIQ_Q": 64.6,
      "monthly_PE_Q": 43.199999999999996
    },
    "2024-03": {
      "monthly_PRENEI_Q": 0.0,
      "monthly_PRELIQ_Q": 83.1,
      "monthly_PE_Q": 51.8
    },
    "2024-04": {
      "monthly_PRENEI_Q": 0.30000000000000004,
      "monthly_PRELIQ_Q": 55.199999999999996,
      "monthly_PE_Q": -7.800000000000001
    },
    "2024-05": {
      "monthly_PRENEI_Q": 0.0,
      "monthly_PRELIQ_Q": 203.9,
      "monthly_PE_Q": 122.10000000000001
    },
    "2024-06": {
      "monthly_PRENEI_Q": 0.0,
      "monthly_PRELIQ_Q": 71.1,
      "monthly_PE_Q": -32.800000000000004
    },
    "2024-07": {
      "monthly_PRENEI_Q": 0.0,
      "monthly_PRELIQ_Q": 71.2,
      "monthly_PE_Q": -39.2
    },
    "2024-08": {
      "monthly_PRENEI_Q": 0.0,
      "monthly_PRELIQ_Q": 48.0,
      "monthly_PE_Q": -34.4
    },
    "2024-09": {
      "monthly_PRENEI_Q": 0.0,
      "monthly_PRELIQ_Q": 115.4,
      "monthly_PE_Q": 56.7
    },
    "2024-10": {
      "monthly_PRENEI_Q": 0.0,
      "monthly_PRELIQ_Q": 84.5,
      "monthly_PE_Q": 59.0
    },
    "2024-11": {
      "monthly_PRENEI_Q": 0.1,
      "monthly_PRELIQ_Q": 35.3,
      "monthly_PE_Q": 17.8
    },
    "2024-12": {
      "monthly_PRENEI_Q": 2.9000000000000004,
      "monthly_PRELIQ_Q": 31.099999999999998,
      "monthly_PE_Q": 24.099999999999998
    }
  }
}