{
  "years": {
    "2024": {
      "annual_PRENEI_Q": 299.7,
      "annual_PRELIQ_Q": 1427.8999999999999,
      "annual_PE_Q": 1072.9
    }
  },
  "months": {
    "2024-01": {
      "monthly_PRENEI_Q": 20.7,
      "monthly_PRELIQ_Q": 50.300000000000004,
      "monthly_PE_Q": 48.4
    },
    "2024-02": {
      "monthly_PRENEI_Q": 55.6,
      "monthly_PRELIQ_Q": 130.4,
      "monthly_PE_Q": 159.4
    },
    "2024-03": {
      "monthly_PRENEI_Q": 203.70000000000002,
      "monthly_PRELIQ_Q": 264.6,
      "monthly_PE_Q": 434.5
    },
    "2024-04": {
      "monthly_PRENEI_Q": 14.1,
      "monthly_PRELIQ_Q": 57.3,
      "monthly_PE_Q": -1.1000000000000014
    },
    "2024-05": {
      "monthly_PRENEI_Q": 0.0,
      "monthly_PRELIQ_Q": 137.8,
      "monthly_PE_Q": 45.900000000000006
    },
    "2024-06": {
      "monthly_PRENEI_Q": 0.0,
      "monthly_PRELIQ_Q": 40.6,
      "monthly_PE_Q": -60.0
    },
    "2024-07": {
      "monthly_PRENEI_Q": 0.0,
      "monthly_PRELIQ_Q": 13.4,
      "monthly_PE_Q": -56.5
    },
    "2024-08": {
      "monthly_PRENEI_Q": 0.0,
      "monthly_PRELIQ_Q": 39.699999999999996,
      "monthly_PE_Q": -14.799999999999999
    },
    "2024-09": {
      "monthly_PRENEI_Q": 0.0,
      "monthly_PRELIQ_Q": 165.0,
      "monthly_PE_Q": 89.8
    },
    "2024-10": {
      "monthly_PRENEI_Q": 0.0,
      "monthly_PRELIQ_Q": 475.2,
      "monthly_PE_Q": 423.1
    },
    "2024-11": {
      "monthly_PRENEI_Q": 4.0,
      "monthly_PRELIQ_Q": 50.1,
      "monthly_PE_Q": 21.099999999999998
    },
    "2024-12": {
      "monthly_PRENEI_Q": 1.5999999999999999,
      "monthly_PRELIQ_Q": 3.5,
      "monthly_PE_Q": -16.9
    }
  }
}