{
  "years": {
    "2024": {
      "annual_PRENEI_Q": 12.499999999999998,
      "annual_PRELIQ_Q": 742.5,
      "annual_PE_Q": 168.20000000000002
    }
  },
  "months": {
    "2024-01": {
      "monthly_PRENEI_Q": 3.7,
      "monthly_PRELIQ_Q": 48.4,
      "monthly_PE_Q": 41.699999999999996
    },
    "2024-02": {
      "monthly_PRENEI_Q": 0.0,
      "monthly_PRELIQ_Q": 36.2,
      "monthly_PE_Q": 21.4
    },
    "2024-03": {
      "monthly_PRENEI_Q": 0.0,
      "monthly_PRELIQ_Q": 59.7,
      "monthly_PE_Q": 28.1
    },
    "2024-04": {
      "monthly_PRENEI_Q": 0.0,
      "monthly_PRELIQ_Q": 33.3,
      "monthly_PE_Q": -24.4
    },
    "2024-05": {
      "monthly_PRENEI_Q": 0.0,
      "monthly_PRELIQ_Q": 119.10000000000001,
      "monthly_PE_Q": 40.2
    },
    "2024-06": {
      "monthly_PRENEI_Q": 0.0,
      "monthly_PRELIQ_Q": 65.8,
      "monthly_PE_Q": -28.599999999999998
    },
    "2024-07": {
      "monthly_PRENEI_Q": 0.0,
      "monthly_PRELIQ_Q": 72.5,
      "monthly_PE_Q": -22.2
    },
    "2024-08": {
      "monthly_PRENEI_Q": 0.0,
      "monthly_PRELIQ_Q": 78.4,
      "monthly_PE_Q": -20.700000000000003
    },
    "2024-09": {
      "monthly_PRENEI_Q": 0.0,
      "monthly_PRELIQ_Q": 83.7,
      "monthly_PE_Q": 32.300000000000004
    },
    "2024-10": {
      "monthly_PRENEI_Q": 0.0,
      "monthly_PRELIQ_Q": 73.4,
      "monthly_PE_Q": 44.900000000000006
    },
    "2024-11": {
      "monthly_PRENEI_Q": 8.299999999999999,
      "monthly_PRELIQ_Q": 32.699999999999996,
      "monthly_PE_Q": 26.6
    },
    "2024-12": {
      "monthly_PRENEI_Q": 0.5,
      "monthly_PRELIQ_Q": 39.3,
      "monthly_PE_Q": 28.900000000000002
    }
  }
}