{
  "years": {
    "2024": {
      "annual_PRENEI_Q": 10.7,
      "annual_PRELIQ_Q": 886.1,
      "annual_PE_Q": 279.59999999999997
    }
  },
  "months": {
    "2024-01": {
      "monthly_PRENEI_Q": 8.6,
      "monthly_PRELIQ_Q": 57.6,
      "monthly_PE_Q": 52.3
    },
    "2024-02": {
      "monthly_PRENEI_Q": 0.0,
      "monthly_PRELIQ_Q": 61.8,
      "monthly_PE_Q": 41.199999999999996
    },
    "2024-03": {
      "monthly_PRENEI_Q": 0.0,
      "monthly_PRELIQ_Q": 79.60000000000001,
      "monthly_PE_Q": 46.400000000000006
    },
    "2024-04": {
      "monthly_PRENEI_Q": 0.1,
      "monthly_PRELIQ_Q": 53.0,
      "monthly_PE_Q": -8.9
    },
    "2024-05": {
      "monthly_PRENEI_Q": 0.0,
      "monthly_PRELIQ_Q": 195.2,
      "monthly_PE_Q": 113.1
    },
    "2024-06": {
      "monthly_PRENEI_Q": 0.0,
      "monthly_PRELIQ_Q": 68.2,
      "monthly_PE_Q": -34.4
    },
    "2024-07": {
      "monthly_PRENEI_Q": 0.0,
      "monthly_PRELIQ_Q": 68.1,
      "monthly_PE_Q": -41.5
    },
    "2024-08": {
      "monthly_PRENEI_Q": 0.0,
      "monthly_PRELIQ_Q": 46.0,
      "monthly_PE_Q": -34.800000000000004
    },
    "2024-09": {
      "monthly_PRENEI_Q": 0.0,
      "monthly_PRELIQ_Q": 110.7,
      "monthly_PE_Q": 52.5
    },
    "2024-10": {
      "monthly_PRENEI_Q": 0.0,
      "monthly_PRELIQ_Q": 81.10000000000001,
      "monthly_PE_Q": 53.0
    },
    "2024-11": {
      "monthly_PRENEI_Q": 0.1,
      "monthly_PRELIQ_Q": 33.9,
      "monthly_PE_Q": 17.8
    },
    "2024-12": {
      "monthly_PRENEI_Q": 1.9000000000000001,
      "monthly_PRELIQ_Q": 30.900000000000002,
      "monthly_PE_Q": 22.9
    }
  }
}