{
  "years": {
    "2024": {
      "annual_PRENEI_Q": 208.79999999999998,
      "annual_PRELIQ_Q": 1231.8,
      "annual_PE_Q": 753.8
    }
  },
  "months": {
    "2024-01": {
      "monthly_PRENEI_Q": 16.1,
      "monthly_PRELIQ_Q": 65.2,
      "monthly_PE_Q": 61.8
    },
    "2024-02": {
      "monthly_PRENEI_Q": 40.599999999999994,
      "monthly_PRELIQ_Q": 87.0,
      "monthly_PE_Q": 103.89999999999999
    },
    "2024-03": {
      "monthly_PRENEI_Q": 132.9,
      "monthly_PRELIQ_Q": 199.1,
      "monthly_PE_Q": 295.2
    },
    "2024-04": {
      "monthly_PRENEI_Q": 7.8,
      "monthly_PRELIQ_Q": 67.0,
      "monthly_PE_Q": 1.4000000000000008
    },
    "2024-05": {
      "monthly_PRENEI_Q": 0.0,
      "monthly_PRELIQ_Q": 143.7,
      "monthly_PE_Q": 49.6
    },
    "2024-06": {
      "monthly_PRENEI_Q": 0.0,
      "monthly_PRELIQ_Q": 78.4,
      "monthly_PE_Q": -30.599999999999998
    },
    "2024-07": {
      "monthly_PRENEI_Q": 0.0,
      "monthly_PRELIQ_Q": 31.6,
      "monthly_PE_Q": -62.0
    },
    "2024-08": {
      "monthly_PRENEI_Q": 0.0,
      "monthly_PRELIQ_Q": 48.0,
      "monthly_PE_Q": -24.0
    },
    "2024-09": {
      "monthly_PRENEI_Q": 0.0,
      "monthly_PRELIQ_Q": 146.20000000000002,
      "monthly_PE_Q": 77.10000000000001
    },
    "2024-10": {
      "monthly_PRENEI_Q": 0.0,
      "monthly_PRELIQ_Q": 325.9,
      "monthly_PE_Q": 279.5
    },
    "2024-11": {
      "monthly_PRENEI_Q": 10.4,
      "monthly_PRELIQ_Q": 34.9,
      "monthly_PE_Q": 14.900000000000002
    },
    "2024-12": {
      "monthly_PRENEI_Q": 1.0,
      "monthly_PRELIQ_Q": 4.800000000000001,
      "monthly_PE_Q": -13.0
    }
  }
}