{
  "years": {
    "2024": {
      "annual_PRENEI_Q": 14.3,
      "annual_PRELIQ_Q": 839.6,
      "annual_PE_Q": 231.20000000000002
    }
  },
  "months": {
    "2024-01": {
      "monthly_PRENEI_Q": 3.2,
      "monthly_PRELIQ_Q": 38.4,
      "monthly_PE_Q": 30.4
    },
    "2024-02": {
      "monthly_PRENEI_Q": 0.0,
      "monthly_PRELIQ_Q": 37.1,
      "monthly_PE_Q": 20.2
    },
    "2024-03": {
      "monthly_PRENEI_Q": 0.0,
      "monthly_PRELIQ_Q": 67.4,
      "monthly_PE_Q": 34.9
    },
    "2024-04": {
      "monthly_PRENEI_Q": 0.0,
      "monthly_PRELIQ_Q": 41.9,
      "monthly_PE_Q": -15.899999999999999
    },
    "2024-05": {
      "monthly_PRENEI_Q": 0.0,
      "monthly_PRELIQ_Q": 176.79999999999998,
      "monthly_PE_Q": 95.9
    },
    "2024-06": {
      "monthly_PRENEI_Q": 0.0,
      "monthly_PRELIQ_Q": 75.0,
      "monthly_PE_Q": -26.2
    },
    "2024-07": {
      "monthly_PRENEI_Q": 0.0,
      "monthly_PRELIQ_Q": 82.3,
      "monthly_PE_Q": -24.700000000000003
    },
    "2024-08": {
      "monthly_PRENEI_Q": 0.0,
      "monthly_PRELIQ_Q": 98.7,
      "monthly_PE_Q": -6.899999999999999
    },
    "2024-09": {
      "monthly_PRENEI_Q": 0.0,
      "monthly_PRELIQ_Q": 83.39999999999999,
      "monthly_PE_Q": 27.5
    },
    "2024-10": {
      "monthly_PRENEI_Q": 0.0,
      "monthly_PRELIQ_Q": 70.5,
      "monthly_PE_Q": 41.199999999999996
    },
    "2024-11": {
      "monthly_PRENEI_Q": 6.7,
      "monthly_PRELIQ_Q": 33.0,
      "monthly_PE_Q": 25.8
    },
    "2024-12": {
      "monthly_PRENEI_Q": 4.3999999999999995,
      "monthly_PRELIQ_Q": 35.1,
      "monthly_PE_Q": 29.0
    }
  }
}