{
  "years": {
    "2024": {
      "annual_PRENEI_Q": 14.700000000000001,
      "annual_PRELIQ_Q": 840.9,
      "annual_PE_Q": 253.29999999999998
    }
  },
  "months": {
    "2024-01": {
      "monthly_PRENEI_Q": 3.4,
      "monthly_PRELIQ_Q": 38.5,
      "monthly_PE_Q": 29.4
    },
    "2024-02": {
      "monthly_PRENEI_Q": 0.0,
      "monthly_PRELIQ_Q": 37.2,
      "monthly_PE_Q": 19.3
    },
    "2024-03": {
      "monthly_PRENEI_Q": 0.0,
      "monthly_PRELIQ_Q": 67.5,
      "monthly_PE_Q": 33.0
    },
    "2024-04": {
      "monthly_PRENEI_Q": 0.0,
      "monthly_PRELIQ_Q": 41.9,
      "monthly_PE_Q": -14.399999999999999
    },
    "2024-05": {
      "monthly_PRENEI_Q": 0.0,
      "monthly_PRELIQ_Q": 177.0,
      "monthly_PE_Q": 98.39999999999999
    },
    "2024-06": {
      "monthly_PRENEI_Q": 0.0,
      "monthly_PRELIQ_Q": 75.1,
      "monthly_PE_Q": -16.3
    },
    "2024-07": {
      "monthly_PRENEI_Q": 0.0,
      "monthly_PRELIQ_Q": 82.4,
      "monthly_PE_Q": -15.299999999999999
    },
    "2024-08": {
      "monthly_PRENEI_Q": 0.0,
      "monthly_PRELIQ_Q": 99.3,
      "monthly_PE_Q": 0.6000000000000014
    },
    "2024-09": {
      "monthly_PRENEI_Q": 0.0,
      "monthly_PRELIQ_Q": 83.39999999999999,
      "monthly_PE_Q": 26.5
    },
    "2024-10": {
      "monthly_PRENEI_Q": 0.0,
      "monthly_PRELIQ_Q": 70.6,
      "monthly_PE_Q": 39.699999999999996
    },
    "2024-11": {
      "monthly_PRENEI_Q": 6.7,
      "monthly_PRELIQ_Q": 33.0,
      "monthly_PE_Q": 24.8
    },
    "2024-12": {
      "monthly_PRENEI_Q": 4.6000000000000005,
      "monthly_PRELIQ_Q": 35.0,
      "monthly_PE_Q": 27.6
    }
  }
}