{
  "years": {
    "2024": {
      "annual_PRENEI_Q": 10.2,
      "annual_PRELIQ_Q": 883.1,
      "annual_PE_Q": 245.29999999999998
    }
  },
  "months": {
    "2024-01": {
      "monthly_PRENEI_Q": 8.2,
      "monthly_PRELIQ_Q": 57.7,
      "monthly_PE_Q": 46.7
    },
    "2024-02": {
      "monthly_PRENEI_Q": 0.0,
      "monthly_PRELIQ_Q": 61.599999999999994,
      "monthly_PE_Q": 38.7
    },
    "2024-03": {
      "monthly_PRENEI_Q": 0.0,
      "monthly_PRELIQ_Q": 79.4,
      "monthly_PE_Q": 45.8
    },
    "2024-04": {
      "monthly_PRENEI_Q": 0.1,
      "monthly_PRELIQ_Q": 52.8,
      "monthly_PE_Q": -12.200000000000003
    },
    "2024-05": {
      "monthly_PRENEI_Q": 0.0,
      "monthly_PRELIQ_Q": 194.4,
      "monthly_PE_Q": 109.30000000000001
    },
    "2024-06": {
      "monthly_PRENEI_Q": 0.0,
      "monthly_PRELIQ_Q": 68.0,
      "monthly_PE_Q": -39.8
    },
    "2024-07": {
      "monthly_PRENEI_Q": 0.0,
      "monthly_PRELIQ_Q": 67.89999999999999,
      "monthly_PE_Q": -44.7
    },
    "2024-08": {
      "monthly_PRENEI_Q": 0.0,
      "monthly_PRELIQ_Q": 45.699999999999996,
      "monthly_PE_Q": -35.1
    },
    "2024-09": {
      "monthly_PRENEI_Q": 0.0,
      "monthly_PRELIQ_Q": 110.2,
      "monthly_PE_Q": 49.9
    },
    "2024-10": {
      "monthly_PRENEI_Q": 0.0,
      "monthly_PRELIQ_Q": 80.8,
      "monthly_PE_Q": 52.599999999999994
    },
    "2024-11": {
      "monthly_PRENEI_Q": 0.1,
      "monthly_PRELIQ_Q": 33.800000000000004,
      "monthly_PE_Q": 14.800000000000002
    },
    "2024-12": {
      "monthly_PRENEI_Q": 1.8,
      "monthly_PRELIQ_Q": 30.8,
      "monthly_PE_Q": 19.299999999999997
    }
  }
}