{
  "years": {
    "2024": {
      "annual_PRENEI_Q": 17.7,
      "annual_PRELIQ_Q": 1056.5,
      "annual_PE_Q": 455.1
    }
  },
  "months": {
    "2024-01": {
      "monthly_PRENEI_Q": 13.1,
      "monthly_PRELIQ_Q": 73.9,
      "monthly_PE_Q": 73.0
    },
    "2024-02": {
      "monthly_PRENEI_Q": 0.0,
      "monthly_PRELIQ_Q": 81.89999999999999,
      "monthly_PE_Q": 60.5
    },
    "2024-03": {
      "monthly_PRENEI_Q": 0.0,
      "monthly_PRELIQ_Q": 95.7,
      "monthly_PE_Q": 63.400000000000006
    },
    "2024-04": {
      "monthly_PRENEI_Q": 0.5,
      "monthly_PRELIQ_Q": 67.1,
      "monthly_PE_Q": 4.299999999999997
    },
    "2024-05": {
      "monthly_PRENEI_Q": 0.0,
      "monthly_PRELIQ_Q": 225.20000000000002,
      "monthly_PE_Q": 142.2
    },
    "2024-06": {
      "monthly_PRENEI_Q": 0.0,
      "monthly_PRELIQ_Q": 67.1,
      "monthly_PE_Q": -37.800000000000004
    },
    "2024-07": {
      "monthly_PRENEI_Q": 0.0,
      "monthly_PRELIQ_Q": 70.1,
      "monthly_PE_Q": -39.6
    },
    "2024-08": {
      "monthly_PRENEI_Q": 0.0,
      "monthly_PRELIQ_Q": 30.3,
      "monthly_PE_Q": -41.8
    },
    "2024-09": {
      "monthly_PRENEI_Q": 0.0,
      "monthly_PRELIQ_Q": 127.39999999999999,
      "monthly_PE_Q": 68.7
    },
    "2024-10": {
      "monthly_PRENEI_Q": 0.0,
      "monthly_PRELIQ_Q": 88.3,
      "monthly_PE_Q": 59.7
    },
    "2024-11": {
      "monthly_PRENEI_Q": 2.0999999999999996,
      "monthly_PRELIQ_Q": 63.199999999999996,
      "monthly_PE_Q": 47.7
    },
    "2024-12": {
      "monthly_PRENEI_Q": 2.0,
      "monthly_PRELIQ_Q": 66.3,
      "monthly_PE_Q": 54.8
    }
  }
}