{
  "years": {
    "2024": {
      "annual_PRENEI_Q": 3.5000000000000004,
      "annual_PRELIQ_Q": 1274.2,
      "annual_PE_Q": 623.3
    }
  },
  "months": {
    "2024-01": {
      "monthly_PRENEI_Q": 0.0,
      "monthly_PRELIQ_Q": 66.4,
      "monthly_PE_Q": 42.9
    },
    "2024-02": {
      "monthly_PRENEI_Q": 0.1,
      "monthly_PRELIQ_Q": 143.6,
      "monthly_PE_Q": 111.1
    },
    "2024-03": {
      "monthly_PRENEI_Q": 2.8000000000000003,
      "monthly_PRELIQ_Q": 346.70000000000005,
      "monthly_PE_Q": 296.2
    },
    "2024-04": {
      "monthly_PRENEI_Q": 0.6,
      "monthly_PRELIQ_Q": 51.2,
      "monthly_PE_Q": -27.700000000000003
    },
    "2024-05": {
      "monthly_PRENEI_Q": 0.0,
      "monthly_PRELIQ_Q": 86.3,
      "monthly_PE_Q": 0.9000000000000012
    },
    "2024-06": {
      "monthly_PRENEI_Q": 0.0,
      "monthly_PRELIQ_Q": 53.8,
      "monthly_PE_Q": -35.7
    },
    "2024-07": {
      "monthly_PRENEI_Q": 0.0,
      "monthly_PRELIQ_Q": 8.0,
      "monthly_PE_Q": -60.6
    },
    "2024-08": {
      "monthly_PRENEI_Q": 0.0,
      "monthly_PRELIQ_Q": 36.099999999999994,
      "monthly_PE_Q": -16.700000000000003
    },
    "2024-09": {
      "monthly_PRENEI_Q": 0.0,
      "monthly_PRELIQ_Q": 143.7,
      "monthly_PE_Q": 73.2
    },
    "2024-10": {
      "monthly_PRENEI_Q": 0.0,
      "monthly_PRELIQ_Q": 301.2,
      "monthly_PE_Q": 256.4
    },
    "2024-11": {
      "monthly_PRENEI_Q": 0.0,
      "monthly_PRELIQ_Q": 32.5,
      "monthly_PE_Q": -1.0999999999999972
    },
    "2024-12": {
      "monthly_PRENEI_Q": 0.0,
      "monthly_PRELIQ_Q": 4.699999999999999,
      "monthly_PE_Q": -15.6
    }
  }
}