{
  "years": {
    "2024": {
      "annual_PRENEI_Q": 237.7,
      "annual_PRELIQ_Q": 1240.0,
      "annual_PE_Q": 799.4
    }
  },
  "months": {
    "2024-01": {
      "monthly_PRENEI_Q": 20.4,
      "monthly_PRELIQ_Q": 63.10000000000001,
      "monthly_PE_Q": 64.30000000000001
    },
    "2024-02": {
      "monthly_PRENEI_Q": 43.6,
      "monthly_PRELIQ_Q": 87.39999999999999,
      "monthly_PE_Q": 107.3
    },
    "2024-03": {
      "monthly_PRENEI_Q": 151.7,
      "monthly_PRELIQ_Q": 188.7,
      "monthly_PE_Q": 305.1
    },
    "2024-04": {
      "monthly_PRENEI_Q": 8.4,
      "monthly_PRELIQ_Q": 68.2,
      "monthly_PE_Q": 5.099999999999999
    },
    "2024-05": {
      "monthly_PRENEI_Q": 0.0,
      "monthly_PRELIQ_Q": 147.1,
      "monthly_PE_Q": 54.6
    },
    "2024-06": {
      "monthly_PRENEI_Q": 0.0,
      "monthly_PRELIQ_Q": 80.7,
      "monthly_PE_Q": -28.1
    },
    "2024-07": {
      "monthly_PRENEI_Q": 0.0,
      "monthly_PRELIQ_Q": 32.4,
      "monthly_PE_Q": -57.3
    },
    "2024-08": {
      "monthly_PRENEI_Q": 0.0,
      "monthly_PRELIQ_Q": 49.4,
      "monthly_PE_Q": -21.8
    },
    "2024-09": {
      "monthly_PRENEI_Q": 0.0,
      "monthly_PRELIQ_Q": 149.9,
      "monthly_PE_Q": 79.30000000000001
    },
    "2024-10": {
      "monthly_PRENEI_Q": 0.0,
      "monthly_PRELIQ_Q": 333.9,
      "monthly_PE_Q": 286.8
    },
    "2024-11": {
      "monthly_PRENEI_Q": 12.200000000000001,
      "monthly_PRELIQ_Q": 34.4,
      "monthly_PE_Q": 16.799999999999997
    },
    "2024-12": {
      "monthly_PRENEI_Q": 1.4,
      "monthly_PRELIQ_Q": 4.8,
      "monthly_PE_Q": -12.7
    }
  }
}