{
  "years": {
    "2024": {
      "annual_PRENEI_Q": 10.1,
      "annual_PRELIQ_Q": 1026.2,
      "annual_PE_Q": 365.4
    }
  },
  "months": {
    "2024-01": {
      "monthly_PRENEI_Q": 0.1,
      "monthly_PRELIQ_Q": 57.300000000000004,
      "monthly_PE_Q": 27.900000000000002
    },
    "2024-02": {
      "monthly_PRENEI_Q": 0.6,
      "monthly_PRELIQ_Q": 155.0,
      "monthly_PE_Q": 117.7
    },
    "2024-03": {
      "monthly_PRENEI_Q": 0.7,
      "monthly_PRELIQ_Q": 135.0,
      "monthly_PE_Q": 76.60000000000001
    },
    "2024-04": {
      "monthly_PRENEI_Q": 3.6,
      "monthly_PRELIQ_Q": 39.199999999999996,
      "monthly_PE_Q": -40.5
    },
    "2024-05": {
      "monthly_PRENEI_Q": 0.0,
      "monthly_PRELIQ_Q": 106.3,
      "monthly_PE_Q": 12.899999999999995
    },
    "2024-06": {
      "monthly_PRENEI_Q": 0.0,
      "monthly_PRELIQ_Q": 34.800000000000004,
      "monthly_PE_Q": -44.5
    },
    "2024-07": {
      "monthly_PRENEI_Q": 0.0,
      "monthly_PRELIQ_Q": 4.5,
      "monthly_PE_Q": -44.5
    },
    "2024-08": {
      "monthly_PRENEI_Q": 0.0,
      "monthly_PRELIQ_Q": 53.7,
      "monthly_PE_Q": -2.4000000000000012
    },
    "2024-09": {
      "monthly_PRENEI_Q": 0.0,
      "monthly_PRELIQ_Q": 88.0,
      "monthly_PE_Q": 25.499999999999996
    },
    "2024-10": {
      "monthly_PRENEI_Q": 0.0,
      "monthly_PRELIQ_Q": 195.4,
      "monthly_PE_Q": 144.5
    },
    "2024-11": {
      "monthly_PRENEI_Q": 0.0,
      "monthly_PRELIQ_Q": 67.60000000000001,
      "monthly_PE_Q": 30.1
    },
    "2024-12": {
      "monthly_PRENEI_Q": 5.1,
      "monthly_PRELIQ_Q": 89.4,
      "monthly_PE_Q": 62.1
    }
  }
}