{
  "years": {
    "2024": {
      "annual_PRENEI_Q": 274.0,
      "annual_PRELIQ_Q": 1075.4,
      "annual_PE_Q": 758.1
    }
  },
  "months": {
    "2024-01": {
      "monthly_PRENEI_Q": 23.6,
      "monthly_PRELIQ_Q": 50.800000000000004,
      "monthly_PE_Q": 50.1
    },
    "2024-02": {
      "monthly_PRENEI_Q": 49.7,
      "monthly_PRELIQ_Q": 151.2,
      "monthly_PE_Q": 172.10000000000002
    },
    "2024-03": {
      "monthly_PRENEI_Q": 56.4,
      "monthly_PRELIQ_Q": 120.9,
      "monthly_PE_Q": 139.0
    },
    "2024-04": {
      "monthly_PRENEI_Q": 25.9,
      "monthly_PRELIQ_Q": 29.1,
      "monthly_PE_Q": -10.200000000000001
    },
    "2024-05": {
      "monthly_PRENEI_Q": 35.400000000000006,
      "monthly_PRELIQ_Q": 101.5,
      "monthly_PE_Q": 58.7
    },
    "2024-06": {
      "monthly_PRENEI_Q": 0.0,
      "monthly_PRELIQ_Q": 47.9,
      "monthly_PE_Q": -38.8
    },
    "2024-07": {
      "monthly_PRENEI_Q": 0.0,
      "monthly_PRELIQ_Q": 5.800000000000001,
      "monthly_PE_Q": -40.4
    },
    "2024-08": {
      "monthly_PRENEI_Q": 0.0,
      "monthly_PRELIQ_Q": 73.0,
      "monthly_PE_Q": 14.500000000000002
    },
    "2024-09": {
      "monthly_PRENEI_Q": 0.0,
      "monthly_PRELIQ_Q": 112.7,
      "monthly_PE_Q": 48.4
    },
    "2024-10": {
      "monthly_PRENEI_Q": 0.0,
      "monthly_PRELIQ_Q": 252.8,
      "monthly_PE_Q": 201.9
    },
    "2024-11": {
      "monthly_PRENEI_Q": 3.7,
      "monthly_PRELIQ_Q": 84.0,
      "monthly_PE_Q": 54.4
    },
    "2024-12": {
      "monthly_PRENEI_Q": 79.3,
      "monthly_PRELIQ_Q": 45.699999999999996,
      "monthly_PE_Q": 108.4
    }
  }
}