{
  "years": {
    "2024": {
      "annual_PRENEI_Q": 234.6,
      "annual_PRELIQ_Q": 1101.6,
      "annual_PE_Q": 713.2
    }
  },
  "months": {
    "2024-01": {
      "monthly_PRENEI_Q": 21.8,
      "monthly_PRELIQ_Q": 51.9,
      "monthly_PE_Q": 46.300000000000004
    },
    "2024-02": {
      "monthly_PRENEI_Q": 36.5,
      "monthly_PRELIQ_Q": 162.7,
      "monthly_PE_Q": 165.4
    },
    "2024-03": {
      "monthly_PRENEI_Q": 49.0,
      "monthly_PRELIQ_Q": 126.2,
      "monthly_PE_Q": 131.9
    },
    "2024-04": {
      "monthly_PRENEI_Q": 24.0,
      "monthly_PRELIQ_Q": 30.400000000000002,
      "monthly_PE_Q": -14.899999999999999
    },
    "2024-05": {
      "monthly_PRENEI_Q": 28.6,
      "monthly_PRELIQ_Q": 106.80000000000001,
      "monthly_PE_Q": 55.29999999999999
    },
    "2024-06": {
      "monthly_PRENEI_Q": 0.0,
      "monthly_PRELIQ_Q": 48.0,
      "monthly_PE_Q": -39.6
    },
    "2024-07": {
      "monthly_PRENEI_Q": 0.0,
      "monthly_PRELIQ_Q": 6.0,
      "monthly_PE_Q": -42.4
    },
    "2024-08": {
      "monthly_PRENEI_Q": 0.0,
      "monthly_PRELIQ_Q": 72.5,
      "monthly_PE_Q": 12.299999999999997
    },
    "2024-09": {
      "monthly_PRENEI_Q": 0.0,
      "monthly_PRELIQ_Q": 111.7,
      "monthly_PE_Q": 45.9
    },
    "2024-10": {
      "monthly_PRENEI_Q": 0.0,
      "monthly_PRELIQ_Q": 250.1,
      "monthly_PE_Q": 197.70000000000002
    },
    "2024-11": {
      "monthly_PRENEI_Q": 2.3,
      "monthly_PRELIQ_Q": 84.3,
      "monthly_PE_Q": 50.9
    },
    "2024-12": {
      "monthly_PRENEI_Q": 72.4,
      "monthly_PRELIQ_Q": 51.0,
      "monthly_PE_Q": 104.4
    }
  }
}