{
  "years": {
    "2024": {
      "annual_PRENEI_Q": 251.1,
      "annual_PRELIQ_Q": 1104.9,
      "annual_PE_Q": 760.7
    }
  },
  "months": {
    "2024-01": {
      "monthly_PRENEI_Q": 22.8,
      "monthly_PRELIQ_Q": 52.2,
      "monthly_PE_Q": 50.4
    },
    "2024-02": {
      "monthly_PRENEI_Q": 41.9,
      "monthly_PRELIQ_Q": 159.8,
      "monthly_PE_Q": 172.9
    },
    "2024-03": {
      "monthly_PRENEI_Q": 51.7,
      "monthly_PRELIQ_Q": 126.2,
      "monthly_PE_Q": 139.3
    },
    "2024-04": {
      "monthly_PRENEI_Q": 25.5,
      "monthly_PRELIQ_Q": 29.8,
      "monthly_PE_Q": -10.7
    },
    "2024-05": {
      "monthly_PRENEI_Q": 28.400000000000002,
      "monthly_PRELIQ_Q": 109.0,
      "monthly_PE_Q": 57.49999999999999
    },
    "2024-06": {
      "monthly_PRENEI_Q": 0.0,
      "monthly_PRELIQ_Q": 48.800000000000004,
      "monthly_PE_Q": -41.2
    },
    "2024-07": {
      "monthly_PRENEI_Q": 0.0,
      "monthly_PRELIQ_Q": 6.0,
      "monthly_PE_Q": -38.2
    },
    "2024-08": {
      "monthly_PRENEI_Q": 0.0,
      "monthly_PRELIQ_Q": 73.3,
      "monthly_PE_Q": 14.200000000000003
    },
    "2024-09": {
      "monthly_PRENEI_Q": 0.0,
      "monthly_PRELIQ_Q": 113.39999999999999,
      "monthly_PE_Q": 47.8
    },
    "2024-10": {
      "monthly_PRENEI_Q": 0.0,
      "monthly_PRELIQ_Q": 253.7,
      "monthly_PE_Q": 203.9
    },
    "2024-11": {
      "monthly_PRENEI_Q": 2.6999999999999997,
      "monthly_PRELIQ_Q": 85.3,
      "monthly_PE_Q": 54.599999999999994
    },
    "2024-12": {
      "monthly_PRENEI_Q": 78.1,
      "monthly_PRELIQ_Q": 47.400000000000006,
      "monthly_PE_Q": 110.2
    }
  }
}