{
  "years": {
    "2024": {
      "annual_PRENEI_Q": 76.8,
      "annual_PRELIQ_Q": 1307.8,
      "annual_PE_Q": 740.7
    }
  },
  "months": {
    "2024-01": {
      "monthly_PRENEI_Q": 11.600000000000001,
      "monthly_PRELIQ_Q": 81.8,
      "monthly_PE_Q": 67.89999999999999
    },
    "2024-02": {
      "monthly_PRENEI_Q": 8.9,
      "monthly_PRELIQ_Q": 229.7,
      "monthly_PE_Q": 210.10000000000002
    },
    "2024-03": {
      "monthly_PRENEI_Q": 25.400000000000002,
      "monthly_PRELIQ_Q": 189.8,
      "monthly_PE_Q": 171.5
    },
    "2024-04": {
      "monthly_PRENEI_Q": 9.1,
      "monthly_PRELIQ_Q": 52.3,
      "monthly_PE_Q": -14.599999999999998
    },
    "2024-05": {
      "monthly_PRENEI_Q": 0.1,
      "monthly_PRELIQ_Q": 123.0,
      "monthly_PE_Q": 29.699999999999996
    },
    "2024-06": {
      "monthly_PRENEI_Q": 0.0,
      "monthly_PRELIQ_Q": 38.800000000000004,
      "monthly_PE_Q": -47.199999999999996
    },
    "2024-07": {
      "monthly_PRENEI_Q": 0.0,
      "monthly_PRELIQ_Q": 5.5,
      "monthly_PE_Q": -47.0
    },
    "2024-08": {
      "monthly_PRENEI_Q": 0.0,
      "monthly_PRELIQ_Q": 92.5,
      "monthly_PE_Q": 20.900000000000002
    },
    "2024-09": {
      "monthly_PRENEI_Q": 0.0,
      "monthly_PRELIQ_Q": 93.5,
      "monthly_PE_Q": 25.7
    },
    "2024-10": {
      "monthly_PRENEI_Q": 0.0,
      "monthly_PRELIQ_Q": 241.8,
      "monthly_PE_Q": 197.8
    },
    "2024-11": {
      "monthly_PRENEI_Q": 0.9,
      "monthly_PRELIQ_Q": 63.0,
      "monthly_PE_Q": 30.8
    },
    "2024-12": {
      "monthly_PRENEI_Q": 20.8,
      "monthly_PRELIQ_Q": 96.1,
      "monthly_PE_Q": 95.1
    }
  }
}