{
  "years": {
    "2024": {
      "annual_PRENEI_Q": 138.7,
      "annual_PRELIQ_Q": 1120.8,
      "annual_PE_Q": 623.1
    }
  },
  "months": {
    "2024-01": {
      "monthly_PRENEI_Q": 14.1,
      "monthly_PRELIQ_Q": 55.4,
      "monthly_PE_Q": 42.6
    },
    "2024-02": {
      "monthly_PRENEI_Q": 17.7,
      "monthly_PRELIQ_Q": 169.9,
      "monthly_PE_Q": 153.9
    },
    "2024-03": {
      "monthly_PRENEI_Q": 28.7,
      "monthly_PRELIQ_Q": 135.9,
      "monthly_PE_Q": 116.8
    },
    "2024-04": {
      "monthly_PRENEI_Q": 16.6,
      "monthly_PRELIQ_Q": 34.8,
      "monthly_PE_Q": -23.400000000000002
    },
    "2024-05": {
      "monthly_PRENEI_Q": 9.9,
      "monthly_PRELIQ_Q": 118.2,
      "monthly_PE_Q": 41.199999999999996
    },
    "2024-06": {
      "monthly_PRENEI_Q": 0.0,
      "monthly_PRELIQ_Q": 44.4,
      "monthly_PE_Q": -46.300000000000004
    },
    "2024-07": {
      "monthly_PRENEI_Q": 0.0,
      "monthly_PRELIQ_Q": 5.5,
      "monthly_PE_Q": -38.3
    },
    "2024-08": {
      "monthly_PRENEI_Q": 0.0,
      "monthly_PRELIQ_Q": 68.3,
      "monthly_PE_Q": 9.1
    },
    "2024-09": {
      "monthly_PRENEI_Q": 0.0,
      "monthly_PRELIQ_Q": 105.8,
      "monthly_PE_Q": 39.699999999999996
    },
    "2024-10": {
      "monthly_PRENEI_Q": 0.0,
      "monthly_PRELIQ_Q": 235.70000000000002,
      "monthly_PE_Q": 185.4
    },
    "2024-11": {
      "monthly_PRENEI_Q": 0.6,
      "monthly_PRELIQ_Q": 81.30000000000001,
      "monthly_PE_Q": 46.199999999999996
    },
    "2024-12": {
      "monthly_PRENEI_Q": 51.1,
      "monthly_PRELIQ_Q": 65.6,
      "monthly_PE_Q": 96.2
    }
  }
}