{
  "years": {
    "2024": {
      "annual_PRENEI_Q": 161.4,
      "annual_PRELIQ_Q": 1378.2,
      "annual_PE_Q": 892.6
    }
  },
  "months": {
    "2024-01": {
      "monthly_PRENEI_Q": 23.8,
      "monthly_PRELIQ_Q": 80.3,
      "monthly_PE_Q": 77.5
    },
    "2024-02": {
      "monthly_PRENEI_Q": 19.3,
      "monthly_PRELIQ_Q": 246.20000000000002,
      "monthly_PE_Q": 236.7
    },
    "2024-03": {
      "monthly_PRENEI_Q": 49.300000000000004,
      "monthly_PRELIQ_Q": 190.0,
      "monthly_PE_Q": 199.4
    },
    "2024-04": {
      "monthly_PRENEI_Q": 18.900000000000002,
      "monthly_PRELIQ_Q": 49.2,
      "monthly_PE_Q": -5.400000000000002
    },
    "2024-05": {
      "monthly_PRENEI_Q": 3.0,
      "monthly_PRELIQ_Q": 133.70000000000002,
      "monthly_PE_Q": 45.400000000000006
    },
    "2024-06": {
      "monthly_PRENEI_Q": 0.0,
      "monthly_PRELIQ_Q": 42.9,
      "monthly_PE_Q": -48.3
    },
    "2024-07": {
      "monthly_PRENEI_Q": 0.0,
      "monthly_PRELIQ_Q": 6.199999999999999,
      "monthly_PE_Q": -49.0
    },
    "2024-08": {
      "monthly_PRENEI_Q": 0.0,
      "monthly_PRELIQ_Q": 102.7,
      "monthly_PE_Q": 30.3
    },
    "2024-09": {
      "monthly_PRENEI_Q": 0.0,
      "monthly_PRELIQ_Q": 104.1,
      "monthly_PE_Q": 35.1
    },
    "2024-10": {
      "monthly_PRENEI_Q": 0.0,
      "monthly_PRELIQ_Q": 268.9,
      "monthly_PE_Q": 223.2
    },
    "2024-11": {
      "monthly_PRENEI_Q": 1.8,
      "monthly_PRELIQ_Q": 69.6,
      "monthly_PE_Q": 36.99999999999999
    },
    "2024-12": {
      "monthly_PRENEI_Q": 45.300000000000004,
      "monthly_PRELIQ_Q": 84.39999999999999,
      "monthly_PE_Q": 110.7
    }
  }
}