{
  "years": {
    "2024": {
      "annual_PRENEI_Q": 54.6,
      "annual_PRELIQ_Q": 867.8000000000001,
      "annual_PE_Q": 272.0
    }
  },
  "months": {
    "2024-01": {
      "monthly_PRENEI_Q": 5.4,
      "monthly_PRELIQ_Q": 91.8,
      "monthly_PE_Q": 65.4
    },
    "2024-02": {
      "monthly_PRENEI_Q": 1.1,
      "monthly_PRELIQ_Q": 99.7,
      "monthly_PE_Q": 64.3
    },
    "2024-03": {
      "monthly_PRENEI_Q": 1.2,
      "monthly_PRELIQ_Q": 65.5,
      "monthly_PE_Q": 8.299999999999999
    },
    "2024-04": {
      "monthly_PRENEI_Q": 10.8,
      "monthly_PRELIQ_Q": 57.6,
      "monthly_PE_Q": -12.299999999999999
    },
    "2024-05": {
      "monthly_PRENEI_Q": 2.0,
      "monthly_PRELIQ_Q": 80.80000000000001,
      "monthly_PE_Q": -9.800000000000002
    },
    "2024-06": {
      "monthly_PRENEI_Q": 0.0,
      "monthly_PRELIQ_Q": 46.7,
      "monthly_PE_Q": -34.4
    },
    "2024-07": {
      "monthly_PRENEI_Q": 0.0,
      "monthly_PRELIQ_Q": 22.0,
      "monthly_PE_Q": -35.9
    },
    "2024-08": {
      "monthly_PRENEI_Q": 0.0,
      "monthly_PRELIQ_Q": 12.200000000000001,
      "monthly_PE_Q": -17.599999999999998
    },
    "2024-09": {
      "monthly_PRENEI_Q": 0.0,
      "monthly_PRELIQ_Q": 136.2,
      "monthly_PE_Q": 74.8
    },
    "2024-10": {
      "monthly_PRENEI_Q": 0.0,
      "monthly_PRELIQ_Q": 171.0,
      "monthly_PE_Q": 117.7
    },
    "2024-11": {
      "monthly_PRENEI_Q": 0.0,
      "monthly_PRELIQ_Q": 7.699999999999999,
      "monthly_PE_Q": -28.0
    },
    "2024-12": {
      "monthly_PRENEI_Q": 34.1,
      "monthly_PRELIQ_Q": 76.60000000000001,
      "monthly_PE_Q": 79.5
    }
  }
}