{
  "years": {
    "2024": {
      "annual_PRENEI_Q": 29.6,
      "annual_PRELIQ_Q": 1145.6,
      "annual_PE_Q": 520.0
    }
  },
  "months": {
    "2024-01": {
      "monthly_PRENEI_Q": 0.0,
      "monthly_PRELIQ_Q": 66.6,
      "monthly_PE_Q": 41.699999999999996
    },
    "2024-02": {
      "monthly_PRENEI_Q": 1.8,
      "monthly_PRELIQ_Q": 217.4,
      "monthly_PE_Q": 187.4
    },
    "2024-03": {
      "monthly_PRENEI_Q": 14.8,
      "monthly_PRELIQ_Q": 175.5,
      "monthly_PE_Q": 140.4
    },
    "2024-04": {
      "monthly_PRENEI_Q": 3.4000000000000004,
      "monthly_PRELIQ_Q": 41.2,
      "monthly_PE_Q": -41.3
    },
    "2024-05": {
      "monthly_PRENEI_Q": 0.0,
      "monthly_PRELIQ_Q": 104.6,
      "monthly_PE_Q": 6.2999999999999945
    },
    "2024-06": {
      "monthly_PRENEI_Q": 0.0,
      "monthly_PRELIQ_Q": 37.400000000000006,
      "monthly_PE_Q": -51.099999999999994
    },
    "2024-07": {
      "monthly_PRENEI_Q": 0.0,
      "monthly_PRELIQ_Q": 2.0,
      "monthly_PE_Q": -53.9
    },
    "2024-08": {
      "monthly_PRENEI_Q": 0.0,
      "monthly_PRELIQ_Q": 32.6,
      "monthly_PE_Q": -19.5
    },
    "2024-09": {
      "monthly_PRENEI_Q": 0.0,
      "monthly_PRELIQ_Q": 103.5,
      "monthly_PE_Q": 41.599999999999994
    },
    "2024-10": {
      "monthly_PRENEI_Q": 0.0,
      "monthly_PRELIQ_Q": 219.20000000000002,
      "monthly_PE_Q": 170.5
    },
    "2024-11": {
      "monthly_PRENEI_Q": 0.0,
      "monthly_PRELIQ_Q": 57.5,
      "monthly_PE_Q": 23.6
    },
    "2024-12": {
      "monthly_PRENEI_Q": 9.600000000000001,
      "monthly_PRELIQ_Q": 88.1,
      "monthly_PE_Q": 74.3
    }
  }
}