{
  "years": {
    "2024": {
      "annual_PRENEI_Q": 161.1,
      "annual_PRELIQ_Q": 1135.4,
      "annual_PE_Q": 629.0
    }
  },
  "months": {
    "2024-01": {
      "monthly_PRENEI_Q": 18.2,
      "monthly_PRELIQ_Q": 53.4,
      "monthly_PE_Q": 42.6
    },
    "2024-02": {
      "monthly_PRENEI_Q": 21.5,
      "monthly_PRELIQ_Q": 171.9,
      "monthly_PE_Q": 156.4
    },
    "2024-03": {
      "monthly_PRENEI_Q": 34.599999999999994,
      "monthly_PRELIQ_Q": 134.5,
      "monthly_PE_Q": 119.89999999999999
    },
    "2024-04": {
      "monthly_PRENEI_Q": 18.900000000000002,
      "monthly_PRELIQ_Q": 33.9,
      "monthly_PE_Q": -20.1
    },
    "2024-05": {
      "monthly_PRENEI_Q": 10.7,
      "monthly_PRELIQ_Q": 120.79999999999998,
      "monthly_PE_Q": 44.3
    },
    "2024-06": {
      "monthly_PRENEI_Q": 0.0,
      "monthly_PRELIQ_Q": 46.7,
      "monthly_PE_Q": -45.6
    },
    "2024-07": {
      "monthly_PRENEI_Q": 0.0,
      "monthly_PRELIQ_Q": 5.800000000000001,
      "monthly_PE_Q": -48.6
    },
    "2024-08": {
      "monthly_PRENEI_Q": 0.0,
      "monthly_PRELIQ_Q": 70.2,
      "monthly_PE_Q": 7.6
    },
    "2024-09": {
      "monthly_PRENEI_Q": 0.0,
      "monthly_PRELIQ_Q": 108.3,
      "monthly_PE_Q": 41.6
    },
    "2024-10": {
      "monthly_PRENEI_Q": 0.0,
      "monthly_PRELIQ_Q": 242.70000000000002,
      "monthly_PE_Q": 189.3
    },
    "2024-11": {
      "monthly_PRENEI_Q": 0.6,
      "monthly_PRELIQ_Q": 83.60000000000001,
      "monthly_PE_Q": 45.5
    },
    "2024-12": {
      "monthly_PRENEI_Q": 56.6,
      "monthly_PRELIQ_Q": 63.6,
      "monthly_PE_Q": 96.1
    }
  }
}