{
  "years": {
    "2024": {
      "annual_PRENEI_Q": 0.0,
      "annual_PRELIQ_Q": 959.6,
      "annual_PE_Q": 349.0
    }
  },
  "months": {
    "2024-01": {
      "monthly_PRENEI_Q": 0.0,
      "monthly_PRELIQ_Q": 63.6,
      "monthly_PE_Q": 33.900000000000006
    },
    "2024-02": {
      "monthly_PRENEI_Q": 0.0,
      "monthly_PRELIQ_Q": 57.900000000000006,
      "monthly_PE_Q": 31.1
    },
    "2024-03": {
      "monthly_PRENEI_Q": 0.0,
      "monthly_PRELIQ_Q": 63.9,
      "monthly_PE_Q": 4.699999999999998
    },
    "2024-04": {
      "monthly_PRENEI_Q": 0.0,
      "monthly_PRELIQ_Q": 81.0,
      "monthly_PE_Q": 1.3999999999999946
    },
    "2024-05": {
      "monthly_PRENEI_Q": 0.0,
      "monthly_PRELIQ_Q": 55.699999999999996,
      "monthly_PE_Q": -21.799999999999997
    },
    "2024-06": {
      "monthly_PRENEI_Q": 0.0,
      "monthly_PRELIQ_Q": 55.6,
      "monthly_PE_Q": -6.100000000000001
    },
    "2024-07": {
      "monthly_PRENEI_Q": 0.0,
      "monthly_PRELIQ_Q": 10.4,
      "monthly_PE_Q": -24.8
    },
    "2024-08": {
      "monthly_PRENEI_Q": 0.0,
      "monthly_PRELIQ_Q": 17.3,
      "monthly_PE_Q": -13.299999999999999
    },
    "2024-09": {
      "monthly_PRENEI_Q": 0.0,
      "monthly_PRELIQ_Q": 195.9,
      "monthly_PE_Q": 116.19999999999999
    },
    "2024-10": {
      "monthly_PRENEI_Q": 0.0,
      "monthly_PRELIQ_Q": 150.6,
      "monthly_PE_Q": 95.3
    },
    "2024-11": {
      "monthly_PRENEI_Q": 0.0,
      "monthly_PRELIQ_Q": 17.2,
      "monthly_PE_Q": -24.4
    },
    "2024-12": {
      "monthly_PRENEI_Q": 0.0,
      "monthly_PRELIQ_Q": 190.5,
      "monthly_PE_Q": 156.79999999999998
    }
  }
}