{
  "years": {
    "2024": {
      "annual_PRENEI_Q": 89.2,
      "annual_PRELIQ_Q": 1028.3,
      "annual_PE_Q": 446.9
    }
  },
  "months": {
    "2024-01": {
      "monthly_PRENEI_Q": 10.4,
      "monthly_PRELIQ_Q": 45.5,
      "monthly_PE_Q": 30.5
    },
    "2024-02": {
      "monthly_PRENEI_Q": 3.0,
      "monthly_PRELIQ_Q": 105.5,
      "monthly_PE_Q": 79.69999999999999
    },
    "2024-03": {
      "monthly_PRENEI_Q": 6.6000000000000005,
      "monthly_PRELIQ_Q": 59.2,
      "monthly_PE_Q": 13.399999999999999
    },
    "2024-04": {
      "monthly_PRENEI_Q": 12.0,
      "monthly_PRELIQ_Q": 38.9,
      "monthly_PE_Q": -18.099999999999998
    },
    "2024-05": {
      "monthly_PRENEI_Q": 0.0,
      "monthly_PRELIQ_Q": 78.3,
      "monthly_PE_Q": -8.7
    },
    "2024-06": {
      "monthly_PRENEI_Q": 0.0,
      "monthly_PRELIQ_Q": 58.2,
      "monthly_PE_Q": -27.4
    },
    "2024-07": {
      "monthly_PRENEI_Q": 0.0,
      "monthly_PRELIQ_Q": 13.6,
      "monthly_PE_Q": -51.3
    },
    "2024-08": {
      "monthly_PRENEI_Q": 0.0,
      "monthly_PRELIQ_Q": 97.3,
      "monthly_PE_Q": 14.399999999999997
    },
    "2024-09": {
      "monthly_PRENEI_Q": 0.0,
      "monthly_PRELIQ_Q": 123.10000000000001,
      "monthly_PE_Q": 53.4
    },
    "2024-10": {
      "monthly_PRENEI_Q": 0.0,
      "monthly_PRELIQ_Q": 236.1,
      "monthly_PE_Q": 191.1
    },
    "2024-11": {
      "monthly_PRENEI_Q": 0.3,
      "monthly_PRELIQ_Q": 57.599999999999994,
      "monthly_PE_Q": 19.599999999999998
    },
    "2024-12": {
      "monthly_PRENEI_Q": 56.9,
      "monthly_PRELIQ_Q": 115.0,
      "monthly_PE_Q": 150.29999999999998
    }
  }
}