{
  "years": {
    "2024": {
      "annual_PRENEI_Q": 0.0,
      "annual_PRELIQ_Q": 908.4,
      "annual_PE_Q": 358.0
    }
  },
  "months": {
    "2024-01": {
      "monthly_PRENEI_Q": 0.0,
      "monthly_PRELIQ_Q": 42.2,
      "monthly_PE_Q": 19.9
    },
    "2024-02": {
      "monthly_PRENEI_Q": 0.0,
      "monthly_PRELIQ_Q": 80.1,
      "monthly_PE_Q": 55.099999999999994
    },
    "2024-03": {
      "monthly_PRENEI_Q": 0.0,
      "monthly_PRELIQ_Q": 93.2,
      "monthly_PE_Q": 32.6
    },
    "2024-04": {
      "monthly_PRENEI_Q": 0.0,
      "monthly_PRELIQ_Q": 33.9,
      "monthly_PE_Q": -35.800000000000004
    },
    "2024-05": {
      "monthly_PRENEI_Q": 0.0,
      "monthly_PRELIQ_Q": 51.800000000000004,
      "monthly_PE_Q": -20.000000000000004
    },
    "2024-06": {
      "monthly_PRENEI_Q": 0.0,
      "monthly_PRELIQ_Q": 37.1,
      "monthly_PE_Q": -17.6
    },
    "2024-07": {
      "monthly_PRENEI_Q": 0.0,
      "monthly_PRELIQ_Q": 11.3,
      "monthly_PE_Q": -37.3
    },
    "2024-08": {
      "monthly_PRENEI_Q": 0.0,
      "monthly_PRELIQ_Q": 16.2,
      "monthly_PE_Q": -16.900000000000002
    },
    "2024-09": {
      "monthly_PRENEI_Q": 0.0,
      "monthly_PRELIQ_Q": 86.4,
      "monthly_PE_Q": 32.099999999999994
    },
    "2024-10": {
      "monthly_PRENEI_Q": 0.0,
      "monthly_PRELIQ_Q": 175.5,
      "monthly_PE_Q": 129.3
    },
    "2024-11": {
      "monthly_PRENEI_Q": 0.0,
      "monthly_PRELIQ_Q": 88.89999999999999,
      "monthly_PE_Q": 54.300000000000004
    },
    "2024-12": {
      "monthly_PRENEI_Q": 0.0,
      "monthly_PRELIQ_Q": 191.79999999999998,
      "monthly_PE_Q": 162.3
    }
  }
}