{
  "years": {
    "2024": {
      "annual_PRENEI_Q": 0.0,
      "annual_PRELIQ_Q": 778.0,
      "annual_PE_Q": 267.59999999999997
    }
  },
  "months": {
    "2024-01": {
      "monthly_PRENEI_Q": 0.0,
      "monthly_PRELIQ_Q": 36.3,
      "monthly_PE_Q": 8.299999999999999
    },
    "2024-02": {
      "monthly_PRENEI_Q": 0.0,
      "monthly_PRELIQ_Q": 68.5,
      "monthly_PE_Q": 46.400000000000006
    },
    "2024-03": {
      "monthly_PRENEI_Q": 0.0,
      "monthly_PRELIQ_Q": 79.89999999999999,
      "monthly_PE_Q": 11.799999999999999
    },
    "2024-04": {
      "monthly_PRENEI_Q": 0.0,
      "monthly_PRELIQ_Q": 29.200000000000003,
      "monthly_PE_Q": -30.599999999999998
    },
    "2024-05": {
      "monthly_PRENEI_Q": 0.0,
      "monthly_PRELIQ_Q": 44.3,
      "monthly_PE_Q": -13.400000000000002
    },
    "2024-06": {
      "monthly_PRENEI_Q": 0.0,
      "monthly_PRELIQ_Q": 31.599999999999998,
      "monthly_PE_Q": -7.5
    },
    "2024-07": {
      "monthly_PRENEI_Q": 0.0,
      "monthly_PRELIQ_Q": 9.6,
      "monthly_PE_Q": -19.0
    },
    "2024-08": {
      "monthly_PRENEI_Q": 0.0,
      "monthly_PRELIQ_Q": 13.799999999999999,
      "monthly_PE_Q": -4.8
    },
    "2024-09": {
      "monthly_PRENEI_Q": 0.0,
      "monthly_PRELIQ_Q": 74.10000000000001,
      "monthly_PE_Q": 17.799999999999997
    },
    "2024-10": {
      "monthly_PRENEI_Q": 0.0,
      "monthly_PRELIQ_Q": 150.6,
      "monthly_PE_Q": 99.2
    },
    "2024-11": {
      "monthly_PRENEI_Q": 0.0,
      "monthly_PRELIQ_Q": 75.8,
      "monthly_PE_Q": 30.700000000000003
    },
    "2024-12": {
      "monthly_PRENEI_Q": 0.0,
      "monthly_PRELIQ_Q": 164.29999999999998,
      "monthly_PE_Q": 128.7
    }
  }
}