{
  "years": {
    "2024": {
      "annual_PRENEI_Q": 27.0,
      "annual_PRELIQ_Q": 1144.4,
      "annual_PE_Q": 465.5
    }
  },
  "months": {
    "2024-01": {
      "monthly_PRENEI_Q": 7.199999999999999,
      "monthly_PRELIQ_Q": 121.7,
      "monthly_PE_Q": 110.7
    },
    "2024-02": {
      "monthly_PRENEI_Q": 1.4,
      "monthly_PRELIQ_Q": 157.7,
      "monthly_PE_Q": 132.8
    },
    "2024-03": {
      "monthly_PRENEI_Q": 0.0,
      "monthly_PRELIQ_Q": 72.1,
      "monthly_PE_Q": 21.700000000000003
    },
    "2024-04": {
      "monthly_PRENEI_Q": 0.0,
      "monthly_PRELIQ_Q": 76.60000000000001,
      "monthly_PE_Q": -1.1999999999999997
    },
    "2024-05": {
      "monthly_PRENEI_Q": 0.0,
      "monthly_PRELIQ_Q": 122.4,
      "monthly_PE_Q": 12.299999999999997
    },
    "2024-06": {
      "monthly_PRENEI_Q": 0.0,
      "monthly_PRELIQ_Q": 44.6,
      "monthly_PE_Q": -70.7
    },
    "2024-07": {
      "monthly_PRENEI_Q": 0.0,
      "monthly_PRELIQ_Q": 65.0,
      "monthly_PE_Q": -17.900000000000002
    },
    "2024-08": {
      "monthly_PRENEI_Q": 0.0,
      "monthly_PRELIQ_Q": 92.9,
      "monthly_PE_Q": 6.700000000000002
    },
    "2024-09": {
      "monthly_PRENEI_Q": 0.0,
      "monthly_PRELIQ_Q": 110.7,
      "monthly_PE_Q": 50.800000000000004
    },
    "2024-10": {
      "monthly_PRENEI_Q": 0.0,
      "monthly_PRELIQ_Q": 112.0,
      "monthly_PE_Q": 68.9
    },
    "2024-11": {
      "monthly_PRENEI_Q": 18.4,
      "monthly_PRELIQ_Q": 79.4,
      "monthly_PE_Q": 79.8
    },
    "2024-12": {
      "monthly_PRENEI_Q": 0.0,
      "monthly_PRELIQ_Q": 89.3,
      "monthly_PE_Q": 71.6
    }
  }
}