{
  "years": {
    "2024": {
      "annual_PRENEI_Q": 21.6,
      "annual_PRELIQ_Q": 1033.7,
      "annual_PE_Q": 414.4
    }
  },
  "months": {
    "2024-01": {
      "monthly_PRENEI_Q": 8.8,
      "monthly_PRELIQ_Q": 109.89999999999999,
      "monthly_PE_Q": 100.7
    },
    "2024-02": {
      "monthly_PRENEI_Q": 0.5,
      "monthly_PRELIQ_Q": 135.4,
      "monthly_PE_Q": 112.3
    },
    "2024-03": {
      "monthly_PRENEI_Q": 0.0,
      "monthly_PRELIQ_Q": 62.5,
      "monthly_PE_Q": 14.200000000000001
    },
    "2024-04": {
      "monthly_PRENEI_Q": 0.0,
      "monthly_PRELIQ_Q": 70.1,
      "monthly_PE_Q": 0.7999999999999998
    },
    "2024-05": {
      "monthly_PRENEI_Q": 0.0,
      "monthly_PRELIQ_Q": 74.2,
      "monthly_PE_Q": -20.900000000000002
    },
    "2024-06": {
      "monthly_PRENEI_Q": 0.0,
      "monthly_PRELIQ_Q": 45.699999999999996,
      "monthly_PE_Q": -60.0
    },
    "2024-07": {
      "monthly_PRENEI_Q": 0.0,
      "monthly_PRELIQ_Q": 55.2,
      "monthly_PE_Q": -24.0
    },
    "2024-08": {
      "monthly_PRENEI_Q": 0.0,
      "monthly_PRELIQ_Q": 69.0,
      "monthly_PE_Q": 4.399999999999998
    },
    "2024-09": {
      "monthly_PRENEI_Q": 0.0,
      "monthly_PRELIQ_Q": 113.6,
      "monthly_PE_Q": 53.699999999999996
    },
    "2024-10": {
      "monthly_PRENEI_Q": 0.0,
      "monthly_PRELIQ_Q": 112.8,
      "monthly_PE_Q": 70.5
    },
    "2024-11": {
      "monthly_PRENEI_Q": 12.3,
      "monthly_PRELIQ_Q": 107.2,
      "monthly_PE_Q": 100.5
    },
    "2024-12": {
      "monthly_PRENEI_Q": 0.0,
      "monthly_PRELIQ_Q": 78.1,
      "monthly_PE_Q": 62.2
    }
  }
}