{
  "years": {
    "2024": {
      "annual_PRENEI_Q": 0.30000000000000004,
      "annual_PRELIQ_Q": 1604.5,
      "annual_PE_Q": 879.8
    }
  },
  "months": {
    "2024-01": {
      "monthly_PRENEI_Q": 0.30000000000000004,
      "monthly_PRELIQ_Q": 72.0,
      "monthly_PE_Q": 49.7
    },
    "2024-02": {
      "monthly_PRENEI_Q": 0.0,
      "monthly_PRELIQ_Q": 182.6,
      "monthly_PE_Q": 153.0
    },
    "2024-03": {
      "monthly_PRENEI_Q": 0.0,
      "monthly_PRELIQ_Q": 199.20000000000002,
      "monthly_PE_Q": 145.8
    },
    "2024-04": {
      "monthly_PRENEI_Q": 0.0,
      "monthly_PRELIQ_Q": 76.6,
      "monthly_PE_Q": -5.800000000000002
    },
    "2024-05": {
      "monthly_PRENEI_Q": 0.0,
      "monthly_PRELIQ_Q": 128.0,
      "monthly_PE_Q": 44.699999999999996
    },
    "2024-06": {
      "monthly_PRENEI_Q": 0.0,
      "monthly_PRELIQ_Q": 127.3,
      "monthly_PE_Q": 26.300000000000004
    },
    "2024-07": {
      "monthly_PRENEI_Q": 0.0,
      "monthly_PRELIQ_Q": 32.9,
      "monthly_PE_Q": -60.199999999999996
    },
    "2024-08": {
      "monthly_PRENEI_Q": 0.0,
      "monthly_PRELIQ_Q": 106.8,
      "monthly_PE_Q": 23.200000000000003
    },
    "2024-09": {
      "monthly_PRENEI_Q": 0.0,
      "monthly_PRELIQ_Q": 204.8,
      "monthly_PE_Q": 135.8
    },
    "2024-10": {
      "monthly_PRENEI_Q": 0.0,
      "monthly_PRELIQ_Q": 246.20000000000002,
      "monthly_PE_Q": 192.9
    },
    "2024-11": {
      "monthly_PRENEI_Q": 0.0,
      "monthly_PRELIQ_Q": 96.1,
      "monthly_PE_Q": 60.6
    },
    "2024-12": {
      "monthly_PRENEI_Q": 0.0,
      "monthly_PRELIQ_Q": 132.0,
      "monthly_PE_Q": 113.8
    }
  }
}