{
  "years": {
    "2024": {
      "annual_PRENEI_Q": 1.7000000000000002,
      "annual_PRELIQ_Q": 1246.3,
      "annual_PE_Q": 618.5
    }
  },
  "months": {
    "2024-01": {
      "monthly_PRENEI_Q": 1.7000000000000002,
      "monthly_PRELIQ_Q": 48.9,
      "monthly_PE_Q": 34.5
    },
    "2024-02": {
      "monthly_PRENEI_Q": 0.0,
      "monthly_PRELIQ_Q": 158.3,
      "monthly_PE_Q": 129.1
    },
    "2024-03": {
      "monthly_PRENEI_Q": 0.0,
      "monthly_PRELIQ_Q": 150.4,
      "monthly_PE_Q": 101.0
    },
    "2024-04": {
      "monthly_PRENEI_Q": 0.0,
      "monthly_PRELIQ_Q": 63.10000000000001,
      "monthly_PE_Q": -9.499999999999998
    },
    "2024-05": {
      "monthly_PRENEI_Q": 0.0,
      "monthly_PRELIQ_Q": 136.6,
      "monthly_PE_Q": 54.0
    },
    "2024-06": {
      "monthly_PRENEI_Q": 0.0,
      "monthly_PRELIQ_Q": 125.9,
      "monthly_PE_Q": 31.400000000000002
    },
    "2024-07": {
      "monthly_PRENEI_Q": 0.0,
      "monthly_PRELIQ_Q": 25.3,
      "monthly_PE_Q": -59.5
    },
    "2024-08": {
      "monthly_PRENEI_Q": 0.0,
      "monthly_PRELIQ_Q": 60.7,
      "monthly_PE_Q": 9.4
    },
    "2024-09": {
      "monthly_PRENEI_Q": 0.0,
      "monthly_PRELIQ_Q": 175.2,
      "monthly_PE_Q": 116.8
    },
    "2024-10": {
      "monthly_PRENEI_Q": 0.0,
      "monthly_PRELIQ_Q": 122.19999999999999,
      "monthly_PE_Q": 77.3
    },
    "2024-11": {
      "monthly_PRENEI_Q": 0.0,
      "monthly_PRELIQ_Q": 79.1,
      "monthly_PE_Q": 50.300000000000004
    },
    "2024-12": {
      "monthly_PRENEI_Q": 0.0,
      "monthly_PRELIQ_Q": 100.6,
      "monthly_PE_Q": 83.7
    }
  }
}