{
  "years": {
    "2024": {
      "annual_PRENEI_Q": 0.6000000000000001,
      "annual_PRELIQ_Q": 952.3,
      "annual_PE_Q": 399.3
    }
  },
  "months": {
    "2024-01": {
      "monthly_PRENEI_Q": 0.6000000000000001,
      "monthly_PRELIQ_Q": 77.6,
      "monthly_PE_Q": 59.0
    },
    "2024-02": {
      "monthly_PRENEI_Q": 0.0,
      "monthly_PRELIQ_Q": 114.2,
      "monthly_PE_Q": 88.6
    },
    "2024-03": {
      "monthly_PRENEI_Q": 0.0,
      "monthly_PRELIQ_Q": 94.7,
      "monthly_PE_Q": 49.0
    },
    "2024-04": {
      "monthly_PRENEI_Q": 0.0,
      "monthly_PRELIQ_Q": 58.699999999999996,
      "monthly_PE_Q": -8.2
    },
    "2024-05": {
      "monthly_PRENEI_Q": 0.0,
      "monthly_PRELIQ_Q": 121.3,
      "monthly_PE_Q": 46.8
    },
    "2024-06": {
      "monthly_PRENEI_Q": 0.0,
      "monthly_PRELIQ_Q": 56.3,
      "monthly_PE_Q": -33.5
    },
    "2024-07": {
      "monthly_PRENEI_Q": 0.0,
      "monthly_PRELIQ_Q": 11.200000000000001,
      "monthly_PE_Q": -50.4
    },
    "2024-08": {
      "monthly_PRENEI_Q": 0.0,
      "monthly_PRELIQ_Q": 34.9,
      "monthly_PE_Q": -1.8999999999999986
    },
    "2024-09": {
      "monthly_PRENEI_Q": 0.0,
      "monthly_PRELIQ_Q": 140.6,
      "monthly_PE_Q": 93.10000000000001
    },
    "2024-10": {
      "monthly_PRENEI_Q": 0.0,
      "monthly_PRELIQ_Q": 137.5,
      "monthly_PE_Q": 92.9
    },
    "2024-11": {
      "monthly_PRENEI_Q": 0.0,
      "monthly_PRELIQ_Q": 47.3,
      "monthly_PE_Q": 20.599999999999998
    },
    "2024-12": {
      "monthly_PRENEI_Q": 0.0,
      "monthly_PRELIQ_Q": 58.0,
      "monthly_PE_Q": 43.300000000000004
    }
  }
}