{
  "years": {
    "2024": {
      "annual_PRENEI_Q": 0.4,
      "annual_PRELIQ_Q": 1020.6,
      "annual_PE_Q": 413.9
    }
  },
  "months": {
    "2024-01": {
      "monthly_PRENEI_Q": 0.4,
      "monthly_PRELIQ_Q": 104.10000000000001,
      "monthly_PE_Q": 86.89999999999999
    },
    "2024-02": {
      "monthly_PRENEI_Q": 0.0,
      "monthly_PRELIQ_Q": 115.69999999999999,
      "monthly_PE_Q": 91.0
    },
    "2024-03": {
      "monthly_PRENEI_Q": 0.0,
      "monthly_PRELIQ_Q": 101.1,
      "monthly_PE_Q": 54.4
    },
    "2024-04": {
      "monthly_PRENEI_Q": 0.0,
      "monthly_PRELIQ_Q": 83.9,
      "monthly_PE_Q": 6.299999999999999
    },
    "2024-05": {
      "monthly_PRENEI_Q": 0.0,
      "monthly_PRELIQ_Q": 80.9,
      "monthly_PE_Q": -7.200000000000001
    },
    "2024-06": {
      "monthly_PRENEI_Q": 0.0,
      "monthly_PRELIQ_Q": 95.2,
      "monthly_PE_Q": 6.4
    },
    "2024-07": {
      "monthly_PRENEI_Q": 0.0,
      "monthly_PRELIQ_Q": 61.800000000000004,
      "monthly_PE_Q": -20.7
    },
    "2024-08": {
      "monthly_PRENEI_Q": 0.0,
      "monthly_PRELIQ_Q": 46.699999999999996,
      "monthly_PE_Q": -15.0
    },
    "2024-09": {
      "monthly_PRENEI_Q": 0.0,
      "monthly_PRELIQ_Q": 85.9,
      "monthly_PE_Q": 34.4
    },
    "2024-10": {
      "monthly_PRENEI_Q": 0.0,
      "monthly_PRELIQ_Q": 135.6,
      "monthly_PE_Q": 100.3
    },
    "2024-11": {
      "monthly_PRENEI_Q": 0.0,
      "monthly_PRELIQ_Q": 73.3,
      "monthly_PE_Q": 56.099999999999994
    },
    "2024-12": {
      "monthly_PRENEI_Q": 0.0,
      "monthly_PRELIQ_Q": 36.4,
      "monthly_PE_Q": 21.0
    }
  }
}