{
  "years": {
    "2024": {
      "annual_PRENEI_Q": 13.6,
      "annual_PRELIQ_Q": 959.9,
      "annual_PE_Q": 371.5
    }
  },
  "months": {
    "2024-01": {
      "monthly_PRENEI_Q": 2.3000000000000003,
      "monthly_PRELIQ_Q": 99.7,
      "monthly_PE_Q": 88.5
    },
    "2024-02": {
      "monthly_PRENEI_Q": 0.7,
      "monthly_PRELIQ_Q": 92.6,
      "monthly_PE_Q": 74.0
    },
    "2024-03": {
      "monthly_PRENEI_Q": 0.0,
      "monthly_PRELIQ_Q": 65.4,
      "monthly_PE_Q": 22.0
    },
    "2024-04": {
      "monthly_PRENEI_Q": 0.0,
      "monthly_PRELIQ_Q": 66.10000000000001,
      "monthly_PE_Q": -0.2999999999999976
    },
    "2024-05": {
      "monthly_PRENEI_Q": 0.0,
      "monthly_PRELIQ_Q": 115.7,
      "monthly_PE_Q": 30.900000000000002
    },
    "2024-06": {
      "monthly_PRENEI_Q": 0.0,
      "monthly_PRELIQ_Q": 44.4,
      "monthly_PE_Q": -56.1
    },
    "2024-07": {
      "monthly_PRENEI_Q": 0.0,
      "monthly_PRELIQ_Q": 56.5,
      "monthly_PE_Q": -29.5
    },
    "2024-08": {
      "monthly_PRENEI_Q": 0.0,
      "monthly_PRELIQ_Q": 62.800000000000004,
      "monthly_PE_Q": -8.900000000000002
    },
    "2024-09": {
      "monthly_PRENEI_Q": 0.0,
      "monthly_PRELIQ_Q": 116.0,
      "monthly_PE_Q": 59.6
    },
    "2024-10": {
      "monthly_PRENEI_Q": 0.0,
      "monthly_PRELIQ_Q": 125.69999999999999,
      "monthly_PE_Q": 93.10000000000001
    },
    "2024-11": {
      "monthly_PRENEI_Q": 10.5,
      "monthly_PRELIQ_Q": 46.9,
      "monthly_PE_Q": 42.8
    },
    "2024-12": {
      "monthly_PRENEI_Q": 0.1,
      "monthly_PRELIQ_Q": 68.1,
      "monthly_PE_Q": 55.4
    }
  }
}