{
  "years": {
    "2024": {
      "annual_PRENEI_Q": 22.7,
      "annual_PRELIQ_Q": 1133.0,
      "annual_PE_Q": 453.1
    }
  },
  "months": {
    "2024-01": {
      "monthly_PRENEI_Q": 5.8,
      "monthly_PRELIQ_Q": 121.0,
      "monthly_PE_Q": 106.4
    },
    "2024-02": {
      "monthly_PRENEI_Q": 1.1,
      "monthly_PRELIQ_Q": 155.8,
      "monthly_PE_Q": 127.8
    },
    "2024-03": {
      "monthly_PRENEI_Q": 0.0,
      "monthly_PRELIQ_Q": 71.4,
      "monthly_PE_Q": 20.0
    },
    "2024-04": {
      "monthly_PRENEI_Q": 0.0,
      "monthly_PRELIQ_Q": 75.7,
      "monthly_PE_Q": -1.399999999999999
    },
    "2024-05": {
      "monthly_PRENEI_Q": 0.0,
      "monthly_PRELIQ_Q": 120.60000000000001,
      "monthly_PE_Q": 12.000000000000002
    },
    "2024-06": {
      "monthly_PRENEI_Q": 0.0,
      "monthly_PRELIQ_Q": 43.9,
      "monthly_PE_Q": -65.89999999999999
    },
    "2024-07": {
      "monthly_PRENEI_Q": 0.0,
      "monthly_PRELIQ_Q": 63.9,
      "monthly_PE_Q": -14.899999999999999
    },
    "2024-08": {
      "monthly_PRENEI_Q": 0.0,
      "monthly_PRELIQ_Q": 91.69999999999999,
      "monthly_PE_Q": 6.700000000000006
    },
    "2024-09": {
      "monthly_PRENEI_Q": 0.0,
      "monthly_PRELIQ_Q": 109.3,
      "monthly_PE_Q": 49.3
    },
    "2024-10": {
      "monthly_PRENEI_Q": 0.0,
      "monthly_PRELIQ_Q": 110.7,
      "monthly_PE_Q": 67.3
    },
    "2024-11": {
      "monthly_PRENEI_Q": 15.8,
      "monthly_PRELIQ_Q": 80.80000000000001,
      "monthly_PE_Q": 77.9
    },
    "2024-12": {
      "monthly_PRENEI_Q": 0.0,
      "monthly_PRELIQ_Q": 88.2,
      "monthly_PE_Q": 67.89999999999999
    }
  }
}