{
  "years": {
    "2024": {
      "annual_PRENEI_Q": 427.8,
      "annual_PRELIQ_Q": 1696.1,
      "annual_PE_Q": 1380.8
    }
  },
  "months": {
    "2024-01": {
      "monthly_PRENEI_Q": 34.2,
      "monthly_PRELIQ_Q": 63.1,
      "monthly_PE_Q": 78.89999999999999
    },
    "2024-02": {
      "monthly_PRENEI_Q": 128.9,
      "monthly_PRELIQ_Q": 156.6,
      "monthly_PE_Q": 258.1
    },
    "2024-03": {
      "monthly_PRENEI_Q": 116.3,
      "monthly_PRELIQ_Q": 153.4,
      "monthly_PE_Q": 237.2
    },
    "2024-04": {
      "monthly_PRENEI_Q": 19.8,
      "monthly_PRELIQ_Q": 53.400000000000006,
      "monthly_PE_Q": 4.800000000000001
    },
    "2024-05": {
      "monthly_PRENEI_Q": 11.3,
      "monthly_PRELIQ_Q": 174.9,
      "monthly_PE_Q": 97.0
    },
    "2024-06": {
      "monthly_PRENEI_Q": 0.0,
      "monthly_PRELIQ_Q": 133.9,
      "monthly_PE_Q": 21.000000000000004
    },
    "2024-07": {
      "monthly_PRENEI_Q": 0.0,
      "monthly_PRELIQ_Q": 46.7,
      "monthly_PE_Q": -73.3
    },
    "2024-08": {
      "monthly_PRENEI_Q": 0.0,
      "monthly_PRELIQ_Q": 128.0,
      "monthly_PE_Q": 41.4
    },
    "2024-09": {
      "monthly_PRENEI_Q": 0.0,
      "monthly_PRELIQ_Q": 208.1,
      "monthly_PE_Q": 131.5
    },
    "2024-10": {
      "monthly_PRENEI_Q": 5.6000000000000005,
      "monthly_PRELIQ_Q": 291.0,
      "monthly_PE_Q": 241.3
    },
    "2024-11": {
      "monthly_PRENEI_Q": 7.0,
      "monthly_PRELIQ_Q": 115.60000000000001,
      "monthly_PE_Q": 84.0
    },
    "2024-12": {
      "monthly_PRENEI_Q": 104.7,
      "monthly_PRELIQ_Q": 171.4,
      "monthly_PE_Q": 258.9
    }
  }
}