{
  "years": {
    "2024": {
      "annual_PRENEI_Q": 4.8,
      "annual_PRELIQ_Q": 1361.7,
      "annual_PE_Q": 776.7
    }
  },
  "months": {
    "2024-01": {
      "monthly_PRENEI_Q": 0.7000000000000001,
      "monthly_PRELIQ_Q": 186.9,
      "monthly_PE_Q": 171.9
    },
    "2024-02": {
      "monthly_PRENEI_Q": 0.3,
      "monthly_PRELIQ_Q": 185.5,
      "monthly_PE_Q": 167.8
    },
    "2024-03": {
      "monthly_PRENEI_Q": 0.0,
      "monthly_PRELIQ_Q": 117.3,
      "monthly_PE_Q": 74.8
    },
    "2024-04": {
      "monthly_PRENEI_Q": 0.0,
      "monthly_PRELIQ_Q": 125.5,
      "monthly_PE_Q": 61.3
    },
    "2024-05": {
      "monthly_PRENEI_Q": 0.0,
      "monthly_PRELIQ_Q": 137.1,
      "monthly_PE_Q": 53.7
    },
    "2024-06": {
      "monthly_PRENEI_Q": 0.0,
      "monthly_PRELIQ_Q": 44.599999999999994,
      "monthly_PE_Q": -48.199999999999996
    },
    "2024-07": {
      "monthly_PRENEI_Q": 0.0,
      "monthly_PRELIQ_Q": 64.0,
      "monthly_PE_Q": -14.600000000000001
    },
    "2024-08": {
      "monthly_PRENEI_Q": 0.0,
      "monthly_PRELIQ_Q": 131.89999999999998,
      "monthly_PE_Q": 58.8
    },
    "2024-09": {
      "monthly_PRENEI_Q": 0.0,
      "monthly_PRELIQ_Q": 71.39999999999999,
      "monthly_PE_Q": 14.500000000000002
    },
    "2024-10": {
      "monthly_PRENEI_Q": 0.0,
      "monthly_PRELIQ_Q": 137.1,
      "monthly_PE_Q": 99.30000000000001
    },
    "2024-11": {
      "monthly_PRENEI_Q": 3.8,
      "monthly_PRELIQ_Q": 79.1,
      "monthly_PE_Q": 67.9
    },
    "2024-12": {
      "monthly_PRENEI_Q": 0.0,
      "monthly_PRELIQ_Q": 81.3,
      "monthly_PE_Q": 69.5
    }
  }
}