{
  "years": {
    "2024": {
      "annual_PRENEI_Q": 0.7999999999999999,
      "annual_PRELIQ_Q": 1173.5,
      "annual_PE_Q": 554.9
    }
  },
  "months": {
    "2024-01": {
      "monthly_PRENEI_Q": 0.7999999999999999,
      "monthly_PRELIQ_Q": 50.9,
      "monthly_PE_Q": 35.5
    },
    "2024-02": {
      "monthly_PRENEI_Q": 0.0,
      "monthly_PRELIQ_Q": 139.4,
      "monthly_PE_Q": 115.2
    },
    "2024-03": {
      "monthly_PRENEI_Q": 0.0,
      "monthly_PRELIQ_Q": 168.9,
      "monthly_PE_Q": 118.6
    },
    "2024-04": {
      "monthly_PRENEI_Q": 0.0,
      "monthly_PRELIQ_Q": 55.199999999999996,
      "monthly_PE_Q": -15.600000000000001
    },
    "2024-05": {
      "monthly_PRENEI_Q": 0.0,
      "monthly_PRELIQ_Q": 122.4,
      "monthly_PE_Q": 47.199999999999996
    },
    "2024-06": {
      "monthly_PRENEI_Q": 0.0,
      "monthly_PRELIQ_Q": 87.7,
      "monthly_PE_Q": 0.9000000000000004
    },
    "2024-07": {
      "monthly_PRENEI_Q": 0.0,
      "monthly_PRELIQ_Q": 20.7,
      "monthly_PE_Q": -60.7
    },
    "2024-08": {
      "monthly_PRENEI_Q": 0.0,
      "monthly_PRELIQ_Q": 59.9,
      "monthly_PE_Q": -5.199999999999999
    },
    "2024-09": {
      "monthly_PRENEI_Q": 0.0,
      "monthly_PRELIQ_Q": 181.4,
      "monthly_PE_Q": 123.39999999999999
    },
    "2024-10": {
      "monthly_PRENEI_Q": 0.0,
      "monthly_PRELIQ_Q": 141.4,
      "monthly_PE_Q": 96.1
    },
    "2024-11": {
      "monthly_PRENEI_Q": 0.0,
      "monthly_PRELIQ_Q": 69.7,
      "monthly_PE_Q": 40.5
    },
    "2024-12": {
      "monthly_PRENEI_Q": 0.0,
      "monthly_PRELIQ_Q": 75.89999999999999,
      "monthly_PE_Q": 59.0
    }
  }
}